subset,dose_uM,seed,nca_pa,quiescent_fraction,command_rate_hz,network_rate_hz,non_nca_sha
gaba_potentiation|nca_block,10.0,42,75.0,0.0,23.192708333333332,7.251111111111111,54788ddcf622669910f9f6738d8b84167346a3e80f96c1982c26d345388c5478
gaba_potentiation|nca_block,10.0,137,75.0,0.0,22.229166666666668,7.026944444444444,54788ddcf622669910f9f6738d8b84167346a3e80f96c1982c26d345388c5478
gaba_potentiation|nca_block,10.0,219,75.0,0.0,23.138020833333332,7.285694444444444,54788ddcf622669910f9f6738d8b84167346a3e80f96c1982c26d345388c5478
gaba_potentiation|nca_block,10.0,331,75.0,0.0,22.5078125,7.075694444444444,54788ddcf622669910f9f6738d8b84167346a3e80f96c1982c26d345388c5478
nca_block,500.0,331,75.0,0.0,14.979166666666666,4.6506944444444445,54788ddcf622669910f9f6738d8b84167346a3e80f96c1982c26d345388c5478
nca_block,500.0,443,75.0,0.0,15.239583333333334,4.702916666666667,54788ddcf622669910f9f6738d8b84167346a3e80f96c1982c26d345388c5478
nca_block,1000.0,42,75.0,0.0,13.765625,4.232083333333334,54788ddcf622669910f9f6738d8b84167346a3e80f96c1982c26d345388c5478
nca_block,1000.0,137,75.0,0.0,12.8984375,3.9940277777777777,54788ddcf622669910f9f6738d8b84167346a3e80f96c1982c26d345388c5478
nca_block,30.0,331,75.0,0.0,22.018229166666668,6.908611111111111,54788ddcf622669910f9f6738d8b84167346a3e80f96c1982c26d345388c5478
nca_block,30.0,443,75.0,0.0,22.7421875,7.133055555555556,54788ddcf622669910f9f6738d8b84167346a3e80f96c1982c26d345388c5478
nca_block,100.0,42,75.0,0.0,20.080729166666668,6.248333333333333,54788ddcf622669910f9f6738d8b84167346a3e80f96c1982c26d345388c5478
nca_block,100.0,137,75.0,0.0,19.356770833333332,6.075,54788ddcf622669910f9f6738d8b84167346a3e80f96c1982c26d345388c5478
nca_block,10.0,443,75.0,0.0,23.5390625,7.379444444444444,54788ddcf622669910f9f6738d8b84167346a3e80f96c1982c26d345388c5478
nca_block,30.0,42,75.0,0.0,22.6640625,7.076388888888889,54788ddcf622669910f9f6738d8b84167346a3e80f96c1982c26d345388c5478
nca_block,30.0,137,75.0,0.0,21.6953125,6.83375,54788ddcf622669910f9f6738d8b84167346a3e80f96c1982c26d345388c5478
nca_block,30.0,219,75.0,0.0,22.348958333333332,7.03125,54788ddcf622669910f9f6738d8b84167346a3e80f96c1982c26d345388c5478
nca_block,350.0,443,75.0,0.0,16.197916666666668,5.0125,54788ddcf622669910f9f6738d8b84167346a3e80f96c1982c26d345388c5478
nca_block,500.0,42,75.0,0.0,15.588541666666666,4.79375,54788ddcf622669910f9f6738d8b84167346a3e80f96c1982c26d345388c5478
nca_block,500.0,137,75.0,0.0,14.919270833333334,4.6184722222222225,54788ddcf622669910f9f6738d8b84167346a3e80f96c1982c26d345388c5478
nca_block,500.0,219,75.0,0.0,15.841145833333334,4.883055555555556,54788ddcf622669910f9f6738d8b84167346a3e80f96c1982c26d345388c5478
nca_block,1000.0,219,75.0,0.0,14.192708333333334,4.365555555555556,54788ddcf622669910f9f6738d8b84167346a3e80f96c1982c26d345388c5478
nca_block,1000.0,331,75.0,0.0,13.6484375,4.215277777777778,54788ddcf622669910f9f6738d8b84167346a3e80f96c1982c26d345388c5478
nca_block,1000.0,443,75.0,0.0,13.848958333333334,4.244861111111111,54788ddcf622669910f9f6738d8b84167346a3e80f96c1982c26d345388c5478
nca_block,3000.0,42,75.0,0.0,12.2734375,3.761388888888889,54788ddcf622669910f9f6738d8b84167346a3e80f96c1982c26d345388c5478
gaba_potentiation|nca_block,10.0,443,75.0,0.0,23.291666666666668,7.307916666666666,54788ddcf622669910f9f6738d8b84167346a3e80f96c1982c26d345388c5478
gaba_potentiation|nca_block,30.0,42,75.0,0.0,22.2421875,6.935833333333333,54788ddcf622669910f9f6738d8b84167346a3e80f96c1982c26d345388c5478
gaba_potentiation|nca_block,30.0,137,75.0,0.0,20.958333333333332,6.62125,54788ddcf622669910f9f6738d8b84167346a3e80f96c1982c26d345388c5478
gaba_potentiation|nca_block,30.0,219,75.0,0.0,21.979166666666668,6.901111111111111,54788ddcf622669910f9f6738d8b84167346a3e80f96c1982c26d345388c5478
nca_block,10.0,42,75.0,0.0,23.390625,7.3156944444444445,54788ddcf622669910f9f6738d8b84167346a3e80f96c1982c26d345388c5478
nca_block,10.0,137,75.0,0.0,22.393229166666668,7.0818055555555555,54788ddcf622669910f9f6738d8b84167346a3e80f96c1982c26d345388c5478
nca_block,10.0,219,75.0,0.0,23.177083333333332,7.302777777777778,54788ddcf622669910f9f6738d8b84167346a3e80f96c1982c26d345388c5478
nca_block,10.0,331,75.0,0.0,22.802083333333332,7.165277777777778,54788ddcf622669910f9f6738d8b84167346a3e80f96c1982c26d345388c5478
nca_block,3000.0,137,75.0,0.0,11.635416666666666,3.578333333333333,54788ddcf622669910f9f6738d8b84167346a3e80f96c1982c26d345388c5478
nca_block,3000.0,219,75.0,0.0,12.625,3.859583333333333,54788ddcf622669910f9f6738d8b84167346a3e80f96c1982c26d345388c5478
nca_block,3000.0,331,75.0,0.020833333333333332,12.184895833333334,3.736666666666667,54788ddcf622669910f9f6738d8b84167346a3e80f96c1982c26d345388c5478
nca_block,3000.0,443,75.0,0.0,12.208333333333334,3.7329166666666667,54788ddcf622669910f9f6738d8b84167346a3e80f96c1982c26d345388c5478
nca_block,100.0,219,75.0,0.0,20.643229166666668,6.470972222222223,54788ddcf622669910f9f6738d8b84167346a3e80f96c1982c26d345388c5478
nca_block,100.0,331,75.0,0.0,19.890625,6.216111111111111,54788ddcf622669910f9f6738d8b84167346a3e80f96c1982c26d345388c5478
nca_block,100.0,443,75.0,0.0,20.848958333333332,6.468194444444444,54788ddcf622669910f9f6738d8b84167346a3e80f96c1982c26d345388c5478
nca_block,200.0,42,75.0,0.0,17.984375,5.580694444444444,54788ddcf622669910f9f6738d8b84167346a3e80f96c1982c26d345388c5478
nca_block,200.0,137,75.0,0.0,17.4375,5.437777777777778,54788ddcf622669910f9f6738d8b84167346a3e80f96c1982c26d345388c5478
nca_block,200.0,219,75.0,0.0,18.794270833333332,5.863333333333333,54788ddcf622669910f9f6738d8b84167346a3e80f96c1982c26d345388c5478
nca_block,200.0,331,75.0,0.0,17.96875,5.589305555555556,54788ddcf622669910f9f6738d8b84167346a3e80f96c1982c26d345388c5478
nca_block,200.0,443,75.0,0.0,18.403645833333332,5.72,54788ddcf622669910f9f6738d8b84167346a3e80f96c1982c26d345388c5478
nca_block,350.0,42,75.0,0.0,16.734375,5.146111111111111,54788ddcf622669910f9f6738d8b84167346a3e80f96c1982c26d345388c5478
nca_block,350.0,137,75.0,0.0,15.7109375,4.88625,54788ddcf622669910f9f6738d8b84167346a3e80f96c1982c26d345388c5478
nca_block,350.0,219,75.0,0.0,17.1015625,5.284583333333333,54788ddcf622669910f9f6738d8b84167346a3e80f96c1982c26d345388c5478
nca_block,350.0,331,75.0,0.0,15.7421875,4.904722222222222,54788ddcf622669910f9f6738d8b84167346a3e80f96c1982c26d345388c5478
gaba_potentiation|nca_block,30.0,331,75.0,0.0,21.466145833333332,6.730555555555555,54788ddcf622669910f9f6738d8b84167346a3e80f96c1982c26d345388c5478
gaba_potentiation|nca_block,30.0,443,75.0,0.0,22.450520833333332,7.027638888888889,54788ddcf622669910f9f6738d8b84167346a3e80f96c1982c26d345388c5478
gaba_potentiation|nca_block,100.0,42,75.0,0.0,19.080729166666668,5.914444444444444,54788ddcf622669910f9f6738d8b84167346a3e80f96c1982c26d345388c5478
gaba_potentiation|nca_block,100.0,137,75.0,0.0,17.984375,5.641388888888889,54788ddcf622669910f9f6738d8b84167346a3e80f96c1982c26d345388c5478
gaba_potentiation|nca_block,350.0,42,75.0,0.0,14.143229166666666,4.343472222222222,54788ddcf622669910f9f6738d8b84167346a3e80f96c1982c26d345388c5478
gaba_potentiation|nca_block,350.0,137,75.0,0.0,13.2578125,4.105277777777777,54788ddcf622669910f9f6738d8b84167346a3e80f96c1982c26d345388c5478
gaba_potentiation|nca_block,350.0,219,75.0,0.0,14.325520833333334,4.409027777777778,54788ddcf622669910f9f6738d8b84167346a3e80f96c1982c26d345388c5478
gaba_potentiation|nca_block,350.0,331,75.0,0.0,13.622395833333334,4.220972222222223,54788ddcf622669910f9f6738d8b84167346a3e80f96c1982c26d345388c5478
gaba_potentiation|nca_block,500.0,331,75.0,0.020833333333333332,12.684895833333334,3.8919444444444444,54788ddcf622669910f9f6738d8b84167346a3e80f96c1982c26d345388c5478
gaba_potentiation|nca_block,500.0,443,75.0,0.0,12.6953125,3.879027777777778,54788ddcf622669910f9f6738d8b84167346a3e80f96c1982c26d345388c5478
gaba_potentiation|nca_block,1000.0,42,75.0,0.0,10.8828125,3.299722222222222,54788ddcf622669910f9f6738d8b84167346a3e80f96c1982c26d345388c5478
gaba_potentiation|nca_block,1000.0,137,75.0,0.0,10.268229166666666,3.13,54788ddcf622669910f9f6738d8b84167346a3e80f96c1982c26d345388c5478
gaba_potentiation|nca_block,200.0,137,75.0,0.0,15.4921875,4.819444444444445,54788ddcf622669910f9f6738d8b84167346a3e80f96c1982c26d345388c5478
gaba_potentiation|nca_block,200.0,219,75.0,0.0,17.052083333333332,5.258194444444444,54788ddcf622669910f9f6738d8b84167346a3e80f96c1982c26d345388c5478
gaba_potentiation|nca_block,200.0,331,75.0,0.0,15.7890625,4.913194444444445,54788ddcf622669910f9f6738d8b84167346a3e80f96c1982c26d345388c5478
gaba_potentiation|nca_block,200.0,443,75.0,0.0,15.947916666666666,4.940277777777778,54788ddcf622669910f9f6738d8b84167346a3e80f96c1982c26d345388c5478
gaba_potentiation|nca_block,3000.0,137,75.0,0.041666666666666664,8.692708333333334,2.631111111111111,54788ddcf622669910f9f6738d8b84167346a3e80f96c1982c26d345388c5478
gaba_potentiation|nca_block,3000.0,219,75.0,0.0,9.611979166666666,2.906388888888889,54788ddcf622669910f9f6738d8b84167346a3e80f96c1982c26d345388c5478
gaba_potentiation|nca_block,3000.0,331,75.0,0.020833333333333332,9.385416666666666,2.82125,54788ddcf622669910f9f6738d8b84167346a3e80f96c1982c26d345388c5478
gaba_potentiation|nca_block,3000.0,443,75.0,0.0,8.510416666666666,2.6083333333333334,54788ddcf622669910f9f6738d8b84167346a3e80f96c1982c26d345388c5478
gaba_potentiation|nca_block,100.0,219,75.0,0.0,19.346354166666668,6.052638888888889,54788ddcf622669910f9f6738d8b84167346a3e80f96c1982c26d345388c5478
gaba_potentiation|nca_block,100.0,331,75.0,0.0,18.515625,5.784722222222222,54788ddcf622669910f9f6738d8b84167346a3e80f96c1982c26d345388c5478
gaba_potentiation|nca_block,100.0,443,75.0,0.0,19.192708333333332,5.967777777777778,54788ddcf622669910f9f6738d8b84167346a3e80f96c1982c26d345388c5478
gaba_potentiation|nca_block,200.0,42,75.0,0.0,16.669270833333332,5.1241666666666665,54788ddcf622669910f9f6738d8b84167346a3e80f96c1982c26d345388c5478
gaba_potentiation|nca_block,350.0,443,75.0,0.0,14.158854166666666,4.348333333333334,54788ddcf622669910f9f6738d8b84167346a3e80f96c1982c26d345388c5478
gaba_potentiation|nca_block,500.0,42,75.0,0.0,13.033854166666666,3.9743055555555555,54788ddcf622669910f9f6738d8b84167346a3e80f96c1982c26d345388c5478
gaba_potentiation|nca_block,500.0,137,75.0,0.0,12.190104166666666,3.7530555555555556,54788ddcf622669910f9f6738d8b84167346a3e80f96c1982c26d345388c5478
gaba_potentiation|nca_block,500.0,219,75.0,0.0,13.239583333333334,4.052361111111111,54788ddcf622669910f9f6738d8b84167346a3e80f96c1982c26d345388c5478
gaba_potentiation|nca_block,1000.0,219,75.0,0.0,11.283854166666666,3.431111111111111,54788ddcf622669910f9f6738d8b84167346a3e80f96c1982c26d345388c5478
gaba_potentiation|nca_block,1000.0,331,75.0,0.020833333333333332,11.091145833333334,3.3579166666666667,54788ddcf622669910f9f6738d8b84167346a3e80f96c1982c26d345388c5478
gaba_potentiation|nca_block,1000.0,443,75.0,0.0,10.567708333333334,3.214861111111111,54788ddcf622669910f9f6738d8b84167346a3e80f96c1982c26d345388c5478
gaba_potentiation|nca_block,3000.0,42,75.0,0.0,9.473958333333334,2.8490277777777777,54788ddcf622669910f9f6738d8b84167346a3e80f96c1982c26d345388c5478
k2p_potentiation|nca_block,200.0,137,75.0,0.0,15.171875,4.715416666666667,54788ddcf622669910f9f6738d8b84167346a3e80f96c1982c26d345388c5478
k2p_potentiation|nca_block,200.0,219,75.0,0.0,16.6171875,5.128611111111111,54788ddcf622669910f9f6738d8b84167346a3e80f96c1982c26d345388c5478
k2p_potentiation|nca_block,200.0,331,75.0,0.0,15.325520833333334,4.764166666666667,54788ddcf622669910f9f6738d8b84167346a3e80f96c1982c26d345388c5478
k2p_potentiation|nca_block,200.0,443,75.0,0.0,15.739583333333334,4.870277777777778,54788ddcf622669910f9f6738d8b84167346a3e80f96c1982c26d345388c5478
k2p_potentiation|nca_block,350.0,443,75.0,0.0,13.880208333333334,4.253333333333333,54788ddcf622669910f9f6738d8b84167346a3e80f96c1982c26d345388c5478
k2p_potentiation|nca_block,500.0,42,75.0,0.0,12.677083333333334,3.8744444444444444,54788ddcf622669910f9f6738d8b84167346a3e80f96c1982c26d345388c5478
k2p_potentiation|nca_block,500.0,137,75.0,0.0,11.885416666666666,3.6555555555555554,54788ddcf622669910f9f6738d8b84167346a3e80f96c1982c26d345388c5478
k2p_potentiation|nca_block,500.0,219,75.0,0.0,12.8515625,3.926388888888889,54788ddcf622669910f9f6738d8b84167346a3e80f96c1982c26d345388c5478
k2p_potentiation|nca_block,10.0,42,75.0,0.0,23.184895833333332,7.245277777777778,54788ddcf622669910f9f6738d8b84167346a3e80f96c1982c26d345388c5478
k2p_potentiation|nca_block,10.0,137,75.0,0.0,22.2734375,7.027638888888889,54788ddcf622669910f9f6738d8b84167346a3e80f96c1982c26d345388c5478
k2p_potentiation|nca_block,10.0,219,75.0,0.0,23.151041666666668,7.284722222222222,54788ddcf622669910f9f6738d8b84167346a3e80f96c1982c26d345388c5478
k2p_potentiation|nca_block,10.0,331,75.0,0.0,22.533854166666668,7.0777777777777775,54788ddcf622669910f9f6738d8b84167346a3e80f96c1982c26d345388c5478
k2p_potentiation|nca_block,10.0,443,75.0,0.0,23.28125,7.302083333333333,54788ddcf622669910f9f6738d8b84167346a3e80f96c1982c26d345388c5478
k2p_potentiation|nca_block,30.0,42,75.0,0.0,22.1015625,6.894444444444445,54788ddcf622669910f9f6738d8b84167346a3e80f96c1982c26d345388c5478
k2p_potentiation|nca_block,30.0,137,75.0,0.0,20.778645833333332,6.559444444444445,54788ddcf622669910f9f6738d8b84167346a3e80f96c1982c26d345388c5478
k2p_potentiation|nca_block,30.0,219,75.0,0.0,21.778645833333332,6.845416666666667,54788ddcf622669910f9f6738d8b84167346a3e80f96c1982c26d345388c5478
k2p_potentiation|nca_block,100.0,219,75.0,0.0,18.9453125,5.924722222222222,54788ddcf622669910f9f6738d8b84167346a3e80f96c1982c26d345388c5478
k2p_potentiation|nca_block,100.0,331,75.0,0.0,18.447916666666668,5.755277777777778,54788ddcf622669910f9f6738d8b84167346a3e80f96c1982c26d345388c5478
k2p_potentiation|nca_block,100.0,443,75.0,0.0,18.630208333333332,5.8,54788ddcf622669910f9f6738d8b84167346a3e80f96c1982c26d345388c5478
k2p_potentiation|nca_block,200.0,42,75.0,0.0,16.114583333333332,4.967083333333333,54788ddcf622669910f9f6738d8b84167346a3e80f96c1982c26d345388c5478
k2p_potentiation|nca_block,30.0,331,75.0,0.0,21.2578125,6.663055555555555,54788ddcf622669910f9f6738d8b84167346a3e80f96c1982c26d345388c5478
k2p_potentiation|nca_block,30.0,443,75.0,0.0,22.083333333333332,6.924444444444444,54788ddcf622669910f9f6738d8b84167346a3e80f96c1982c26d345388c5478
k2p_potentiation|nca_block,100.0,42,75.0,0.0,18.598958333333332,5.775416666666667,54788ddcf622669910f9f6738d8b84167346a3e80f96c1982c26d345388c5478
k2p_potentiation|nca_block,100.0,137,75.0,0.0,17.861979166666668,5.588333333333333,54788ddcf622669910f9f6738d8b84167346a3e80f96c1982c26d345388c5478
k2p_potentiation|nca_block,350.0,42,75.0,0.0,13.6796875,4.2058333333333335,54788ddcf622669910f9f6738d8b84167346a3e80f96c1982c26d345388c5478
k2p_potentiation|nca_block,350.0,137,75.0,0.0,12.877604166666666,3.984722222222222,54788ddcf622669910f9f6738d8b84167346a3e80f96c1982c26d345388c5478
k2p_potentiation|nca_block,350.0,219,75.0,0.0,14.190104166666666,4.36375,54788ddcf622669910f9f6738d8b84167346a3e80f96c1982c26d345388c5478
k2p_potentiation|nca_block,350.0,331,75.0,0.0,13.640625,4.212083333333333,54788ddcf622669910f9f6738d8b84167346a3e80f96c1982c26d345388c5478
k2p_potentiation|nca_block,1000.0,219,75.0,0.0,11.114583333333334,3.3831944444444444,54788ddcf622669910f9f6738d8b84167346a3e80f96c1982c26d345388c5478
k2p_potentiation|nca_block,1000.0,331,75.0,0.020833333333333332,10.700520833333334,3.24625,54788ddcf622669910f9f6738d8b84167346a3e80f96c1982c26d345388c5478
k2p_potentiation|nca_block,1000.0,443,75.0,0.0,10.192708333333334,3.1059722222222224,54788ddcf622669910f9f6738d8b84167346a3e80f96c1982c26d345388c5478
k2p_potentiation|nca_block,3000.0,42,75.0,0.0,9.408854166666666,2.824027777777778,54788ddcf622669910f9f6738d8b84167346a3e80f96c1982c26d345388c5478
complex_i_block|nca_block,10.0,42,75.0,0.0,23.114583333333332,7.2091666666666665,54788ddcf622669910f9f6738d8b84167346a3e80f96c1982c26d345388c5478
complex_i_block|nca_block,10.0,137,75.0,0.0,22.161458333333332,6.988194444444445,54788ddcf622669910f9f6738d8b84167346a3e80f96c1982c26d345388c5478
complex_i_block|nca_block,10.0,219,75.0,0.0,22.890625,7.198333333333333,54788ddcf622669910f9f6738d8b84167346a3e80f96c1982c26d345388c5478
complex_i_block|nca_block,10.0,331,75.0,0.0,22.385416666666668,7.02875,54788ddcf622669910f9f6738d8b84167346a3e80f96c1982c26d345388c5478
complex_i_block|nca_block,10.0,443,75.0,0.0,23.104166666666668,7.248333333333333,54788ddcf622669910f9f6738d8b84167346a3e80f96c1982c26d345388c5478
complex_i_block|nca_block,30.0,42,75.0,0.0,21.421875,6.656527777777778,54788ddcf622669910f9f6738d8b84167346a3e80f96c1982c26d345388c5478
complex_i_block|nca_block,30.0,137,75.0,0.0,19.9375,6.308055555555556,54788ddcf622669910f9f6738d8b84167346a3e80f96c1982c26d345388c5478
complex_i_block|nca_block,30.0,219,75.0,0.0,21.440104166666668,6.72875,54788ddcf622669910f9f6738d8b84167346a3e80f96c1982c26d345388c5478
k2p_potentiation|nca_block,3000.0,137,75.0,0.041666666666666664,8.580729166666666,2.601111111111111,54788ddcf622669910f9f6738d8b84167346a3e80f96c1982c26d345388c5478
k2p_potentiation|nca_block,3000.0,219,75.0,0.0,9.528645833333334,2.8775,54788ddcf622669910f9f6738d8b84167346a3e80f96c1982c26d345388c5478
k2p_potentiation|nca_block,3000.0,331,75.0,0.020833333333333332,9.375,2.8133333333333335,54788ddcf622669910f9f6738d8b84167346a3e80f96c1982c26d345388c5478
k2p_potentiation|nca_block,3000.0,443,75.0,0.0,8.458333333333334,2.5901388888888888,54788ddcf622669910f9f6738d8b84167346a3e80f96c1982c26d345388c5478
k2p_potentiation|nca_block,500.0,331,75.0,0.020833333333333332,12.34375,3.7806944444444444,54788ddcf622669910f9f6738d8b84167346a3e80f96c1982c26d345388c5478
k2p_potentiation|nca_block,500.0,443,75.0,0.0,12.432291666666666,3.7984722222222222,54788ddcf622669910f9f6738d8b84167346a3e80f96c1982c26d345388c5478
k2p_potentiation|nca_block,1000.0,42,75.0,0.0,10.807291666666666,3.274722222222222,54788ddcf622669910f9f6738d8b84167346a3e80f96c1982c26d345388c5478
k2p_potentiation|nca_block,1000.0,137,75.0,0.0,9.950520833333334,3.03875,54788ddcf622669910f9f6738d8b84167346a3e80f96c1982c26d345388c5478
complex_i_block|nca_block,3000.0,137,75.0,0.14583333333333334,6.1640625,1.852638888888889,54788ddcf622669910f9f6738d8b84167346a3e80f96c1982c26d345388c5478
complex_i_block|nca_block,3000.0,219,75.0,0.041666666666666664,7.028645833333333,2.0894444444444447,54788ddcf622669910f9f6738d8b84167346a3e80f96c1982c26d345388c5478
complex_i_block|nca_block,3000.0,331,75.0,0.041666666666666664,6.541666666666667,1.93875,54788ddcf622669910f9f6738d8b84167346a3e80f96c1982c26d345388c5478
complex_i_block|nca_block,3000.0,443,75.0,0.10416666666666667,5.658854166666667,1.7486111111111111,54788ddcf622669910f9f6738d8b84167346a3e80f96c1982c26d345388c5478
complex_i_block|nca_block,100.0,219,75.0,0.0,17.658854166666668,5.493888888888889,54788ddcf622669910f9f6738d8b84167346a3e80f96c1982c26d345388c5478
complex_i_block|nca_block,100.0,331,75.0,0.0,16.486979166666668,5.130972222222222,54788ddcf622669910f9f6738d8b84167346a3e80f96c1982c26d345388c5478
complex_i_block|nca_block,100.0,443,75.0,0.0,17.052083333333332,5.273055555555556,54788ddcf622669910f9f6738d8b84167346a3e80f96c1982c26d345388c5478
complex_i_block|nca_block,200.0,42,75.0,0.0,13.919270833333334,4.273194444444444,54788ddcf622669910f9f6738d8b84167346a3e80f96c1982c26d345388c5478
snare_cooperativity|nca_block,10.0,42,75.0,0.0,22.807291666666668,7.09125,54788ddcf622669910f9f6738d8b84167346a3e80f96c1982c26d345388c5478
snare_cooperativity|nca_block,10.0,137,75.0,0.0,21.6328125,6.809583333333333,54788ddcf622669910f9f6738d8b84167346a3e80f96c1982c26d345388c5478
snare_cooperativity|nca_block,10.0,219,75.0,0.0,22.7421875,7.135833333333333,54788ddcf622669910f9f6738d8b84167346a3e80f96c1982c26d345388c5478
snare_cooperativity|nca_block,10.0,331,75.0,0.0,22.4609375,7.010972222222223,54788ddcf622669910f9f6738d8b84167346a3e80f96c1982c26d345388c5478
complex_i_block|nca_block,30.0,331,75.0,0.0,20.752604166666668,6.484444444444445,54788ddcf622669910f9f6738d8b84167346a3e80f96c1982c26d345388c5478
complex_i_block|nca_block,30.0,443,75.0,0.0,21.721354166666668,6.775277777777778,54788ddcf622669910f9f6738d8b84167346a3e80f96c1982c26d345388c5478
complex_i_block|nca_block,100.0,42,75.0,0.0,17.2734375,5.3372222222222225,54788ddcf622669910f9f6738d8b84167346a3e80f96c1982c26d345388c5478
complex_i_block|nca_block,100.0,137,75.0,0.0,16.401041666666668,5.116527777777778,54788ddcf622669910f9f6738d8b84167346a3e80f96c1982c26d345388c5478
complex_i_block|nca_block,200.0,137,75.0,0.0,13.044270833333334,4.034027777777778,54788ddcf622669910f9f6738d8b84167346a3e80f96c1982c26d345388c5478
complex_i_block|nca_block,200.0,219,75.0,0.0,14.169270833333334,4.358333333333333,54788ddcf622669910f9f6738d8b84167346a3e80f96c1982c26d345388c5478
complex_i_block|nca_block,200.0,331,75.0,0.0,13.580729166666666,4.1994444444444445,54788ddcf622669910f9f6738d8b84167346a3e80f96c1982c26d345388c5478
complex_i_block|nca_block,200.0,443,75.0,0.0,14.0390625,4.302222222222222,54788ddcf622669910f9f6738d8b84167346a3e80f96c1982c26d345388c5478
complex_i_block|nca_block,350.0,42,75.0,0.0,11.393229166666666,3.471111111111111,54788ddcf622669910f9f6738d8b84167346a3e80f96c1982c26d345388c5478
complex_i_block|nca_block,350.0,137,75.0,0.0,10.71875,3.2802777777777776,54788ddcf622669910f9f6738d8b84167346a3e80f96c1982c26d345388c5478
complex_i_block|nca_block,350.0,219,75.0,0.0,11.8203125,3.5919444444444446,54788ddcf622669910f9f6738d8b84167346a3e80f96c1982c26d345388c5478
complex_i_block|nca_block,350.0,331,75.0,0.020833333333333332,11.247395833333334,3.4270833333333335,54788ddcf622669910f9f6738d8b84167346a3e80f96c1982c26d345388c5478
snare_cooperativity|nca_block,10.0,443,75.0,0.0,23.0859375,7.212361111111111,54788ddcf622669910f9f6738d8b84167346a3e80f96c1982c26d345388c5478
snare_cooperativity|nca_block,30.0,42,75.0,0.0,20.658854166666668,6.34875,54788ddcf622669910f9f6738d8b84167346a3e80f96c1982c26d345388c5478
snare_cooperativity|nca_block,30.0,137,75.0,0.0,20.221354166666668,6.292777777777777,54788ddcf622669910f9f6738d8b84167346a3e80f96c1982c26d345388c5478
snare_cooperativity|nca_block,30.0,219,75.0,0.0,21.283854166666668,6.572916666666667,54788ddcf622669910f9f6738d8b84167346a3e80f96c1982c26d345388c5478
complex_i_block|nca_block,350.0,443,75.0,0.0,11.328125,3.4456944444444444,54788ddcf622669910f9f6738d8b84167346a3e80f96c1982c26d345388c5478
complex_i_block|nca_block,500.0,42,75.0,0.0,10.203125,3.077361111111111,54788ddcf622669910f9f6738d8b84167346a3e80f96c1982c26d345388c5478
complex_i_block|nca_block,500.0,137,75.0,0.020833333333333332,9.541666666666666,2.894861111111111,54788ddcf622669910f9f6738d8b84167346a3e80f96c1982c26d345388c5478
complex_i_block|nca_block,500.0,219,75.0,0.0,10.666666666666666,3.2109722222222223,54788ddcf622669910f9f6738d8b84167346a3e80f96c1982c26d345388c5478
complex_i_block|nca_block,500.0,331,75.0,0.020833333333333332,10.122395833333334,3.0495833333333335,54788ddcf622669910f9f6738d8b84167346a3e80f96c1982c26d345388c5478
complex_i_block|nca_block,500.0,443,75.0,0.0,9.419270833333334,2.8830555555555555,54788ddcf622669910f9f6738d8b84167346a3e80f96c1982c26d345388c5478
complex_i_block|nca_block,1000.0,42,75.0,0.0,8.6953125,2.582361111111111,54788ddcf622669910f9f6738d8b84167346a3e80f96c1982c26d345388c5478
complex_i_block|nca_block,1000.0,137,75.0,0.08333333333333333,7.8125,2.3641666666666667,54788ddcf622669910f9f6738d8b84167346a3e80f96c1982c26d345388c5478
snare_cooperativity|nca_block,30.0,331,75.0,0.0,20.59375,6.337638888888889,54788ddcf622669910f9f6738d8b84167346a3e80f96c1982c26d345388c5478
snare_cooperativity|nca_block,30.0,443,75.0,0.0,21.057291666666668,6.502638888888889,54788ddcf622669910f9f6738d8b84167346a3e80f96c1982c26d345388c5478
snare_cooperativity|nca_block,100.0,42,75.0,0.0,15.700520833333334,4.679444444444444,54788ddcf622669910f9f6738d8b84167346a3e80f96c1982c26d345388c5478
snare_cooperativity|nca_block,100.0,137,75.0,0.0,14.723958333333334,4.447638888888889,54788ddcf622669910f9f6738d8b84167346a3e80f96c1982c26d345388c5478
complex_i_block|nca_block,1000.0,219,75.0,0.0,8.6171875,2.6,54788ddcf622669910f9f6738d8b84167346a3e80f96c1982c26d345388c5478
complex_i_block|nca_block,1000.0,331,75.0,0.020833333333333332,8.1953125,2.4568055555555555,54788ddcf622669910f9f6738d8b84167346a3e80f96c1982c26d345388c5478
complex_i_block|nca_block,1000.0,443,75.0,0.020833333333333332,7.427083333333333,2.274722222222222,54788ddcf622669910f9f6738d8b84167346a3e80f96c1982c26d345388c5478
complex_i_block|nca_block,3000.0,42,75.0,0.08333333333333333,6.877604166666667,2.02125,54788ddcf622669910f9f6738d8b84167346a3e80f96c1982c26d345388c5478
snare_cooperativity|nca_block,200.0,137,75.0,0.020833333333333332,10.684895833333334,3.116527777777778,54788ddcf622669910f9f6738d8b84167346a3e80f96c1982c26d345388c5478
snare_cooperativity|nca_block,200.0,219,75.0,0.0,11.4375,3.3269444444444445,54788ddcf622669910f9f6738d8b84167346a3e80f96c1982c26d345388c5478
snare_cooperativity|nca_block,200.0,331,75.0,0.0,11.380208333333334,3.2969444444444442,54788ddcf622669910f9f6738d8b84167346a3e80f96c1982c26d345388c5478
snare_cooperativity|nca_block,200.0,443,75.0,0.0,11.572916666666666,3.3402777777777777,54788ddcf622669910f9f6738d8b84167346a3e80f96c1982c26d345388c5478
snare_cooperativity|nca_block,350.0,443,75.0,0.041666666666666664,7.596354166666667,2.1886111111111113,54788ddcf622669910f9f6738d8b84167346a3e80f96c1982c26d345388c5478
snare_cooperativity|nca_block,500.0,42,75.0,0.020833333333333332,6.442708333333333,1.77625,54788ddcf622669910f9f6738d8b84167346a3e80f96c1982c26d345388c5478
snare_cooperativity|nca_block,500.0,137,75.0,0.125,5.8203125,1.6815277777777777,54788ddcf622669910f9f6738d8b84167346a3e80f96c1982c26d345388c5478
snare_cooperativity|nca_block,500.0,219,75.0,0.020833333333333332,6.544270833333333,1.8463888888888889,54788ddcf622669910f9f6738d8b84167346a3e80f96c1982c26d345388c5478
snare_cooperativity|nca_block,100.0,219,75.0,0.0,15.424479166666666,4.644444444444445,54788ddcf622669910f9f6738d8b84167346a3e80f96c1982c26d345388c5478
snare_cooperativity|nca_block,100.0,331,75.0,0.0,15.635416666666666,4.673333333333333,54788ddcf622669910f9f6738d8b84167346a3e80f96c1982c26d345388c5478
snare_cooperativity|nca_block,100.0,443,75.0,0.0,15.6796875,4.682361111111111,54788ddcf622669910f9f6738d8b84167346a3e80f96c1982c26d345388c5478
snare_cooperativity|nca_block,200.0,42,75.0,0.0,11.5,3.317638888888889,54788ddcf622669910f9f6738d8b84167346a3e80f96c1982c26d345388c5478
nca_block|nachr_antagonism,10.0,42,75.0,0.0,23.169270833333332,7.240555555555556,54788ddcf622669910f9f6738d8b84167346a3e80f96c1982c26d345388c5478
nca_block|nachr_antagonism,10.0,137,75.0,0.0,22.302083333333332,7.042222222222223,54788ddcf622669910f9f6738d8b84167346a3e80f96c1982c26d345388c5478
nca_block|nachr_antagonism,10.0,219,75.0,0.0,23.153645833333332,7.286944444444444,54788ddcf622669910f9f6738d8b84167346a3e80f96c1982c26d345388c5478
nca_block|nachr_antagonism,10.0,331,75.0,0.0,22.5078125,7.074583333333333,54788ddcf622669910f9f6738d8b84167346a3e80f96c1982c26d345388c5478
nca_block|nachr_antagonism,100.0,219,75.0,0.0,19.119791666666668,5.979305555555555,54788ddcf622669910f9f6738d8b84167346a3e80f96c1982c26d345388c5478
nca_block|nachr_antagonism,100.0,331,75.0,0.0,18.453125,5.761111111111111,54788ddcf622669910f9f6738d8b84167346a3e80f96c1982c26d345388c5478
nca_block|nachr_antagonism,100.0,443,75.0,0.0,18.666666666666668,5.819305555555555,54788ddcf622669910f9f6738d8b84167346a3e80f96c1982c26d345388c5478
nca_block|nachr_antagonism,200.0,42,75.0,0.0,16.190104166666668,4.988888888888889,54788ddcf622669910f9f6738d8b84167346a3e80f96c1982c26d345388c5478
snare_cooperativity|nca_block,350.0,42,75.0,0.0,8.205729166666666,2.2822222222222224,54788ddcf622669910f9f6738d8b84167346a3e80f96c1982c26d345388c5478
snare_cooperativity|nca_block,350.0,137,75.0,0.020833333333333332,7.8359375,2.2308333333333334,54788ddcf622669910f9f6738d8b84167346a3e80f96c1982c26d345388c5478
snare_cooperativity|nca_block,350.0,219,75.0,0.041666666666666664,8.244791666666666,2.3344444444444443,54788ddcf622669910f9f6738d8b84167346a3e80f96c1982c26d345388c5478
snare_cooperativity|nca_block,350.0,331,75.0,0.020833333333333332,8.1796875,2.3093055555555555,54788ddcf622669910f9f6738d8b84167346a3e80f96c1982c26d345388c5478
snare_cooperativity|nca_block,500.0,331,75.0,0.041666666666666664,6.75,1.8679166666666667,54788ddcf622669910f9f6738d8b84167346a3e80f96c1982c26d345388c5478
snare_cooperativity|nca_block,500.0,443,75.0,0.0625,6.127604166666667,1.7395833333333333,54788ddcf622669910f9f6738d8b84167346a3e80f96c1982c26d345388c5478
snare_cooperativity|nca_block,1000.0,42,75.0,0.2708333333333333,4.059895833333333,1.1623611111111112,54788ddcf622669910f9f6738d8b84167346a3e80f96c1982c26d345388c5478
snare_cooperativity|nca_block,1000.0,137,75.0,0.3958333333333333,3.59375,1.0984722222222223,54788ddcf622669910f9f6738d8b84167346a3e80f96c1982c26d345388c5478
snare_cooperativity|nca_block,1000.0,219,75.0,0.3125,3.8802083333333335,1.166111111111111,54788ddcf622669910f9f6738d8b84167346a3e80f96c1982c26d345388c5478
snare_cooperativity|nca_block,1000.0,331,75.0,0.25,4.205729166666667,1.1965277777777779,54788ddcf622669910f9f6738d8b84167346a3e80f96c1982c26d345388c5478
snare_cooperativity|nca_block,1000.0,443,75.0,0.3333333333333333,3.7109375,1.1211111111111112,54788ddcf622669910f9f6738d8b84167346a3e80f96c1982c26d345388c5478
snare_cooperativity|nca_block,3000.0,42,75.0,0.6875,2.5807291666666665,0.8065277777777777,54788ddcf622669910f9f6738d8b84167346a3e80f96c1982c26d345388c5478
nca_block|nachr_antagonism,350.0,42,75.0,0.0,13.880208333333334,4.2659722222222225,54788ddcf622669910f9f6738d8b84167346a3e80f96c1982c26d345388c5478
nca_block|nachr_antagonism,350.0,137,75.0,0.0,12.96875,4.019722222222223,54788ddcf622669910f9f6738d8b84167346a3e80f96c1982c26d345388c5478
nca_block|nachr_antagonism,350.0,219,75.0,0.0,14.145833333333334,4.356111111111111,54788ddcf622669910f9f6738d8b84167346a3e80f96c1982c26d345388c5478
nca_block|nachr_antagonism,350.0,331,75.0,0.0,13.609375,4.210694444444444,54788ddcf622669910f9f6738d8b84167346a3e80f96c1982c26d345388c5478
snare_cooperativity|nca_block,3000.0,137,75.0,0.75,2.2864583333333335,0.7831944444444444,54788ddcf622669910f9f6738d8b84167346a3e80f96c1982c26d345388c5478
snare_cooperativity|nca_block,3000.0,219,75.0,0.6875,2.5520833333333335,0.8369444444444445,54788ddcf622669910f9f6738d8b84167346a3e80f96c1982c26d345388c5478
snare_cooperativity|nca_block,3000.0,331,75.0,0.6666666666666666,2.5963541666666665,0.82,54788ddcf622669910f9f6738d8b84167346a3e80f96c1982c26d345388c5478
snare_cooperativity|nca_block,3000.0,443,75.0,0.7291666666666666,2.2942708333333335,0.7898611111111111,54788ddcf622669910f9f6738d8b84167346a3e80f96c1982c26d345388c5478
nca_block|nachr_antagonism,10.0,443,75.0,0.0,23.286458333333332,7.305416666666667,54788ddcf622669910f9f6738d8b84167346a3e80f96c1982c26d345388c5478
nca_block|nachr_antagonism,30.0,42,75.0,0.0,22.15625,6.912222222222222,54788ddcf622669910f9f6738d8b84167346a3e80f96c1982c26d345388c5478
nca_block|nachr_antagonism,30.0,137,75.0,0.0,20.848958333333332,6.578888888888889,54788ddcf622669910f9f6738d8b84167346a3e80f96c1982c26d345388c5478
nca_block|nachr_antagonism,30.0,219,75.0,0.0,21.895833333333332,6.876527777777778,54788ddcf622669910f9f6738d8b84167346a3e80f96c1982c26d345388c5478
nca_block|nachr_antagonism,30.0,331,75.0,0.0,21.333333333333332,6.6906944444444445,54788ddcf622669910f9f6738d8b84167346a3e80f96c1982c26d345388c5478
nca_block|nachr_antagonism,30.0,443,75.0,0.0,22.307291666666668,6.986527777777778,54788ddcf622669910f9f6738d8b84167346a3e80f96c1982c26d345388c5478
nca_block|nachr_antagonism,100.0,42,75.0,0.0,18.942708333333332,5.870972222222222,54788ddcf622669910f9f6738d8b84167346a3e80f96c1982c26d345388c5478
nca_block|nachr_antagonism,100.0,137,75.0,0.0,17.90625,5.608611111111111,54788ddcf622669910f9f6738d8b84167346a3e80f96c1982c26d345388c5478
nca_block|nachr_antagonism,350.0,443,75.0,0.0,14.059895833333334,4.311527777777778,54788ddcf622669910f9f6738d8b84167346a3e80f96c1982c26d345388c5478
nca_block|nachr_antagonism,500.0,42,75.0,0.0,12.893229166666666,3.9366666666666665,54788ddcf622669910f9f6738d8b84167346a3e80f96c1982c26d345388c5478
nca_block|nachr_antagonism,500.0,137,75.0,0.0,12.065104166666666,3.7068055555555555,54788ddcf622669910f9f6738d8b84167346a3e80f96c1982c26d345388c5478
nca_block|nachr_antagonism,500.0,219,75.0,0.0,13.140625,4.015833333333333,54788ddcf622669910f9f6738d8b84167346a3e80f96c1982c26d345388c5478
nca_block|nachr_antagonism,200.0,137,75.0,0.0,15.294270833333334,4.7572222222222225,54788ddcf622669910f9f6738d8b84167346a3e80f96c1982c26d345388c5478
nca_block|nachr_antagonism,200.0,219,75.0,0.0,16.752604166666668,5.175,54788ddcf622669910f9f6738d8b84167346a3e80f96c1982c26d345388c5478
nca_block|nachr_antagonism,200.0,331,75.0,0.0,15.348958333333334,4.780972222222222,54788ddcf622669910f9f6738d8b84167346a3e80f96c1982c26d345388c5478
nca_block|nachr_antagonism,200.0,443,75.0,0.0,15.8671875,4.907222222222222,54788ddcf622669910f9f6738d8b84167346a3e80f96c1982c26d345388c5478
nca_block|nachr_antagonism,1000.0,219,75.0,0.0,11.244791666666666,3.419027777777778,54788ddcf622669910f9f6738d8b84167346a3e80f96c1982c26d345388c5478
nca_block|nachr_antagonism,1000.0,331,75.0,0.020833333333333332,10.765625,3.2655555555555558,54788ddcf622669910f9f6738d8b84167346a3e80f96c1982c26d345388c5478
nca_block|nachr_antagonism,1000.0,443,75.0,0.0,10.325520833333334,3.1456944444444446,54788ddcf622669910f9f6738d8b84167346a3e80f96c1982c26d345388c5478
nca_block|nachr_antagonism,3000.0,42,75.0,0.0,9.4375,2.8340277777777776,54788ddcf622669910f9f6738d8b84167346a3e80f96c1982c26d345388c5478
nca_block|nachr_antagonism,3000.0,137,75.0,0.041666666666666664,8.5859375,2.60375,54788ddcf622669910f9f6738d8b84167346a3e80f96c1982c26d345388c5478
nca_block|nachr_antagonism,3000.0,219,75.0,0.0,9.5625,2.887777777777778,54788ddcf622669910f9f6738d8b84167346a3e80f96c1982c26d345388c5478
nca_block|nachr_antagonism,3000.0,331,75.0,0.020833333333333332,9.395833333333334,2.821527777777778,54788ddcf622669910f9f6738d8b84167346a3e80f96c1982c26d345388c5478
nca_block|nachr_antagonism,3000.0,443,75.0,0.0,8.455729166666666,2.5905555555555555,54788ddcf622669910f9f6738d8b84167346a3e80f96c1982c26d345388c5478
nca_block|nachr_antagonism,500.0,331,75.0,0.020833333333333332,12.536458333333334,3.8405555555555555,54788ddcf622669910f9f6738d8b84167346a3e80f96c1982c26d345388c5478
nca_block|nachr_antagonism,500.0,443,75.0,0.0,12.580729166666666,3.8490277777777777,54788ddcf622669910f9f6738d8b84167346a3e80f96c1982c26d345388c5478
nca_block|nachr_antagonism,1000.0,42,75.0,0.0,10.7578125,3.265277777777778,54788ddcf622669910f9f6738d8b84167346a3e80f96c1982c26d345388c5478
nca_block|nachr_antagonism,1000.0,137,75.0,0.0,10.098958333333334,3.0805555555555557,54788ddcf622669910f9f6738d8b84167346a3e80f96c1982c26d345388c5478
nca_block|glucl_potentiation,350.0,42,75.0,0.0,15.138020833333334,4.651666666666666,54788ddcf622669910f9f6738d8b84167346a3e80f96c1982c26d345388c5478
nca_block|glucl_potentiation,350.0,137,75.0,0.0,14.072916666666666,4.360694444444444,54788ddcf622669910f9f6738d8b84167346a3e80f96c1982c26d345388c5478
nca_block|glucl_potentiation,350.0,219,75.0,0.0,15.541666666666666,4.768888888888889,54788ddcf622669910f9f6738d8b84167346a3e80f96c1982c26d345388c5478
nca_block|glucl_potentiation,350.0,331,75.0,0.0,14.286458333333334,4.435416666666667,54788ddcf622669910f9f6738d8b84167346a3e80f96c1982c26d345388c5478
nca_block|glucl_potentiation,350.0,443,75.0,0.0,14.734375,4.543611111111111,54788ddcf622669910f9f6738d8b84167346a3e80f96c1982c26d345388c5478
nca_block|glucl_potentiation,500.0,42,75.0,0.0,13.434895833333334,4.136527777777777,54788ddcf622669910f9f6738d8b84167346a3e80f96c1982c26d345388c5478
nca_block|glucl_potentiation,500.0,137,75.0,0.0,12.760416666666666,3.9445833333333336,54788ddcf622669910f9f6738d8b84167346a3e80f96c1982c26d345388c5478
nca_block|glucl_potentiation,500.0,219,75.0,0.0,14.098958333333334,4.333472222222222,54788ddcf622669910f9f6738d8b84167346a3e80f96c1982c26d345388c5478
nca_block|glucl_potentiation,3000.0,137,75.0,0.020833333333333332,9.6953125,2.944861111111111,54788ddcf622669910f9f6738d8b84167346a3e80f96c1982c26d345388c5478
nca_block|glucl_potentiation,3000.0,219,75.0,0.0,10.802083333333334,3.2555555555555555,54788ddcf622669910f9f6738d8b84167346a3e80f96c1982c26d345388c5478
nca_block|glucl_potentiation,3000.0,331,75.0,0.020833333333333332,10.299479166666666,3.1055555555555556,54788ddcf622669910f9f6738d8b84167346a3e80f96c1982c26d345388c5478
nca_block|glucl_potentiation,3000.0,443,75.0,0.0,9.4609375,2.900138888888889,54788ddcf622669910f9f6738d8b84167346a3e80f96c1982c26d345388c5478
gaba_potentiation|k2p_potentiation|nca_block,10.0,42,75.0,0.0,23.109375,7.213472222222222,54788ddcf622669910f9f6738d8b84167346a3e80f96c1982c26d345388c5478
gaba_potentiation|k2p_potentiation|nca_block,10.0,137,75.0,0.0,22.1875,6.996944444444445,54788ddcf622669910f9f6738d8b84167346a3e80f96c1982c26d345388c5478
gaba_potentiation|k2p_potentiation|nca_block,10.0,219,75.0,0.0,23.036458333333332,7.246111111111111,54788ddcf622669910f9f6738d8b84167346a3e80f96c1982c26d345388c5478
gaba_potentiation|k2p_potentiation|nca_block,10.0,331,75.0,0.0,22.401041666666668,7.033611111111111,54788ddcf622669910f9f6738d8b84167346a3e80f96c1982c26d345388c5478
nca_block|glucl_potentiation,10.0,42,75.0,0.0,23.221354166666668,7.2619444444444445,54788ddcf622669910f9f6738d8b84167346a3e80f96c1982c26d345388c5478
nca_block|glucl_potentiation,10.0,137,75.0,0.0,22.182291666666668,7.020694444444445,54788ddcf622669910f9f6738d8b84167346a3e80f96c1982c26d345388c5478
nca_block|glucl_potentiation,10.0,219,75.0,0.0,23.143229166666668,7.291666666666667,54788ddcf622669910f9f6738d8b84167346a3e80f96c1982c26d345388c5478
nca_block|glucl_potentiation,10.0,331,75.0,0.0,22.583333333333332,7.099444444444444,54788ddcf622669910f9f6738d8b84167346a3e80f96c1982c26d345388c5478
nca_block|glucl_potentiation,100.0,219,75.0,0.0,19.7734375,6.194305555555555,54788ddcf622669910f9f6738d8b84167346a3e80f96c1982c26d345388c5478
nca_block|glucl_potentiation,100.0,331,75.0,0.0,18.755208333333332,5.871666666666667,54788ddcf622669910f9f6738d8b84167346a3e80f96c1982c26d345388c5478
nca_block|glucl_potentiation,100.0,443,75.0,0.0,19.65625,6.119861111111111,54788ddcf622669910f9f6738d8b84167346a3e80f96c1982c26d345388c5478
nca_block|glucl_potentiation,200.0,42,75.0,0.0,17.182291666666668,5.300138888888889,54788ddcf622669910f9f6738d8b84167346a3e80f96c1982c26d345388c5478
nca_block|glucl_potentiation,10.0,443,75.0,0.0,23.356770833333332,7.330694444444444,54788ddcf622669910f9f6738d8b84167346a3e80f96c1982c26d345388c5478
nca_block|glucl_potentiation,30.0,42,75.0,0.0,22.315104166666668,6.9598611111111115,54788ddcf622669910f9f6738d8b84167346a3e80f96c1982c26d345388c5478
nca_block|glucl_potentiation,30.0,137,75.0,0.0,21.1875,6.6883333333333335,54788ddcf622669910f9f6738d8b84167346a3e80f96c1982c26d345388c5478
nca_block|glucl_potentiation,30.0,219,75.0,0.0,22.28125,6.987222222222222,54788ddcf622669910f9f6738d8b84167346a3e80f96c1982c26d345388c5478
nca_block|glucl_potentiation,30.0,331,75.0,0.0,21.494791666666668,6.741805555555556,54788ddcf622669910f9f6738d8b84167346a3e80f96c1982c26d345388c5478
nca_block|glucl_potentiation,30.0,443,75.0,0.0,22.59375,7.070833333333334,54788ddcf622669910f9f6738d8b84167346a3e80f96c1982c26d345388c5478
nca_block|glucl_potentiation,100.0,42,75.0,0.0,19.341145833333332,5.987361111111111,54788ddcf622669910f9f6738d8b84167346a3e80f96c1982c26d345388c5478
nca_block|glucl_potentiation,100.0,137,75.0,0.0,18.479166666666668,5.808472222222222,54788ddcf622669910f9f6738d8b84167346a3e80f96c1982c26d345388c5478
nca_block|glucl_potentiation,200.0,137,75.0,0.0,16.286458333333332,5.079305555555556,54788ddcf622669910f9f6738d8b84167346a3e80f96c1982c26d345388c5478
nca_block|glucl_potentiation,200.0,219,75.0,0.0,17.638020833333332,5.473888888888889,54788ddcf622669910f9f6738d8b84167346a3e80f96c1982c26d345388c5478
nca_block|glucl_potentiation,200.0,331,75.0,0.0,16.341145833333332,5.082638888888889,54788ddcf622669910f9f6738d8b84167346a3e80f96c1982c26d345388c5478
nca_block|glucl_potentiation,200.0,443,75.0,0.0,16.927083333333332,5.237916666666667,54788ddcf622669910f9f6738d8b84167346a3e80f96c1982c26d345388c5478
nca_block|glucl_potentiation,500.0,331,75.0,0.0,13.591145833333334,4.185694444444445,54788ddcf622669910f9f6738d8b84167346a3e80f96c1982c26d345388c5478
nca_block|glucl_potentiation,500.0,443,75.0,0.0,13.84375,4.233888888888889,54788ddcf622669910f9f6738d8b84167346a3e80f96c1982c26d345388c5478
nca_block|glucl_potentiation,1000.0,42,75.0,0.0,11.497395833333334,3.5230555555555556,54788ddcf622669910f9f6738d8b84167346a3e80f96c1982c26d345388c5478
nca_block|glucl_potentiation,1000.0,137,75.0,0.0,11.059895833333334,3.390138888888889,54788ddcf622669910f9f6738d8b84167346a3e80f96c1982c26d345388c5478
nca_block|glucl_potentiation,1000.0,219,75.0,0.0,11.981770833333334,3.6594444444444445,54788ddcf622669910f9f6738d8b84167346a3e80f96c1982c26d345388c5478
nca_block|glucl_potentiation,1000.0,331,75.0,0.020833333333333332,11.690104166666666,3.5706944444444444,54788ddcf622669910f9f6738d8b84167346a3e80f96c1982c26d345388c5478
nca_block|glucl_potentiation,1000.0,443,75.0,0.0,11.736979166666666,3.5769444444444445,54788ddcf622669910f9f6738d8b84167346a3e80f96c1982c26d345388c5478
nca_block|glucl_potentiation,3000.0,42,75.0,0.0,10.307291666666666,3.1144444444444446,54788ddcf622669910f9f6738d8b84167346a3e80f96c1982c26d345388c5478
gaba_potentiation|k2p_potentiation|nca_block,30.0,331,75.0,0.0,20.828125,6.5256944444444445,54788ddcf622669910f9f6738d8b84167346a3e80f96c1982c26d345388c5478
gaba_potentiation|k2p_potentiation|nca_block,30.0,443,75.0,0.0,21.856770833333332,6.8213888888888885,54788ddcf622669910f9f6738d8b84167346a3e80f96c1982c26d345388c5478
gaba_potentiation|k2p_potentiation|nca_block,100.0,42,75.0,0.0,17.536458333333332,5.422083333333333,54788ddcf622669910f9f6738d8b84167346a3e80f96c1982c26d345388c5478
gaba_potentiation|k2p_potentiation|nca_block,100.0,137,75.0,0.0,16.640625,5.198333333333333,54788ddcf622669910f9f6738d8b84167346a3e80f96c1982c26d345388c5478
gaba_potentiation|k2p_potentiation|nca_block,200.0,137,75.0,0.0,13.385416666666666,4.154027777777777,54788ddcf622669910f9f6738d8b84167346a3e80f96c1982c26d345388c5478
gaba_potentiation|k2p_potentiation|nca_block,200.0,219,75.0,0.0,14.6875,4.510972222222223,54788ddcf622669910f9f6738d8b84167346a3e80f96c1982c26d345388c5478
gaba_potentiation|k2p_potentiation|nca_block,200.0,331,75.0,0.0,13.75,4.269444444444445,54788ddcf622669910f9f6738d8b84167346a3e80f96c1982c26d345388c5478
gaba_potentiation|k2p_potentiation|nca_block,200.0,443,75.0,0.0,14.213541666666666,4.370138888888889,54788ddcf622669910f9f6738d8b84167346a3e80f96c1982c26d345388c5478
gaba_potentiation|k2p_potentiation|nca_block,100.0,219,75.0,0.0,17.8984375,5.577083333333333,54788ddcf622669910f9f6738d8b84167346a3e80f96c1982c26d345388c5478
gaba_potentiation|k2p_potentiation|nca_block,100.0,331,75.0,0.0,16.90625,5.262777777777778,54788ddcf622669910f9f6738d8b84167346a3e80f96c1982c26d345388c5478
gaba_potentiation|k2p_potentiation|nca_block,100.0,443,75.0,0.0,17.5859375,5.443194444444444,54788ddcf622669910f9f6738d8b84167346a3e80f96c1982c26d345388c5478
gaba_potentiation|k2p_potentiation|nca_block,200.0,42,75.0,0.0,14.466145833333334,4.442777777777778,54788ddcf622669910f9f6738d8b84167346a3e80f96c1982c26d345388c5478
gaba_potentiation|k2p_potentiation|nca_block,350.0,42,75.0,0.0,11.513020833333334,3.5209722222222224,54788ddcf622669910f9f6738d8b84167346a3e80f96c1982c26d345388c5478
gaba_potentiation|k2p_potentiation|nca_block,350.0,137,75.0,0.0,10.921875,3.35,54788ddcf622669910f9f6738d8b84167346a3e80f96c1982c26d345388c5478
gaba_potentiation|k2p_potentiation|nca_block,350.0,219,75.0,0.0,11.986979166666666,3.6590277777777778,54788ddcf622669910f9f6738d8b84167346a3e80f96c1982c26d345388c5478
gaba_potentiation|k2p_potentiation|nca_block,350.0,331,75.0,0.020833333333333332,11.518229166666666,3.5191666666666666,54788ddcf622669910f9f6738d8b84167346a3e80f96c1982c26d345388c5478
gaba_potentiation|k2p_potentiation|nca_block,350.0,443,75.0,0.0,11.6015625,3.544027777777778,54788ddcf622669910f9f6738d8b84167346a3e80f96c1982c26d345388c5478
gaba_potentiation|k2p_potentiation|nca_block,500.0,42,75.0,0.0,10.403645833333334,3.1486111111111112,54788ddcf622669910f9f6738d8b84167346a3e80f96c1982c26d345388c5478
gaba_potentiation|k2p_potentiation|nca_block,500.0,137,75.0,0.020833333333333332,9.809895833333334,2.9830555555555556,54788ddcf622669910f9f6738d8b84167346a3e80f96c1982c26d345388c5478
gaba_potentiation|k2p_potentiation|nca_block,500.0,219,75.0,0.0,11.1171875,3.348472222222222,54788ddcf622669910f9f6738d8b84167346a3e80f96c1982c26d345388c5478
gaba_potentiation|k2p_potentiation|nca_block,10.0,443,75.0,0.0,23.127604166666668,7.253333333333333,54788ddcf622669910f9f6738d8b84167346a3e80f96c1982c26d345388c5478
gaba_potentiation|k2p_potentiation|nca_block,30.0,42,75.0,0.0,21.453125,6.677361111111111,54788ddcf622669910f9f6738d8b84167346a3e80f96c1982c26d345388c5478
gaba_potentiation|k2p_potentiation|nca_block,30.0,137,75.0,0.0,19.9765625,6.324583333333333,54788ddcf622669910f9f6738d8b84167346a3e80f96c1982c26d345388c5478
gaba_potentiation|k2p_potentiation|nca_block,30.0,219,75.0,0.0,21.46875,6.739166666666667,54788ddcf622669910f9f6738d8b84167346a3e80f96c1982c26d345388c5478
gaba_potentiation|k2p_potentiation|nca_block,1000.0,219,75.0,0.0,8.65625,2.6166666666666667,54788ddcf622669910f9f6738d8b84167346a3e80f96c1982c26d345388c5478
gaba_potentiation|k2p_potentiation|nca_block,1000.0,331,75.0,0.020833333333333332,8.3359375,2.5029166666666667,54788ddcf622669910f9f6738d8b84167346a3e80f96c1982c26d345388c5478
gaba_potentiation|k2p_potentiation|nca_block,1000.0,443,75.0,0.0,7.627604166666667,2.3375,54788ddcf622669910f9f6738d8b84167346a3e80f96c1982c26d345388c5478
gaba_potentiation|k2p_potentiation|nca_block,3000.0,42,75.0,0.0625,6.989583333333333,2.055,54788ddcf622669910f9f6738d8b84167346a3e80f96c1982c26d345388c5478
gaba_potentiation|complex_i_block|nca_block,100.0,219,75.0,0.0,16.611979166666668,5.127361111111111,54788ddcf622669910f9f6738d8b84167346a3e80f96c1982c26d345388c5478
gaba_potentiation|complex_i_block|nca_block,100.0,331,75.0,0.0,15.325520833333334,4.764305555555556,54788ddcf622669910f9f6738d8b84167346a3e80f96c1982c26d345388c5478
gaba_potentiation|complex_i_block|nca_block,100.0,443,75.0,0.0,15.739583333333334,4.87,54788ddcf622669910f9f6738d8b84167346a3e80f96c1982c26d345388c5478
gaba_potentiation|complex_i_block|nca_block,200.0,42,75.0,0.0,12.2578125,3.7543055555555553,54788ddcf622669910f9f6738d8b84167346a3e80f96c1982c26d345388c5478
gaba_potentiation|complex_i_block|nca_block,200.0,137,75.0,0.0,11.5703125,3.557916666666667,54788ddcf622669910f9f6738d8b84167346a3e80f96c1982c26d345388c5478
gaba_potentiation|complex_i_block|nca_block,200.0,219,75.0,0.0,12.677083333333334,3.872361111111111,54788ddcf622669910f9f6738d8b84167346a3e80f96c1982c26d345388c5478
gaba_potentiation|complex_i_block|nca_block,200.0,331,75.0,0.020833333333333332,12.083333333333334,3.711388888888889,54788ddcf622669910f9f6738d8b84167346a3e80f96c1982c26d345388c5478
gaba_potentiation|complex_i_block|nca_block,200.0,443,75.0,0.0,12.109375,3.7045833333333333,54788ddcf622669910f9f6738d8b84167346a3e80f96c1982c26d345388c5478
gaba_potentiation|k2p_potentiation|nca_block,500.0,331,75.0,0.020833333333333332,10.364583333333334,3.1284722222222223,54788ddcf622669910f9f6738d8b84167346a3e80f96c1982c26d345388c5478
gaba_potentiation|k2p_potentiation|nca_block,500.0,443,75.0,0.0,9.768229166666666,2.9843055555555558,54788ddcf622669910f9f6738d8b84167346a3e80f96c1982c26d345388c5478
gaba_potentiation|k2p_potentiation|nca_block,1000.0,42,75.0,0.0,8.713541666666666,2.595138888888889,54788ddcf622669910f9f6738d8b84167346a3e80f96c1982c26d345388c5478
gaba_potentiation|k2p_potentiation|nca_block,1000.0,137,75.0,0.08333333333333333,7.872395833333333,2.3854166666666665,54788ddcf622669910f9f6738d8b84167346a3e80f96c1982c26d345388c5478
gaba_potentiation|k2p_potentiation|nca_block,3000.0,137,75.0,0.14583333333333334,6.236979166666667,1.8777777777777778,54788ddcf622669910f9f6738d8b84167346a3e80f96c1982c26d345388c5478
gaba_potentiation|k2p_potentiation|nca_block,3000.0,219,75.0,0.041666666666666664,7.083333333333333,2.1094444444444442,54788ddcf622669910f9f6738d8b84167346a3e80f96c1982c26d345388c5478
gaba_potentiation|k2p_potentiation|nca_block,3000.0,331,75.0,0.041666666666666664,6.572916666666667,1.9494444444444445,54788ddcf622669910f9f6738d8b84167346a3e80f96c1982c26d345388c5478
gaba_potentiation|k2p_potentiation|nca_block,3000.0,443,75.0,0.10416666666666667,5.794270833333333,1.7891666666666666,54788ddcf622669910f9f6738d8b84167346a3e80f96c1982c26d345388c5478
gaba_potentiation|complex_i_block|nca_block,10.0,42,75.0,0.0,22.875,7.143472222222222,54788ddcf622669910f9f6738d8b84167346a3e80f96c1982c26d345388c5478
gaba_potentiation|complex_i_block|nca_block,10.0,137,75.0,0.0,21.934895833333332,6.908472222222223,54788ddcf622669910f9f6738d8b84167346a3e80f96c1982c26d345388c5478
gaba_potentiation|complex_i_block|nca_block,10.0,219,75.0,0.0,22.692708333333332,7.133194444444444,54788ddcf622669910f9f6738d8b84167346a3e80f96c1982c26d345388c5478
gaba_potentiation|complex_i_block|nca_block,10.0,331,75.0,0.0,22.0625,6.9245833333333335,54788ddcf622669910f9f6738d8b84167346a3e80f96c1982c26d345388c5478
gaba_potentiation|complex_i_block|nca_block,10.0,443,75.0,0.0,22.747395833333332,7.145277777777777,54788ddcf622669910f9f6738d8b84167346a3e80f96c1982c26d345388c5478
gaba_potentiation|complex_i_block|nca_block,30.0,42,75.0,0.0,20.645833333333332,6.424305555555556,54788ddcf622669910f9f6738d8b84167346a3e80f96c1982c26d345388c5478
gaba_potentiation|complex_i_block|nca_block,30.0,137,75.0,0.0,19.518229166666668,6.15875,54788ddcf622669910f9f6738d8b84167346a3e80f96c1982c26d345388c5478
gaba_potentiation|complex_i_block|nca_block,30.0,219,75.0,0.0,21.041666666666668,6.590277777777778,54788ddcf622669910f9f6738d8b84167346a3e80f96c1982c26d345388c5478
gaba_potentiation|complex_i_block|nca_block,30.0,331,75.0,0.0,20.309895833333332,6.35,54788ddcf622669910f9f6738d8b84167346a3e80f96c1982c26d345388c5478
gaba_potentiation|complex_i_block|nca_block,30.0,443,75.0,0.0,21.203125,6.60125,54788ddcf622669910f9f6738d8b84167346a3e80f96c1982c26d345388c5478
gaba_potentiation|complex_i_block|nca_block,100.0,42,75.0,0.0,16.109375,4.962916666666667,54788ddcf622669910f9f6738d8b84167346a3e80f96c1982c26d345388c5478
gaba_potentiation|complex_i_block|nca_block,100.0,137,75.0,0.0,15.145833333333334,4.708194444444445,54788ddcf622669910f9f6738d8b84167346a3e80f96c1982c26d345388c5478
gaba_potentiation|complex_i_block|nca_block,500.0,331,75.0,0.020833333333333332,8.192708333333334,2.4594444444444443,54788ddcf622669910f9f6738d8b84167346a3e80f96c1982c26d345388c5478
gaba_potentiation|complex_i_block|nca_block,500.0,443,75.0,0.0,7.447916666666667,2.2868055555555555,54788ddcf622669910f9f6738d8b84167346a3e80f96c1982c26d345388c5478
gaba_potentiation|complex_i_block|nca_block,1000.0,42,75.0,0.10416666666666667,6.403645833333333,1.8818055555555555,54788ddcf622669910f9f6738d8b84167346a3e80f96c1982c26d345388c5478
gaba_potentiation|complex_i_block|nca_block,1000.0,137,75.0,0.125,5.8984375,1.7640277777777778,54788ddcf622669910f9f6738d8b84167346a3e80f96c1982c26d345388c5478
gaba_potentiation|complex_i_block|nca_block,3000.0,137,75.0,0.25,4.565104166666667,1.3498611111111112,54788ddcf622669910f9f6738d8b84167346a3e80f96c1982c26d345388c5478
gaba_potentiation|complex_i_block|nca_block,3000.0,219,75.0,0.22916666666666666,5.0078125,1.4725,54788ddcf622669910f9f6738d8b84167346a3e80f96c1982c26d345388c5478
gaba_potentiation|complex_i_block|nca_block,3000.0,331,75.0,0.20833333333333334,4.888020833333333,1.4272222222222222,54788ddcf622669910f9f6738d8b84167346a3e80f96c1982c26d345388c5478
gaba_potentiation|complex_i_block|nca_block,3000.0,443,75.0,0.3125,3.8567708333333335,1.2025,54788ddcf622669910f9f6738d8b84167346a3e80f96c1982c26d345388c5478
gaba_potentiation|snare_cooperativity|nca_block,10.0,42,75.0,0.0,22.661458333333332,7.032222222222222,54788ddcf622669910f9f6738d8b84167346a3e80f96c1982c26d345388c5478
gaba_potentiation|snare_cooperativity|nca_block,10.0,137,75.0,0.0,21.6328125,6.808055555555556,54788ddcf622669910f9f6738d8b84167346a3e80f96c1982c26d345388c5478
gaba_potentiation|snare_cooperativity|nca_block,10.0,219,75.0,0.0,22.533854166666668,7.069444444444445,54788ddcf622669910f9f6738d8b84167346a3e80f96c1982c26d345388c5478
gaba_potentiation|snare_cooperativity|nca_block,10.0,331,75.0,0.0,22.247395833333332,6.946111111111111,54788ddcf622669910f9f6738d8b84167346a3e80f96c1982c26d345388c5478
gaba_potentiation|complex_i_block|nca_block,350.0,42,75.0,0.0,9.765625,2.940138888888889,54788ddcf622669910f9f6738d8b84167346a3e80f96c1982c26d345388c5478
gaba_potentiation|complex_i_block|nca_block,350.0,137,75.0,0.041666666666666664,9.2734375,2.7936111111111113,54788ddcf622669910f9f6738d8b84167346a3e80f96c1982c26d345388c5478
gaba_potentiation|complex_i_block|nca_block,350.0,219,75.0,0.0,10.317708333333334,3.101111111111111,54788ddcf622669910f9f6738d8b84167346a3e80f96c1982c26d345388c5478
gaba_potentiation|complex_i_block|nca_block,350.0,331,75.0,0.020833333333333332,9.713541666666666,2.9225,54788ddcf622669910f9f6738d8b84167346a3e80f96c1982c26d345388c5478
gaba_potentiation|snare_cooperativity|nca_block,10.0,443,75.0,0.0,22.8125,7.121666666666667,54788ddcf622669910f9f6738d8b84167346a3e80f96c1982c26d345388c5478
gaba_potentiation|snare_cooperativity|nca_block,30.0,42,75.0,0.0,20.104166666666668,6.18875,54788ddcf622669910f9f6738d8b84167346a3e80f96c1982c26d345388c5478
gaba_potentiation|snare_cooperativity|nca_block,30.0,137,75.0,0.0,19.692708333333332,6.124722222222222,54788ddcf622669910f9f6738d8b84167346a3e80f96c1982c26d345388c5478
gaba_potentiation|snare_cooperativity|nca_block,30.0,219,75.0,0.0,20.658854166666668,6.384861111111111,54788ddcf622669910f9f6738d8b84167346a3e80f96c1982c26d345388c5478
gaba_potentiation|complex_i_block|nca_block,350.0,443,75.0,0.020833333333333332,9.020833333333334,2.761527777777778,54788ddcf622669910f9f6738d8b84167346a3e80f96c1982c26d345388c5478
gaba_potentiation|complex_i_block|nca_block,500.0,42,75.0,0.0,8.721354166666666,2.5925,54788ddcf622669910f9f6738d8b84167346a3e80f96c1982c26d345388c5478
gaba_potentiation|complex_i_block|nca_block,500.0,137,75.0,0.08333333333333333,7.846354166666667,2.373611111111111,54788ddcf622669910f9f6738d8b84167346a3e80f96c1982c26d345388c5478
gaba_potentiation|complex_i_block|nca_block,500.0,219,75.0,0.0,8.630208333333334,2.6044444444444443,54788ddcf622669910f9f6738d8b84167346a3e80f96c1982c26d345388c5478
gaba_potentiation|complex_i_block|nca_block,1000.0,219,75.0,0.08333333333333333,6.578125,1.9548611111111112,54788ddcf622669910f9f6738d8b84167346a3e80f96c1982c26d345388c5478
gaba_potentiation|complex_i_block|nca_block,1000.0,331,75.0,0.08333333333333333,6.2109375,1.8415277777777779,54788ddcf622669910f9f6738d8b84167346a3e80f96c1982c26d345388c5478
gaba_potentiation|complex_i_block|nca_block,1000.0,443,75.0,0.16666666666666666,5.0625,1.5775,54788ddcf622669910f9f6738d8b84167346a3e80f96c1982c26d345388c5478
gaba_potentiation|complex_i_block|nca_block,3000.0,42,75.0,0.2708333333333333,4.997395833333333,1.44375,54788ddcf622669910f9f6738d8b84167346a3e80f96c1982c26d345388c5478
gaba_potentiation|snare_cooperativity|nca_block,500.0,331,75.0,0.10416666666666667,5.1953125,1.44625,54788ddcf622669910f9f6738d8b84167346a3e80f96c1982c26d345388c5478
gaba_potentiation|snare_cooperativity|nca_block,500.0,443,75.0,0.20833333333333334,4.734375,1.3706944444444444,54788ddcf622669910f9f6738d8b84167346a3e80f96c1982c26d345388c5478
gaba_potentiation|snare_cooperativity|nca_block,1000.0,42,75.0,0.5208333333333334,3.0104166666666665,0.8645833333333334,54788ddcf622669910f9f6738d8b84167346a3e80f96c1982c26d345388c5478
gaba_potentiation|snare_cooperativity|nca_block,1000.0,137,75.0,0.6041666666666666,2.8802083333333335,0.8697222222222222,54788ddcf622669910f9f6738d8b84167346a3e80f96c1982c26d345388c5478
gaba_potentiation|snare_cooperativity|nca_block,1000.0,219,75.0,0.5625,3.0104166666666665,0.8994444444444445,54788ddcf622669910f9f6738d8b84167346a3e80f96c1982c26d345388c5478
gaba_potentiation|snare_cooperativity|nca_block,1000.0,331,75.0,0.5208333333333334,3.1302083333333335,0.9051388888888889,54788ddcf622669910f9f6738d8b84167346a3e80f96c1982c26d345388c5478
gaba_potentiation|snare_cooperativity|nca_block,1000.0,443,75.0,0.6666666666666666,2.5755208333333335,0.8313888888888888,54788ddcf622669910f9f6738d8b84167346a3e80f96c1982c26d345388c5478
gaba_potentiation|snare_cooperativity|nca_block,3000.0,42,75.0,0.9166666666666666,1.7265625,0.5936111111111111,54788ddcf622669910f9f6738d8b84167346a3e80f96c1982c26d345388c5478
gaba_potentiation|snare_cooperativity|nca_block,3000.0,137,75.0,0.875,1.5416666666666667,0.5619444444444445,54788ddcf622669910f9f6738d8b84167346a3e80f96c1982c26d345388c5478
gaba_potentiation|snare_cooperativity|nca_block,3000.0,219,75.0,0.7916666666666666,1.9114583333333333,0.6277777777777778,54788ddcf622669910f9f6738d8b84167346a3e80f96c1982c26d345388c5478
gaba_potentiation|snare_cooperativity|nca_block,3000.0,331,75.0,0.8541666666666666,1.8619791666666667,0.6122222222222222,54788ddcf622669910f9f6738d8b84167346a3e80f96c1982c26d345388c5478
gaba_potentiation|snare_cooperativity|nca_block,3000.0,443,75.0,0.9375,1.4322916666666667,0.5545833333333333,54788ddcf622669910f9f6738d8b84167346a3e80f96c1982c26d345388c5478
gaba_potentiation|nca_block|nachr_antagonism,10.0,443,75.0,0.0,23.080729166666668,7.238611111111111,54788ddcf622669910f9f6738d8b84167346a3e80f96c1982c26d345388c5478
gaba_potentiation|nca_block|nachr_antagonism,30.0,42,75.0,0.0,21.5859375,6.719722222222222,54788ddcf622669910f9f6738d8b84167346a3e80f96c1982c26d345388c5478
gaba_potentiation|nca_block|nachr_antagonism,30.0,137,75.0,0.0,20.010416666666668,6.3348611111111115,54788ddcf622669910f9f6738d8b84167346a3e80f96c1982c26d345388c5478
gaba_potentiation|nca_block|nachr_antagonism,30.0,219,75.0,0.0,21.580729166666668,6.766388888888889,54788ddcf622669910f9f6738d8b84167346a3e80f96c1982c26d345388c5478
gaba_potentiation|snare_cooperativity|nca_block,30.0,331,75.0,0.0,20.002604166666668,6.17125,54788ddcf622669910f9f6738d8b84167346a3e80f96c1982c26d345388c5478
gaba_potentiation|snare_cooperativity|nca_block,30.0,443,75.0,0.0,20.90625,6.425833333333333,54788ddcf622669910f9f6738d8b84167346a3e80f96c1982c26d345388c5478
gaba_potentiation|snare_cooperativity|nca_block,100.0,42,75.0,0.0,14.6953125,4.372083333333333,54788ddcf622669910f9f6738d8b84167346a3e80f96c1982c26d345388c5478
gaba_potentiation|snare_cooperativity|nca_block,100.0,137,75.0,0.0,13.78125,4.134722222222222,54788ddcf622669910f9f6738d8b84167346a3e80f96c1982c26d345388c5478
gaba_potentiation|snare_cooperativity|nca_block,100.0,219,75.0,0.0,14.619791666666666,4.392083333333333,54788ddcf622669910f9f6738d8b84167346a3e80f96c1982c26d345388c5478
gaba_potentiation|snare_cooperativity|nca_block,100.0,331,75.0,0.0,14.309895833333334,4.291388888888889,54788ddcf622669910f9f6738d8b84167346a3e80f96c1982c26d345388c5478
gaba_potentiation|snare_cooperativity|nca_block,100.0,443,75.0,0.0,14.723958333333334,4.386666666666667,54788ddcf622669910f9f6738d8b84167346a3e80f96c1982c26d345388c5478
gaba_potentiation|snare_cooperativity|nca_block,200.0,42,75.0,0.0,10.380208333333334,2.9659722222222222,54788ddcf622669910f9f6738d8b84167346a3e80f96c1982c26d345388c5478
gaba_potentiation|snare_cooperativity|nca_block,200.0,137,75.0,0.041666666666666664,9.575520833333334,2.788611111111111,54788ddcf622669910f9f6738d8b84167346a3e80f96c1982c26d345388c5478
gaba_potentiation|snare_cooperativity|nca_block,200.0,219,75.0,0.0,10.375,2.9994444444444444,54788ddcf622669910f9f6738d8b84167346a3e80f96c1982c26d345388c5478
gaba_potentiation|snare_cooperativity|nca_block,200.0,331,75.0,0.0,9.989583333333334,2.885972222222222,54788ddcf622669910f9f6738d8b84167346a3e80f96c1982c26d345388c5478
gaba_potentiation|snare_cooperativity|nca_block,200.0,443,75.0,0.0,10.036458333333334,2.8945833333333333,54788ddcf622669910f9f6738d8b84167346a3e80f96c1982c26d345388c5478
gaba_potentiation|snare_cooperativity|nca_block,350.0,42,75.0,0.020833333333333332,6.674479166666667,1.8641666666666667,54788ddcf622669910f9f6738d8b84167346a3e80f96c1982c26d345388c5478
gaba_potentiation|snare_cooperativity|nca_block,350.0,137,75.0,0.08333333333333333,6.244791666666667,1.787638888888889,54788ddcf622669910f9f6738d8b84167346a3e80f96c1982c26d345388c5478
gaba_potentiation|snare_cooperativity|nca_block,350.0,219,75.0,0.041666666666666664,6.846354166666667,1.9308333333333334,54788ddcf622669910f9f6738d8b84167346a3e80f96c1982c26d345388c5478
gaba_potentiation|snare_cooperativity|nca_block,350.0,331,75.0,0.041666666666666664,6.7890625,1.9023611111111112,54788ddcf622669910f9f6738d8b84167346a3e80f96c1982c26d345388c5478
gaba_potentiation|snare_cooperativity|nca_block,350.0,443,75.0,0.08333333333333333,6.4375,1.8398611111111112,54788ddcf622669910f9f6738d8b84167346a3e80f96c1982c26d345388c5478
gaba_potentiation|snare_cooperativity|nca_block,500.0,42,75.0,0.10416666666666667,5.1484375,1.4127777777777777,54788ddcf622669910f9f6738d8b84167346a3e80f96c1982c26d345388c5478
gaba_potentiation|snare_cooperativity|nca_block,500.0,137,75.0,0.22916666666666666,4.619791666666667,1.3402777777777777,54788ddcf622669910f9f6738d8b84167346a3e80f96c1982c26d345388c5478
gaba_potentiation|snare_cooperativity|nca_block,500.0,219,75.0,0.1875,4.911458333333333,1.4181944444444445,54788ddcf622669910f9f6738d8b84167346a3e80f96c1982c26d345388c5478
gaba_potentiation|nca_block|nachr_antagonism,200.0,137,75.0,0.0,13.354166666666666,4.1530555555555555,54788ddcf622669910f9f6738d8b84167346a3e80f96c1982c26d345388c5478
gaba_potentiation|nca_block|nachr_antagonism,200.0,219,75.0,0.0,14.833333333333334,4.555694444444445,54788ddcf622669910f9f6738d8b84167346a3e80f96c1982c26d345388c5478
gaba_potentiation|nca_block|nachr_antagonism,200.0,331,75.0,0.0,13.908854166666666,4.318472222222222,54788ddcf622669910f9f6738d8b84167346a3e80f96c1982c26d345388c5478
gaba_potentiation|nca_block|nachr_antagonism,200.0,443,75.0,0.0,14.325520833333334,4.402916666666667,54788ddcf622669910f9f6738d8b84167346a3e80f96c1982c26d345388c5478
gaba_potentiation|nca_block|nachr_antagonism,10.0,42,75.0,0.0,23.0859375,7.209444444444444,54788ddcf622669910f9f6738d8b84167346a3e80f96c1982c26d345388c5478
gaba_potentiation|nca_block|nachr_antagonism,10.0,137,75.0,0.0,22.1796875,6.99375,54788ddcf622669910f9f6738d8b84167346a3e80f96c1982c26d345388c5478
gaba_potentiation|nca_block|nachr_antagonism,10.0,219,75.0,0.0,23.049479166666668,7.252916666666667,54788ddcf622669910f9f6738d8b84167346a3e80f96c1982c26d345388c5478
gaba_potentiation|nca_block|nachr_antagonism,10.0,331,75.0,0.0,22.421875,7.045555555555556,54788ddcf622669910f9f6738d8b84167346a3e80f96c1982c26d345388c5478
gaba_potentiation|nca_block|nachr_antagonism,350.0,42,75.0,0.0,11.5546875,3.5408333333333335,54788ddcf622669910f9f6738d8b84167346a3e80f96c1982c26d345388c5478
gaba_potentiation|nca_block|nachr_antagonism,350.0,137,75.0,0.0,11.083333333333334,3.400138888888889,54788ddcf622669910f9f6738d8b84167346a3e80f96c1982c26d345388c5478
gaba_potentiation|nca_block|nachr_antagonism,350.0,219,75.0,0.0,12.0078125,3.6680555555555556,54788ddcf622669910f9f6738d8b84167346a3e80f96c1982c26d345388c5478
gaba_potentiation|nca_block|nachr_antagonism,350.0,331,75.0,0.020833333333333332,11.747395833333334,3.5841666666666665,54788ddcf622669910f9f6738d8b84167346a3e80f96c1982c26d345388c5478
gaba_potentiation|nca_block|nachr_antagonism,350.0,443,75.0,0.0,11.736979166666666,3.575833333333333,54788ddcf622669910f9f6738d8b84167346a3e80f96c1982c26d345388c5478
gaba_potentiation|nca_block|nachr_antagonism,500.0,42,75.0,0.0,10.494791666666666,3.1783333333333332,54788ddcf622669910f9f6738d8b84167346a3e80f96c1982c26d345388c5478
gaba_potentiation|nca_block|nachr_antagonism,500.0,137,75.0,0.020833333333333332,9.869791666666666,3.0,54788ddcf622669910f9f6738d8b84167346a3e80f96c1982c26d345388c5478
gaba_potentiation|nca_block|nachr_antagonism,500.0,219,75.0,0.0,11.177083333333334,3.3672222222222223,54788ddcf622669910f9f6738d8b84167346a3e80f96c1982c26d345388c5478
gaba_potentiation|nca_block|nachr_antagonism,30.0,331,75.0,0.0,20.880208333333332,6.541388888888889,54788ddcf622669910f9f6738d8b84167346a3e80f96c1982c26d345388c5478
gaba_potentiation|nca_block|nachr_antagonism,30.0,443,75.0,0.0,21.893229166666668,6.8348611111111115,54788ddcf622669910f9f6738d8b84167346a3e80f96c1982c26d345388c5478
gaba_potentiation|nca_block|nachr_antagonism,100.0,42,75.0,0.0,17.619791666666668,5.448194444444445,54788ddcf622669910f9f6738d8b84167346a3e80f96c1982c26d345388c5478
gaba_potentiation|nca_block|nachr_antagonism,100.0,137,75.0,0.0,16.59375,5.183333333333334,54788ddcf622669910f9f6738d8b84167346a3e80f96c1982c26d345388c5478
gaba_potentiation|nca_block|nachr_antagonism,500.0,331,75.0,0.020833333333333332,10.471354166666666,3.1644444444444444,54788ddcf622669910f9f6738d8b84167346a3e80f96c1982c26d345388c5478
gaba_potentiation|nca_block|nachr_antagonism,500.0,443,75.0,0.0,9.833333333333334,3.002222222222222,54788ddcf622669910f9f6738d8b84167346a3e80f96c1982c26d345388c5478
gaba_potentiation|nca_block|nachr_antagonism,1000.0,42,75.0,0.0,8.75,2.608888888888889,54788ddcf622669910f9f6738d8b84167346a3e80f96c1982c26d345388c5478
gaba_potentiation|nca_block|nachr_antagonism,1000.0,137,75.0,0.08333333333333333,7.8984375,2.3983333333333334,54788ddcf622669910f9f6738d8b84167346a3e80f96c1982c26d345388c5478
gaba_potentiation|nca_block|nachr_antagonism,100.0,219,75.0,0.0,17.9921875,5.6090277777777775,54788ddcf622669910f9f6738d8b84167346a3e80f96c1982c26d345388c5478
gaba_potentiation|nca_block|nachr_antagonism,100.0,331,75.0,0.0,16.955729166666668,5.28375,54788ddcf622669910f9f6738d8b84167346a3e80f96c1982c26d345388c5478
gaba_potentiation|nca_block|nachr_antagonism,100.0,443,75.0,0.0,17.619791666666668,5.455416666666666,54788ddcf622669910f9f6738d8b84167346a3e80f96c1982c26d345388c5478
gaba_potentiation|nca_block|nachr_antagonism,200.0,42,75.0,0.0,14.515625,4.458888888888889,54788ddcf622669910f9f6738d8b84167346a3e80f96c1982c26d345388c5478
gaba_potentiation|nca_block|glucl_potentiation,100.0,219,75.0,0.0,18.677083333333332,5.831527777777778,54788ddcf622669910f9f6738d8b84167346a3e80f96c1982c26d345388c5478
gaba_potentiation|nca_block|glucl_potentiation,100.0,331,75.0,0.0,17.747395833333332,5.522222222222222,54788ddcf622669910f9f6738d8b84167346a3e80f96c1982c26d345388c5478
gaba_potentiation|nca_block|glucl_potentiation,100.0,443,75.0,0.0,18.3828125,5.717222222222222,54788ddcf622669910f9f6738d8b84167346a3e80f96c1982c26d345388c5478
gaba_potentiation|nca_block|glucl_potentiation,200.0,42,75.0,0.0,15.3125,4.711111111111111,54788ddcf622669910f9f6738d8b84167346a3e80f96c1982c26d345388c5478
gaba_potentiation|nca_block|glucl_potentiation,350.0,42,75.0,0.0,12.893229166666666,3.9365277777777776,54788ddcf622669910f9f6738d8b84167346a3e80f96c1982c26d345388c5478
gaba_potentiation|nca_block|glucl_potentiation,350.0,137,75.0,0.0,12.033854166666666,3.6995833333333334,54788ddcf622669910f9f6738d8b84167346a3e80f96c1982c26d345388c5478
gaba_potentiation|nca_block|glucl_potentiation,350.0,219,75.0,0.0,13.140625,4.0159722222222225,54788ddcf622669910f9f6738d8b84167346a3e80f96c1982c26d345388c5478
gaba_potentiation|nca_block|glucl_potentiation,350.0,331,75.0,0.020833333333333332,12.536458333333334,3.8404166666666666,54788ddcf622669910f9f6738d8b84167346a3e80f96c1982c26d345388c5478
gaba_potentiation|nca_block|nachr_antagonism,1000.0,219,75.0,0.0,8.713541666666666,2.63625,54788ddcf622669910f9f6738d8b84167346a3e80f96c1982c26d345388c5478
gaba_potentiation|nca_block|nachr_antagonism,1000.0,331,75.0,0.020833333333333332,8.434895833333334,2.5325,54788ddcf622669910f9f6738d8b84167346a3e80f96c1982c26d345388c5478
gaba_potentiation|nca_block|nachr_antagonism,1000.0,443,75.0,0.0,7.682291666666667,2.356527777777778,54788ddcf622669910f9f6738d8b84167346a3e80f96c1982c26d345388c5478
gaba_potentiation|nca_block|nachr_antagonism,3000.0,42,75.0,0.0625,7.03125,2.0669444444444443,54788ddcf622669910f9f6738d8b84167346a3e80f96c1982c26d345388c5478
gaba_potentiation|nca_block|nachr_antagonism,3000.0,137,75.0,0.14583333333333334,6.223958333333333,1.875138888888889,54788ddcf622669910f9f6738d8b84167346a3e80f96c1982c26d345388c5478
gaba_potentiation|nca_block|nachr_antagonism,3000.0,219,75.0,0.041666666666666664,7.109375,2.1169444444444445,54788ddcf622669910f9f6738d8b84167346a3e80f96c1982c26d345388c5478
gaba_potentiation|nca_block|nachr_antagonism,3000.0,331,75.0,0.041666666666666664,6.575520833333333,1.9519444444444445,54788ddcf622669910f9f6738d8b84167346a3e80f96c1982c26d345388c5478
gaba_potentiation|nca_block|nachr_antagonism,3000.0,443,75.0,0.10416666666666667,5.776041666666667,1.7858333333333334,54788ddcf622669910f9f6738d8b84167346a3e80f96c1982c26d345388c5478
gaba_potentiation|nca_block|glucl_potentiation,350.0,443,75.0,0.0,12.580729166666666,3.848611111111111,54788ddcf622669910f9f6738d8b84167346a3e80f96c1982c26d345388c5478
gaba_potentiation|nca_block|glucl_potentiation,500.0,42,75.0,0.0,11.388020833333334,3.4606944444444445,54788ddcf622669910f9f6738d8b84167346a3e80f96c1982c26d345388c5478
gaba_potentiation|nca_block|glucl_potentiation,500.0,137,75.0,0.0,10.583333333333334,3.2376388888888887,54788ddcf622669910f9f6738d8b84167346a3e80f96c1982c26d345388c5478
gaba_potentiation|nca_block|glucl_potentiation,500.0,219,75.0,0.0,11.7265625,3.561111111111111,54788ddcf622669910f9f6738d8b84167346a3e80f96c1982c26d345388c5478
gaba_potentiation|nca_block|glucl_potentiation,10.0,42,75.0,0.0,23.151041666666668,7.232638888888889,54788ddcf622669910f9f6738d8b84167346a3e80f96c1982c26d345388c5478
gaba_potentiation|nca_block|glucl_potentiation,10.0,137,75.0,0.0,22.203125,7.003888888888889,54788ddcf622669910f9f6738d8b84167346a3e80f96c1982c26d345388c5478
gaba_potentiation|nca_block|glucl_potentiation,10.0,219,75.0,0.0,23.109375,7.265833333333333,54788ddcf622669910f9f6738d8b84167346a3e80f96c1982c26d345388c5478
gaba_potentiation|nca_block|glucl_potentiation,10.0,331,75.0,0.0,22.515625,7.076805555555556,54788ddcf622669910f9f6738d8b84167346a3e80f96c1982c26d345388c5478
gaba_potentiation|nca_block|glucl_potentiation,10.0,443,75.0,0.0,23.153645833333332,7.265694444444445,54788ddcf622669910f9f6738d8b84167346a3e80f96c1982c26d345388c5478
gaba_potentiation|nca_block|glucl_potentiation,30.0,42,75.0,0.0,22.044270833333332,6.865,54788ddcf622669910f9f6738d8b84167346a3e80f96c1982c26d345388c5478
gaba_potentiation|nca_block|glucl_potentiation,30.0,137,75.0,0.0,20.450520833333332,6.466944444444445,54788ddcf622669910f9f6738d8b84167346a3e80f96c1982c26d345388c5478
gaba_potentiation|nca_block|glucl_potentiation,30.0,219,75.0,0.0,21.723958333333332,6.826805555555556,54788ddcf622669910f9f6738d8b84167346a3e80f96c1982c26d345388c5478
gaba_potentiation|nca_block|glucl_potentiation,1000.0,219,75.0,0.0,9.583333333333334,2.8969444444444443,54788ddcf622669910f9f6738d8b84167346a3e80f96c1982c26d345388c5478
gaba_potentiation|nca_block|glucl_potentiation,1000.0,331,75.0,0.020833333333333332,9.385416666666666,2.821388888888889,54788ddcf622669910f9f6738d8b84167346a3e80f96c1982c26d345388c5478
gaba_potentiation|nca_block|glucl_potentiation,1000.0,443,75.0,0.0,8.510416666666666,2.607638888888889,54788ddcf622669910f9f6738d8b84167346a3e80f96c1982c26d345388c5478
gaba_potentiation|nca_block|glucl_potentiation,3000.0,42,75.0,0.041666666666666664,7.778645833333333,2.3152777777777778,54788ddcf622669910f9f6738d8b84167346a3e80f96c1982c26d345388c5478
gaba_potentiation|nca_block|glucl_potentiation,30.0,331,75.0,0.0,21.0625,6.603194444444444,54788ddcf622669910f9f6738d8b84167346a3e80f96c1982c26d345388c5478
gaba_potentiation|nca_block|glucl_potentiation,30.0,443,75.0,0.0,22.002604166666668,6.890416666666667,54788ddcf622669910f9f6738d8b84167346a3e80f96c1982c26d345388c5478
gaba_potentiation|nca_block|glucl_potentiation,100.0,42,75.0,0.0,17.973958333333332,5.573194444444445,54788ddcf622669910f9f6738d8b84167346a3e80f96c1982c26d345388c5478
gaba_potentiation|nca_block|glucl_potentiation,100.0,137,75.0,0.0,17.3515625,5.411527777777778,54788ddcf622669910f9f6738d8b84167346a3e80f96c1982c26d345388c5478
gaba_potentiation|nca_block|glucl_potentiation,200.0,137,75.0,0.0,14.424479166666666,4.463472222222222,54788ddcf622669910f9f6738d8b84167346a3e80f96c1982c26d345388c5478
gaba_potentiation|nca_block|glucl_potentiation,200.0,219,75.0,0.0,15.591145833333334,4.794305555555556,54788ddcf622669910f9f6738d8b84167346a3e80f96c1982c26d345388c5478
gaba_potentiation|nca_block|glucl_potentiation,200.0,331,75.0,0.0,14.658854166666666,4.555694444444445,54788ddcf622669910f9f6738d8b84167346a3e80f96c1982c26d345388c5478
gaba_potentiation|nca_block|glucl_potentiation,200.0,443,75.0,0.0,15.020833333333334,4.629305555555556,54788ddcf622669910f9f6738d8b84167346a3e80f96c1982c26d345388c5478
k2p_potentiation|complex_i_block|nca_block,10.0,42,75.0,0.0,22.8203125,7.125694444444444,54788ddcf622669910f9f6738d8b84167346a3e80f96c1982c26d345388c5478
k2p_potentiation|complex_i_block|nca_block,10.0,137,75.0,0.0,21.8203125,6.873333333333333,54788ddcf622669910f9f6738d8b84167346a3e80f96c1982c26d345388c5478
k2p_potentiation|complex_i_block|nca_block,10.0,219,75.0,0.0,22.533854166666668,7.088888888888889,54788ddcf622669910f9f6738d8b84167346a3e80f96c1982c26d345388c5478
k2p_potentiation|complex_i_block|nca_block,10.0,331,75.0,0.0,22.122395833333332,6.939861111111111,54788ddcf622669910f9f6738d8b84167346a3e80f96c1982c26d345388c5478
gaba_potentiation|nca_block|glucl_potentiation,500.0,331,75.0,0.020833333333333332,11.231770833333334,3.4090277777777778,54788ddcf622669910f9f6738d8b84167346a3e80f96c1982c26d345388c5478
gaba_potentiation|nca_block|glucl_potentiation,500.0,443,75.0,0.0,11.1171875,3.386388888888889,54788ddcf622669910f9f6738d8b84167346a3e80f96c1982c26d345388c5478
gaba_potentiation|nca_block|glucl_potentiation,1000.0,42,75.0,0.0,9.473958333333334,2.8481944444444443,54788ddcf622669910f9f6738d8b84167346a3e80f96c1982c26d345388c5478
gaba_potentiation|nca_block|glucl_potentiation,1000.0,137,75.0,0.041666666666666664,8.692708333333334,2.6308333333333334,54788ddcf622669910f9f6738d8b84167346a3e80f96c1982c26d345388c5478
k2p_potentiation|complex_i_block|nca_block,10.0,443,75.0,0.0,22.802083333333332,7.154305555555555,54788ddcf622669910f9f6738d8b84167346a3e80f96c1982c26d345388c5478
k2p_potentiation|complex_i_block|nca_block,30.0,42,75.0,0.0,20.549479166666668,6.392361111111111,54788ddcf622669910f9f6738d8b84167346a3e80f96c1982c26d345388c5478
k2p_potentiation|complex_i_block|nca_block,30.0,137,75.0,0.0,19.481770833333332,6.136111111111111,54788ddcf622669910f9f6738d8b84167346a3e80f96c1982c26d345388c5478
k2p_potentiation|complex_i_block|nca_block,30.0,219,75.0,0.0,20.950520833333332,6.560416666666667,54788ddcf622669910f9f6738d8b84167346a3e80f96c1982c26d345388c5478
k2p_potentiation|complex_i_block|nca_block,200.0,137,75.0,0.0,11.291666666666666,3.4683333333333333,54788ddcf622669910f9f6738d8b84167346a3e80f96c1982c26d345388c5478
k2p_potentiation|complex_i_block|nca_block,200.0,219,75.0,0.0,12.223958333333334,3.7397222222222224,54788ddcf622669910f9f6738d8b84167346a3e80f96c1982c26d345388c5478
k2p_potentiation|complex_i_block|nca_block,200.0,331,75.0,0.020833333333333332,11.729166666666666,3.5954166666666665,54788ddcf622669910f9f6738d8b84167346a3e80f96c1982c26d345388c5478
k2p_potentiation|complex_i_block|nca_block,200.0,443,75.0,0.0,11.875,3.6220833333333333,54788ddcf622669910f9f6738d8b84167346a3e80f96c1982c26d345388c5478
gaba_potentiation|nca_block|glucl_potentiation,3000.0,137,75.0,0.125,7.190104166666667,2.16875,54788ddcf622669910f9f6738d8b84167346a3e80f96c1982c26d345388c5478
gaba_potentiation|nca_block|glucl_potentiation,3000.0,219,75.0,0.020833333333333332,8.046875,2.4091666666666667,54788ddcf622669910f9f6738d8b84167346a3e80f96c1982c26d345388c5478
gaba_potentiation|nca_block|glucl_potentiation,3000.0,331,75.0,0.020833333333333332,7.3984375,2.2056944444444446,54788ddcf622669910f9f6738d8b84167346a3e80f96c1982c26d345388c5478
gaba_potentiation|nca_block|glucl_potentiation,3000.0,443,75.0,0.10416666666666667,6.96875,2.1302777777777777,54788ddcf622669910f9f6738d8b84167346a3e80f96c1982c26d345388c5478
k2p_potentiation|complex_i_block|nca_block,500.0,331,75.0,0.020833333333333332,8.1328125,2.4338888888888888,54788ddcf622669910f9f6738d8b84167346a3e80f96c1982c26d345388c5478
k2p_potentiation|complex_i_block|nca_block,500.0,443,75.0,0.041666666666666664,7.401041666666667,2.26625,54788ddcf622669910f9f6738d8b84167346a3e80f96c1982c26d345388c5478
k2p_potentiation|complex_i_block|nca_block,1000.0,42,75.0,0.10416666666666667,6.322916666666667,1.8530555555555555,54788ddcf622669910f9f6738d8b84167346a3e80f96c1982c26d345388c5478
k2p_potentiation|complex_i_block|nca_block,1000.0,137,75.0,0.125,5.760416666666667,1.725,54788ddcf622669910f9f6738d8b84167346a3e80f96c1982c26d345388c5478
k2p_potentiation|complex_i_block|nca_block,30.0,331,75.0,0.0,20.1640625,6.300972222222223,54788ddcf622669910f9f6738d8b84167346a3e80f96c1982c26d345388c5478
k2p_potentiation|complex_i_block|nca_block,30.0,443,75.0,0.0,21.1796875,6.5777777777777775,54788ddcf622669910f9f6738d8b84167346a3e80f96c1982c26d345388c5478
k2p_potentiation|complex_i_block|nca_block,100.0,42,75.0,0.0,15.734375,4.844444444444444,54788ddcf622669910f9f6738d8b84167346a3e80f96c1982c26d345388c5478
k2p_potentiation|complex_i_block|nca_block,100.0,137,75.0,0.0,15.091145833333334,4.6775,54788ddcf622669910f9f6738d8b84167346a3e80f96c1982c26d345388c5478
k2p_potentiation|complex_i_block|nca_block,100.0,219,75.0,0.0,16.03125,4.951805555555556,54788ddcf622669910f9f6738d8b84167346a3e80f96c1982c26d345388c5478
k2p_potentiation|complex_i_block|nca_block,100.0,331,75.0,0.0,15.1953125,4.716111111111111,54788ddcf622669910f9f6738d8b84167346a3e80f96c1982c26d345388c5478
k2p_potentiation|complex_i_block|nca_block,100.0,443,75.0,0.0,15.541666666666666,4.801388888888889,54788ddcf622669910f9f6738d8b84167346a3e80f96c1982c26d345388c5478
k2p_potentiation|complex_i_block|nca_block,200.0,42,75.0,0.0,11.809895833333334,3.6181944444444443,54788ddcf622669910f9f6738d8b84167346a3e80f96c1982c26d345388c5478
k2p_potentiation|complex_i_block|nca_block,350.0,42,75.0,0.0,9.703125,2.9170833333333333,54788ddcf622669910f9f6738d8b84167346a3e80f96c1982c26d345388c5478
k2p_potentiation|complex_i_block|nca_block,350.0,137,75.0,0.041666666666666664,9.049479166666666,2.7325,54788ddcf622669910f9f6738d8b84167346a3e80f96c1982c26d345388c5478
k2p_potentiation|complex_i_block|nca_block,350.0,219,75.0,0.0,9.778645833333334,2.9591666666666665,54788ddcf622669910f9f6738d8b84167346a3e80f96c1982c26d345388c5478
k2p_potentiation|complex_i_block|nca_block,350.0,331,75.0,0.020833333333333332,9.5234375,2.8644444444444446,54788ddcf622669910f9f6738d8b84167346a3e80f96c1982c26d345388c5478
k2p_potentiation|complex_i_block|nca_block,350.0,443,75.0,0.0,8.765625,2.6794444444444445,54788ddcf622669910f9f6738d8b84167346a3e80f96c1982c26d345388c5478
k2p_potentiation|complex_i_block|nca_block,500.0,42,75.0,0.020833333333333332,8.3203125,2.482361111111111,54788ddcf622669910f9f6738d8b84167346a3e80f96c1982c26d345388c5478
k2p_potentiation|complex_i_block|nca_block,500.0,137,75.0,0.0625,7.7421875,2.3345833333333332,54788ddcf622669910f9f6738d8b84167346a3e80f96c1982c26d345388c5478
k2p_potentiation|complex_i_block|nca_block,500.0,219,75.0,0.020833333333333332,8.4453125,2.5468055555555558,54788ddcf622669910f9f6738d8b84167346a3e80f96c1982c26d345388c5478
k2p_potentiation|snare_cooperativity|nca_block,10.0,42,75.0,0.0,22.625,7.0223611111111115,54788ddcf622669910f9f6738d8b84167346a3e80f96c1982c26d345388c5478
k2p_potentiation|snare_cooperativity|nca_block,10.0,137,75.0,0.0,21.630208333333332,6.80125,54788ddcf622669910f9f6738d8b84167346a3e80f96c1982c26d345388c5478
k2p_potentiation|snare_cooperativity|nca_block,10.0,219,75.0,0.0,22.510416666666668,7.055555555555555,54788ddcf622669910f9f6738d8b84167346a3e80f96c1982c26d345388c5478
k2p_potentiation|snare_cooperativity|nca_block,10.0,331,75.0,0.0,22.190104166666668,6.928472222222222,54788ddcf622669910f9f6738d8b84167346a3e80f96c1982c26d345388c5478
k2p_potentiation|complex_i_block|nca_block,1000.0,219,75.0,0.08333333333333333,6.494791666666667,1.9268055555555557,54788ddcf622669910f9f6738d8b84167346a3e80f96c1982c26d345388c5478
k2p_potentiation|complex_i_block|nca_block,1000.0,331,75.0,0.08333333333333333,6.1796875,1.8256944444444445,54788ddcf622669910f9f6738d8b84167346a3e80f96c1982c26d345388c5478
k2p_potentiation|complex_i_block|nca_block,1000.0,443,75.0,0.16666666666666666,5.0546875,1.5704166666666666,54788ddcf622669910f9f6738d8b84167346a3e80f96c1982c26d345388c5478
k2p_potentiation|complex_i_block|nca_block,3000.0,42,75.0,0.2708333333333333,4.994791666666667,1.4395833333333334,54788ddcf622669910f9f6738d8b84167346a3e80f96c1982c26d345388c5478
k2p_potentiation|snare_cooperativity|nca_block,30.0,331,75.0,0.0,19.825520833333332,6.1175,54788ddcf622669910f9f6738d8b84167346a3e80f96c1982c26d345388c5478
k2p_potentiation|snare_cooperativity|nca_block,30.0,443,75.0,0.0,20.682291666666668,6.362638888888889,54788ddcf622669910f9f6738d8b84167346a3e80f96c1982c26d345388c5478
k2p_potentiation|snare_cooperativity|nca_block,100.0,42,75.0,0.0,14.286458333333334,4.2575,54788ddcf622669910f9f6738d8b84167346a3e80f96c1982c26d345388c5478
k2p_potentiation|snare_cooperativity|nca_block,100.0,137,75.0,0.0,13.690104166666666,4.089722222222222,54788ddcf622669910f9f6738d8b84167346a3e80f96c1982c26d345388c5478
k2p_potentiation|snare_cooperativity|nca_block,100.0,219,75.0,0.0,14.388020833333334,4.3133333333333335,54788ddcf622669910f9f6738d8b84167346a3e80f96c1982c26d345388c5478
k2p_potentiation|snare_cooperativity|nca_block,100.0,331,75.0,0.0,14.151041666666666,4.235277777777778,54788ddcf622669910f9f6738d8b84167346a3e80f96c1982c26d345388c5478
k2p_potentiation|snare_cooperativity|nca_block,100.0,443,75.0,0.0,14.5078125,4.314722222222223,54788ddcf622669910f9f6738d8b84167346a3e80f96c1982c26d345388c5478
k2p_potentiation|snare_cooperativity|nca_block,200.0,42,75.0,0.0,10.013020833333334,2.8666666666666667,54788ddcf622669910f9f6738d8b84167346a3e80f96c1982c26d345388c5478
k2p_potentiation|snare_cooperativity|nca_block,350.0,42,75.0,0.020833333333333332,6.502604166666667,1.8145833333333334,54788ddcf622669910f9f6738d8b84167346a3e80f96c1982c26d345388c5478
k2p_potentiation|snare_cooperativity|nca_block,350.0,137,75.0,0.08333333333333333,6.010416666666667,1.7259722222222222,54788ddcf622669910f9f6738d8b84167346a3e80f96c1982c26d345388c5478
k2p_potentiation|snare_cooperativity|nca_block,350.0,219,75.0,0.0625,6.588541666666667,1.8702777777777777,54788ddcf622669910f9f6738d8b84167346a3e80f96c1982c26d345388c5478
k2p_potentiation|snare_cooperativity|nca_block,350.0,331,75.0,0.041666666666666664,6.6328125,1.8575,54788ddcf622669910f9f6738d8b84167346a3e80f96c1982c26d345388c5478
k2p_potentiation|snare_cooperativity|nca_block,10.0,443,75.0,0.0,22.658854166666668,7.075138888888889,54788ddcf622669910f9f6738d8b84167346a3e80f96c1982c26d345388c5478
k2p_potentiation|snare_cooperativity|nca_block,30.0,42,75.0,0.0,20.15625,6.194444444444445,54788ddcf622669910f9f6738d8b84167346a3e80f96c1982c26d345388c5478
k2p_potentiation|snare_cooperativity|nca_block,30.0,137,75.0,0.0,19.557291666666668,6.080277777777778,54788ddcf622669910f9f6738d8b84167346a3e80f96c1982c26d345388c5478
k2p_potentiation|snare_cooperativity|nca_block,30.0,219,75.0,0.0,20.486979166666668,6.33125,54788ddcf622669910f9f6738d8b84167346a3e80f96c1982c26d345388c5478
k2p_potentiation|complex_i_block|nca_block,3000.0,137,75.0,0.25,4.505208333333333,1.3344444444444445,54788ddcf622669910f9f6738d8b84167346a3e80f96c1982c26d345388c5478
k2p_potentiation|complex_i_block|nca_block,3000.0,219,75.0,0.22916666666666666,4.96875,1.4631944444444445,54788ddcf622669910f9f6738d8b84167346a3e80f96c1982c26d345388c5478
k2p_potentiation|complex_i_block|nca_block,3000.0,331,75.0,0.20833333333333334,4.825520833333333,1.4123611111111112,54788ddcf622669910f9f6738d8b84167346a3e80f96c1982c26d345388c5478
k2p_potentiation|complex_i_block|nca_block,3000.0,443,75.0,0.3125,3.859375,1.2004166666666667,54788ddcf622669910f9f6738d8b84167346a3e80f96c1982c26d345388c5478
k2p_potentiation|snare_cooperativity|nca_block,200.0,137,75.0,0.041666666666666664,9.346354166666666,2.73,54788ddcf622669910f9f6738d8b84167346a3e80f96c1982c26d345388c5478
k2p_potentiation|snare_cooperativity|nca_block,200.0,219,75.0,0.0,10.356770833333334,2.972638888888889,54788ddcf622669910f9f6738d8b84167346a3e80f96c1982c26d345388c5478
k2p_potentiation|snare_cooperativity|nca_block,200.0,331,75.0,0.020833333333333332,9.705729166666666,2.807777777777778,54788ddcf622669910f9f6738d8b84167346a3e80f96c1982c26d345388c5478
k2p_potentiation|snare_cooperativity|nca_block,200.0,443,75.0,0.0,9.776041666666666,2.81625,54788ddcf622669910f9f6738d8b84167346a3e80f96c1982c26d345388c5478
k2p_potentiation|snare_cooperativity|nca_block,500.0,331,75.0,0.14583333333333334,5.036458333333333,1.4015277777777777,54788ddcf622669910f9f6738d8b84167346a3e80f96c1982c26d345388c5478
k2p_potentiation|snare_cooperativity|nca_block,500.0,443,75.0,0.1875,4.6171875,1.3408333333333333,54788ddcf622669910f9f6738d8b84167346a3e80f96c1982c26d345388c5478
k2p_potentiation|snare_cooperativity|nca_block,1000.0,42,75.0,0.4791666666666667,3.0338541666666665,0.8615277777777778,54788ddcf622669910f9f6738d8b84167346a3e80f96c1982c26d345388c5478
k2p_potentiation|snare_cooperativity|nca_block,1000.0,137,75.0,0.6041666666666666,2.7604166666666665,0.8455555555555555,54788ddcf622669910f9f6738d8b84167346a3e80f96c1982c26d345388c5478
k2p_potentiation|nca_block|nachr_antagonism,10.0,42,75.0,0.0,23.059895833333332,7.195416666666667,54788ddcf622669910f9f6738d8b84167346a3e80f96c1982c26d345388c5478
k2p_potentiation|nca_block|nachr_antagonism,10.0,137,75.0,0.0,22.174479166666668,6.993611111111111,54788ddcf622669910f9f6738d8b84167346a3e80f96c1982c26d345388c5478
k2p_potentiation|nca_block|nachr_antagonism,10.0,219,75.0,0.0,22.953125,7.2195833333333335,54788ddcf622669910f9f6738d8b84167346a3e80f96c1982c26d345388c5478
k2p_potentiation|nca_block|nachr_antagonism,10.0,331,75.0,0.0,22.375,7.026527777777778,54788ddcf622669910f9f6738d8b84167346a3e80f96c1982c26d345388c5478
k2p_potentiation|nca_block|nachr_antagonism,30.0,331,75.0,0.0,20.838541666666668,6.5175,54788ddcf622669910f9f6738d8b84167346a3e80f96c1982c26d345388c5478
k2p_potentiation|nca_block|nachr_antagonism,30.0,443,75.0,0.0,21.786458333333332,6.8025,54788ddcf622669910f9f6738d8b84167346a3e80f96c1982c26d345388c5478
k2p_potentiation|nca_block|nachr_antagonism,100.0,42,75.0,0.0,17.46875,5.405138888888889,54788ddcf622669910f9f6738d8b84167346a3e80f96c1982c26d345388c5478
k2p_potentiation|nca_block|nachr_antagonism,100.0,137,75.0,0.0,16.575520833333332,5.1786111111111115,54788ddcf622669910f9f6738d8b84167346a3e80f96c1982c26d345388c5478
k2p_potentiation|nca_block|nachr_antagonism,100.0,219,75.0,0.0,17.8828125,5.560277777777777,54788ddcf622669910f9f6738d8b84167346a3e80f96c1982c26d345388c5478
k2p_potentiation|nca_block|nachr_antagonism,100.0,331,75.0,0.0,16.666666666666668,5.190833333333333,54788ddcf622669910f9f6738d8b84167346a3e80f96c1982c26d345388c5478
k2p_potentiation|nca_block|nachr_antagonism,100.0,443,75.0,0.0,17.333333333333332,5.361666666666666,54788ddcf622669910f9f6738d8b84167346a3e80f96c1982c26d345388c5478
k2p_potentiation|nca_block|nachr_antagonism,200.0,42,75.0,0.0,14.143229166666666,4.343333333333334,54788ddcf622669910f9f6738d8b84167346a3e80f96c1982c26d345388c5478
k2p_potentiation|nca_block|nachr_antagonism,350.0,42,75.0,0.0,11.385416666666666,3.475138888888889,54788ddcf622669910f9f6738d8b84167346a3e80f96c1982c26d345388c5478
k2p_potentiation|nca_block|nachr_antagonism,350.0,137,75.0,0.0,10.807291666666666,3.3140277777777776,54788ddcf622669910f9f6738d8b84167346a3e80f96c1982c26d345388c5478
k2p_potentiation|nca_block|nachr_antagonism,350.0,219,75.0,0.0,11.713541666666666,3.5745833333333334,54788ddcf622669910f9f6738d8b84167346a3e80f96c1982c26d345388c5478
k2p_potentiation|nca_block|nachr_antagonism,350.0,331,75.0,0.020833333333333332,11.403645833333334,3.479722222222222,54788ddcf622669910f9f6738d8b84167346a3e80f96c1982c26d345388c5478
k2p_potentiation|nca_block|nachr_antagonism,200.0,137,75.0,0.0,13.2578125,4.104861111111111,54788ddcf622669910f9f6738d8b84167346a3e80f96c1982c26d345388c5478
k2p_potentiation|nca_block|nachr_antagonism,200.0,219,75.0,0.0,14.325520833333334,4.409027777777778,54788ddcf622669910f9f6738d8b84167346a3e80f96c1982c26d345388c5478
k2p_potentiation|nca_block|nachr_antagonism,200.0,331,75.0,0.0,13.622395833333334,4.220972222222223,54788ddcf622669910f9f6738d8b84167346a3e80f96c1982c26d345388c5478
k2p_potentiation|nca_block|nachr_antagonism,200.0,443,75.0,0.0,14.158854166666666,4.348194444444444,54788ddcf622669910f9f6738d8b84167346a3e80f96c1982c26d345388c5478
k2p_potentiation|snare_cooperativity|nca_block,350.0,443,75.0,0.08333333333333333,6.317708333333333,1.8004166666666668,54788ddcf622669910f9f6738d8b84167346a3e80f96c1982c26d345388c5478
k2p_potentiation|snare_cooperativity|nca_block,500.0,42,75.0,0.125,4.966145833333333,1.3619444444444444,54788ddcf622669910f9f6738d8b84167346a3e80f96c1982c26d345388c5478
k2p_potentiation|snare_cooperativity|nca_block,500.0,137,75.0,0.2708333333333333,4.567708333333333,1.3258333333333334,54788ddcf622669910f9f6738d8b84167346a3e80f96c1982c26d345388c5478
k2p_potentiation|snare_cooperativity|nca_block,500.0,219,75.0,0.16666666666666666,4.825520833333333,1.3904166666666666,54788ddcf622669910f9f6738d8b84167346a3e80f96c1982c26d345388c5478
k2p_potentiation|snare_cooperativity|nca_block,3000.0,137,75.0,0.875,1.5416666666666667,0.5581944444444444,54788ddcf622669910f9f6738d8b84167346a3e80f96c1982c26d345388c5478
k2p_potentiation|snare_cooperativity|nca_block,3000.0,219,75.0,0.7916666666666666,1.8776041666666667,0.61875,54788ddcf622669910f9f6738d8b84167346a3e80f96c1982c26d345388c5478
k2p_potentiation|snare_cooperativity|nca_block,3000.0,331,75.0,0.8541666666666666,1.8359375,0.6068055555555556,54788ddcf622669910f9f6738d8b84167346a3e80f96c1982c26d345388c5478
k2p_potentiation|snare_cooperativity|nca_block,3000.0,443,75.0,0.9375,1.4375,0.5509722222222222,54788ddcf622669910f9f6738d8b84167346a3e80f96c1982c26d345388c5478
k2p_potentiation|snare_cooperativity|nca_block,1000.0,219,75.0,0.5625,2.96875,0.8876388888888889,54788ddcf622669910f9f6738d8b84167346a3e80f96c1982c26d345388c5478
k2p_potentiation|snare_cooperativity|nca_block,1000.0,331,75.0,0.5833333333333334,3.0625,0.8883333333333333,54788ddcf622669910f9f6738d8b84167346a3e80f96c1982c26d345388c5478
k2p_potentiation|snare_cooperativity|nca_block,1000.0,443,75.0,0.6875,2.4713541666666665,0.8098611111111111,54788ddcf622669910f9f6738d8b84167346a3e80f96c1982c26d345388c5478
k2p_potentiation|snare_cooperativity|nca_block,3000.0,42,75.0,0.9166666666666666,1.734375,0.5923611111111111,54788ddcf622669910f9f6738d8b84167346a3e80f96c1982c26d345388c5478
k2p_potentiation|nca_block|nachr_antagonism,10.0,443,75.0,0.0,23.098958333333332,7.245138888888889,54788ddcf622669910f9f6738d8b84167346a3e80f96c1982c26d345388c5478
k2p_potentiation|nca_block|nachr_antagonism,30.0,42,75.0,0.0,21.484375,6.681666666666667,54788ddcf622669910f9f6738d8b84167346a3e80f96c1982c26d345388c5478
k2p_potentiation|nca_block|nachr_antagonism,30.0,137,75.0,0.0,19.940104166666668,6.309027777777778,54788ddcf622669910f9f6738d8b84167346a3e80f96c1982c26d345388c5478
k2p_potentiation|nca_block|nachr_antagonism,30.0,219,75.0,0.0,21.440104166666668,6.7363888888888885,54788ddcf622669910f9f6738d8b84167346a3e80f96c1982c26d345388c5478
k2p_potentiation|nca_block|nachr_antagonism,1000.0,219,75.0,0.0,8.580729166666666,2.593888888888889,54788ddcf622669910f9f6738d8b84167346a3e80f96c1982c26d345388c5478
k2p_potentiation|nca_block|nachr_antagonism,1000.0,331,75.0,0.020833333333333332,8.192708333333334,2.46125,54788ddcf622669910f9f6738d8b84167346a3e80f96c1982c26d345388c5478
k2p_potentiation|nca_block|nachr_antagonism,1000.0,443,75.0,0.0,7.5390625,2.310277777777778,54788ddcf622669910f9f6738d8b84167346a3e80f96c1982c26d345388c5478
k2p_potentiation|nca_block|nachr_antagonism,3000.0,42,75.0,0.0625,6.9375,2.0393055555555555,54788ddcf622669910f9f6738d8b84167346a3e80f96c1982c26d345388c5478
k2p_potentiation|nca_block|nachr_antagonism,3000.0,137,75.0,0.14583333333333334,6.169270833333333,1.8552777777777778,54788ddcf622669910f9f6738d8b84167346a3e80f96c1982c26d345388c5478
k2p_potentiation|nca_block|nachr_antagonism,3000.0,219,75.0,0.041666666666666664,7.03125,2.0929166666666665,54788ddcf622669910f9f6738d8b84167346a3e80f96c1982c26d345388c5478
k2p_potentiation|nca_block|nachr_antagonism,3000.0,331,75.0,0.041666666666666664,6.544270833333333,1.9423611111111112,54788ddcf622669910f9f6738d8b84167346a3e80f96c1982c26d345388c5478
k2p_potentiation|nca_block|nachr_antagonism,3000.0,443,75.0,0.10416666666666667,5.731770833333333,1.7718055555555556,54788ddcf622669910f9f6738d8b84167346a3e80f96c1982c26d345388c5478
k2p_potentiation|nca_block|nachr_antagonism,350.0,443,75.0,0.0,11.442708333333334,3.4925,54788ddcf622669910f9f6738d8b84167346a3e80f96c1982c26d345388c5478
k2p_potentiation|nca_block|nachr_antagonism,500.0,42,75.0,0.0,10.28125,3.1093055555555558,54788ddcf622669910f9f6738d8b84167346a3e80f96c1982c26d345388c5478
k2p_potentiation|nca_block|nachr_antagonism,500.0,137,75.0,0.020833333333333332,9.6953125,2.9455555555555555,54788ddcf622669910f9f6738d8b84167346a3e80f96c1982c26d345388c5478
k2p_potentiation|nca_block|nachr_antagonism,500.0,219,75.0,0.0,10.838541666666666,3.2666666666666666,54788ddcf622669910f9f6738d8b84167346a3e80f96c1982c26d345388c5478
k2p_potentiation|nca_block|glucl_potentiation,10.0,443,75.0,0.0,23.15625,7.261111111111111,54788ddcf622669910f9f6738d8b84167346a3e80f96c1982c26d345388c5478
k2p_potentiation|nca_block|glucl_potentiation,30.0,42,75.0,0.0,21.7578125,6.7756944444444445,54788ddcf622669910f9f6738d8b84167346a3e80f96c1982c26d345388c5478
k2p_potentiation|nca_block|glucl_potentiation,30.0,137,75.0,0.0,20.1484375,6.378055555555555,54788ddcf622669910f9f6738d8b84167346a3e80f96c1982c26d345388c5478
k2p_potentiation|nca_block|glucl_potentiation,30.0,219,75.0,0.0,21.619791666666668,6.787361111111111,54788ddcf622669910f9f6738d8b84167346a3e80f96c1982c26d345388c5478
k2p_potentiation|nca_block|glucl_potentiation,30.0,331,75.0,0.0,20.955729166666668,6.571944444444444,54788ddcf622669910f9f6738d8b84167346a3e80f96c1982c26d345388c5478
k2p_potentiation|nca_block|glucl_potentiation,30.0,443,75.0,0.0,21.888020833333332,6.840277777777778,54788ddcf622669910f9f6738d8b84167346a3e80f96c1982c26d345388c5478
k2p_potentiation|nca_block|glucl_potentiation,100.0,42,75.0,0.0,17.838541666666668,5.510138888888889,54788ddcf622669910f9f6738d8b84167346a3e80f96c1982c26d345388c5478
k2p_potentiation|nca_block|glucl_potentiation,100.0,137,75.0,0.0,16.903645833333332,5.275555555555556,54788ddcf622669910f9f6738d8b84167346a3e80f96c1982c26d345388c5478
k2p_potentiation|nca_block|nachr_antagonism,500.0,331,75.0,0.020833333333333332,10.302083333333334,3.1058333333333334,54788ddcf622669910f9f6738d8b84167346a3e80f96c1982c26d345388c5478
k2p_potentiation|nca_block|nachr_antagonism,500.0,443,75.0,0.0,9.510416666666666,2.9141666666666666,54788ddcf622669910f9f6738d8b84167346a3e80f96c1982c26d345388c5478
k2p_potentiation|nca_block|nachr_antagonism,1000.0,42,75.0,0.0,8.723958333333334,2.595833333333333,54788ddcf622669910f9f6738d8b84167346a3e80f96c1982c26d345388c5478
k2p_potentiation|nca_block|nachr_antagonism,1000.0,137,75.0,0.08333333333333333,7.859375,2.379722222222222,54788ddcf622669910f9f6738d8b84167346a3e80f96c1982c26d345388c5478
k2p_potentiation|nca_block|glucl_potentiation,1000.0,219,75.0,0.0,9.34375,2.825833333333333,54788ddcf622669910f9f6738d8b84167346a3e80f96c1982c26d345388c5478
k2p_potentiation|nca_block|glucl_potentiation,1000.0,331,75.0,0.020833333333333332,9.2734375,2.7841666666666667,54788ddcf622669910f9f6738d8b84167346a3e80f96c1982c26d345388c5478
k2p_potentiation|nca_block|glucl_potentiation,1000.0,443,75.0,0.0,8.408854166666666,2.571388888888889,54788ddcf622669910f9f6738d8b84167346a3e80f96c1982c26d345388c5478
k2p_potentiation|nca_block|glucl_potentiation,3000.0,42,75.0,0.041666666666666664,7.7421875,2.3006944444444444,54788ddcf622669910f9f6738d8b84167346a3e80f96c1982c26d345388c5478
k2p_potentiation|nca_block|glucl_potentiation,10.0,42,75.0,0.0,23.072916666666668,7.208472222222222,54788ddcf622669910f9f6738d8b84167346a3e80f96c1982c26d345388c5478
k2p_potentiation|nca_block|glucl_potentiation,10.0,137,75.0,0.0,22.184895833333332,6.998194444444445,54788ddcf622669910f9f6738d8b84167346a3e80f96c1982c26d345388c5478
k2p_potentiation|nca_block|glucl_potentiation,10.0,219,75.0,0.0,23.114583333333332,7.2716666666666665,54788ddcf622669910f9f6738d8b84167346a3e80f96c1982c26d345388c5478
k2p_potentiation|nca_block|glucl_potentiation,10.0,331,75.0,0.0,22.458333333333332,7.060416666666667,54788ddcf622669910f9f6738d8b84167346a3e80f96c1982c26d345388c5478
k2p_potentiation|nca_block|glucl_potentiation,3000.0,137,75.0,0.125,7.135416666666667,2.14875,54788ddcf622669910f9f6738d8b84167346a3e80f96c1982c26d345388c5478
k2p_potentiation|nca_block|glucl_potentiation,3000.0,219,75.0,0.020833333333333332,8.002604166666666,2.397638888888889,54788ddcf622669910f9f6738d8b84167346a3e80f96c1982c26d345388c5478
k2p_potentiation|nca_block|glucl_potentiation,3000.0,331,75.0,0.041666666666666664,7.276041666666667,2.1729166666666666,54788ddcf622669910f9f6738d8b84167346a3e80f96c1982c26d345388c5478
k2p_potentiation|nca_block|glucl_potentiation,3000.0,443,75.0,0.10416666666666667,6.880208333333333,2.1040277777777776,54788ddcf622669910f9f6738d8b84167346a3e80f96c1982c26d345388c5478
k2p_potentiation|nca_block|glucl_potentiation,100.0,219,75.0,0.0,18.424479166666668,5.74125,54788ddcf622669910f9f6738d8b84167346a3e80f96c1982c26d345388c5478
k2p_potentiation|nca_block|glucl_potentiation,100.0,331,75.0,0.0,17.341145833333332,5.404722222222222,54788ddcf622669910f9f6738d8b84167346a3e80f96c1982c26d345388c5478
k2p_potentiation|nca_block|glucl_potentiation,100.0,443,75.0,0.0,18.015625,5.595416666666667,54788ddcf622669910f9f6738d8b84167346a3e80f96c1982c26d345388c5478
k2p_potentiation|nca_block|glucl_potentiation,200.0,42,75.0,0.0,15.080729166666666,4.636666666666667,54788ddcf622669910f9f6738d8b84167346a3e80f96c1982c26d345388c5478
k2p_potentiation|nca_block|glucl_potentiation,200.0,137,75.0,0.0,14.005208333333334,4.340277777777778,54788ddcf622669910f9f6738d8b84167346a3e80f96c1982c26d345388c5478
k2p_potentiation|nca_block|glucl_potentiation,200.0,219,75.0,0.0,15.479166666666666,4.751527777777778,54788ddcf622669910f9f6738d8b84167346a3e80f96c1982c26d345388c5478
k2p_potentiation|nca_block|glucl_potentiation,200.0,331,75.0,0.0,14.260416666666666,4.427361111111111,54788ddcf622669910f9f6738d8b84167346a3e80f96c1982c26d345388c5478
k2p_potentiation|nca_block|glucl_potentiation,200.0,443,75.0,0.0,14.692708333333334,4.532361111111111,54788ddcf622669910f9f6738d8b84167346a3e80f96c1982c26d345388c5478
k2p_potentiation|nca_block|glucl_potentiation,350.0,42,75.0,0.0,12.2734375,3.761388888888889,54788ddcf622669910f9f6738d8b84167346a3e80f96c1982c26d345388c5478
k2p_potentiation|nca_block|glucl_potentiation,350.0,137,75.0,0.0,11.635416666666666,3.578333333333333,54788ddcf622669910f9f6738d8b84167346a3e80f96c1982c26d345388c5478
k2p_potentiation|nca_block|glucl_potentiation,350.0,219,75.0,0.0,12.625,3.859583333333333,54788ddcf622669910f9f6738d8b84167346a3e80f96c1982c26d345388c5478
k2p_potentiation|nca_block|glucl_potentiation,350.0,331,75.0,0.020833333333333332,12.184895833333334,3.736666666666667,54788ddcf622669910f9f6738d8b84167346a3e80f96c1982c26d345388c5478
k2p_potentiation|nca_block|glucl_potentiation,350.0,443,75.0,0.0,12.208333333333334,3.7329166666666667,54788ddcf622669910f9f6738d8b84167346a3e80f96c1982c26d345388c5478
k2p_potentiation|nca_block|glucl_potentiation,500.0,42,75.0,0.0,11.044270833333334,3.3558333333333334,54788ddcf622669910f9f6738d8b84167346a3e80f96c1982c26d345388c5478
k2p_potentiation|nca_block|glucl_potentiation,500.0,137,75.0,0.0,10.463541666666666,3.1993055555555556,54788ddcf622669910f9f6738d8b84167346a3e80f96c1982c26d345388c5478
k2p_potentiation|nca_block|glucl_potentiation,500.0,219,75.0,0.0,11.53125,3.502361111111111,54788ddcf622669910f9f6738d8b84167346a3e80f96c1982c26d345388c5478
complex_i_block|snare_cooperativity|nca_block,10.0,443,75.0,0.0,22.5625,7.039861111111111,54788ddcf622669910f9f6738d8b84167346a3e80f96c1982c26d345388c5478
complex_i_block|snare_cooperativity|nca_block,30.0,42,75.0,0.0,19.536458333333332,6.015694444444445,54788ddcf622669910f9f6738d8b84167346a3e80f96c1982c26d345388c5478
complex_i_block|snare_cooperativity|nca_block,30.0,137,75.0,0.0,18.497395833333332,5.764861111111111,54788ddcf622669910f9f6738d8b84167346a3e80f96c1982c26d345388c5478
complex_i_block|snare_cooperativity|nca_block,30.0,219,75.0,0.0,19.739583333333332,6.098194444444444,54788ddcf622669910f9f6738d8b84167346a3e80f96c1982c26d345388c5478
complex_i_block|snare_cooperativity|nca_block,30.0,331,75.0,0.0,19.432291666666668,5.976388888888889,54788ddcf622669910f9f6738d8b84167346a3e80f96c1982c26d345388c5478
complex_i_block|snare_cooperativity|nca_block,30.0,443,75.0,0.0,19.856770833333332,6.1090277777777775,54788ddcf622669910f9f6738d8b84167346a3e80f96c1982c26d345388c5478
complex_i_block|snare_cooperativity|nca_block,100.0,42,75.0,0.0,13.109375,3.8893055555555556,54788ddcf622669910f9f6738d8b84167346a3e80f96c1982c26d345388c5478
complex_i_block|snare_cooperativity|nca_block,100.0,137,75.0,0.0,12.203125,3.6630555555555557,54788ddcf622669910f9f6738d8b84167346a3e80f96c1982c26d345388c5478
k2p_potentiation|nca_block|glucl_potentiation,500.0,331,75.0,0.020833333333333332,10.986979166666666,3.3393055555555557,54788ddcf622669910f9f6738d8b84167346a3e80f96c1982c26d345388c5478
k2p_potentiation|nca_block|glucl_potentiation,500.0,443,75.0,0.0,10.802083333333334,3.2891666666666666,54788ddcf622669910f9f6738d8b84167346a3e80f96c1982c26d345388c5478
k2p_potentiation|nca_block|glucl_potentiation,1000.0,42,75.0,0.0,9.309895833333334,2.7968055555555558,54788ddcf622669910f9f6738d8b84167346a3e80f96c1982c26d345388c5478
k2p_potentiation|nca_block|glucl_potentiation,1000.0,137,75.0,0.041666666666666664,8.5234375,2.5781944444444442,54788ddcf622669910f9f6738d8b84167346a3e80f96c1982c26d345388c5478
complex_i_block|snare_cooperativity|nca_block,200.0,137,75.0,0.041666666666666664,7.877604166666667,2.2754166666666666,54788ddcf622669910f9f6738d8b84167346a3e80f96c1982c26d345388c5478
complex_i_block|snare_cooperativity|nca_block,200.0,219,75.0,0.020833333333333332,8.393229166666666,2.42,54788ddcf622669910f9f6738d8b84167346a3e80f96c1982c26d345388c5478
complex_i_block|snare_cooperativity|nca_block,200.0,331,75.0,0.020833333333333332,8.716145833333334,2.4786111111111113,54788ddcf622669910f9f6738d8b84167346a3e80f96c1982c26d345388c5478
complex_i_block|snare_cooperativity|nca_block,200.0,443,75.0,0.020833333333333332,8.497395833333334,2.4281944444444443,54788ddcf622669910f9f6738d8b84167346a3e80f96c1982c26d345388c5478
complex_i_block|snare_cooperativity|nca_block,10.0,42,75.0,0.0,22.3984375,6.942083333333334,54788ddcf622669910f9f6738d8b84167346a3e80f96c1982c26d345388c5478
complex_i_block|snare_cooperativity|nca_block,10.0,137,75.0,0.0,21.526041666666668,6.766527777777778,54788ddcf622669910f9f6738d8b84167346a3e80f96c1982c26d345388c5478
complex_i_block|snare_cooperativity|nca_block,10.0,219,75.0,0.0,22.40625,7.009444444444444,54788ddcf622669910f9f6738d8b84167346a3e80f96c1982c26d345388c5478
complex_i_block|snare_cooperativity|nca_block,10.0,331,75.0,0.0,21.890625,6.830277777777778,54788ddcf622669910f9f6738d8b84167346a3e80f96c1982c26d345388c5478
complex_i_block|snare_cooperativity|nca_block,350.0,443,75.0,0.10416666666666667,5.119791666666667,1.4659722222222222,54788ddcf622669910f9f6738d8b84167346a3e80f96c1982c26d345388c5478
complex_i_block|snare_cooperativity|nca_block,500.0,42,75.0,0.2916666666666667,3.9401041666666665,1.0720833333333333,54788ddcf622669910f9f6738d8b84167346a3e80f96c1982c26d345388c5478
complex_i_block|snare_cooperativity|nca_block,500.0,137,75.0,0.4375,3.5416666666666665,1.0238888888888888,54788ddcf622669910f9f6738d8b84167346a3e80f96c1982c26d345388c5478
complex_i_block|snare_cooperativity|nca_block,500.0,219,75.0,0.3125,3.6927083333333335,1.0631944444444446,54788ddcf622669910f9f6738d8b84167346a3e80f96c1982c26d345388c5478
complex_i_block|snare_cooperativity|nca_block,100.0,219,75.0,0.0,12.838541666666666,3.8354166666666667,54788ddcf622669910f9f6738d8b84167346a3e80f96c1982c26d345388c5478
complex_i_block|snare_cooperativity|nca_block,100.0,331,75.0,0.0,12.7890625,3.8269444444444445,54788ddcf622669910f9f6738d8b84167346a3e80f96c1982c26d345388c5478
complex_i_block|snare_cooperativity|nca_block,100.0,443,75.0,0.0,13.1328125,3.892638888888889,54788ddcf622669910f9f6738d8b84167346a3e80f96c1982c26d345388c5478
complex_i_block|snare_cooperativity|nca_block,200.0,42,75.0,0.0,8.471354166666666,2.4145833333333333,54788ddcf622669910f9f6738d8b84167346a3e80f96c1982c26d345388c5478
complex_i_block|nca_block|nachr_antagonism,10.0,443,75.0,0.0,22.776041666666668,7.149305555555555,54788ddcf622669910f9f6738d8b84167346a3e80f96c1982c26d345388c5478
complex_i_block|nca_block|nachr_antagonism,30.0,42,75.0,0.0,20.546875,6.392222222222222,54788ddcf622669910f9f6738d8b84167346a3e80f96c1982c26d345388c5478
complex_i_block|nca_block|nachr_antagonism,30.0,137,75.0,0.0,19.372395833333332,6.110833333333333,54788ddcf622669910f9f6738d8b84167346a3e80f96c1982c26d345388c5478
complex_i_block|nca_block|nachr_antagonism,30.0,219,75.0,0.0,20.940104166666668,6.557361111111111,54788ddcf622669910f9f6738d8b84167346a3e80f96c1982c26d345388c5478
complex_i_block|nca_block|nachr_antagonism,30.0,331,75.0,0.0,20.283854166666668,6.336805555555555,54788ddcf622669910f9f6738d8b84167346a3e80f96c1982c26d345388c5478
complex_i_block|nca_block|nachr_antagonism,30.0,443,75.0,0.0,21.223958333333332,6.597083333333333,54788ddcf622669910f9f6738d8b84167346a3e80f96c1982c26d345388c5478
complex_i_block|nca_block|nachr_antagonism,100.0,42,75.0,0.0,15.940104166666666,4.90125,54788ddcf622669910f9f6738d8b84167346a3e80f96c1982c26d345388c5478
complex_i_block|nca_block|nachr_antagonism,100.0,137,75.0,0.0,15.130208333333334,4.6963888888888885,54788ddcf622669910f9f6738d8b84167346a3e80f96c1982c26d345388c5478
complex_i_block|nca_block|nachr_antagonism,200.0,137,75.0,0.0,11.4296875,3.5101388888888887,54788ddcf622669910f9f6738d8b84167346a3e80f96c1982c26d345388c5478
complex_i_block|nca_block|nachr_antagonism,200.0,219,75.0,0.0,12.3515625,3.7756944444444445,54788ddcf622669910f9f6738d8b84167346a3e80f96c1982c26d345388c5478
complex_i_block|nca_block|nachr_antagonism,200.0,331,75.0,0.020833333333333332,11.854166666666666,3.6379166666666665,54788ddcf622669910f9f6738d8b84167346a3e80f96c1982c26d345388c5478
complex_i_block|nca_block|nachr_antagonism,200.0,443,75.0,0.0,12.104166666666666,3.693888888888889,54788ddcf622669910f9f6738d8b84167346a3e80f96c1982c26d345388c5478
complex_i_block|snare_cooperativity|nca_block,350.0,42,75.0,0.0625,5.338541666666667,1.4609722222222221,54788ddcf622669910f9f6738d8b84167346a3e80f96c1982c26d345388c5478
complex_i_block|snare_cooperativity|nca_block,350.0,137,75.0,0.22916666666666666,4.848958333333333,1.3976388888888889,54788ddcf622669910f9f6738d8b84167346a3e80f96c1982c26d345388c5478
complex_i_block|snare_cooperativity|nca_block,350.0,219,75.0,0.10416666666666667,5.544270833333333,1.5518055555555557,54788ddcf622669910f9f6738d8b84167346a3e80f96c1982c26d345388c5478
complex_i_block|snare_cooperativity|nca_block,350.0,331,75.0,0.08333333333333333,5.416666666666667,1.4991666666666668,54788ddcf622669910f9f6738d8b84167346a3e80f96c1982c26d345388c5478
complex_i_block|snare_cooperativity|nca_block,500.0,331,75.0,0.3125,3.953125,1.0925,54788ddcf622669910f9f6738d8b84167346a3e80f96c1982c26d345388c5478
complex_i_block|snare_cooperativity|nca_block,500.0,443,75.0,0.4166666666666667,3.234375,0.9659722222222222,54788ddcf622669910f9f6738d8b84167346a3e80f96c1982c26d345388c5478
complex_i_block|snare_cooperativity|nca_block,1000.0,42,75.0,0.75,2.203125,0.6465277777777778,54788ddcf622669910f9f6738d8b84167346a3e80f96c1982c26d345388c5478
complex_i_block|snare_cooperativity|nca_block,1000.0,137,75.0,0.7708333333333334,1.9322916666666667,0.61375,54788ddcf622669910f9f6738d8b84167346a3e80f96c1982c26d345388c5478
complex_i_block|snare_cooperativity|nca_block,1000.0,219,75.0,0.7291666666666666,2.28125,0.6769444444444445,54788ddcf622669910f9f6738d8b84167346a3e80f96c1982c26d345388c5478
complex_i_block|snare_cooperativity|nca_block,1000.0,331,75.0,0.7916666666666666,2.1614583333333335,0.6484722222222222,54788ddcf622669910f9f6738d8b84167346a3e80f96c1982c26d345388c5478
complex_i_block|snare_cooperativity|nca_block,1000.0,443,75.0,0.8958333333333334,1.6276041666666667,0.5770833333333333,54788ddcf622669910f9f6738d8b84167346a3e80f96c1982c26d345388c5478
complex_i_block|snare_cooperativity|nca_block,3000.0,42,75.0,0.9791666666666666,1.1432291666666667,0.43,54788ddcf622669910f9f6738d8b84167346a3e80f96c1982c26d345388c5478
complex_i_block|snare_cooperativity|nca_block,3000.0,137,75.0,1.0,1.0,0.3947222222222222,54788ddcf622669910f9f6738d8b84167346a3e80f96c1982c26d345388c5478
complex_i_block|snare_cooperativity|nca_block,3000.0,219,75.0,0.875,1.2734375,0.45458333333333334,54788ddcf622669910f9f6738d8b84167346a3e80f96c1982c26d345388c5478
complex_i_block|snare_cooperativity|nca_block,3000.0,331,75.0,0.9791666666666666,1.2864583333333333,0.4376388888888889,54788ddcf622669910f9f6738d8b84167346a3e80f96c1982c26d345388c5478
complex_i_block|snare_cooperativity|nca_block,3000.0,443,75.0,0.9791666666666666,0.7864583333333334,0.3801388888888889,54788ddcf622669910f9f6738d8b84167346a3e80f96c1982c26d345388c5478
complex_i_block|nca_block|nachr_antagonism,10.0,42,75.0,0.0,22.817708333333332,7.128611111111111,54788ddcf622669910f9f6738d8b84167346a3e80f96c1982c26d345388c5478
complex_i_block|nca_block|nachr_antagonism,10.0,137,75.0,0.0,21.8984375,6.897777777777778,54788ddcf622669910f9f6738d8b84167346a3e80f96c1982c26d345388c5478
complex_i_block|nca_block|nachr_antagonism,10.0,219,75.0,0.0,22.6875,7.133472222222222,54788ddcf622669910f9f6738d8b84167346a3e80f96c1982c26d345388c5478
complex_i_block|nca_block|nachr_antagonism,10.0,331,75.0,0.0,22.036458333333332,6.914861111111111,54788ddcf622669910f9f6738d8b84167346a3e80f96c1982c26d345388c5478
complex_i_block|nca_block|nachr_antagonism,350.0,443,75.0,0.0,8.90625,2.7240277777777777,54788ddcf622669910f9f6738d8b84167346a3e80f96c1982c26d345388c5478
complex_i_block|nca_block|nachr_antagonism,500.0,42,75.0,0.0,8.4609375,2.5205555555555557,54788ddcf622669910f9f6738d8b84167346a3e80f96c1982c26d345388c5478
complex_i_block|nca_block|nachr_antagonism,500.0,137,75.0,0.08333333333333333,7.7109375,2.3330555555555557,54788ddcf622669910f9f6738d8b84167346a3e80f96c1982c26d345388c5478
complex_i_block|nca_block|nachr_antagonism,500.0,219,75.0,0.0,8.583333333333334,2.5854166666666667,54788ddcf622669910f9f6738d8b84167346a3e80f96c1982c26d345388c5478
complex_i_block|nca_block|nachr_antagonism,100.0,219,75.0,0.0,16.158854166666668,4.99,54788ddcf622669910f9f6738d8b84167346a3e80f96c1982c26d345388c5478
complex_i_block|nca_block|nachr_antagonism,100.0,331,75.0,0.0,15.223958333333334,4.732083333333334,54788ddcf622669910f9f6738d8b84167346a3e80f96c1982c26d345388c5478
complex_i_block|nca_block|nachr_antagonism,100.0,443,75.0,0.0,15.692708333333334,4.845833333333333,54788ddcf622669910f9f6738d8b84167346a3e80f96c1982c26d345388c5478
complex_i_block|nca_block|nachr_antagonism,200.0,42,75.0,0.0,11.994791666666666,3.6734722222222222,54788ddcf622669910f9f6738d8b84167346a3e80f96c1982c26d345388c5478
complex_i_block|nca_block|nachr_antagonism,1000.0,219,75.0,0.08333333333333333,6.536458333333333,1.94,54788ddcf622669910f9f6738d8b84167346a3e80f96c1982c26d345388c5478
complex_i_block|nca_block|nachr_antagonism,1000.0,331,75.0,0.08333333333333333,6.184895833333333,1.8294444444444444,54788ddcf622669910f9f6738d8b84167346a3e80f96c1982c26d345388c5478
complex_i_block|nca_block|nachr_antagonism,1000.0,443,75.0,0.16666666666666666,5.0625,1.574861111111111,54788ddcf622669910f9f6738d8b84167346a3e80f96c1982c26d345388c5478
complex_i_block|nca_block|nachr_antagonism,3000.0,42,75.0,0.2708333333333333,4.994791666666667,1.4404166666666667,54788ddcf622669910f9f6738d8b84167346a3e80f96c1982c26d345388c5478
complex_i_block|nca_block|nachr_antagonism,3000.0,137,75.0,0.25,4.533854166666667,1.3415277777777779,54788ddcf622669910f9f6738d8b84167346a3e80f96c1982c26d345388c5478
complex_i_block|nca_block|nachr_antagonism,3000.0,219,75.0,0.22916666666666666,4.9765625,1.4652777777777777,54788ddcf622669910f9f6738d8b84167346a3e80f96c1982c26d345388c5478
complex_i_block|nca_block|nachr_antagonism,3000.0,331,75.0,0.20833333333333334,4.8828125,1.4266666666666667,54788ddcf622669910f9f6738d8b84167346a3e80f96c1982c26d345388c5478
complex_i_block|nca_block|nachr_antagonism,3000.0,443,75.0,0.3125,3.859375,1.2008333333333334,54788ddcf622669910f9f6738d8b84167346a3e80f96c1982c26d345388c5478
complex_i_block|nca_block|nachr_antagonism,350.0,42,75.0,0.0,9.700520833333334,2.921111111111111,54788ddcf622669910f9f6738d8b84167346a3e80f96c1982c26d345388c5478
complex_i_block|nca_block|nachr_antagonism,350.0,137,75.0,0.041666666666666664,9.067708333333334,2.7356944444444444,54788ddcf622669910f9f6738d8b84167346a3e80f96c1982c26d345388c5478
complex_i_block|nca_block|nachr_antagonism,350.0,219,75.0,0.0,9.986979166666666,3.015,54788ddcf622669910f9f6738d8b84167346a3e80f96c1982c26d345388c5478
complex_i_block|nca_block|nachr_antagonism,350.0,331,75.0,0.020833333333333332,9.526041666666666,2.8705555555555557,54788ddcf622669910f9f6738d8b84167346a3e80f96c1982c26d345388c5478
complex_i_block|nca_block|glucl_potentiation,10.0,42,75.0,0.0,22.8125,7.127222222222223,54788ddcf622669910f9f6738d8b84167346a3e80f96c1982c26d345388c5478
complex_i_block|nca_block|glucl_potentiation,10.0,137,75.0,0.0,21.9296875,6.910138888888889,54788ddcf622669910f9f6738d8b84167346a3e80f96c1982c26d345388c5478
complex_i_block|nca_block|glucl_potentiation,10.0,219,75.0,0.0,22.770833333333332,7.155277777777778,54788ddcf622669910f9f6738d8b84167346a3e80f96c1982c26d345388c5478
complex_i_block|nca_block|glucl_potentiation,10.0,331,75.0,0.0,22.192708333333332,6.96375,54788ddcf622669910f9f6738d8b84167346a3e80f96c1982c26d345388c5478
complex_i_block|nca_block|nachr_antagonism,500.0,331,75.0,0.020833333333333332,8.174479166666666,2.448472222222222,54788ddcf622669910f9f6738d8b84167346a3e80f96c1982c26d345388c5478
complex_i_block|nca_block|nachr_antagonism,500.0,443,75.0,0.041666666666666664,7.375,2.2640277777777778,54788ddcf622669910f9f6738d8b84167346a3e80f96c1982c26d345388c5478
complex_i_block|nca_block|nachr_antagonism,1000.0,42,75.0,0.10416666666666667,6.40625,1.8788888888888888,54788ddcf622669910f9f6738d8b84167346a3e80f96c1982c26d345388c5478
complex_i_block|nca_block|nachr_antagonism,1000.0,137,75.0,0.125,5.861979166666667,1.7533333333333334,54788ddcf622669910f9f6738d8b84167346a3e80f96c1982c26d345388c5478
complex_i_block|nca_block|glucl_potentiation,350.0,443,75.0,0.0,9.4609375,2.899722222222222,54788ddcf622669910f9f6738d8b84167346a3e80f96c1982c26d345388c5478
complex_i_block|nca_block|glucl_potentiation,500.0,42,75.0,0.0,9.2109375,2.75375,54788ddcf622669910f9f6738d8b84167346a3e80f96c1982c26d345388c5478
complex_i_block|nca_block|glucl_potentiation,500.0,137,75.0,0.041666666666666664,8.385416666666666,2.535972222222222,54788ddcf622669910f9f6738d8b84167346a3e80f96c1982c26d345388c5478
complex_i_block|nca_block|glucl_potentiation,500.0,219,75.0,0.0,9.013020833333334,2.7304166666666667,54788ddcf622669910f9f6738d8b84167346a3e80f96c1982c26d345388c5478
complex_i_block|nca_block|glucl_potentiation,1000.0,219,75.0,0.041666666666666664,7.291666666666667,2.172361111111111,54788ddcf622669910f9f6738d8b84167346a3e80f96c1982c26d345388c5478
complex_i_block|nca_block|glucl_potentiation,1000.0,331,75.0,0.041666666666666664,6.6875,1.982361111111111,54788ddcf622669910f9f6738d8b84167346a3e80f96c1982c26d345388c5478
complex_i_block|nca_block|glucl_potentiation,1000.0,443,75.0,0.10416666666666667,5.830729166666667,1.8044444444444445,54788ddcf622669910f9f6738d8b84167346a3e80f96c1982c26d345388c5478
complex_i_block|nca_block|glucl_potentiation,3000.0,42,75.0,0.16666666666666666,5.4921875,1.592638888888889,54788ddcf622669910f9f6738d8b84167346a3e80f96c1982c26d345388c5478
complex_i_block|nca_block|glucl_potentiation,3000.0,137,75.0,0.16666666666666666,5.244791666666667,1.553611111111111,54788ddcf622669910f9f6738d8b84167346a3e80f96c1982c26d345388c5478
complex_i_block|nca_block|glucl_potentiation,3000.0,219,75.0,0.1875,5.671875,1.6718055555555555,54788ddcf622669910f9f6738d8b84167346a3e80f96c1982c26d345388c5478
complex_i_block|nca_block|glucl_potentiation,3000.0,331,75.0,0.14583333333333334,5.3984375,1.595,54788ddcf622669910f9f6738d8b84167346a3e80f96c1982c26d345388c5478
complex_i_block|nca_block|glucl_potentiation,3000.0,443,75.0,0.2708333333333333,4.3203125,1.33875,54788ddcf622669910f9f6738d8b84167346a3e80f96c1982c26d345388c5478
complex_i_block|nca_block|glucl_potentiation,10.0,443,75.0,0.0,22.893229166666668,7.181111111111111,54788ddcf622669910f9f6738d8b84167346a3e80f96c1982c26d345388c5478
complex_i_block|nca_block|glucl_potentiation,30.0,42,75.0,0.0,20.895833333333332,6.491527777777778,54788ddcf622669910f9f6738d8b84167346a3e80f96c1982c26d345388c5478
complex_i_block|nca_block|glucl_potentiation,30.0,137,75.0,0.0,19.669270833333332,6.207222222222223,54788ddcf622669910f9f6738d8b84167346a3e80f96c1982c26d345388c5478
complex_i_block|nca_block|glucl_potentiation,30.0,219,75.0,0.0,21.046875,6.601111111111111,54788ddcf622669910f9f6738d8b84167346a3e80f96c1982c26d345388c5478
complex_i_block|nca_block|glucl_potentiation,30.0,331,75.0,0.0,20.375,6.3718055555555555,54788ddcf622669910f9f6738d8b84167346a3e80f96c1982c26d345388c5478
complex_i_block|nca_block|glucl_potentiation,30.0,443,75.0,0.0,21.541666666666668,6.702638888888889,54788ddcf622669910f9f6738d8b84167346a3e80f96c1982c26d345388c5478
complex_i_block|nca_block|glucl_potentiation,100.0,42,75.0,0.0,16.684895833333332,5.129027777777778,54788ddcf622669910f9f6738d8b84167346a3e80f96c1982c26d345388c5478
complex_i_block|nca_block|glucl_potentiation,100.0,137,75.0,0.0,15.580729166666666,4.844861111111111,54788ddcf622669910f9f6738d8b84167346a3e80f96c1982c26d345388c5478
complex_i_block|nca_block|glucl_potentiation,100.0,219,75.0,0.0,17.015625,5.252083333333333,54788ddcf622669910f9f6738d8b84167346a3e80f96c1982c26d345388c5478
complex_i_block|nca_block|glucl_potentiation,100.0,331,75.0,0.0,15.78125,4.9094444444444445,54788ddcf622669910f9f6738d8b84167346a3e80f96c1982c26d345388c5478
complex_i_block|nca_block|glucl_potentiation,100.0,443,75.0,0.0,15.979166666666666,4.950833333333334,54788ddcf622669910f9f6738d8b84167346a3e80f96c1982c26d345388c5478
complex_i_block|nca_block|glucl_potentiation,200.0,42,75.0,0.0,13.0,3.970972222222222,54788ddcf622669910f9f6738d8b84167346a3e80f96c1982c26d345388c5478
snare_cooperativity|nca_block|nachr_antagonism,10.0,443,75.0,0.0,22.661458333333332,7.076805555555556,54788ddcf622669910f9f6738d8b84167346a3e80f96c1982c26d345388c5478
snare_cooperativity|nca_block|nachr_antagonism,30.0,42,75.0,0.0,20.200520833333332,6.210416666666666,54788ddcf622669910f9f6738d8b84167346a3e80f96c1982c26d345388c5478
snare_cooperativity|nca_block|nachr_antagonism,30.0,137,75.0,0.0,19.6796875,6.11875,54788ddcf622669910f9f6738d8b84167346a3e80f96c1982c26d345388c5478
snare_cooperativity|nca_block|nachr_antagonism,30.0,219,75.0,0.0,20.609375,6.366944444444444,54788ddcf622669910f9f6738d8b84167346a3e80f96c1982c26d345388c5478
complex_i_block|nca_block|glucl_potentiation,200.0,137,75.0,0.0,12.1640625,3.746111111111111,54788ddcf622669910f9f6738d8b84167346a3e80f96c1982c26d345388c5478
complex_i_block|nca_block|glucl_potentiation,200.0,219,75.0,0.0,13.252604166666666,4.058888888888889,54788ddcf622669910f9f6738d8b84167346a3e80f96c1982c26d345388c5478
complex_i_block|nca_block|glucl_potentiation,200.0,331,75.0,0.020833333333333332,12.6640625,3.887638888888889,54788ddcf622669910f9f6738d8b84167346a3e80f96c1982c26d345388c5478
complex_i_block|nca_block|glucl_potentiation,200.0,443,75.0,0.0,12.721354166666666,3.8856944444444443,54788ddcf622669910f9f6738d8b84167346a3e80f96c1982c26d345388c5478
complex_i_block|nca_block|glucl_potentiation,350.0,42,75.0,0.0,10.307291666666666,3.114027777777778,54788ddcf622669910f9f6738d8b84167346a3e80f96c1982c26d345388c5478
complex_i_block|nca_block|glucl_potentiation,350.0,137,75.0,0.020833333333333332,9.666666666666666,2.9355555555555557,54788ddcf622669910f9f6738d8b84167346a3e80f96c1982c26d345388c5478
complex_i_block|nca_block|glucl_potentiation,350.0,219,75.0,0.0,10.799479166666666,3.2552777777777777,54788ddcf622669910f9f6738d8b84167346a3e80f96c1982c26d345388c5478
complex_i_block|nca_block|glucl_potentiation,350.0,331,75.0,0.020833333333333332,10.2734375,3.0973611111111112,54788ddcf622669910f9f6738d8b84167346a3e80f96c1982c26d345388c5478
complex_i_block|nca_block|glucl_potentiation,500.0,331,75.0,0.020833333333333332,9.052083333333334,2.7225,54788ddcf622669910f9f6738d8b84167346a3e80f96c1982c26d345388c5478
complex_i_block|nca_block|glucl_potentiation,500.0,443,75.0,0.0,8.205729166666666,2.5130555555555554,54788ddcf622669910f9f6738d8b84167346a3e80f96c1982c26d345388c5478
complex_i_block|nca_block|glucl_potentiation,1000.0,42,75.0,0.041666666666666664,7.205729166666667,2.1181944444444443,54788ddcf622669910f9f6738d8b84167346a3e80f96c1982c26d345388c5478
complex_i_block|nca_block|glucl_potentiation,1000.0,137,75.0,0.14583333333333334,6.393229166666667,1.9225,54788ddcf622669910f9f6738d8b84167346a3e80f96c1982c26d345388c5478
snare_cooperativity|nca_block|nachr_antagonism,200.0,137,75.0,0.041666666666666664,9.440104166666666,2.754583333333333,54788ddcf622669910f9f6738d8b84167346a3e80f96c1982c26d345388c5478
snare_cooperativity|nca_block|nachr_antagonism,200.0,219,75.0,0.0,10.419270833333334,2.995972222222222,54788ddcf622669910f9f6738d8b84167346a3e80f96c1982c26d345388c5478
snare_cooperativity|nca_block|nachr_antagonism,200.0,331,75.0,0.0,9.802083333333334,2.832777777777778,54788ddcf622669910f9f6738d8b84167346a3e80f96c1982c26d345388c5478
snare_cooperativity|nca_block|nachr_antagonism,200.0,443,75.0,0.0,9.927083333333334,2.8644444444444446,54788ddcf622669910f9f6738d8b84167346a3e80f96c1982c26d345388c5478
snare_cooperativity|nca_block|nachr_antagonism,100.0,219,75.0,0.0,14.450520833333334,4.339444444444444,54788ddcf622669910f9f6738d8b84167346a3e80f96c1982c26d345388c5478
snare_cooperativity|nca_block|nachr_antagonism,100.0,331,75.0,0.0,14.190104166666666,4.255694444444444,54788ddcf622669910f9f6738d8b84167346a3e80f96c1982c26d345388c5478
snare_cooperativity|nca_block|nachr_antagonism,100.0,443,75.0,0.0,14.809895833333334,4.396527777777778,54788ddcf622669910f9f6738d8b84167346a3e80f96c1982c26d345388c5478
snare_cooperativity|nca_block|nachr_antagonism,200.0,42,75.0,0.0,10.1328125,2.894861111111111,54788ddcf622669910f9f6738d8b84167346a3e80f96c1982c26d345388c5478
snare_cooperativity|nca_block|nachr_antagonism,350.0,42,75.0,0.020833333333333332,6.518229166666667,1.8265277777777778,54788ddcf622669910f9f6738d8b84167346a3e80f96c1982c26d345388c5478
snare_cooperativity|nca_block|nachr_antagonism,350.0,137,75.0,0.08333333333333333,6.09375,1.7493055555555554,54788ddcf622669910f9f6738d8b84167346a3e80f96c1982c26d345388c5478
snare_cooperativity|nca_block|nachr_antagonism,350.0,219,75.0,0.0625,6.65625,1.8901388888888888,54788ddcf622669910f9f6738d8b84167346a3e80f96c1982c26d345388c5478
snare_cooperativity|nca_block|nachr_antagonism,350.0,331,75.0,0.041666666666666664,6.708333333333333,1.8763888888888889,54788ddcf622669910f9f6738d8b84167346a3e80f96c1982c26d345388c5478
snare_cooperativity|nca_block|nachr_antagonism,10.0,42,75.0,0.0,22.635416666666668,7.0247222222222225,54788ddcf622669910f9f6738d8b84167346a3e80f96c1982c26d345388c5478
snare_cooperativity|nca_block|nachr_antagonism,10.0,137,75.0,0.0,21.658854166666668,6.812222222222222,54788ddcf622669910f9f6738d8b84167346a3e80f96c1982c26d345388c5478
snare_cooperativity|nca_block|nachr_antagonism,10.0,219,75.0,0.0,22.528645833333332,7.066388888888889,54788ddcf622669910f9f6738d8b84167346a3e80f96c1982c26d345388c5478
snare_cooperativity|nca_block|nachr_antagonism,10.0,331,75.0,0.0,22.223958333333332,6.936805555555556,54788ddcf622669910f9f6738d8b84167346a3e80f96c1982c26d345388c5478
snare_cooperativity|nca_block|nachr_antagonism,3000.0,137,75.0,0.875,1.5416666666666667,0.56,54788ddcf622669910f9f6738d8b84167346a3e80f96c1982c26d345388c5478
snare_cooperativity|nca_block|nachr_antagonism,3000.0,219,75.0,0.7916666666666666,1.8776041666666667,0.6197222222222222,54788ddcf622669910f9f6738d8b84167346a3e80f96c1982c26d345388c5478
snare_cooperativity|nca_block|nachr_antagonism,3000.0,331,75.0,0.8541666666666666,1.859375,0.6101388888888889,54788ddcf622669910f9f6738d8b84167346a3e80f96c1982c26d345388c5478
snare_cooperativity|nca_block|nachr_antagonism,3000.0,443,75.0,0.9375,1.4322916666666667,0.5518055555555555,54788ddcf622669910f9f6738d8b84167346a3e80f96c1982c26d345388c5478
snare_cooperativity|nca_block|nachr_antagonism,30.0,331,75.0,0.0,19.877604166666668,6.1338888888888885,54788ddcf622669910f9f6738d8b84167346a3e80f96c1982c26d345388c5478
snare_cooperativity|nca_block|nachr_antagonism,30.0,443,75.0,0.0,20.6640625,6.363194444444445,54788ddcf622669910f9f6738d8b84167346a3e80f96c1982c26d345388c5478
snare_cooperativity|nca_block|nachr_antagonism,100.0,42,75.0,0.0,14.481770833333334,4.314027777777778,54788ddcf622669910f9f6738d8b84167346a3e80f96c1982c26d345388c5478
snare_cooperativity|nca_block|nachr_antagonism,100.0,137,75.0,0.0,13.674479166666666,4.097777777777778,54788ddcf622669910f9f6738d8b84167346a3e80f96c1982c26d345388c5478
snare_cooperativity|nca_block|glucl_potentiation,100.0,219,75.0,0.0,14.747395833333334,4.44125,54788ddcf622669910f9f6738d8b84167346a3e80f96c1982c26d345388c5478
snare_cooperativity|nca_block|glucl_potentiation,100.0,331,75.0,0.0,14.765625,4.424305555555556,54788ddcf622669910f9f6738d8b84167346a3e80f96c1982c26d345388c5478
snare_cooperativity|nca_block|glucl_potentiation,100.0,443,75.0,0.0,15.049479166666666,4.482916666666667,54788ddcf622669910f9f6738d8b84167346a3e80f96c1982c26d345388c5478
snare_cooperativity|nca_block|glucl_potentiation,200.0,42,75.0,0.0,10.705729166666666,3.0791666666666666,54788ddcf622669910f9f6738d8b84167346a3e80f96c1982c26d345388c5478
snare_cooperativity|nca_block|glucl_potentiation,200.0,137,75.0,0.020833333333333332,10.020833333333334,2.922361111111111,54788ddcf622669910f9f6738d8b84167346a3e80f96c1982c26d345388c5478
snare_cooperativity|nca_block|glucl_potentiation,200.0,219,75.0,0.0,10.677083333333334,3.09625,54788ddcf622669910f9f6738d8b84167346a3e80f96c1982c26d345388c5478
snare_cooperativity|nca_block|glucl_potentiation,200.0,331,75.0,0.0,10.411458333333334,3.012638888888889,54788ddcf622669910f9f6738d8b84167346a3e80f96c1982c26d345388c5478
snare_cooperativity|nca_block|glucl_potentiation,200.0,443,75.0,0.0,10.53125,3.0406944444444446,54788ddcf622669910f9f6738d8b84167346a3e80f96c1982c26d345388c5478
snare_cooperativity|nca_block|nachr_antagonism,350.0,443,75.0,0.08333333333333333,6.377604166666667,1.821388888888889,54788ddcf622669910f9f6738d8b84167346a3e80f96c1982c26d345388c5478
snare_cooperativity|nca_block|nachr_antagonism,500.0,42,75.0,0.125,5.052083333333333,1.3820833333333333,54788ddcf622669910f9f6738d8b84167346a3e80f96c1982c26d345388c5478
snare_cooperativity|nca_block|nachr_antagonism,500.0,137,75.0,0.25,4.578125,1.3293055555555555,54788ddcf622669910f9f6738d8b84167346a3e80f96c1982c26d345388c5478
snare_cooperativity|nca_block|nachr_antagonism,500.0,219,75.0,0.16666666666666666,4.8515625,1.3988888888888888,54788ddcf622669910f9f6738d8b84167346a3e80f96c1982c26d345388c5478
snare_cooperativity|nca_block|nachr_antagonism,1000.0,219,75.0,0.5625,2.9739583333333335,0.8922222222222222,54788ddcf622669910f9f6738d8b84167346a3e80f96c1982c26d345388c5478
snare_cooperativity|nca_block|nachr_antagonism,1000.0,331,75.0,0.5208333333333334,3.0963541666666665,0.8965277777777778,54788ddcf622669910f9f6738d8b84167346a3e80f96c1982c26d345388c5478
snare_cooperativity|nca_block|nachr_antagonism,1000.0,443,75.0,0.6666666666666666,2.5364583333333335,0.8223611111111111,54788ddcf622669910f9f6738d8b84167346a3e80f96c1982c26d345388c5478
snare_cooperativity|nca_block|nachr_antagonism,3000.0,42,75.0,0.9166666666666666,1.7369791666666667,0.5940277777777778,54788ddcf622669910f9f6738d8b84167346a3e80f96c1982c26d345388c5478
snare_cooperativity|nca_block|glucl_potentiation,350.0,42,75.0,0.020833333333333332,7.174479166666667,2.005138888888889,54788ddcf622669910f9f6738d8b84167346a3e80f96c1982c26d345388c5478
snare_cooperativity|nca_block|glucl_potentiation,350.0,137,75.0,0.0625,6.794270833333333,1.9456944444444444,54788ddcf622669910f9f6738d8b84167346a3e80f96c1982c26d345388c5478
snare_cooperativity|nca_block|glucl_potentiation,350.0,219,75.0,0.020833333333333332,7.361979166666667,2.084722222222222,54788ddcf622669910f9f6738d8b84167346a3e80f96c1982c26d345388c5478
snare_cooperativity|nca_block|glucl_potentiation,350.0,331,75.0,0.041666666666666664,7.296875,2.0458333333333334,54788ddcf622669910f9f6738d8b84167346a3e80f96c1982c26d345388c5478
snare_cooperativity|nca_block|nachr_antagonism,500.0,331,75.0,0.10416666666666667,5.111979166666667,1.4195833333333334,54788ddcf622669910f9f6738d8b84167346a3e80f96c1982c26d345388c5478
snare_cooperativity|nca_block|nachr_antagonism,500.0,443,75.0,0.1875,4.721354166666667,1.3609722222222222,54788ddcf622669910f9f6738d8b84167346a3e80f96c1982c26d345388c5478
snare_cooperativity|nca_block|nachr_antagonism,1000.0,42,75.0,0.5,3.015625,0.8613888888888889,54788ddcf622669910f9f6738d8b84167346a3e80f96c1982c26d345388c5478
snare_cooperativity|nca_block|nachr_antagonism,1000.0,137,75.0,0.6041666666666666,2.8359375,0.8579166666666667,54788ddcf622669910f9f6738d8b84167346a3e80f96c1982c26d345388c5478
snare_cooperativity|nca_block|glucl_potentiation,10.0,42,75.0,0.0,22.684895833333332,7.051805555555555,54788ddcf622669910f9f6738d8b84167346a3e80f96c1982c26d345388c5478
snare_cooperativity|nca_block|glucl_potentiation,10.0,137,75.0,0.0,21.578125,6.794722222222222,54788ddcf622669910f9f6738d8b84167346a3e80f96c1982c26d345388c5478
snare_cooperativity|nca_block|glucl_potentiation,10.0,219,75.0,0.0,22.575520833333332,7.084305555555556,54788ddcf622669910f9f6738d8b84167346a3e80f96c1982c26d345388c5478
snare_cooperativity|nca_block|glucl_potentiation,10.0,331,75.0,0.0,22.260416666666668,6.95125,54788ddcf622669910f9f6738d8b84167346a3e80f96c1982c26d345388c5478
snare_cooperativity|nca_block|glucl_potentiation,10.0,443,75.0,0.0,22.997395833333332,7.1779166666666665,54788ddcf622669910f9f6738d8b84167346a3e80f96c1982c26d345388c5478
snare_cooperativity|nca_block|glucl_potentiation,30.0,42,75.0,0.0,20.1953125,6.215416666666667,54788ddcf622669910f9f6738d8b84167346a3e80f96c1982c26d345388c5478
snare_cooperativity|nca_block|glucl_potentiation,30.0,137,75.0,0.0,19.986979166666668,6.20375,54788ddcf622669910f9f6738d8b84167346a3e80f96c1982c26d345388c5478
snare_cooperativity|nca_block|glucl_potentiation,30.0,219,75.0,0.0,20.895833333333332,6.454444444444444,54788ddcf622669910f9f6738d8b84167346a3e80f96c1982c26d345388c5478
snare_cooperativity|nca_block|glucl_potentiation,500.0,331,75.0,0.0625,5.7734375,1.595,54788ddcf622669910f9f6738d8b84167346a3e80f96c1982c26d345388c5478
snare_cooperativity|nca_block|glucl_potentiation,500.0,443,75.0,0.1875,5.372395833333333,1.52375,54788ddcf622669910f9f6738d8b84167346a3e80f96c1982c26d345388c5478
snare_cooperativity|nca_block|glucl_potentiation,1000.0,42,75.0,0.5,3.296875,0.9504166666666667,54788ddcf622669910f9f6738d8b84167346a3e80f96c1982c26d345388c5478
snare_cooperativity|nca_block|glucl_potentiation,1000.0,137,75.0,0.5,3.0963541666666665,0.9433333333333334,54788ddcf622669910f9f6738d8b84167346a3e80f96c1982c26d345388c5478
snare_cooperativity|nca_block|glucl_potentiation,30.0,331,75.0,0.0,20.21875,6.231388888888889,54788ddcf622669910f9f6738d8b84167346a3e80f96c1982c26d345388c5478
snare_cooperativity|nca_block|glucl_potentiation,30.0,443,75.0,0.0,20.973958333333332,6.454027777777778,54788ddcf622669910f9f6738d8b84167346a3e80f96c1982c26d345388c5478
snare_cooperativity|nca_block|glucl_potentiation,100.0,42,75.0,0.0,15.080729166666666,4.4775,54788ddcf622669910f9f6738d8b84167346a3e80f96c1982c26d345388c5478
snare_cooperativity|nca_block|glucl_potentiation,100.0,137,75.0,0.0,14.2734375,4.285138888888889,54788ddcf622669910f9f6738d8b84167346a3e80f96c1982c26d345388c5478
snare_cooperativity|nca_block|glucl_potentiation,350.0,443,75.0,0.08333333333333333,6.752604166666667,1.94125,54788ddcf622669910f9f6738d8b84167346a3e80f96c1982c26d345388c5478
snare_cooperativity|nca_block|glucl_potentiation,500.0,42,75.0,0.125,5.463541666666667,1.5141666666666667,54788ddcf622669910f9f6738d8b84167346a3e80f96c1982c26d345388c5478
snare_cooperativity|nca_block|glucl_potentiation,500.0,137,75.0,0.16666666666666666,4.942708333333333,1.4380555555555556,54788ddcf622669910f9f6738d8b84167346a3e80f96c1982c26d345388c5478
snare_cooperativity|nca_block|glucl_potentiation,500.0,219,75.0,0.125,5.390625,1.5390277777777779,54788ddcf622669910f9f6738d8b84167346a3e80f96c1982c26d345388c5478
snare_cooperativity|nca_block|glucl_potentiation,3000.0,137,75.0,0.8958333333333334,1.703125,0.6175,54788ddcf622669910f9f6738d8b84167346a3e80f96c1982c26d345388c5478
snare_cooperativity|nca_block|glucl_potentiation,3000.0,219,75.0,0.7916666666666666,2.0416666666666665,0.6808333333333333,54788ddcf622669910f9f6738d8b84167346a3e80f96c1982c26d345388c5478
snare_cooperativity|nca_block|glucl_potentiation,3000.0,331,75.0,0.8333333333333334,2.0104166666666665,0.6668055555555555,54788ddcf622669910f9f6738d8b84167346a3e80f96c1982c26d345388c5478
snare_cooperativity|nca_block|glucl_potentiation,3000.0,443,75.0,0.9166666666666666,1.6328125,0.6166666666666667,54788ddcf622669910f9f6738d8b84167346a3e80f96c1982c26d345388c5478
nca_block|nachr_antagonism|glucl_potentiation,10.0,42,75.0,0.0,23.1015625,7.216527777777777,54788ddcf622669910f9f6738d8b84167346a3e80f96c1982c26d345388c5478
nca_block|nachr_antagonism|glucl_potentiation,10.0,137,75.0,0.0,22.190104166666668,6.9991666666666665,54788ddcf622669910f9f6738d8b84167346a3e80f96c1982c26d345388c5478
nca_block|nachr_antagonism|glucl_potentiation,10.0,219,75.0,0.0,23.1796875,7.285277777777778,54788ddcf622669910f9f6738d8b84167346a3e80f96c1982c26d345388c5478
nca_block|nachr_antagonism|glucl_potentiation,10.0,331,75.0,0.0,22.544270833333332,7.083472222222222,54788ddcf622669910f9f6738d8b84167346a3e80f96c1982c26d345388c5478
nca_block|nachr_antagonism|glucl_potentiation,100.0,219,75.0,0.0,18.5390625,5.784305555555555,54788ddcf622669910f9f6738d8b84167346a3e80f96c1982c26d345388c5478
nca_block|nachr_antagonism|glucl_potentiation,100.0,331,75.0,0.0,17.4296875,5.429305555555556,54788ddcf622669910f9f6738d8b84167346a3e80f96c1982c26d345388c5478
nca_block|nachr_antagonism|glucl_potentiation,100.0,443,75.0,0.0,18.065104166666668,5.617083333333333,54788ddcf622669910f9f6738d8b84167346a3e80f96c1982c26d345388c5478
nca_block|nachr_antagonism|glucl_potentiation,200.0,42,75.0,0.0,15.229166666666666,4.6809722222222225,54788ddcf622669910f9f6738d8b84167346a3e80f96c1982c26d345388c5478
snare_cooperativity|nca_block|glucl_potentiation,1000.0,219,75.0,0.4791666666666667,3.328125,0.9861111111111112,54788ddcf622669910f9f6738d8b84167346a3e80f96c1982c26d345388c5478
snare_cooperativity|nca_block|glucl_potentiation,1000.0,331,75.0,0.4375,3.4270833333333335,0.9922222222222222,54788ddcf622669910f9f6738d8b84167346a3e80f96c1982c26d345388c5478
snare_cooperativity|nca_block|glucl_potentiation,1000.0,443,75.0,0.5416666666666666,3.03125,0.9398611111111111,54788ddcf622669910f9f6738d8b84167346a3e80f96c1982c26d345388c5478
snare_cooperativity|nca_block|glucl_potentiation,3000.0,42,75.0,0.875,1.9036458333333333,0.6501388888888889,54788ddcf622669910f9f6738d8b84167346a3e80f96c1982c26d345388c5478
nca_block|nachr_antagonism|glucl_potentiation,500.0,331,75.0,0.020833333333333332,11.119791666666666,3.3804166666666666,54788ddcf622669910f9f6738d8b84167346a3e80f96c1982c26d345388c5478
nca_block|nachr_antagonism|glucl_potentiation,500.0,443,75.0,0.0,10.846354166666666,3.31125,54788ddcf622669910f9f6738d8b84167346a3e80f96c1982c26d345388c5478
nca_block|nachr_antagonism|glucl_potentiation,1000.0,42,75.0,0.0,9.3515625,2.8075,54788ddcf622669910f9f6738d8b84167346a3e80f96c1982c26d345388c5478
nca_block|nachr_antagonism|glucl_potentiation,1000.0,137,75.0,0.041666666666666664,8.614583333333334,2.6081944444444445,54788ddcf622669910f9f6738d8b84167346a3e80f96c1982c26d345388c5478
nca_block|nachr_antagonism|glucl_potentiation,10.0,443,75.0,0.0,23.15625,7.263888888888889,54788ddcf622669910f9f6738d8b84167346a3e80f96c1982c26d345388c5478
nca_block|nachr_antagonism|glucl_potentiation,30.0,42,75.0,0.0,21.903645833333332,6.817916666666667,54788ddcf622669910f9f6738d8b84167346a3e80f96c1982c26d345388c5478
nca_block|nachr_antagonism|glucl_potentiation,30.0,137,75.0,0.0,20.3515625,6.437222222222222,54788ddcf622669910f9f6738d8b84167346a3e80f96c1982c26d345388c5478
nca_block|nachr_antagonism|glucl_potentiation,30.0,219,75.0,0.0,21.606770833333332,6.78875,54788ddcf622669910f9f6738d8b84167346a3e80f96c1982c26d345388c5478
nca_block|nachr_antagonism|glucl_potentiation,30.0,331,75.0,0.0,20.8984375,6.555416666666667,54788ddcf622669910f9f6738d8b84167346a3e80f96c1982c26d345388c5478
nca_block|nachr_antagonism|glucl_potentiation,30.0,443,75.0,0.0,21.963541666666668,6.871388888888889,54788ddcf622669910f9f6738d8b84167346a3e80f96c1982c26d345388c5478
nca_block|nachr_antagonism|glucl_potentiation,100.0,42,75.0,0.0,17.911458333333332,5.54375,54788ddcf622669910f9f6738d8b84167346a3e80f96c1982c26d345388c5478
nca_block|nachr_antagonism|glucl_potentiation,100.0,137,75.0,0.0,17.057291666666668,5.321527777777778,54788ddcf622669910f9f6738d8b84167346a3e80f96c1982c26d345388c5478
nca_block|nachr_antagonism|glucl_potentiation,350.0,42,75.0,0.0,12.552083333333334,3.8419444444444446,54788ddcf622669910f9f6738d8b84167346a3e80f96c1982c26d345388c5478
nca_block|nachr_antagonism|glucl_potentiation,350.0,137,75.0,0.0,11.716145833333334,3.609166666666667,54788ddcf622669910f9f6738d8b84167346a3e80f96c1982c26d345388c5478
nca_block|nachr_antagonism|glucl_potentiation,350.0,219,75.0,0.0,12.744791666666666,3.8968055555555554,54788ddcf622669910f9f6738d8b84167346a3e80f96c1982c26d345388c5478
nca_block|nachr_antagonism|glucl_potentiation,350.0,331,75.0,0.020833333333333332,12.247395833333334,3.75625,54788ddcf622669910f9f6738d8b84167346a3e80f96c1982c26d345388c5478
nca_block|nachr_antagonism|glucl_potentiation,200.0,137,75.0,0.0,14.299479166666666,4.424444444444444,54788ddcf622669910f9f6738d8b84167346a3e80f96c1982c26d345388c5478
nca_block|nachr_antagonism|glucl_potentiation,200.0,219,75.0,0.0,15.606770833333334,4.792222222222223,54788ddcf622669910f9f6738d8b84167346a3e80f96c1982c26d345388c5478
nca_block|nachr_antagonism|glucl_potentiation,200.0,331,75.0,0.0,14.40625,4.4719444444444445,54788ddcf622669910f9f6738d8b84167346a3e80f96c1982c26d345388c5478
nca_block|nachr_antagonism|glucl_potentiation,200.0,443,75.0,0.0,14.888020833333334,4.5808333333333335,54788ddcf622669910f9f6738d8b84167346a3e80f96c1982c26d345388c5478
gaba_potentiation|k2p_potentiation|complex_i_block|nca_block,10.0,42,75.0,0.0,22.6640625,7.075972222222222,54788ddcf622669910f9f6738d8b84167346a3e80f96c1982c26d345388c5478
gaba_potentiation|k2p_potentiation|complex_i_block|nca_block,10.0,137,75.0,0.0,21.716145833333332,6.8405555555555555,54788ddcf622669910f9f6738d8b84167346a3e80f96c1982c26d345388c5478
gaba_potentiation|k2p_potentiation|complex_i_block|nca_block,10.0,219,75.0,0.0,22.375,7.038055555555555,54788ddcf622669910f9f6738d8b84167346a3e80f96c1982c26d345388c5478
gaba_potentiation|k2p_potentiation|complex_i_block|nca_block,10.0,331,75.0,0.0,22.018229166666668,6.90875,54788ddcf622669910f9f6738d8b84167346a3e80f96c1982c26d345388c5478
gaba_potentiation|k2p_potentiation|complex_i_block|nca_block,10.0,443,75.0,0.0,22.799479166666668,7.147777777777778,54788ddcf622669910f9f6738d8b84167346a3e80f96c1982c26d345388c5478
gaba_potentiation|k2p_potentiation|complex_i_block|nca_block,30.0,42,75.0,0.0,20.184895833333332,6.274583333333333,54788ddcf622669910f9f6738d8b84167346a3e80f96c1982c26d345388c5478
gaba_potentiation|k2p_potentiation|complex_i_block|nca_block,30.0,137,75.0,0.0,19.21875,6.030555555555556,54788ddcf622669910f9f6738d8b84167346a3e80f96c1982c26d345388c5478
gaba_potentiation|k2p_potentiation|complex_i_block|nca_block,30.0,219,75.0,0.0,20.364583333333332,6.393472222222222,54788ddcf622669910f9f6738d8b84167346a3e80f96c1982c26d345388c5478
nca_block|nachr_antagonism|glucl_potentiation,350.0,443,75.0,0.0,12.395833333333334,3.7847222222222223,54788ddcf622669910f9f6738d8b84167346a3e80f96c1982c26d345388c5478
nca_block|nachr_antagonism|glucl_potentiation,500.0,42,75.0,0.0,11.2421875,3.4097222222222223,54788ddcf622669910f9f6738d8b84167346a3e80f96c1982c26d345388c5478
nca_block|nachr_antagonism|glucl_potentiation,500.0,137,75.0,0.0,10.520833333333334,3.216388888888889,54788ddcf622669910f9f6738d8b84167346a3e80f96c1982c26d345388c5478
nca_block|nachr_antagonism|glucl_potentiation,500.0,219,75.0,0.0,11.658854166666666,3.5408333333333335,54788ddcf622669910f9f6738d8b84167346a3e80f96c1982c26d345388c5478
gaba_potentiation|k2p_potentiation|complex_i_block|nca_block,30.0,331,75.0,0.0,19.703125,6.166111111111111,54788ddcf622669910f9f6738d8b84167346a3e80f96c1982c26d345388c5478
gaba_potentiation|k2p_potentiation|complex_i_block|nca_block,30.0,443,75.0,0.0,20.690104166666668,6.417638888888889,54788ddcf622669910f9f6738d8b84167346a3e80f96c1982c26d345388c5478
gaba_potentiation|k2p_potentiation|complex_i_block|nca_block,100.0,42,75.0,0.0,14.903645833333334,4.579444444444444,54788ddcf622669910f9f6738d8b84167346a3e80f96c1982c26d345388c5478
gaba_potentiation|k2p_potentiation|complex_i_block|nca_block,100.0,137,75.0,0.0,13.744791666666666,4.270555555555555,54788ddcf622669910f9f6738d8b84167346a3e80f96c1982c26d345388c5478
nca_block|nachr_antagonism|glucl_potentiation,1000.0,219,75.0,0.0,9.5,2.8695833333333334,54788ddcf622669910f9f6738d8b84167346a3e80f96c1982c26d345388c5478
nca_block|nachr_antagonism|glucl_potentiation,1000.0,331,75.0,0.020833333333333332,9.309895833333334,2.797638888888889,54788ddcf622669910f9f6738d8b84167346a3e80f96c1982c26d345388c5478
nca_block|nachr_antagonism|glucl_potentiation,1000.0,443,75.0,0.0,8.416666666666666,2.575,54788ddcf622669910f9f6738d8b84167346a3e80f96c1982c26d345388c5478
nca_block|nachr_antagonism|glucl_potentiation,3000.0,42,75.0,0.041666666666666664,7.7421875,2.3020833333333335,54788ddcf622669910f9f6738d8b84167346a3e80f96c1982c26d345388c5478
gaba_potentiation|k2p_potentiation|complex_i_block|nca_block,200.0,137,75.0,0.0,9.9453125,3.037638888888889,54788ddcf622669910f9f6738d8b84167346a3e80f96c1982c26d345388c5478
gaba_potentiation|k2p_potentiation|complex_i_block|nca_block,200.0,219,75.0,0.0,11.114583333333334,3.3820833333333336,54788ddcf622669910f9f6738d8b84167346a3e80f96c1982c26d345388c5478
gaba_potentiation|k2p_potentiation|complex_i_block|nca_block,200.0,331,75.0,0.020833333333333332,10.643229166666666,3.2294444444444443,54788ddcf622669910f9f6738d8b84167346a3e80f96c1982c26d345388c5478
gaba_potentiation|k2p_potentiation|complex_i_block|nca_block,200.0,443,75.0,0.0,10.166666666666666,3.0980555555555553,54788ddcf622669910f9f6738d8b84167346a3e80f96c1982c26d345388c5478
nca_block|nachr_antagonism|glucl_potentiation,3000.0,137,75.0,0.125,7.135416666666667,2.149722222222222,54788ddcf622669910f9f6738d8b84167346a3e80f96c1982c26d345388c5478
nca_block|nachr_antagonism|glucl_potentiation,3000.0,219,75.0,0.020833333333333332,8.002604166666666,2.3979166666666667,54788ddcf622669910f9f6738d8b84167346a3e80f96c1982c26d345388c5478
nca_block|nachr_antagonism|glucl_potentiation,3000.0,331,75.0,0.020833333333333332,7.348958333333333,2.1930555555555555,54788ddcf622669910f9f6738d8b84167346a3e80f96c1982c26d345388c5478
nca_block|nachr_antagonism|glucl_potentiation,3000.0,443,75.0,0.10416666666666667,6.934895833333333,2.121111111111111,54788ddcf622669910f9f6738d8b84167346a3e80f96c1982c26d345388c5478
gaba_potentiation|k2p_potentiation|complex_i_block|nca_block,3000.0,137,75.0,0.5416666666666666,3.1510416666666665,0.9220833333333334,54788ddcf622669910f9f6738d8b84167346a3e80f96c1982c26d345388c5478
gaba_potentiation|k2p_potentiation|complex_i_block|nca_block,3000.0,219,75.0,0.4791666666666667,3.4348958333333335,1.001111111111111,54788ddcf622669910f9f6738d8b84167346a3e80f96c1982c26d345388c5478
gaba_potentiation|k2p_potentiation|complex_i_block|nca_block,3000.0,331,75.0,0.4166666666666667,3.5130208333333335,1.0068055555555555,54788ddcf622669910f9f6738d8b84167346a3e80f96c1982c26d345388c5478
gaba_potentiation|k2p_potentiation|complex_i_block|nca_block,3000.0,443,75.0,0.6458333333333334,2.3619791666666665,0.7515277777777778,54788ddcf622669910f9f6738d8b84167346a3e80f96c1982c26d345388c5478
gaba_potentiation|k2p_potentiation|complex_i_block|nca_block,100.0,219,75.0,0.0,15.276041666666666,4.689861111111111,54788ddcf622669910f9f6738d8b84167346a3e80f96c1982c26d345388c5478
gaba_potentiation|k2p_potentiation|complex_i_block|nca_block,100.0,331,75.0,0.0,14.065104166666666,4.370555555555556,54788ddcf622669910f9f6738d8b84167346a3e80f96c1982c26d345388c5478
gaba_potentiation|k2p_potentiation|complex_i_block|nca_block,100.0,443,75.0,0.0,14.6484375,4.5088888888888885,54788ddcf622669910f9f6738d8b84167346a3e80f96c1982c26d345388c5478
gaba_potentiation|k2p_potentiation|complex_i_block|nca_block,200.0,42,75.0,0.0,10.705729166666666,3.247777777777778,54788ddcf622669910f9f6738d8b84167346a3e80f96c1982c26d345388c5478
gaba_potentiation|k2p_potentiation|snare_cooperativity|nca_block,10.0,42,75.0,0.0,22.440104166666668,6.96,54788ddcf622669910f9f6738d8b84167346a3e80f96c1982c26d345388c5478
gaba_potentiation|k2p_potentiation|snare_cooperativity|nca_block,10.0,137,75.0,0.0,21.546875,6.7756944444444445,54788ddcf622669910f9f6738d8b84167346a3e80f96c1982c26d345388c5478
gaba_potentiation|k2p_potentiation|snare_cooperativity|nca_block,10.0,219,75.0,0.0,22.4765625,7.026666666666666,54788ddcf622669910f9f6738d8b84167346a3e80f96c1982c26d345388c5478
gaba_potentiation|k2p_potentiation|snare_cooperativity|nca_block,10.0,331,75.0,0.0,21.854166666666668,6.819583333333333,54788ddcf622669910f9f6738d8b84167346a3e80f96c1982c26d345388c5478
gaba_potentiation|k2p_potentiation|snare_cooperativity|nca_block,30.0,331,75.0,0.0,19.609375,6.035138888888889,54788ddcf622669910f9f6738d8b84167346a3e80f96c1982c26d345388c5478
gaba_potentiation|k2p_potentiation|snare_cooperativity|nca_block,30.0,443,75.0,0.0,19.963541666666668,6.138194444444444,54788ddcf622669910f9f6738d8b84167346a3e80f96c1982c26d345388c5478
gaba_potentiation|k2p_potentiation|snare_cooperativity|nca_block,100.0,42,75.0,0.0,13.223958333333334,3.9244444444444446,54788ddcf622669910f9f6738d8b84167346a3e80f96c1982c26d345388c5478
gaba_potentiation|k2p_potentiation|snare_cooperativity|nca_block,100.0,137,75.0,0.0,12.716145833333334,3.812222222222222,54788ddcf622669910f9f6738d8b84167346a3e80f96c1982c26d345388c5478
gaba_potentiation|k2p_potentiation|snare_cooperativity|nca_block,200.0,137,75.0,0.041666666666666664,8.111979166666666,2.350972222222222,54788ddcf622669910f9f6738d8b84167346a3e80f96c1982c26d345388c5478
gaba_potentiation|k2p_potentiation|snare_cooperativity|nca_block,200.0,219,75.0,0.020833333333333332,8.911458333333334,2.5529166666666665,54788ddcf622669910f9f6738d8b84167346a3e80f96c1982c26d345388c5478
gaba_potentiation|k2p_potentiation|snare_cooperativity|nca_block,200.0,331,75.0,0.020833333333333332,8.721354166666666,2.4930555555555554,54788ddcf622669910f9f6738d8b84167346a3e80f96c1982c26d345388c5478
gaba_potentiation|k2p_potentiation|snare_cooperativity|nca_block,200.0,443,75.0,0.020833333333333332,8.7890625,2.5168055555555555,54788ddcf622669910f9f6738d8b84167346a3e80f96c1982c26d345388c5478
gaba_potentiation|k2p_potentiation|complex_i_block|nca_block,350.0,42,75.0,0.020833333333333332,8.151041666666666,2.436111111111111,54788ddcf622669910f9f6738d8b84167346a3e80f96c1982c26d345388c5478
gaba_potentiation|k2p_potentiation|complex_i_block|nca_block,350.0,137,75.0,0.0625,7.684895833333333,2.317638888888889,54788ddcf622669910f9f6738d8b84167346a3e80f96c1982c26d345388c5478
gaba_potentiation|k2p_potentiation|complex_i_block|nca_block,350.0,219,75.0,0.020833333333333332,8.385416666666666,2.5216666666666665,54788ddcf622669910f9f6738d8b84167346a3e80f96c1982c26d345388c5478
gaba_potentiation|k2p_potentiation|complex_i_block|nca_block,350.0,331,75.0,0.020833333333333332,8.036458333333334,2.399583333333333,54788ddcf622669910f9f6738d8b84167346a3e80f96c1982c26d345388c5478
gaba_potentiation|k2p_potentiation|complex_i_block|nca_block,350.0,443,75.0,0.041666666666666664,7.317708333333333,2.24,54788ddcf622669910f9f6738d8b84167346a3e80f96c1982c26d345388c5478
gaba_potentiation|k2p_potentiation|complex_i_block|nca_block,500.0,42,75.0,0.08333333333333333,6.6953125,1.9655555555555555,54788ddcf622669910f9f6738d8b84167346a3e80f96c1982c26d345388c5478
gaba_potentiation|k2p_potentiation|complex_i_block|nca_block,500.0,137,75.0,0.14583333333333334,6.0234375,1.8093055555555555,54788ddcf622669910f9f6738d8b84167346a3e80f96c1982c26d345388c5478
gaba_potentiation|k2p_potentiation|complex_i_block|nca_block,500.0,219,75.0,0.0625,6.841145833333333,2.0306944444444444,54788ddcf622669910f9f6738d8b84167346a3e80f96c1982c26d345388c5478
gaba_potentiation|k2p_potentiation|complex_i_block|nca_block,500.0,331,75.0,0.041666666666666664,6.4765625,1.9152777777777779,54788ddcf622669910f9f6738d8b84167346a3e80f96c1982c26d345388c5478
gaba_potentiation|k2p_potentiation|complex_i_block|nca_block,500.0,443,75.0,0.10416666666666667,5.46875,1.6905555555555556,54788ddcf622669910f9f6738d8b84167346a3e80f96c1982c26d345388c5478
gaba_potentiation|k2p_potentiation|complex_i_block|nca_block,1000.0,42,75.0,0.25,4.997395833333333,1.4348611111111111,54788ddcf622669910f9f6738d8b84167346a3e80f96c1982c26d345388c5478
gaba_potentiation|k2p_potentiation|complex_i_block|nca_block,1000.0,137,75.0,0.25,4.3515625,1.2909722222222222,54788ddcf622669910f9f6738d8b84167346a3e80f96c1982c26d345388c5478
gaba_potentiation|k2p_potentiation|complex_i_block|nca_block,1000.0,219,75.0,0.22916666666666666,4.934895833333333,1.4506944444444445,54788ddcf622669910f9f6738d8b84167346a3e80f96c1982c26d345388c5478
gaba_potentiation|k2p_potentiation|complex_i_block|nca_block,1000.0,331,75.0,0.20833333333333334,4.807291666666667,1.4041666666666666,54788ddcf622669910f9f6738d8b84167346a3e80f96c1982c26d345388c5478
gaba_potentiation|k2p_potentiation|complex_i_block|nca_block,1000.0,443,75.0,0.3333333333333333,3.765625,1.1736111111111112,54788ddcf622669910f9f6738d8b84167346a3e80f96c1982c26d345388c5478
gaba_potentiation|k2p_potentiation|complex_i_block|nca_block,3000.0,42,75.0,0.4375,3.4869791666666665,0.9929166666666667,54788ddcf622669910f9f6738d8b84167346a3e80f96c1982c26d345388c5478
gaba_potentiation|k2p_potentiation|snare_cooperativity|nca_block,10.0,443,75.0,0.0,22.471354166666668,7.018055555555556,54788ddcf622669910f9f6738d8b84167346a3e80f96c1982c26d345388c5478
gaba_potentiation|k2p_potentiation|snare_cooperativity|nca_block,30.0,42,75.0,0.0,19.736979166666668,6.069444444444445,54788ddcf622669910f9f6738d8b84167346a3e80f96c1982c26d345388c5478
gaba_potentiation|k2p_potentiation|snare_cooperativity|nca_block,30.0,137,75.0,0.0,18.643229166666668,5.8125,54788ddcf622669910f9f6738d8b84167346a3e80f96c1982c26d345388c5478
gaba_potentiation|k2p_potentiation|snare_cooperativity|nca_block,30.0,219,75.0,0.0,20.0,6.170833333333333,54788ddcf622669910f9f6738d8b84167346a3e80f96c1982c26d345388c5478
gaba_potentiation|k2p_potentiation|snare_cooperativity|nca_block,350.0,443,75.0,0.08333333333333333,5.182291666666667,1.4906944444444445,54788ddcf622669910f9f6738d8b84167346a3e80f96c1982c26d345388c5478
gaba_potentiation|k2p_potentiation|snare_cooperativity|nca_block,500.0,42,75.0,0.25,3.9791666666666665,1.0927777777777778,54788ddcf622669910f9f6738d8b84167346a3e80f96c1982c26d345388c5478
gaba_potentiation|k2p_potentiation|snare_cooperativity|nca_block,500.0,137,75.0,0.3958333333333333,3.6927083333333335,1.0625,54788ddcf622669910f9f6738d8b84167346a3e80f96c1982c26d345388c5478
gaba_potentiation|k2p_potentiation|snare_cooperativity|nca_block,500.0,219,75.0,0.25,3.8802083333333335,1.1118055555555555,54788ddcf622669910f9f6738d8b84167346a3e80f96c1982c26d345388c5478
gaba_potentiation|k2p_potentiation|snare_cooperativity|nca_block,100.0,219,75.0,0.0,13.205729166666666,3.9476388888888887,54788ddcf622669910f9f6738d8b84167346a3e80f96c1982c26d345388c5478
gaba_potentiation|k2p_potentiation|snare_cooperativity|nca_block,100.0,331,75.0,0.0,13.145833333333334,3.9208333333333334,54788ddcf622669910f9f6738d8b84167346a3e80f96c1982c26d345388c5478
gaba_potentiation|k2p_potentiation|snare_cooperativity|nca_block,100.0,443,75.0,0.0,13.541666666666666,4.019583333333333,54788ddcf622669910f9f6738d8b84167346a3e80f96c1982c26d345388c5478
gaba_potentiation|k2p_potentiation|snare_cooperativity|nca_block,200.0,42,75.0,0.0,8.791666666666666,2.5116666666666667,54788ddcf622669910f9f6738d8b84167346a3e80f96c1982c26d345388c5478
gaba_potentiation|k2p_potentiation|snare_cooperativity|nca_block,1000.0,219,75.0,0.7291666666666666,2.328125,0.6906944444444445,54788ddcf622669910f9f6738d8b84167346a3e80f96c1982c26d345388c5478
gaba_potentiation|k2p_potentiation|snare_cooperativity|nca_block,1000.0,331,75.0,0.7708333333333334,2.2213541666666665,0.6643055555555556,54788ddcf622669910f9f6738d8b84167346a3e80f96c1982c26d345388c5478
gaba_potentiation|k2p_potentiation|snare_cooperativity|nca_block,1000.0,443,75.0,0.8958333333333334,1.6953125,0.5938888888888889,54788ddcf622669910f9f6738d8b84167346a3e80f96c1982c26d345388c5478
gaba_potentiation|k2p_potentiation|snare_cooperativity|nca_block,3000.0,42,75.0,0.9791666666666666,1.1484375,0.43166666666666664,54788ddcf622669910f9f6738d8b84167346a3e80f96c1982c26d345388c5478
gaba_potentiation|k2p_potentiation|snare_cooperativity|nca_block,3000.0,137,75.0,1.0,1.0286458333333333,0.4001388888888889,54788ddcf622669910f9f6738d8b84167346a3e80f96c1982c26d345388c5478
gaba_potentiation|k2p_potentiation|snare_cooperativity|nca_block,3000.0,219,75.0,0.875,1.3072916666666667,0.46111111111111114,54788ddcf622669910f9f6738d8b84167346a3e80f96c1982c26d345388c5478
gaba_potentiation|k2p_potentiation|snare_cooperativity|nca_block,3000.0,331,75.0,0.9583333333333334,1.2916666666666667,0.44180555555555556,54788ddcf622669910f9f6738d8b84167346a3e80f96c1982c26d345388c5478
gaba_potentiation|k2p_potentiation|snare_cooperativity|nca_block,3000.0,443,75.0,0.9791666666666666,0.7916666666666666,0.3834722222222222,54788ddcf622669910f9f6738d8b84167346a3e80f96c1982c26d345388c5478
gaba_potentiation|k2p_potentiation|nca_block|nachr_antagonism,10.0,42,75.0,0.0,22.877604166666668,7.144861111111111,54788ddcf622669910f9f6738d8b84167346a3e80f96c1982c26d345388c5478
gaba_potentiation|k2p_potentiation|nca_block|nachr_antagonism,10.0,137,75.0,0.0,21.927083333333332,6.90875,54788ddcf622669910f9f6738d8b84167346a3e80f96c1982c26d345388c5478
gaba_potentiation|k2p_potentiation|nca_block|nachr_antagonism,10.0,219,75.0,0.0,22.7890625,7.161944444444444,54788ddcf622669910f9f6738d8b84167346a3e80f96c1982c26d345388c5478
gaba_potentiation|k2p_potentiation|nca_block|nachr_antagonism,10.0,331,75.0,0.0,22.1875,6.9622222222222225,54788ddcf622669910f9f6738d8b84167346a3e80f96c1982c26d345388c5478
gaba_potentiation|k2p_potentiation|snare_cooperativity|nca_block,350.0,42,75.0,0.0625,5.40625,1.49125,54788ddcf622669910f9f6738d8b84167346a3e80f96c1982c26d345388c5478
gaba_potentiation|k2p_potentiation|snare_cooperativity|nca_block,350.0,137,75.0,0.20833333333333334,5.0,1.4418055555555556,54788ddcf622669910f9f6738d8b84167346a3e80f96c1982c26d345388c5478
gaba_potentiation|k2p_potentiation|snare_cooperativity|nca_block,350.0,219,75.0,0.08333333333333333,5.552083333333333,1.5670833333333334,54788ddcf622669910f9f6738d8b84167346a3e80f96c1982c26d345388c5478
gaba_potentiation|k2p_potentiation|snare_cooperativity|nca_block,350.0,331,75.0,0.08333333333333333,5.541666666666667,1.5358333333333334,54788ddcf622669910f9f6738d8b84167346a3e80f96c1982c26d345388c5478
gaba_potentiation|k2p_potentiation|snare_cooperativity|nca_block,500.0,331,75.0,0.2916666666666667,4.002604166666667,1.1155555555555556,54788ddcf622669910f9f6738d8b84167346a3e80f96c1982c26d345388c5478
gaba_potentiation|k2p_potentiation|snare_cooperativity|nca_block,500.0,443,75.0,0.3958333333333333,3.453125,1.0226388888888889,54788ddcf622669910f9f6738d8b84167346a3e80f96c1982c26d345388c5478
gaba_potentiation|k2p_potentiation|snare_cooperativity|nca_block,1000.0,42,75.0,0.7291666666666666,2.2942708333333335,0.6631944444444444,54788ddcf622669910f9f6738d8b84167346a3e80f96c1982c26d345388c5478
gaba_potentiation|k2p_potentiation|snare_cooperativity|nca_block,1000.0,137,75.0,0.7708333333333334,2.0130208333333335,0.6343055555555556,54788ddcf622669910f9f6738d8b84167346a3e80f96c1982c26d345388c5478
gaba_potentiation|k2p_potentiation|nca_block|nachr_antagonism,350.0,443,75.0,0.0,9.236979166666666,2.82125,54788ddcf622669910f9f6738d8b84167346a3e80f96c1982c26d345388c5478
gaba_potentiation|k2p_potentiation|nca_block|nachr_antagonism,500.0,42,75.0,0.0,8.713541666666666,2.5956944444444443,54788ddcf622669910f9f6738d8b84167346a3e80f96c1982c26d345388c5478
gaba_potentiation|k2p_potentiation|nca_block|nachr_antagonism,500.0,137,75.0,0.08333333333333333,7.895833333333333,2.3925,54788ddcf622669910f9f6738d8b84167346a3e80f96c1982c26d345388c5478
gaba_potentiation|k2p_potentiation|nca_block|nachr_antagonism,500.0,219,75.0,0.0,8.661458333333334,2.618611111111111,54788ddcf622669910f9f6738d8b84167346a3e80f96c1982c26d345388c5478
gaba_potentiation|k2p_potentiation|nca_block|nachr_antagonism,1000.0,219,75.0,0.0625,6.723958333333333,1.98875,54788ddcf622669910f9f6738d8b84167346a3e80f96c1982c26d345388c5478
gaba_potentiation|k2p_potentiation|nca_block|nachr_antagonism,1000.0,331,75.0,0.041666666666666664,6.309895833333333,1.8647222222222222,54788ddcf622669910f9f6738d8b84167346a3e80f96c1982c26d345388c5478
gaba_potentiation|k2p_potentiation|nca_block|nachr_antagonism,1000.0,443,75.0,0.14583333333333334,5.247395833333333,1.6293055555555556,54788ddcf622669910f9f6738d8b84167346a3e80f96c1982c26d345388c5478
gaba_potentiation|k2p_potentiation|nca_block|nachr_antagonism,3000.0,42,75.0,0.2708333333333333,5.0625,1.45875,54788ddcf622669910f9f6738d8b84167346a3e80f96c1982c26d345388c5478
gaba_potentiation|k2p_potentiation|nca_block|nachr_antagonism,3000.0,137,75.0,0.25,4.588541666666667,1.3556944444444445,54788ddcf622669910f9f6738d8b84167346a3e80f96c1982c26d345388c5478
gaba_potentiation|k2p_potentiation|nca_block|nachr_antagonism,3000.0,219,75.0,0.22916666666666666,5.09375,1.49375,54788ddcf622669910f9f6738d8b84167346a3e80f96c1982c26d345388c5478
gaba_potentiation|k2p_potentiation|nca_block|nachr_antagonism,3000.0,331,75.0,0.20833333333333334,4.893229166666667,1.4280555555555556,54788ddcf622669910f9f6738d8b84167346a3e80f96c1982c26d345388c5478
gaba_potentiation|k2p_potentiation|nca_block|nachr_antagonism,3000.0,443,75.0,0.3125,3.8802083333333335,1.2138888888888888,54788ddcf622669910f9f6738d8b84167346a3e80f96c1982c26d345388c5478
gaba_potentiation|k2p_potentiation|nca_block|glucl_potentiation,10.0,42,75.0,0.0,22.958333333333332,7.1681944444444445,54788ddcf622669910f9f6738d8b84167346a3e80f96c1982c26d345388c5478
gaba_potentiation|k2p_potentiation|nca_block|glucl_potentiation,10.0,137,75.0,0.0,22.057291666666668,6.955,54788ddcf622669910f9f6738d8b84167346a3e80f96c1982c26d345388c5478
gaba_potentiation|k2p_potentiation|nca_block|glucl_potentiation,10.0,219,75.0,0.0,22.809895833333332,7.174027777777778,54788ddcf622669910f9f6738d8b84167346a3e80f96c1982c26d345388c5478
gaba_potentiation|k2p_potentiation|nca_block|glucl_potentiation,10.0,331,75.0,0.0,22.21875,6.977083333333334,54788ddcf622669910f9f6738d8b84167346a3e80f96c1982c26d345388c5478
gaba_potentiation|k2p_potentiation|nca_block|nachr_antagonism,30.0,331,75.0,0.0,20.338541666666668,6.359861111111111,54788ddcf622669910f9f6738d8b84167346a3e80f96c1982c26d345388c5478
gaba_potentiation|k2p_potentiation|nca_block|nachr_antagonism,30.0,443,75.0,0.0,21.393229166666668,6.6563888888888885,54788ddcf622669910f9f6738d8b84167346a3e80f96c1982c26d345388c5478
gaba_potentiation|k2p_potentiation|nca_block|nachr_antagonism,100.0,42,75.0,0.0,16.270833333333332,5.015833333333333,54788ddcf622669910f9f6738d8b84167346a3e80f96c1982c26d345388c5478
gaba_potentiation|k2p_potentiation|nca_block|nachr_antagonism,100.0,137,75.0,0.0,15.3203125,4.7659722222222225,54788ddcf622669910f9f6738d8b84167346a3e80f96c1982c26d345388c5478
gaba_potentiation|k2p_potentiation|nca_block|nachr_antagonism,100.0,219,75.0,0.0,16.841145833333332,5.202638888888889,54788ddcf622669910f9f6738d8b84167346a3e80f96c1982c26d345388c5478
gaba_potentiation|k2p_potentiation|nca_block|nachr_antagonism,100.0,331,75.0,0.0,15.484375,4.820277777777778,54788ddcf622669910f9f6738d8b84167346a3e80f96c1982c26d345388c5478
gaba_potentiation|k2p_potentiation|nca_block|nachr_antagonism,100.0,443,75.0,0.0,15.875,4.911666666666667,54788ddcf622669910f9f6738d8b84167346a3e80f96c1982c26d345388c5478
gaba_potentiation|k2p_potentiation|nca_block|nachr_antagonism,200.0,42,75.0,0.0,12.5546875,3.841666666666667,54788ddcf622669910f9f6738d8b84167346a3e80f96c1982c26d345388c5478
gaba_potentiation|k2p_potentiation|nca_block|nachr_antagonism,10.0,443,75.0,0.0,22.7578125,7.144722222222223,54788ddcf622669910f9f6738d8b84167346a3e80f96c1982c26d345388c5478
gaba_potentiation|k2p_potentiation|nca_block|nachr_antagonism,30.0,42,75.0,0.0,20.880208333333332,6.488333333333333,54788ddcf622669910f9f6738d8b84167346a3e80f96c1982c26d345388c5478
gaba_potentiation|k2p_potentiation|nca_block|nachr_antagonism,30.0,137,75.0,0.0,19.638020833333332,6.195833333333334,54788ddcf622669910f9f6738d8b84167346a3e80f96c1982c26d345388c5478
gaba_potentiation|k2p_potentiation|nca_block|nachr_antagonism,30.0,219,75.0,0.0,21.098958333333332,6.614166666666667,54788ddcf622669910f9f6738d8b84167346a3e80f96c1982c26d345388c5478
gaba_potentiation|k2p_potentiation|nca_block|nachr_antagonism,200.0,137,75.0,0.0,11.747395833333334,3.6191666666666666,54788ddcf622669910f9f6738d8b84167346a3e80f96c1982c26d345388c5478
gaba_potentiation|k2p_potentiation|nca_block|nachr_antagonism,200.0,219,75.0,0.0,12.78125,3.9073611111111113,54788ddcf622669910f9f6738d8b84167346a3e80f96c1982c26d345388c5478
gaba_potentiation|k2p_potentiation|nca_block|nachr_antagonism,200.0,331,75.0,0.020833333333333332,12.263020833333334,3.7594444444444446,54788ddcf622669910f9f6738d8b84167346a3e80f96c1982c26d345388c5478
gaba_potentiation|k2p_potentiation|nca_block|nachr_antagonism,200.0,443,75.0,0.0,12.369791666666666,3.7794444444444446,54788ddcf622669910f9f6738d8b84167346a3e80f96c1982c26d345388c5478
gaba_potentiation|k2p_potentiation|nca_block|nachr_antagonism,350.0,42,75.0,0.0,9.846354166666666,2.971111111111111,54788ddcf622669910f9f6738d8b84167346a3e80f96c1982c26d345388c5478
gaba_potentiation|k2p_potentiation|nca_block|nachr_antagonism,350.0,137,75.0,0.041666666666666664,9.375,2.834861111111111,54788ddcf622669910f9f6738d8b84167346a3e80f96c1982c26d345388c5478
gaba_potentiation|k2p_potentiation|nca_block|nachr_antagonism,350.0,219,75.0,0.0,10.3828125,3.1286111111111112,54788ddcf622669910f9f6738d8b84167346a3e80f96c1982c26d345388c5478
gaba_potentiation|k2p_potentiation|nca_block|nachr_antagonism,350.0,331,75.0,0.020833333333333332,9.7734375,2.9481944444444443,54788ddcf622669910f9f6738d8b84167346a3e80f96c1982c26d345388c5478
gaba_potentiation|k2p_potentiation|nca_block|nachr_antagonism,500.0,331,75.0,0.020833333333333332,8.364583333333334,2.5108333333333333,54788ddcf622669910f9f6738d8b84167346a3e80f96c1982c26d345388c5478
gaba_potentiation|k2p_potentiation|nca_block|nachr_antagonism,500.0,443,75.0,0.0,7.630208333333333,2.3379166666666666,54788ddcf622669910f9f6738d8b84167346a3e80f96c1982c26d345388c5478
gaba_potentiation|k2p_potentiation|nca_block|nachr_antagonism,1000.0,42,75.0,0.10416666666666667,6.489583333333333,1.907361111111111,54788ddcf622669910f9f6738d8b84167346a3e80f96c1982c26d345388c5478
gaba_potentiation|k2p_potentiation|nca_block|nachr_antagonism,1000.0,137,75.0,0.125,5.9921875,1.791111111111111,54788ddcf622669910f9f6738d8b84167346a3e80f96c1982c26d345388c5478
gaba_potentiation|k2p_potentiation|nca_block|glucl_potentiation,100.0,219,75.0,0.0,17.328125,5.368194444444445,54788ddcf622669910f9f6738d8b84167346a3e80f96c1982c26d345388c5478
gaba_potentiation|k2p_potentiation|nca_block|glucl_potentiation,100.0,331,75.0,0.0,15.927083333333334,4.967083333333333,54788ddcf622669910f9f6738d8b84167346a3e80f96c1982c26d345388c5478
gaba_potentiation|k2p_potentiation|nca_block|glucl_potentiation,100.0,443,75.0,0.0,16.489583333333332,5.105277777777777,54788ddcf622669910f9f6738d8b84167346a3e80f96c1982c26d345388c5478
gaba_potentiation|k2p_potentiation|nca_block|glucl_potentiation,200.0,42,75.0,0.0,13.127604166666666,4.032361111111111,54788ddcf622669910f9f6738d8b84167346a3e80f96c1982c26d345388c5478
gaba_potentiation|k2p_potentiation|nca_block|glucl_potentiation,200.0,137,75.0,0.0,12.408854166666666,3.832222222222222,54788ddcf622669910f9f6738d8b84167346a3e80f96c1982c26d345388c5478
gaba_potentiation|k2p_potentiation|nca_block|glucl_potentiation,200.0,219,75.0,0.0,13.513020833333334,4.152083333333334,54788ddcf622669910f9f6738d8b84167346a3e80f96c1982c26d345388c5478
gaba_potentiation|k2p_potentiation|nca_block|glucl_potentiation,200.0,331,75.0,0.020833333333333332,13.25,4.076944444444444,54788ddcf622669910f9f6738d8b84167346a3e80f96c1982c26d345388c5478
gaba_potentiation|k2p_potentiation|nca_block|glucl_potentiation,200.0,443,75.0,0.0,13.1953125,4.028194444444445,54788ddcf622669910f9f6738d8b84167346a3e80f96c1982c26d345388c5478
gaba_potentiation|k2p_potentiation|nca_block|glucl_potentiation,350.0,42,75.0,0.0,10.606770833333334,3.2105555555555556,54788ddcf622669910f9f6738d8b84167346a3e80f96c1982c26d345388c5478
gaba_potentiation|k2p_potentiation|nca_block|glucl_potentiation,350.0,137,75.0,0.0,9.911458333333334,3.013333333333333,54788ddcf622669910f9f6738d8b84167346a3e80f96c1982c26d345388c5478
gaba_potentiation|k2p_potentiation|nca_block|glucl_potentiation,350.0,219,75.0,0.0,11.098958333333334,3.3541666666666665,54788ddcf622669910f9f6738d8b84167346a3e80f96c1982c26d345388c5478
gaba_potentiation|k2p_potentiation|nca_block|glucl_potentiation,350.0,331,75.0,0.020833333333333332,10.528645833333334,3.1845833333333333,54788ddcf622669910f9f6738d8b84167346a3e80f96c1982c26d345388c5478
gaba_potentiation|k2p_potentiation|nca_block|glucl_potentiation,10.0,443,75.0,0.0,23.026041666666668,7.223055555555556,54788ddcf622669910f9f6738d8b84167346a3e80f96c1982c26d345388c5478
gaba_potentiation|k2p_potentiation|nca_block|glucl_potentiation,30.0,42,75.0,0.0,21.182291666666668,6.583611111111111,54788ddcf622669910f9f6738d8b84167346a3e80f96c1982c26d345388c5478
gaba_potentiation|k2p_potentiation|nca_block|glucl_potentiation,30.0,137,75.0,0.0,19.916666666666668,6.289027777777778,54788ddcf622669910f9f6738d8b84167346a3e80f96c1982c26d345388c5478
gaba_potentiation|k2p_potentiation|nca_block|glucl_potentiation,30.0,219,75.0,0.0,21.317708333333332,6.686388888888889,54788ddcf622669910f9f6738d8b84167346a3e80f96c1982c26d345388c5478
gaba_potentiation|k2p_potentiation|nca_block|glucl_potentiation,350.0,443,75.0,0.0,9.856770833333334,3.009027777777778,54788ddcf622669910f9f6738d8b84167346a3e80f96c1982c26d345388c5478
gaba_potentiation|k2p_potentiation|nca_block|glucl_potentiation,500.0,42,75.0,0.0,9.309895833333334,2.792777777777778,54788ddcf622669910f9f6738d8b84167346a3e80f96c1982c26d345388c5478
gaba_potentiation|k2p_potentiation|nca_block|glucl_potentiation,500.0,137,75.0,0.041666666666666664,8.546875,2.58375,54788ddcf622669910f9f6738d8b84167346a3e80f96c1982c26d345388c5478
gaba_potentiation|k2p_potentiation|nca_block|glucl_potentiation,500.0,219,75.0,0.0,9.3671875,2.8305555555555557,54788ddcf622669910f9f6738d8b84167346a3e80f96c1982c26d345388c5478
gaba_potentiation|k2p_potentiation|nca_block|glucl_potentiation,30.0,331,75.0,0.0,20.653645833333332,6.460694444444444,54788ddcf622669910f9f6738d8b84167346a3e80f96c1982c26d345388c5478
gaba_potentiation|k2p_potentiation|nca_block|glucl_potentiation,30.0,443,75.0,0.0,21.635416666666668,6.743333333333333,54788ddcf622669910f9f6738d8b84167346a3e80f96c1982c26d345388c5478
gaba_potentiation|k2p_potentiation|nca_block|glucl_potentiation,100.0,42,75.0,0.0,16.846354166666668,5.194583333333333,54788ddcf622669910f9f6738d8b84167346a3e80f96c1982c26d345388c5478
gaba_potentiation|k2p_potentiation|nca_block|glucl_potentiation,100.0,137,75.0,0.0,16.028645833333332,4.996527777777778,54788ddcf622669910f9f6738d8b84167346a3e80f96c1982c26d345388c5478
gaba_potentiation|complex_i_block|snare_cooperativity|nca_block,100.0,219,75.0,0.0,12.505208333333334,3.69,54788ddcf622669910f9f6738d8b84167346a3e80f96c1982c26d345388c5478
gaba_potentiation|complex_i_block|snare_cooperativity|nca_block,100.0,331,75.0,0.0,11.859375,3.54375,54788ddcf622669910f9f6738d8b84167346a3e80f96c1982c26d345388c5478
gaba_potentiation|complex_i_block|snare_cooperativity|nca_block,100.0,443,75.0,0.0,12.1328125,3.588611111111111,54788ddcf622669910f9f6738d8b84167346a3e80f96c1982c26d345388c5478
gaba_potentiation|complex_i_block|snare_cooperativity|nca_block,200.0,42,75.0,0.0,7.466145833333333,2.1191666666666666,54788ddcf622669910f9f6738d8b84167346a3e80f96c1982c26d345388c5478
gaba_potentiation|k2p_potentiation|nca_block|glucl_potentiation,500.0,331,75.0,0.020833333333333332,9.244791666666666,2.776666666666667,54788ddcf622669910f9f6738d8b84167346a3e80f96c1982c26d345388c5478
gaba_potentiation|k2p_potentiation|nca_block|glucl_potentiation,500.0,443,75.0,0.0,8.380208333333334,2.563888888888889,54788ddcf622669910f9f6738d8b84167346a3e80f96c1982c26d345388c5478
gaba_potentiation|k2p_potentiation|nca_block|glucl_potentiation,1000.0,42,75.0,0.041666666666666664,7.356770833333333,2.174027777777778,54788ddcf622669910f9f6738d8b84167346a3e80f96c1982c26d345388c5478
gaba_potentiation|k2p_potentiation|nca_block|glucl_potentiation,1000.0,137,75.0,0.14583333333333334,6.565104166666667,1.9731944444444445,54788ddcf622669910f9f6738d8b84167346a3e80f96c1982c26d345388c5478
gaba_potentiation|complex_i_block|snare_cooperativity|nca_block,200.0,137,75.0,0.041666666666666664,6.940104166666667,1.9970833333333333,54788ddcf622669910f9f6738d8b84167346a3e80f96c1982c26d345388c5478
gaba_potentiation|complex_i_block|snare_cooperativity|nca_block,200.0,219,75.0,0.020833333333333332,7.255208333333333,2.0966666666666667,54788ddcf622669910f9f6738d8b84167346a3e80f96c1982c26d345388c5478
gaba_potentiation|complex_i_block|snare_cooperativity|nca_block,200.0,331,75.0,0.020833333333333332,7.520833333333333,2.1258333333333335,54788ddcf622669910f9f6738d8b84167346a3e80f96c1982c26d345388c5478
gaba_potentiation|complex_i_block|snare_cooperativity|nca_block,200.0,443,75.0,0.041666666666666664,7.171875,2.059861111111111,54788ddcf622669910f9f6738d8b84167346a3e80f96c1982c26d345388c5478
gaba_potentiation|k2p_potentiation|nca_block|glucl_potentiation,1000.0,219,75.0,0.041666666666666664,7.361979166666667,2.2004166666666665,54788ddcf622669910f9f6738d8b84167346a3e80f96c1982c26d345388c5478
gaba_potentiation|k2p_potentiation|nca_block|glucl_potentiation,1000.0,331,75.0,0.041666666666666664,6.734375,2.0016666666666665,54788ddcf622669910f9f6738d8b84167346a3e80f96c1982c26d345388c5478
gaba_potentiation|k2p_potentiation|nca_block|glucl_potentiation,1000.0,443,75.0,0.08333333333333333,6.2265625,1.9208333333333334,54788ddcf622669910f9f6738d8b84167346a3e80f96c1982c26d345388c5478
gaba_potentiation|k2p_potentiation|nca_block|glucl_potentiation,3000.0,42,75.0,0.16666666666666666,5.580729166666667,1.6193055555555556,54788ddcf622669910f9f6738d8b84167346a3e80f96c1982c26d345388c5478
gaba_potentiation|k2p_potentiation|nca_block|glucl_potentiation,3000.0,137,75.0,0.16666666666666666,5.296875,1.5719444444444444,54788ddcf622669910f9f6738d8b84167346a3e80f96c1982c26d345388c5478
gaba_potentiation|k2p_potentiation|nca_block|glucl_potentiation,3000.0,219,75.0,0.16666666666666666,5.736979166666667,1.688611111111111,54788ddcf622669910f9f6738d8b84167346a3e80f96c1982c26d345388c5478
gaba_potentiation|k2p_potentiation|nca_block|glucl_potentiation,3000.0,331,75.0,0.14583333333333334,5.442708333333333,1.6111111111111112,54788ddcf622669910f9f6738d8b84167346a3e80f96c1982c26d345388c5478
gaba_potentiation|k2p_potentiation|nca_block|glucl_potentiation,3000.0,443,75.0,0.2708333333333333,4.455729166666667,1.373888888888889,54788ddcf622669910f9f6738d8b84167346a3e80f96c1982c26d345388c5478
gaba_potentiation|complex_i_block|snare_cooperativity|nca_block,350.0,42,75.0,0.1875,4.473958333333333,1.2148611111111112,54788ddcf622669910f9f6738d8b84167346a3e80f96c1982c26d345388c5478
gaba_potentiation|complex_i_block|snare_cooperativity|nca_block,350.0,137,75.0,0.2916666666666667,4.028645833333333,1.145,54788ddcf622669910f9f6738d8b84167346a3e80f96c1982c26d345388c5478
gaba_potentiation|complex_i_block|snare_cooperativity|nca_block,350.0,219,75.0,0.125,4.802083333333333,1.3176388888888888,54788ddcf622669910f9f6738d8b84167346a3e80f96c1982c26d345388c5478
gaba_potentiation|complex_i_block|snare_cooperativity|nca_block,350.0,331,75.0,0.16666666666666666,4.572916666666667,1.2506944444444446,54788ddcf622669910f9f6738d8b84167346a3e80f96c1982c26d345388c5478
gaba_potentiation|complex_i_block|snare_cooperativity|nca_block,10.0,42,75.0,0.0,22.1484375,6.869861111111111,54788ddcf622669910f9f6738d8b84167346a3e80f96c1982c26d345388c5478
gaba_potentiation|complex_i_block|snare_cooperativity|nca_block,10.0,137,75.0,0.0,21.114583333333332,6.653888888888889,54788ddcf622669910f9f6738d8b84167346a3e80f96c1982c26d345388c5478
gaba_potentiation|complex_i_block|snare_cooperativity|nca_block,10.0,219,75.0,0.0,22.145833333333332,6.934027777777778,54788ddcf622669910f9f6738d8b84167346a3e80f96c1982c26d345388c5478
gaba_potentiation|complex_i_block|snare_cooperativity|nca_block,10.0,331,75.0,0.0,21.546875,6.720694444444445,54788ddcf622669910f9f6738d8b84167346a3e80f96c1982c26d345388c5478
gaba_potentiation|complex_i_block|snare_cooperativity|nca_block,500.0,331,75.0,0.5416666666666666,3.2083333333333335,0.87875,54788ddcf622669910f9f6738d8b84167346a3e80f96c1982c26d345388c5478
gaba_potentiation|complex_i_block|snare_cooperativity|nca_block,500.0,443,75.0,0.6458333333333334,2.4947916666666665,0.7619444444444444,54788ddcf622669910f9f6738d8b84167346a3e80f96c1982c26d345388c5478
gaba_potentiation|complex_i_block|snare_cooperativity|nca_block,1000.0,42,75.0,0.875,1.609375,0.4973611111111111,54788ddcf622669910f9f6738d8b84167346a3e80f96c1982c26d345388c5478
gaba_potentiation|complex_i_block|snare_cooperativity|nca_block,1000.0,137,75.0,0.9375,1.3125,0.4411111111111111,54788ddcf622669910f9f6738d8b84167346a3e80f96c1982c26d345388c5478
gaba_potentiation|complex_i_block|snare_cooperativity|nca_block,10.0,443,75.0,0.0,22.34375,6.965416666666667,54788ddcf622669910f9f6738d8b84167346a3e80f96c1982c26d345388c5478
gaba_potentiation|complex_i_block|snare_cooperativity|nca_block,30.0,42,75.0,0.0,18.7734375,5.78375,54788ddcf622669910f9f6738d8b84167346a3e80f96c1982c26d345388c5478
gaba_potentiation|complex_i_block|snare_cooperativity|nca_block,30.0,137,75.0,0.0,18.041666666666668,5.621388888888889,54788ddcf622669910f9f6738d8b84167346a3e80f96c1982c26d345388c5478
gaba_potentiation|complex_i_block|snare_cooperativity|nca_block,30.0,219,75.0,0.0,19.393229166666668,5.991944444444444,54788ddcf622669910f9f6738d8b84167346a3e80f96c1982c26d345388c5478
gaba_potentiation|complex_i_block|snare_cooperativity|nca_block,30.0,331,75.0,0.0,18.552083333333332,5.7325,54788ddcf622669910f9f6738d8b84167346a3e80f96c1982c26d345388c5478
gaba_potentiation|complex_i_block|snare_cooperativity|nca_block,30.0,443,75.0,0.0,19.575520833333332,5.997638888888889,54788ddcf622669910f9f6738d8b84167346a3e80f96c1982c26d345388c5478
gaba_potentiation|complex_i_block|snare_cooperativity|nca_block,100.0,42,75.0,0.0,12.151041666666666,3.578333333333333,54788ddcf622669910f9f6738d8b84167346a3e80f96c1982c26d345388c5478
gaba_potentiation|complex_i_block|snare_cooperativity|nca_block,100.0,137,75.0,0.0,11.239583333333334,3.3693055555555556,54788ddcf622669910f9f6738d8b84167346a3e80f96c1982c26d345388c5478
gaba_potentiation|complex_i_block|snare_cooperativity|nca_block,3000.0,137,75.0,1.0,0.7552083333333334,0.28958333333333336,54788ddcf622669910f9f6738d8b84167346a3e80f96c1982c26d345388c5478
gaba_potentiation|complex_i_block|snare_cooperativity|nca_block,3000.0,219,75.0,0.9791666666666666,0.8359375,0.31569444444444444,54788ddcf622669910f9f6738d8b84167346a3e80f96c1982c26d345388c5478
gaba_potentiation|complex_i_block|snare_cooperativity|nca_block,3000.0,331,75.0,1.0,0.9192708333333334,0.32652777777777775,54788ddcf622669910f9f6738d8b84167346a3e80f96c1982c26d345388c5478
gaba_potentiation|complex_i_block|snare_cooperativity|nca_block,3000.0,443,75.0,1.0,0.46875,0.27694444444444444,54788ddcf622669910f9f6738d8b84167346a3e80f96c1982c26d345388c5478
gaba_potentiation|complex_i_block|snare_cooperativity|nca_block,350.0,443,75.0,0.3333333333333333,3.9817708333333335,1.1516666666666666,54788ddcf622669910f9f6738d8b84167346a3e80f96c1982c26d345388c5478
gaba_potentiation|complex_i_block|snare_cooperativity|nca_block,500.0,42,75.0,0.4375,3.0989583333333335,0.8558333333333333,54788ddcf622669910f9f6738d8b84167346a3e80f96c1982c26d345388c5478
gaba_potentiation|complex_i_block|snare_cooperativity|nca_block,500.0,137,75.0,0.4791666666666667,2.9010416666666665,0.8240277777777778,54788ddcf622669910f9f6738d8b84167346a3e80f96c1982c26d345388c5478
gaba_potentiation|complex_i_block|snare_cooperativity|nca_block,500.0,219,75.0,0.4583333333333333,3.0286458333333335,0.8668055555555556,54788ddcf622669910f9f6738d8b84167346a3e80f96c1982c26d345388c5478
gaba_potentiation|complex_i_block|nca_block|nachr_antagonism,10.0,443,75.0,0.0,22.776041666666668,7.140833333333333,54788ddcf622669910f9f6738d8b84167346a3e80f96c1982c26d345388c5478
gaba_potentiation|complex_i_block|nca_block|nachr_antagonism,30.0,42,75.0,0.0,20.096354166666668,6.2508333333333335,54788ddcf622669910f9f6738d8b84167346a3e80f96c1982c26d345388c5478
gaba_potentiation|complex_i_block|nca_block|nachr_antagonism,30.0,137,75.0,0.0,19.270833333333332,6.049444444444444,54788ddcf622669910f9f6738d8b84167346a3e80f96c1982c26d345388c5478
gaba_potentiation|complex_i_block|nca_block|nachr_antagonism,30.0,219,75.0,0.0,20.583333333333332,6.452916666666667,54788ddcf622669910f9f6738d8b84167346a3e80f96c1982c26d345388c5478
gaba_potentiation|complex_i_block|nca_block|nachr_antagonism,200.0,137,75.0,0.0,10.098958333333334,3.080972222222222,54788ddcf622669910f9f6738d8b84167346a3e80f96c1982c26d345388c5478
gaba_potentiation|complex_i_block|nca_block|nachr_antagonism,200.0,219,75.0,0.0,11.244791666666666,3.418888888888889,54788ddcf622669910f9f6738d8b84167346a3e80f96c1982c26d345388c5478
gaba_potentiation|complex_i_block|nca_block|nachr_antagonism,200.0,331,75.0,0.020833333333333332,10.768229166666666,3.265972222222222,54788ddcf622669910f9f6738d8b84167346a3e80f96c1982c26d345388c5478
gaba_potentiation|complex_i_block|nca_block|nachr_antagonism,200.0,443,75.0,0.0,10.361979166666666,3.1527777777777777,54788ddcf622669910f9f6738d8b84167346a3e80f96c1982c26d345388c5478
gaba_potentiation|complex_i_block|nca_block|nachr_antagonism,350.0,443,75.0,0.041666666666666664,7.359375,2.2527777777777778,54788ddcf622669910f9f6738d8b84167346a3e80f96c1982c26d345388c5478
gaba_potentiation|complex_i_block|nca_block|nachr_antagonism,500.0,42,75.0,0.08333333333333333,6.729166666666667,1.9802777777777778,54788ddcf622669910f9f6738d8b84167346a3e80f96c1982c26d345388c5478
gaba_potentiation|complex_i_block|nca_block|nachr_antagonism,500.0,137,75.0,0.14583333333333334,6.1015625,1.8319444444444444,54788ddcf622669910f9f6738d8b84167346a3e80f96c1982c26d345388c5478
gaba_potentiation|complex_i_block|nca_block|nachr_antagonism,500.0,219,75.0,0.041666666666666664,6.971354166666667,2.0633333333333335,54788ddcf622669910f9f6738d8b84167346a3e80f96c1982c26d345388c5478
gaba_potentiation|complex_i_block|snare_cooperativity|nca_block,1000.0,219,75.0,0.8333333333333334,1.7369791666666667,0.5240277777777778,54788ddcf622669910f9f6738d8b84167346a3e80f96c1982c26d345388c5478
gaba_potentiation|complex_i_block|snare_cooperativity|nca_block,1000.0,331,75.0,0.9166666666666666,1.640625,0.4975,54788ddcf622669910f9f6738d8b84167346a3e80f96c1982c26d345388c5478
gaba_potentiation|complex_i_block|snare_cooperativity|nca_block,1000.0,443,75.0,0.9583333333333334,1.0677083333333333,0.42680555555555555,54788ddcf622669910f9f6738d8b84167346a3e80f96c1982c26d345388c5478
gaba_potentiation|complex_i_block|snare_cooperativity|nca_block,3000.0,42,75.0,0.9791666666666666,0.7369791666666666,0.31069444444444444,54788ddcf622669910f9f6738d8b84167346a3e80f96c1982c26d345388c5478
gaba_potentiation|complex_i_block|nca_block|nachr_antagonism,3000.0,137,75.0,0.5416666666666666,3.1588541666666665,0.92375,54788ddcf622669910f9f6738d8b84167346a3e80f96c1982c26d345388c5478
gaba_potentiation|complex_i_block|nca_block|nachr_antagonism,3000.0,219,75.0,0.4791666666666667,3.4348958333333335,1.0018055555555556,54788ddcf622669910f9f6738d8b84167346a3e80f96c1982c26d345388c5478
gaba_potentiation|complex_i_block|nca_block|nachr_antagonism,3000.0,331,75.0,0.4166666666666667,3.5182291666666665,1.0075,54788ddcf622669910f9f6738d8b84167346a3e80f96c1982c26d345388c5478
gaba_potentiation|complex_i_block|nca_block|nachr_antagonism,3000.0,443,75.0,0.6458333333333334,2.4010416666666665,0.7604166666666666,54788ddcf622669910f9f6738d8b84167346a3e80f96c1982c26d345388c5478
gaba_potentiation|complex_i_block|nca_block|nachr_antagonism,10.0,42,75.0,0.0,22.661458333333332,7.076527777777778,54788ddcf622669910f9f6738d8b84167346a3e80f96c1982c26d345388c5478
gaba_potentiation|complex_i_block|nca_block|nachr_antagonism,10.0,137,75.0,0.0,21.786458333333332,6.854305555555555,54788ddcf622669910f9f6738d8b84167346a3e80f96c1982c26d345388c5478
gaba_potentiation|complex_i_block|nca_block|nachr_antagonism,10.0,219,75.0,0.0,22.403645833333332,7.047916666666667,54788ddcf622669910f9f6738d8b84167346a3e80f96c1982c26d345388c5478
gaba_potentiation|complex_i_block|nca_block|nachr_antagonism,10.0,331,75.0,0.0,22.065104166666668,6.923611111111111,54788ddcf622669910f9f6738d8b84167346a3e80f96c1982c26d345388c5478
gaba_potentiation|complex_i_block|nca_block|nachr_antagonism,30.0,331,75.0,0.0,19.8671875,6.21,54788ddcf622669910f9f6738d8b84167346a3e80f96c1982c26d345388c5478
gaba_potentiation|complex_i_block|nca_block|nachr_antagonism,30.0,443,75.0,0.0,20.825520833333332,6.456666666666667,54788ddcf622669910f9f6738d8b84167346a3e80f96c1982c26d345388c5478
gaba_potentiation|complex_i_block|nca_block|nachr_antagonism,100.0,42,75.0,0.0,15.067708333333334,4.627222222222223,54788ddcf622669910f9f6738d8b84167346a3e80f96c1982c26d345388c5478
gaba_potentiation|complex_i_block|nca_block|nachr_antagonism,100.0,137,75.0,0.0,13.8984375,4.309027777777778,54788ddcf622669910f9f6738d8b84167346a3e80f96c1982c26d345388c5478
gaba_potentiation|complex_i_block|nca_block|nachr_antagonism,100.0,219,75.0,0.0,15.333333333333334,4.708055555555555,54788ddcf622669910f9f6738d8b84167346a3e80f96c1982c26d345388c5478
gaba_potentiation|complex_i_block|nca_block|nachr_antagonism,100.0,331,75.0,0.0,14.208333333333334,4.411527777777778,54788ddcf622669910f9f6738d8b84167346a3e80f96c1982c26d345388c5478
gaba_potentiation|complex_i_block|nca_block|nachr_antagonism,100.0,443,75.0,0.0,14.7109375,4.532916666666667,54788ddcf622669910f9f6738d8b84167346a3e80f96c1982c26d345388c5478
gaba_potentiation|complex_i_block|nca_block|nachr_antagonism,200.0,42,75.0,0.0,10.7578125,3.2655555555555558,54788ddcf622669910f9f6738d8b84167346a3e80f96c1982c26d345388c5478
gaba_potentiation|complex_i_block|nca_block|nachr_antagonism,350.0,42,75.0,0.020833333333333332,8.260416666666666,2.4681944444444444,54788ddcf622669910f9f6738d8b84167346a3e80f96c1982c26d345388c5478
gaba_potentiation|complex_i_block|nca_block|nachr_antagonism,350.0,137,75.0,0.0625,7.734375,2.3269444444444445,54788ddcf622669910f9f6738d8b84167346a3e80f96c1982c26d345388c5478
gaba_potentiation|complex_i_block|nca_block|nachr_antagonism,350.0,219,75.0,0.020833333333333332,8.427083333333334,2.5356944444444443,54788ddcf622669910f9f6738d8b84167346a3e80f96c1982c26d345388c5478
gaba_potentiation|complex_i_block|nca_block|nachr_antagonism,350.0,331,75.0,0.020833333333333332,8.065104166666666,2.4133333333333336,54788ddcf622669910f9f6738d8b84167346a3e80f96c1982c26d345388c5478
gaba_potentiation|complex_i_block|nca_block|nachr_antagonism,500.0,331,75.0,0.041666666666666664,6.5,1.9265277777777778,54788ddcf622669910f9f6738d8b84167346a3e80f96c1982c26d345388c5478
gaba_potentiation|complex_i_block|nca_block|nachr_antagonism,500.0,443,75.0,0.10416666666666667,5.578125,1.7227777777777777,54788ddcf622669910f9f6738d8b84167346a3e80f96c1982c26d345388c5478
gaba_potentiation|complex_i_block|nca_block|nachr_antagonism,1000.0,42,75.0,0.25,4.997395833333333,1.4395833333333334,54788ddcf622669910f9f6738d8b84167346a3e80f96c1982c26d345388c5478
gaba_potentiation|complex_i_block|nca_block|nachr_antagonism,1000.0,137,75.0,0.25,4.463541666666667,1.321388888888889,54788ddcf622669910f9f6738d8b84167346a3e80f96c1982c26d345388c5478
gaba_potentiation|complex_i_block|nca_block|glucl_potentiation,10.0,443,75.0,0.0,22.7578125,7.140694444444445,54788ddcf622669910f9f6738d8b84167346a3e80f96c1982c26d345388c5478
gaba_potentiation|complex_i_block|nca_block|glucl_potentiation,30.0,42,75.0,0.0,20.255208333333332,6.3029166666666665,54788ddcf622669910f9f6738d8b84167346a3e80f96c1982c26d345388c5478
gaba_potentiation|complex_i_block|nca_block|glucl_potentiation,30.0,137,75.0,0.0,19.309895833333332,6.078888888888889,54788ddcf622669910f9f6738d8b84167346a3e80f96c1982c26d345388c5478
gaba_potentiation|complex_i_block|nca_block|glucl_potentiation,30.0,219,75.0,0.0,20.794270833333332,6.5152777777777775,54788ddcf622669910f9f6738d8b84167346a3e80f96c1982c26d345388c5478
gaba_potentiation|complex_i_block|nca_block|glucl_potentiation,30.0,331,75.0,0.0,19.973958333333332,6.2411111111111115,54788ddcf622669910f9f6738d8b84167346a3e80f96c1982c26d345388c5478
gaba_potentiation|complex_i_block|nca_block|glucl_potentiation,30.0,443,75.0,0.0,21.106770833333332,6.547083333333333,54788ddcf622669910f9f6738d8b84167346a3e80f96c1982c26d345388c5478
gaba_potentiation|complex_i_block|nca_block|glucl_potentiation,100.0,42,75.0,0.0,15.3125,4.715138888888889,54788ddcf622669910f9f6738d8b84167346a3e80f96c1982c26d345388c5478
gaba_potentiation|complex_i_block|nca_block|glucl_potentiation,100.0,137,75.0,0.0,14.549479166666666,4.506944444444445,54788ddcf622669910f9f6738d8b84167346a3e80f96c1982c26d345388c5478
gaba_potentiation|complex_i_block|nca_block|glucl_potentiation,100.0,219,75.0,0.0,15.796875,4.856944444444444,54788ddcf622669910f9f6738d8b84167346a3e80f96c1982c26d345388c5478
gaba_potentiation|complex_i_block|nca_block|glucl_potentiation,100.0,331,75.0,0.0,14.700520833333334,4.572361111111111,54788ddcf622669910f9f6738d8b84167346a3e80f96c1982c26d345388c5478
gaba_potentiation|complex_i_block|nca_block|glucl_potentiation,100.0,443,75.0,0.0,15.09375,4.657222222222222,54788ddcf622669910f9f6738d8b84167346a3e80f96c1982c26d345388c5478
gaba_potentiation|complex_i_block|nca_block|glucl_potentiation,200.0,42,75.0,0.0,11.388020833333334,3.468611111111111,54788ddcf622669910f9f6738d8b84167346a3e80f96c1982c26d345388c5478
gaba_potentiation|complex_i_block|nca_block|nachr_antagonism,1000.0,219,75.0,0.22916666666666666,4.942708333333333,1.4554166666666666,54788ddcf622669910f9f6738d8b84167346a3e80f96c1982c26d345388c5478
gaba_potentiation|complex_i_block|nca_block|nachr_antagonism,1000.0,331,75.0,0.20833333333333334,4.817708333333333,1.4081944444444445,54788ddcf622669910f9f6738d8b84167346a3e80f96c1982c26d345388c5478
gaba_potentiation|complex_i_block|nca_block|nachr_antagonism,1000.0,443,75.0,0.3125,3.7890625,1.1855555555555555,54788ddcf622669910f9f6738d8b84167346a3e80f96c1982c26d345388c5478
gaba_potentiation|complex_i_block|nca_block|nachr_antagonism,3000.0,42,75.0,0.4375,3.5078125,0.9979166666666667,54788ddcf622669910f9f6738d8b84167346a3e80f96c1982c26d345388c5478
gaba_potentiation|complex_i_block|nca_block|glucl_potentiation,10.0,42,75.0,0.0,22.75,7.103611111111111,54788ddcf622669910f9f6738d8b84167346a3e80f96c1982c26d345388c5478
gaba_potentiation|complex_i_block|nca_block|glucl_potentiation,10.0,137,75.0,0.0,21.864583333333332,6.885833333333333,54788ddcf622669910f9f6738d8b84167346a3e80f96c1982c26d345388c5478
gaba_potentiation|complex_i_block|nca_block|glucl_potentiation,10.0,219,75.0,0.0,22.385416666666668,7.043888888888889,54788ddcf622669910f9f6738d8b84167346a3e80f96c1982c26d345388c5478
gaba_potentiation|complex_i_block|nca_block|glucl_potentiation,10.0,331,75.0,0.0,22.033854166666668,6.916111111111111,54788ddcf622669910f9f6738d8b84167346a3e80f96c1982c26d345388c5478
gaba_potentiation|complex_i_block|nca_block|glucl_potentiation,350.0,42,75.0,0.0,8.8828125,2.6552777777777776,54788ddcf622669910f9f6738d8b84167346a3e80f96c1982c26d345388c5478
gaba_potentiation|complex_i_block|nca_block|glucl_potentiation,350.0,137,75.0,0.0625,8.229166666666666,2.4856944444444444,54788ddcf622669910f9f6738d8b84167346a3e80f96c1982c26d345388c5478
gaba_potentiation|complex_i_block|nca_block|glucl_potentiation,350.0,219,75.0,0.0,8.854166666666666,2.6756944444444444,54788ddcf622669910f9f6738d8b84167346a3e80f96c1982c26d345388c5478
gaba_potentiation|complex_i_block|nca_block|glucl_potentiation,350.0,331,75.0,0.020833333333333332,8.708333333333334,2.6127777777777776,54788ddcf622669910f9f6738d8b84167346a3e80f96c1982c26d345388c5478
gaba_potentiation|complex_i_block|nca_block|glucl_potentiation,200.0,137,75.0,0.0,10.6953125,3.2733333333333334,54788ddcf622669910f9f6738d8b84167346a3e80f96c1982c26d345388c5478
gaba_potentiation|complex_i_block|nca_block|glucl_potentiation,200.0,219,75.0,0.0,11.796875,3.5855555555555556,54788ddcf622669910f9f6738d8b84167346a3e80f96c1982c26d345388c5478
gaba_potentiation|complex_i_block|nca_block|glucl_potentiation,200.0,331,75.0,0.020833333333333332,11.2265625,3.4181944444444445,54788ddcf622669910f9f6738d8b84167346a3e80f96c1982c26d345388c5478
gaba_potentiation|complex_i_block|nca_block|glucl_potentiation,200.0,443,75.0,0.0,11.2265625,3.418888888888889,54788ddcf622669910f9f6738d8b84167346a3e80f96c1982c26d345388c5478
gaba_potentiation|snare_cooperativity|nca_block|nachr_antagonism,10.0,443,75.0,0.0,22.5,7.024861111111111,54788ddcf622669910f9f6738d8b84167346a3e80f96c1982c26d345388c5478
gaba_potentiation|snare_cooperativity|nca_block|nachr_antagonism,30.0,42,75.0,0.0,19.770833333333332,6.077222222222222,54788ddcf622669910f9f6738d8b84167346a3e80f96c1982c26d345388c5478
gaba_potentiation|snare_cooperativity|nca_block|nachr_antagonism,30.0,137,75.0,0.0,18.661458333333332,5.814166666666667,54788ddcf622669910f9f6738d8b84167346a3e80f96c1982c26d345388c5478
gaba_potentiation|snare_cooperativity|nca_block|nachr_antagonism,30.0,219,75.0,0.0,20.1640625,6.2186111111111115,54788ddcf622669910f9f6738d8b84167346a3e80f96c1982c26d345388c5478
gaba_potentiation|snare_cooperativity|nca_block|nachr_antagonism,30.0,331,75.0,0.0,19.640625,6.047083333333333,54788ddcf622669910f9f6738d8b84167346a3e80f96c1982c26d345388c5478
gaba_potentiation|snare_cooperativity|nca_block|nachr_antagonism,30.0,443,75.0,0.0,20.106770833333332,6.183055555555556,54788ddcf622669910f9f6738d8b84167346a3e80f96c1982c26d345388c5478
gaba_potentiation|snare_cooperativity|nca_block|nachr_antagonism,100.0,42,75.0,0.0,13.265625,3.9444444444444446,54788ddcf622669910f9f6738d8b84167346a3e80f96c1982c26d345388c5478
gaba_potentiation|snare_cooperativity|nca_block|nachr_antagonism,100.0,137,75.0,0.0,12.776041666666666,3.825833333333333,54788ddcf622669910f9f6738d8b84167346a3e80f96c1982c26d345388c5478
gaba_potentiation|snare_cooperativity|nca_block|nachr_antagonism,100.0,219,75.0,0.0,13.28125,3.9766666666666666,54788ddcf622669910f9f6738d8b84167346a3e80f96c1982c26d345388c5478
gaba_potentiation|snare_cooperativity|nca_block|nachr_antagonism,100.0,331,75.0,0.0,13.221354166666666,3.9505555555555554,54788ddcf622669910f9f6738d8b84167346a3e80f96c1982c26d345388c5478
gaba_potentiation|snare_cooperativity|nca_block|nachr_antagonism,100.0,443,75.0,0.0,13.661458333333334,4.054027777777778,54788ddcf622669910f9f6738d8b84167346a3e80f96c1982c26d345388c5478
gaba_potentiation|snare_cooperativity|nca_block|nachr_antagonism,200.0,42,75.0,0.0,8.815104166666666,2.523888888888889,54788ddcf622669910f9f6738d8b84167346a3e80f96c1982c26d345388c5478
gaba_potentiation|complex_i_block|nca_block|glucl_potentiation,350.0,443,75.0,0.0,7.908854166666667,2.425972222222222,54788ddcf622669910f9f6738d8b84167346a3e80f96c1982c26d345388c5478
gaba_potentiation|complex_i_block|nca_block|glucl_potentiation,500.0,42,75.0,0.041666666666666664,7.526041666666667,2.230138888888889,54788ddcf622669910f9f6738d8b84167346a3e80f96c1982c26d345388c5478
gaba_potentiation|complex_i_block|nca_block|glucl_potentiation,500.0,137,75.0,0.125,6.723958333333333,2.0206944444444446,54788ddcf622669910f9f6738d8b84167346a3e80f96c1982c26d345388c5478
gaba_potentiation|complex_i_block|nca_block|glucl_potentiation,500.0,219,75.0,0.041666666666666664,7.432291666666667,2.227777777777778,54788ddcf622669910f9f6738d8b84167346a3e80f96c1982c26d345388c5478
gaba_potentiation|complex_i_block|nca_block|glucl_potentiation,500.0,331,75.0,0.041666666666666664,7.0,2.082222222222222,54788ddcf622669910f9f6738d8b84167346a3e80f96c1982c26d345388c5478
gaba_potentiation|complex_i_block|nca_block|glucl_potentiation,500.0,443,75.0,0.08333333333333333,6.356770833333333,1.9602777777777778,54788ddcf622669910f9f6738d8b84167346a3e80f96c1982c26d345388c5478
gaba_potentiation|complex_i_block|nca_block|glucl_potentiation,1000.0,42,75.0,0.1875,5.4140625,1.5691666666666666,54788ddcf622669910f9f6738d8b84167346a3e80f96c1982c26d345388c5478
gaba_potentiation|complex_i_block|nca_block|glucl_potentiation,1000.0,137,75.0,0.16666666666666666,5.122395833333333,1.5165277777777777,54788ddcf622669910f9f6738d8b84167346a3e80f96c1982c26d345388c5478
gaba_potentiation|complex_i_block|nca_block|glucl_potentiation,1000.0,219,75.0,0.16666666666666666,5.5859375,1.64625,54788ddcf622669910f9f6738d8b84167346a3e80f96c1982c26d345388c5478
gaba_potentiation|complex_i_block|nca_block|glucl_potentiation,1000.0,331,75.0,0.14583333333333334,5.325520833333333,1.5645833333333334,54788ddcf622669910f9f6738d8b84167346a3e80f96c1982c26d345388c5478
gaba_potentiation|complex_i_block|nca_block|glucl_potentiation,1000.0,443,75.0,0.2916666666666667,4.1953125,1.30125,54788ddcf622669910f9f6738d8b84167346a3e80f96c1982c26d345388c5478
gaba_potentiation|complex_i_block|nca_block|glucl_potentiation,3000.0,42,75.0,0.375,3.8776041666666665,1.1116666666666666,54788ddcf622669910f9f6738d8b84167346a3e80f96c1982c26d345388c5478
gaba_potentiation|complex_i_block|nca_block|glucl_potentiation,3000.0,137,75.0,0.375,3.7239583333333335,1.0883333333333334,54788ddcf622669910f9f6738d8b84167346a3e80f96c1982c26d345388c5478
gaba_potentiation|complex_i_block|nca_block|glucl_potentiation,3000.0,219,75.0,0.375,3.9921875,1.1659722222222222,54788ddcf622669910f9f6738d8b84167346a3e80f96c1982c26d345388c5478
gaba_potentiation|complex_i_block|nca_block|glucl_potentiation,3000.0,331,75.0,0.3333333333333333,3.8177083333333335,1.1129166666666668,54788ddcf622669910f9f6738d8b84167346a3e80f96c1982c26d345388c5478
gaba_potentiation|complex_i_block|nca_block|glucl_potentiation,3000.0,443,75.0,0.5208333333333334,2.8697916666666665,0.90375,54788ddcf622669910f9f6738d8b84167346a3e80f96c1982c26d345388c5478
gaba_potentiation|snare_cooperativity|nca_block|nachr_antagonism,350.0,443,75.0,0.10416666666666667,5.177083333333333,1.4973611111111111,54788ddcf622669910f9f6738d8b84167346a3e80f96c1982c26d345388c5478
gaba_potentiation|snare_cooperativity|nca_block|nachr_antagonism,500.0,42,75.0,0.25,4.072916666666667,1.115138888888889,54788ddcf622669910f9f6738d8b84167346a3e80f96c1982c26d345388c5478
gaba_potentiation|snare_cooperativity|nca_block|nachr_antagonism,500.0,137,75.0,0.3958333333333333,3.7005208333333335,1.0681944444444444,54788ddcf622669910f9f6738d8b84167346a3e80f96c1982c26d345388c5478
gaba_potentiation|snare_cooperativity|nca_block|nachr_antagonism,500.0,219,75.0,0.25,3.890625,1.117361111111111,54788ddcf622669910f9f6738d8b84167346a3e80f96c1982c26d345388c5478
gaba_potentiation|snare_cooperativity|nca_block|nachr_antagonism,10.0,42,75.0,0.0,22.442708333333332,6.964166666666666,54788ddcf622669910f9f6738d8b84167346a3e80f96c1982c26d345388c5478
gaba_potentiation|snare_cooperativity|nca_block|nachr_antagonism,10.0,137,75.0,0.0,21.526041666666668,6.765833333333333,54788ddcf622669910f9f6738d8b84167346a3e80f96c1982c26d345388c5478
gaba_potentiation|snare_cooperativity|nca_block|nachr_antagonism,10.0,219,75.0,0.0,22.466145833333332,7.024861111111111,54788ddcf622669910f9f6738d8b84167346a3e80f96c1982c26d345388c5478
gaba_potentiation|snare_cooperativity|nca_block|nachr_antagonism,10.0,331,75.0,0.0,21.859375,6.824722222222222,54788ddcf622669910f9f6738d8b84167346a3e80f96c1982c26d345388c5478
gaba_potentiation|snare_cooperativity|nca_block|nachr_antagonism,200.0,137,75.0,0.041666666666666664,8.236979166666666,2.390972222222222,54788ddcf622669910f9f6738d8b84167346a3e80f96c1982c26d345388c5478
gaba_potentiation|snare_cooperativity|nca_block|nachr_antagonism,200.0,219,75.0,0.0,9.104166666666666,2.61,54788ddcf622669910f9f6738d8b84167346a3e80f96c1982c26d345388c5478
gaba_potentiation|snare_cooperativity|nca_block|nachr_antagonism,200.0,331,75.0,0.020833333333333332,8.8671875,2.5356944444444443,54788ddcf622669910f9f6738d8b84167346a3e80f96c1982c26d345388c5478
gaba_potentiation|snare_cooperativity|nca_block|nachr_antagonism,200.0,443,75.0,0.020833333333333332,8.908854166666666,2.555138888888889,54788ddcf622669910f9f6738d8b84167346a3e80f96c1982c26d345388c5478
gaba_potentiation|snare_cooperativity|nca_block|nachr_antagonism,1000.0,219,75.0,0.7291666666666666,2.3463541666666665,0.6941666666666667,54788ddcf622669910f9f6738d8b84167346a3e80f96c1982c26d345388c5478
gaba_potentiation|snare_cooperativity|nca_block|nachr_antagonism,1000.0,331,75.0,0.7708333333333334,2.2213541666666665,0.6683333333333333,54788ddcf622669910f9f6738d8b84167346a3e80f96c1982c26d345388c5478
gaba_potentiation|snare_cooperativity|nca_block|nachr_antagonism,1000.0,443,75.0,0.8958333333333334,1.6979166666666667,0.5969444444444445,54788ddcf622669910f9f6738d8b84167346a3e80f96c1982c26d345388c5478
gaba_potentiation|snare_cooperativity|nca_block|nachr_antagonism,3000.0,42,75.0,0.9791666666666666,1.1484375,0.4326388888888889,54788ddcf622669910f9f6738d8b84167346a3e80f96c1982c26d345388c5478
gaba_potentiation|snare_cooperativity|nca_block|glucl_potentiation,10.0,42,75.0,0.0,22.5625,7.00125,54788ddcf622669910f9f6738d8b84167346a3e80f96c1982c26d345388c5478
gaba_potentiation|snare_cooperativity|nca_block|glucl_potentiation,10.0,137,75.0,0.0,21.583333333333332,6.791527777777778,54788ddcf622669910f9f6738d8b84167346a3e80f96c1982c26d345388c5478
gaba_potentiation|snare_cooperativity|nca_block|glucl_potentiation,10.0,219,75.0,0.0,22.395833333333332,7.023472222222222,54788ddcf622669910f9f6738d8b84167346a3e80f96c1982c26d345388c5478
gaba_potentiation|snare_cooperativity|nca_block|glucl_potentiation,10.0,331,75.0,0.0,22.083333333333332,6.895416666666667,54788ddcf622669910f9f6738d8b84167346a3e80f96c1982c26d345388c5478
gaba_potentiation|snare_cooperativity|nca_block|nachr_antagonism,3000.0,137,75.0,1.0,1.03125,0.40125,54788ddcf622669910f9f6738d8b84167346a3e80f96c1982c26d345388c5478
gaba_potentiation|snare_cooperativity|nca_block|nachr_antagonism,3000.0,219,75.0,0.875,1.3098958333333333,0.46208333333333335,54788ddcf622669910f9f6738d8b84167346a3e80f96c1982c26d345388c5478
gaba_potentiation|snare_cooperativity|nca_block|nachr_antagonism,3000.0,331,75.0,0.9583333333333334,1.2734375,0.44055555555555553,54788ddcf622669910f9f6738d8b84167346a3e80f96c1982c26d345388c5478
gaba_potentiation|snare_cooperativity|nca_block|nachr_antagonism,3000.0,443,75.0,0.9791666666666666,0.7916666666666666,0.3844444444444444,54788ddcf622669910f9f6738d8b84167346a3e80f96c1982c26d345388c5478
gaba_potentiation|snare_cooperativity|nca_block|nachr_antagonism,350.0,42,75.0,0.0625,5.440104166666667,1.5013888888888889,54788ddcf622669910f9f6738d8b84167346a3e80f96c1982c26d345388c5478
gaba_potentiation|snare_cooperativity|nca_block|nachr_antagonism,350.0,137,75.0,0.20833333333333334,4.997395833333333,1.4443055555555555,54788ddcf622669910f9f6738d8b84167346a3e80f96c1982c26d345388c5478
gaba_potentiation|snare_cooperativity|nca_block|nachr_antagonism,350.0,219,75.0,0.08333333333333333,5.596354166666667,1.5776388888888888,54788ddcf622669910f9f6738d8b84167346a3e80f96c1982c26d345388c5478
gaba_potentiation|snare_cooperativity|nca_block|nachr_antagonism,350.0,331,75.0,0.08333333333333333,5.6015625,1.5525,54788ddcf622669910f9f6738d8b84167346a3e80f96c1982c26d345388c5478
gaba_potentiation|snare_cooperativity|nca_block|nachr_antagonism,500.0,331,75.0,0.2916666666666667,4.1484375,1.1455555555555557,54788ddcf622669910f9f6738d8b84167346a3e80f96c1982c26d345388c5478
gaba_potentiation|snare_cooperativity|nca_block|nachr_antagonism,500.0,443,75.0,0.375,3.4791666666666665,1.0293055555555555,54788ddcf622669910f9f6738d8b84167346a3e80f96c1982c26d345388c5478
gaba_potentiation|snare_cooperativity|nca_block|nachr_antagonism,1000.0,42,75.0,0.7291666666666666,2.3125,0.67,54788ddcf622669910f9f6738d8b84167346a3e80f96c1982c26d345388c5478
gaba_potentiation|snare_cooperativity|nca_block|nachr_antagonism,1000.0,137,75.0,0.7708333333333334,2.0390625,0.6405555555555555,54788ddcf622669910f9f6738d8b84167346a3e80f96c1982c26d345388c5478
gaba_potentiation|snare_cooperativity|nca_block|glucl_potentiation,350.0,42,75.0,0.041666666666666664,5.880208333333333,1.6247222222222222,54788ddcf622669910f9f6738d8b84167346a3e80f96c1982c26d345388c5478
gaba_potentiation|snare_cooperativity|nca_block|glucl_potentiation,350.0,137,75.0,0.10416666666666667,5.520833333333333,1.582638888888889,54788ddcf622669910f9f6738d8b84167346a3e80f96c1982c26d345388c5478
gaba_potentiation|snare_cooperativity|nca_block|glucl_potentiation,350.0,219,75.0,0.08333333333333333,5.846354166666667,1.667638888888889,54788ddcf622669910f9f6738d8b84167346a3e80f96c1982c26d345388c5478
gaba_potentiation|snare_cooperativity|nca_block|glucl_potentiation,350.0,331,75.0,0.041666666666666664,5.958333333333333,1.6679166666666667,54788ddcf622669910f9f6738d8b84167346a3e80f96c1982c26d345388c5478
gaba_potentiation|snare_cooperativity|nca_block|glucl_potentiation,3000.0,137,75.0,0.9791666666666666,1.1380208333333333,0.4425,54788ddcf622669910f9f6738d8b84167346a3e80f96c1982c26d345388c5478
gaba_potentiation|snare_cooperativity|nca_block|glucl_potentiation,3000.0,219,75.0,0.8333333333333334,1.5546875,0.5204166666666666,54788ddcf622669910f9f6738d8b84167346a3e80f96c1982c26d345388c5478
gaba_potentiation|snare_cooperativity|nca_block|glucl_potentiation,3000.0,331,75.0,0.9166666666666666,1.515625,0.4988888888888889,54788ddcf622669910f9f6738d8b84167346a3e80f96c1982c26d345388c5478
gaba_potentiation|snare_cooperativity|nca_block|glucl_potentiation,3000.0,443,75.0,0.9791666666666666,1.0338541666666667,0.4440277777777778,54788ddcf622669910f9f6738d8b84167346a3e80f96c1982c26d345388c5478
gaba_potentiation|snare_cooperativity|nca_block|glucl_potentiation,1000.0,219,75.0,0.6666666666666666,2.5625,0.7594444444444445,54788ddcf622669910f9f6738d8b84167346a3e80f96c1982c26d345388c5478
gaba_potentiation|snare_cooperativity|nca_block|glucl_potentiation,1000.0,331,75.0,0.7083333333333334,2.4947916666666665,0.7461111111111111,54788ddcf622669910f9f6738d8b84167346a3e80f96c1982c26d345388c5478
gaba_potentiation|snare_cooperativity|nca_block|glucl_potentiation,1000.0,443,75.0,0.7916666666666666,2.0234375,0.6798611111111111,54788ddcf622669910f9f6738d8b84167346a3e80f96c1982c26d345388c5478
gaba_potentiation|snare_cooperativity|nca_block|glucl_potentiation,3000.0,42,75.0,0.9583333333333334,1.2994791666666667,0.48097222222222225,54788ddcf622669910f9f6738d8b84167346a3e80f96c1982c26d345388c5478
gaba_potentiation|nca_block|nachr_antagonism|glucl_potentiation,10.0,42,75.0,0.0,23.005208333333332,7.1809722222222225,54788ddcf622669910f9f6738d8b84167346a3e80f96c1982c26d345388c5478
gaba_potentiation|nca_block|nachr_antagonism|glucl_potentiation,10.0,137,75.0,0.0,22.171875,6.990138888888889,54788ddcf622669910f9f6738d8b84167346a3e80f96c1982c26d345388c5478
gaba_potentiation|nca_block|nachr_antagonism|glucl_potentiation,10.0,219,75.0,0.0,22.864583333333332,7.190138888888889,54788ddcf622669910f9f6738d8b84167346a3e80f96c1982c26d345388c5478
gaba_potentiation|nca_block|nachr_antagonism|glucl_potentiation,10.0,331,75.0,0.0,22.25,6.98875,54788ddcf622669910f9f6738d8b84167346a3e80f96c1982c26d345388c5478
gaba_potentiation|snare_cooperativity|nca_block|glucl_potentiation,30.0,331,75.0,0.0,19.6953125,6.07,54788ddcf622669910f9f6738d8b84167346a3e80f96c1982c26d345388c5478
gaba_potentiation|snare_cooperativity|nca_block|glucl_potentiation,30.0,443,75.0,0.0,20.3984375,6.268888888888889,54788ddcf622669910f9f6738d8b84167346a3e80f96c1982c26d345388c5478
gaba_potentiation|snare_cooperativity|nca_block|glucl_potentiation,100.0,42,75.0,0.0,13.903645833333334,4.133611111111111,54788ddcf622669910f9f6738d8b84167346a3e80f96c1982c26d345388c5478
gaba_potentiation|snare_cooperativity|nca_block|glucl_potentiation,100.0,137,75.0,0.0,13.1328125,3.933472222222222,54788ddcf622669910f9f6738d8b84167346a3e80f96c1982c26d345388c5478
gaba_potentiation|snare_cooperativity|nca_block|glucl_potentiation,10.0,443,75.0,0.0,22.643229166666668,7.065555555555555,54788ddcf622669910f9f6738d8b84167346a3e80f96c1982c26d345388c5478
gaba_potentiation|snare_cooperativity|nca_block|glucl_potentiation,30.0,42,75.0,0.0,19.799479166666668,6.0929166666666665,54788ddcf622669910f9f6738d8b84167346a3e80f96c1982c26d345388c5478
gaba_potentiation|snare_cooperativity|nca_block|glucl_potentiation,30.0,137,75.0,0.0,19.244791666666668,5.978472222222222,54788ddcf622669910f9f6738d8b84167346a3e80f96c1982c26d345388c5478
gaba_potentiation|snare_cooperativity|nca_block|glucl_potentiation,30.0,219,75.0,0.0,20.325520833333332,6.276527777777778,54788ddcf622669910f9f6738d8b84167346a3e80f96c1982c26d345388c5478
gaba_potentiation|snare_cooperativity|nca_block|glucl_potentiation,100.0,219,75.0,0.0,13.658854166666666,4.099027777777778,54788ddcf622669910f9f6738d8b84167346a3e80f96c1982c26d345388c5478
gaba_potentiation|snare_cooperativity|nca_block|glucl_potentiation,100.0,331,75.0,0.0,13.697916666666666,4.099166666666667,54788ddcf622669910f9f6738d8b84167346a3e80f96c1982c26d345388c5478
gaba_potentiation|snare_cooperativity|nca_block|glucl_potentiation,100.0,443,75.0,0.0,14.088541666666666,4.184722222222222,54788ddcf622669910f9f6738d8b84167346a3e80f96c1982c26d345388c5478
gaba_potentiation|snare_cooperativity|nca_block|glucl_potentiation,200.0,42,75.0,0.0,9.2109375,2.640972222222222,54788ddcf622669910f9f6738d8b84167346a3e80f96c1982c26d345388c5478
gaba_potentiation|snare_cooperativity|nca_block|glucl_potentiation,200.0,137,75.0,0.041666666666666664,8.768229166666666,2.549861111111111,54788ddcf622669910f9f6738d8b84167346a3e80f96c1982c26d345388c5478
gaba_potentiation|snare_cooperativity|nca_block|glucl_potentiation,200.0,219,75.0,0.0,9.682291666666666,2.7776388888888888,54788ddcf622669910f9f6738d8b84167346a3e80f96c1982c26d345388c5478
gaba_potentiation|snare_cooperativity|nca_block|glucl_potentiation,200.0,331,75.0,0.020833333333333332,9.231770833333334,2.6502777777777777,54788ddcf622669910f9f6738d8b84167346a3e80f96c1982c26d345388c5478
gaba_potentiation|snare_cooperativity|nca_block|glucl_potentiation,200.0,443,75.0,0.0,9.408854166666666,2.712083333333333,54788ddcf622669910f9f6738d8b84167346a3e80f96c1982c26d345388c5478
gaba_potentiation|snare_cooperativity|nca_block|glucl_potentiation,350.0,443,75.0,0.08333333333333333,5.572916666666667,1.5990277777777777,54788ddcf622669910f9f6738d8b84167346a3e80f96c1982c26d345388c5478
gaba_potentiation|snare_cooperativity|nca_block|glucl_potentiation,500.0,42,75.0,0.20833333333333334,4.354166666666667,1.1972222222222222,54788ddcf622669910f9f6738d8b84167346a3e80f96c1982c26d345388c5478
gaba_potentiation|snare_cooperativity|nca_block|glucl_potentiation,500.0,137,75.0,0.3541666666666667,4.044270833333333,1.1780555555555556,54788ddcf622669910f9f6738d8b84167346a3e80f96c1982c26d345388c5478
gaba_potentiation|snare_cooperativity|nca_block|glucl_potentiation,500.0,219,75.0,0.16666666666666666,4.348958333333333,1.2393055555555557,54788ddcf622669910f9f6738d8b84167346a3e80f96c1982c26d345388c5478
gaba_potentiation|snare_cooperativity|nca_block|glucl_potentiation,500.0,331,75.0,0.2708333333333333,4.458333333333333,1.2380555555555555,54788ddcf622669910f9f6738d8b84167346a3e80f96c1982c26d345388c5478
gaba_potentiation|snare_cooperativity|nca_block|glucl_potentiation,500.0,443,75.0,0.2916666666666667,4.153645833333333,1.1980555555555557,54788ddcf622669910f9f6738d8b84167346a3e80f96c1982c26d345388c5478
gaba_potentiation|snare_cooperativity|nca_block|glucl_potentiation,1000.0,42,75.0,0.6041666666666666,2.546875,0.7351388888888889,54788ddcf622669910f9f6738d8b84167346a3e80f96c1982c26d345388c5478
gaba_potentiation|snare_cooperativity|nca_block|glucl_potentiation,1000.0,137,75.0,0.7291666666666666,2.3697916666666665,0.7209722222222222,54788ddcf622669910f9f6738d8b84167346a3e80f96c1982c26d345388c5478
gaba_potentiation|nca_block|nachr_antagonism|glucl_potentiation,100.0,219,75.0,0.0,17.450520833333332,5.416111111111111,54788ddcf622669910f9f6738d8b84167346a3e80f96c1982c26d345388c5478
gaba_potentiation|nca_block|nachr_antagonism|glucl_potentiation,100.0,331,75.0,0.0,16.0859375,5.010555555555555,54788ddcf622669910f9f6738d8b84167346a3e80f96c1982c26d345388c5478
gaba_potentiation|nca_block|nachr_antagonism|glucl_potentiation,100.0,443,75.0,0.0,16.752604166666668,5.179166666666666,54788ddcf622669910f9f6738d8b84167346a3e80f96c1982c26d345388c5478
gaba_potentiation|nca_block|nachr_antagonism|glucl_potentiation,200.0,42,75.0,0.0,13.252604166666666,4.0697222222222225,54788ddcf622669910f9f6738d8b84167346a3e80f96c1982c26d345388c5478
gaba_potentiation|nca_block|nachr_antagonism|glucl_potentiation,200.0,137,75.0,0.0,12.5,3.856388888888889,54788ddcf622669910f9f6738d8b84167346a3e80f96c1982c26d345388c5478
gaba_potentiation|nca_block|nachr_antagonism|glucl_potentiation,200.0,219,75.0,0.0,13.565104166666666,4.1755555555555555,54788ddcf622669910f9f6738d8b84167346a3e80f96c1982c26d345388c5478
gaba_potentiation|nca_block|nachr_antagonism|glucl_potentiation,200.0,331,75.0,0.020833333333333332,13.315104166666666,4.097916666666666,54788ddcf622669910f9f6738d8b84167346a3e80f96c1982c26d345388c5478
gaba_potentiation|nca_block|nachr_antagonism|glucl_potentiation,200.0,443,75.0,0.0,13.294270833333334,4.067916666666667,54788ddcf622669910f9f6738d8b84167346a3e80f96c1982c26d345388c5478
gaba_potentiation|nca_block|nachr_antagonism|glucl_potentiation,350.0,42,75.0,0.0,10.7265625,3.247777777777778,54788ddcf622669910f9f6738d8b84167346a3e80f96c1982c26d345388c5478
gaba_potentiation|nca_block|nachr_antagonism|glucl_potentiation,350.0,137,75.0,0.0,9.934895833333334,3.027222222222222,54788ddcf622669910f9f6738d8b84167346a3e80f96c1982c26d345388c5478
gaba_potentiation|nca_block|nachr_antagonism|glucl_potentiation,350.0,219,75.0,0.0,11.127604166666666,3.3706944444444447,54788ddcf622669910f9f6738d8b84167346a3e80f96c1982c26d345388c5478
gaba_potentiation|nca_block|nachr_antagonism|glucl_potentiation,350.0,331,75.0,0.020833333333333332,10.546875,3.1975,54788ddcf622669910f9f6738d8b84167346a3e80f96c1982c26d345388c5478
gaba_potentiation|nca_block|nachr_antagonism|glucl_potentiation,350.0,443,75.0,0.0,10.005208333333334,3.0495833333333335,54788ddcf622669910f9f6738d8b84167346a3e80f96c1982c26d345388c5478
gaba_potentiation|nca_block|nachr_antagonism|glucl_potentiation,500.0,42,75.0,0.0,9.356770833333334,2.807638888888889,54788ddcf622669910f9f6738d8b84167346a3e80f96c1982c26d345388c5478
gaba_potentiation|nca_block|nachr_antagonism|glucl_potentiation,500.0,137,75.0,0.041666666666666664,8.591145833333334,2.5997222222222223,54788ddcf622669910f9f6738d8b84167346a3e80f96c1982c26d345388c5478
gaba_potentiation|nca_block|nachr_antagonism|glucl_potentiation,500.0,219,75.0,0.0,9.5,2.8691666666666666,54788ddcf622669910f9f6738d8b84167346a3e80f96c1982c26d345388c5478
gaba_potentiation|nca_block|nachr_antagonism|glucl_potentiation,10.0,443,75.0,0.0,23.127604166666668,7.253472222222222,54788ddcf622669910f9f6738d8b84167346a3e80f96c1982c26d345388c5478
gaba_potentiation|nca_block|nachr_antagonism|glucl_potentiation,30.0,42,75.0,0.0,21.276041666666668,6.61125,54788ddcf622669910f9f6738d8b84167346a3e80f96c1982c26d345388c5478
gaba_potentiation|nca_block|nachr_antagonism|glucl_potentiation,30.0,137,75.0,0.0,19.885416666666668,6.287638888888889,54788ddcf622669910f9f6738d8b84167346a3e80f96c1982c26d345388c5478
gaba_potentiation|nca_block|nachr_antagonism|glucl_potentiation,30.0,219,75.0,0.0,21.34375,6.701805555555556,54788ddcf622669910f9f6738d8b84167346a3e80f96c1982c26d345388c5478
gaba_potentiation|nca_block|nachr_antagonism|glucl_potentiation,30.0,331,75.0,0.0,20.669270833333332,6.46625,54788ddcf622669910f9f6738d8b84167346a3e80f96c1982c26d345388c5478
gaba_potentiation|nca_block|nachr_antagonism|glucl_potentiation,30.0,443,75.0,0.0,21.658854166666668,6.7508333333333335,54788ddcf622669910f9f6738d8b84167346a3e80f96c1982c26d345388c5478
gaba_potentiation|nca_block|nachr_antagonism|glucl_potentiation,100.0,42,75.0,0.0,17.002604166666668,5.241944444444444,54788ddcf622669910f9f6738d8b84167346a3e80f96c1982c26d345388c5478
gaba_potentiation|nca_block|nachr_antagonism|glucl_potentiation,100.0,137,75.0,0.0,16.127604166666668,5.0313888888888885,54788ddcf622669910f9f6738d8b84167346a3e80f96c1982c26d345388c5478
k2p_potentiation|complex_i_block|snare_cooperativity|nca_block,100.0,219,75.0,0.0,12.3046875,3.6326388888888888,54788ddcf622669910f9f6738d8b84167346a3e80f96c1982c26d345388c5478
k2p_potentiation|complex_i_block|snare_cooperativity|nca_block,100.0,331,75.0,0.0,11.651041666666666,3.4768055555555555,54788ddcf622669910f9f6738d8b84167346a3e80f96c1982c26d345388c5478
k2p_potentiation|complex_i_block|snare_cooperativity|nca_block,100.0,443,75.0,0.0,12.059895833333334,3.5618055555555554,54788ddcf622669910f9f6738d8b84167346a3e80f96c1982c26d345388c5478
k2p_potentiation|complex_i_block|snare_cooperativity|nca_block,200.0,42,75.0,0.020833333333333332,7.221354166666667,2.0494444444444446,54788ddcf622669910f9f6738d8b84167346a3e80f96c1982c26d345388c5478
gaba_potentiation|nca_block|nachr_antagonism|glucl_potentiation,500.0,331,75.0,0.020833333333333332,9.3046875,2.796111111111111,54788ddcf622669910f9f6738d8b84167346a3e80f96c1982c26d345388c5478
gaba_potentiation|nca_block|nachr_antagonism|glucl_potentiation,500.0,443,75.0,0.0,8.416666666666666,2.5741666666666667,54788ddcf622669910f9f6738d8b84167346a3e80f96c1982c26d345388c5478
gaba_potentiation|nca_block|nachr_antagonism|glucl_potentiation,1000.0,42,75.0,0.041666666666666664,7.364583333333333,2.17875,54788ddcf622669910f9f6738d8b84167346a3e80f96c1982c26d345388c5478
gaba_potentiation|nca_block|nachr_antagonism|glucl_potentiation,1000.0,137,75.0,0.14583333333333334,6.557291666666667,1.9722222222222223,54788ddcf622669910f9f6738d8b84167346a3e80f96c1982c26d345388c5478
gaba_potentiation|nca_block|nachr_antagonism|glucl_potentiation,1000.0,219,75.0,0.041666666666666664,7.421875,2.2176388888888887,54788ddcf622669910f9f6738d8b84167346a3e80f96c1982c26d345388c5478
gaba_potentiation|nca_block|nachr_antagonism|glucl_potentiation,1000.0,331,75.0,0.041666666666666664,6.794270833333333,2.02,54788ddcf622669910f9f6738d8b84167346a3e80f96c1982c26d345388c5478
gaba_potentiation|nca_block|nachr_antagonism|glucl_potentiation,1000.0,443,75.0,0.08333333333333333,6.268229166666667,1.9313888888888888,54788ddcf622669910f9f6738d8b84167346a3e80f96c1982c26d345388c5478
gaba_potentiation|nca_block|nachr_antagonism|glucl_potentiation,3000.0,42,75.0,0.16666666666666666,5.627604166666667,1.6327777777777779,54788ddcf622669910f9f6738d8b84167346a3e80f96c1982c26d345388c5478
k2p_potentiation|complex_i_block|snare_cooperativity|nca_block,200.0,137,75.0,0.020833333333333332,6.934895833333333,1.978888888888889,54788ddcf622669910f9f6738d8b84167346a3e80f96c1982c26d345388c5478
k2p_potentiation|complex_i_block|snare_cooperativity|nca_block,200.0,219,75.0,0.041666666666666664,7.190104166666667,2.075138888888889,54788ddcf622669910f9f6738d8b84167346a3e80f96c1982c26d345388c5478
k2p_potentiation|complex_i_block|snare_cooperativity|nca_block,200.0,331,75.0,0.041666666666666664,7.2734375,2.050972222222222,54788ddcf622669910f9f6738d8b84167346a3e80f96c1982c26d345388c5478
k2p_potentiation|complex_i_block|snare_cooperativity|nca_block,200.0,443,75.0,0.041666666666666664,6.958333333333333,2.0069444444444446,54788ddcf622669910f9f6738d8b84167346a3e80f96c1982c26d345388c5478
gaba_potentiation|nca_block|nachr_antagonism|glucl_potentiation,3000.0,137,75.0,0.16666666666666666,5.322916666666667,1.5804166666666666,54788ddcf622669910f9f6738d8b84167346a3e80f96c1982c26d345388c5478
gaba_potentiation|nca_block|nachr_antagonism|glucl_potentiation,3000.0,219,75.0,0.16666666666666666,5.71875,1.6848611111111111,54788ddcf622669910f9f6738d8b84167346a3e80f96c1982c26d345388c5478
gaba_potentiation|nca_block|nachr_antagonism|glucl_potentiation,3000.0,331,75.0,0.14583333333333334,5.447916666666667,1.6131944444444444,54788ddcf622669910f9f6738d8b84167346a3e80f96c1982c26d345388c5478
gaba_potentiation|nca_block|nachr_antagonism|glucl_potentiation,3000.0,443,75.0,0.2708333333333333,4.5078125,1.3890277777777778,54788ddcf622669910f9f6738d8b84167346a3e80f96c1982c26d345388c5478
k2p_potentiation|complex_i_block|snare_cooperativity|nca_block,350.0,42,75.0,0.20833333333333334,4.434895833333333,1.2043055555555555,54788ddcf622669910f9f6738d8b84167346a3e80f96c1982c26d345388c5478
k2p_potentiation|complex_i_block|snare_cooperativity|nca_block,350.0,137,75.0,0.2916666666666667,3.8723958333333335,1.1030555555555555,54788ddcf622669910f9f6738d8b84167346a3e80f96c1982c26d345388c5478
k2p_potentiation|complex_i_block|snare_cooperativity|nca_block,350.0,219,75.0,0.16666666666666666,4.486979166666667,1.2425,54788ddcf622669910f9f6738d8b84167346a3e80f96c1982c26d345388c5478
k2p_potentiation|complex_i_block|snare_cooperativity|nca_block,350.0,331,75.0,0.20833333333333334,4.505208333333333,1.2265277777777779,54788ddcf622669910f9f6738d8b84167346a3e80f96c1982c26d345388c5478
k2p_potentiation|complex_i_block|snare_cooperativity|nca_block,10.0,42,75.0,0.0,21.955729166666668,6.8156944444444445,54788ddcf622669910f9f6738d8b84167346a3e80f96c1982c26d345388c5478
k2p_potentiation|complex_i_block|snare_cooperativity|nca_block,10.0,137,75.0,0.0,21.015625,6.626111111111111,54788ddcf622669910f9f6738d8b84167346a3e80f96c1982c26d345388c5478
k2p_potentiation|complex_i_block|snare_cooperativity|nca_block,10.0,219,75.0,0.0,22.114583333333332,6.921111111111111,54788ddcf622669910f9f6738d8b84167346a3e80f96c1982c26d345388c5478
k2p_potentiation|complex_i_block|snare_cooperativity|nca_block,10.0,331,75.0,0.0,21.533854166666668,6.717222222222222,54788ddcf622669910f9f6738d8b84167346a3e80f96c1982c26d345388c5478
k2p_potentiation|complex_i_block|snare_cooperativity|nca_block,350.0,443,75.0,0.4166666666666667,3.7447916666666665,1.0911111111111111,54788ddcf622669910f9f6738d8b84167346a3e80f96c1982c26d345388c5478
k2p_potentiation|complex_i_block|snare_cooperativity|nca_block,500.0,42,75.0,0.5,3.0,0.8320833333333333,54788ddcf622669910f9f6738d8b84167346a3e80f96c1982c26d345388c5478
k2p_potentiation|complex_i_block|snare_cooperativity|nca_block,500.0,137,75.0,0.5,2.8020833333333335,0.8004166666666667,54788ddcf622669910f9f6738d8b84167346a3e80f96c1982c26d345388c5478
k2p_potentiation|complex_i_block|snare_cooperativity|nca_block,500.0,219,75.0,0.5,2.96875,0.8479166666666667,54788ddcf622669910f9f6738d8b84167346a3e80f96c1982c26d345388c5478
k2p_potentiation|complex_i_block|snare_cooperativity|nca_block,10.0,443,75.0,0.0,22.325520833333332,6.953611111111111,54788ddcf622669910f9f6738d8b84167346a3e80f96c1982c26d345388c5478
k2p_potentiation|complex_i_block|snare_cooperativity|nca_block,30.0,42,75.0,0.0,18.533854166666668,5.715138888888889,54788ddcf622669910f9f6738d8b84167346a3e80f96c1982c26d345388c5478
k2p_potentiation|complex_i_block|snare_cooperativity|nca_block,30.0,137,75.0,0.0,17.997395833333332,5.589444444444444,54788ddcf622669910f9f6738d8b84167346a3e80f96c1982c26d345388c5478
k2p_potentiation|complex_i_block|snare_cooperativity|nca_block,30.0,219,75.0,0.0,19.252604166666668,5.943194444444444,54788ddcf622669910f9f6738d8b84167346a3e80f96c1982c26d345388c5478
k2p_potentiation|complex_i_block|snare_cooperativity|nca_block,30.0,331,75.0,0.0,18.356770833333332,5.668611111111111,54788ddcf622669910f9f6738d8b84167346a3e80f96c1982c26d345388c5478
k2p_potentiation|complex_i_block|snare_cooperativity|nca_block,30.0,443,75.0,0.0,19.4765625,5.968333333333334,54788ddcf622669910f9f6738d8b84167346a3e80f96c1982c26d345388c5478
k2p_potentiation|complex_i_block|snare_cooperativity|nca_block,100.0,42,75.0,0.0,11.859375,3.495833333333333,54788ddcf622669910f9f6738d8b84167346a3e80f96c1982c26d345388c5478
k2p_potentiation|complex_i_block|snare_cooperativity|nca_block,100.0,137,75.0,0.0,11.208333333333334,3.35375,54788ddcf622669910f9f6738d8b84167346a3e80f96c1982c26d345388c5478
k2p_potentiation|complex_i_block|snare_cooperativity|nca_block,3000.0,137,75.0,1.0,0.7473958333333334,0.2875,54788ddcf622669910f9f6738d8b84167346a3e80f96c1982c26d345388c5478
k2p_potentiation|complex_i_block|snare_cooperativity|nca_block,3000.0,219,75.0,0.9791666666666666,0.828125,0.31319444444444444,54788ddcf622669910f9f6738d8b84167346a3e80f96c1982c26d345388c5478
k2p_potentiation|complex_i_block|snare_cooperativity|nca_block,3000.0,331,75.0,1.0,0.890625,0.3223611111111111,54788ddcf622669910f9f6738d8b84167346a3e80f96c1982c26d345388c5478
k2p_potentiation|complex_i_block|snare_cooperativity|nca_block,3000.0,443,75.0,1.0,0.46875,0.27569444444444446,54788ddcf622669910f9f6738d8b84167346a3e80f96c1982c26d345388c5478
k2p_potentiation|complex_i_block|snare_cooperativity|nca_block,500.0,331,75.0,0.5416666666666666,3.1770833333333335,0.8673611111111111,54788ddcf622669910f9f6738d8b84167346a3e80f96c1982c26d345388c5478
k2p_potentiation|complex_i_block|snare_cooperativity|nca_block,500.0,443,75.0,0.6458333333333334,2.4088541666666665,0.7401388888888889,54788ddcf622669910f9f6738d8b84167346a3e80f96c1982c26d345388c5478
k2p_potentiation|complex_i_block|snare_cooperativity|nca_block,1000.0,42,75.0,0.875,1.5833333333333333,0.48875,54788ddcf622669910f9f6738d8b84167346a3e80f96c1982c26d345388c5478
k2p_potentiation|complex_i_block|snare_cooperativity|nca_block,1000.0,137,75.0,0.9375,1.3020833333333333,0.43430555555555556,54788ddcf622669910f9f6738d8b84167346a3e80f96c1982c26d345388c5478
k2p_potentiation|complex_i_block|nca_block|nachr_antagonism,30.0,331,75.0,0.0,19.546875,6.114722222222222,54788ddcf622669910f9f6738d8b84167346a3e80f96c1982c26d345388c5478
k2p_potentiation|complex_i_block|nca_block|nachr_antagonism,30.0,443,75.0,0.0,20.591145833333332,6.393194444444444,54788ddcf622669910f9f6738d8b84167346a3e80f96c1982c26d345388c5478
k2p_potentiation|complex_i_block|nca_block|nachr_antagonism,100.0,42,75.0,0.0,14.744791666666666,4.527361111111111,54788ddcf622669910f9f6738d8b84167346a3e80f96c1982c26d345388c5478
k2p_potentiation|complex_i_block|nca_block|nachr_antagonism,100.0,137,75.0,0.0,13.6015625,4.230555555555555,54788ddcf622669910f9f6738d8b84167346a3e80f96c1982c26d345388c5478
k2p_potentiation|complex_i_block|nca_block|nachr_antagonism,200.0,137,75.0,0.0,9.9140625,3.0172222222222222,54788ddcf622669910f9f6738d8b84167346a3e80f96c1982c26d345388c5478
k2p_potentiation|complex_i_block|nca_block|nachr_antagonism,200.0,219,75.0,0.0,11.111979166666666,3.3605555555555555,54788ddcf622669910f9f6738d8b84167346a3e80f96c1982c26d345388c5478
k2p_potentiation|complex_i_block|nca_block|nachr_antagonism,200.0,331,75.0,0.020833333333333332,10.515625,3.1831944444444447,54788ddcf622669910f9f6738d8b84167346a3e80f96c1982c26d345388c5478
k2p_potentiation|complex_i_block|nca_block|nachr_antagonism,200.0,443,75.0,0.0,9.966145833333334,3.0366666666666666,54788ddcf622669910f9f6738d8b84167346a3e80f96c1982c26d345388c5478
k2p_potentiation|complex_i_block|nca_block|nachr_antagonism,350.0,443,75.0,0.08333333333333333,7.205729166666667,2.207361111111111,54788ddcf622669910f9f6738d8b84167346a3e80f96c1982c26d345388c5478
k2p_potentiation|complex_i_block|nca_block|nachr_antagonism,500.0,42,75.0,0.08333333333333333,6.625,1.9461111111111111,54788ddcf622669910f9f6738d8b84167346a3e80f96c1982c26d345388c5478
k2p_potentiation|complex_i_block|nca_block|nachr_antagonism,500.0,137,75.0,0.125,5.955729166666667,1.7831944444444445,54788ddcf622669910f9f6738d8b84167346a3e80f96c1982c26d345388c5478
k2p_potentiation|complex_i_block|nca_block|nachr_antagonism,500.0,219,75.0,0.0625,6.692708333333333,1.9856944444444444,54788ddcf622669910f9f6738d8b84167346a3e80f96c1982c26d345388c5478
k2p_potentiation|complex_i_block|snare_cooperativity|nca_block,1000.0,219,75.0,0.8333333333333334,1.6927083333333333,0.5122222222222222,54788ddcf622669910f9f6738d8b84167346a3e80f96c1982c26d345388c5478
k2p_potentiation|complex_i_block|snare_cooperativity|nca_block,1000.0,331,75.0,0.9166666666666666,1.6171875,0.4880555555555556,54788ddcf622669910f9f6738d8b84167346a3e80f96c1982c26d345388c5478
k2p_potentiation|complex_i_block|snare_cooperativity|nca_block,1000.0,443,75.0,0.9583333333333334,1.0729166666666667,0.42291666666666666,54788ddcf622669910f9f6738d8b84167346a3e80f96c1982c26d345388c5478
k2p_potentiation|complex_i_block|snare_cooperativity|nca_block,3000.0,42,75.0,0.9791666666666666,0.7135416666666666,0.3063888888888889,54788ddcf622669910f9f6738d8b84167346a3e80f96c1982c26d345388c5478
k2p_potentiation|complex_i_block|nca_block|nachr_antagonism,3000.0,137,75.0,0.5416666666666666,3.1510416666666665,0.9208333333333333,54788ddcf622669910f9f6738d8b84167346a3e80f96c1982c26d345388c5478
k2p_potentiation|complex_i_block|nca_block|nachr_antagonism,3000.0,219,75.0,0.4791666666666667,3.4088541666666665,0.9920833333333333,54788ddcf622669910f9f6738d8b84167346a3e80f96c1982c26d345388c5478
k2p_potentiation|complex_i_block|nca_block|nachr_antagonism,3000.0,331,75.0,0.4166666666666667,3.484375,0.9969444444444444,54788ddcf622669910f9f6738d8b84167346a3e80f96c1982c26d345388c5478
k2p_potentiation|complex_i_block|nca_block|nachr_antagonism,3000.0,443,75.0,0.6458333333333334,2.3333333333333335,0.7440277777777777,54788ddcf622669910f9f6738d8b84167346a3e80f96c1982c26d345388c5478
k2p_potentiation|complex_i_block|nca_block|nachr_antagonism,10.0,42,75.0,0.0,22.578125,7.051944444444445,54788ddcf622669910f9f6738d8b84167346a3e80f96c1982c26d345388c5478
k2p_potentiation|complex_i_block|nca_block|nachr_antagonism,10.0,137,75.0,0.0,21.575520833333332,6.8036111111111115,54788ddcf622669910f9f6738d8b84167346a3e80f96c1982c26d345388c5478
k2p_potentiation|complex_i_block|nca_block|nachr_antagonism,10.0,219,75.0,0.0,22.291666666666668,7.012777777777778,54788ddcf622669910f9f6738d8b84167346a3e80f96c1982c26d345388c5478
k2p_potentiation|complex_i_block|nca_block|nachr_antagonism,10.0,331,75.0,0.0,21.950520833333332,6.889722222222222,54788ddcf622669910f9f6738d8b84167346a3e80f96c1982c26d345388c5478
k2p_potentiation|complex_i_block|nca_block|nachr_antagonism,10.0,443,75.0,0.0,22.729166666666668,7.127638888888889,54788ddcf622669910f9f6738d8b84167346a3e80f96c1982c26d345388c5478
k2p_potentiation|complex_i_block|nca_block|nachr_antagonism,30.0,42,75.0,0.0,20.080729166666668,6.238333333333333,54788ddcf622669910f9f6738d8b84167346a3e80f96c1982c26d345388c5478
k2p_potentiation|complex_i_block|nca_block|nachr_antagonism,30.0,137,75.0,0.0,19.0703125,5.980972222222222,54788ddcf622669910f9f6738d8b84167346a3e80f96c1982c26d345388c5478
k2p_potentiation|complex_i_block|nca_block|nachr_antagonism,30.0,219,75.0,0.0,20.28125,6.374583333333334,54788ddcf622669910f9f6738d8b84167346a3e80f96c1982c26d345388c5478
k2p_potentiation|complex_i_block|nca_block|nachr_antagonism,100.0,219,75.0,0.0,15.151041666666666,4.65,54788ddcf622669910f9f6738d8b84167346a3e80f96c1982c26d345388c5478
k2p_potentiation|complex_i_block|nca_block|nachr_antagonism,100.0,331,75.0,0.0,13.994791666666666,4.342638888888889,54788ddcf622669910f9f6738d8b84167346a3e80f96c1982c26d345388c5478
k2p_potentiation|complex_i_block|nca_block|nachr_antagonism,100.0,443,75.0,0.0,14.557291666666666,4.476388888888889,54788ddcf622669910f9f6738d8b84167346a3e80f96c1982c26d345388c5478
k2p_potentiation|complex_i_block|nca_block|nachr_antagonism,200.0,42,75.0,0.0,10.716145833333334,3.2422222222222223,54788ddcf622669910f9f6738d8b84167346a3e80f96c1982c26d345388c5478
k2p_potentiation|complex_i_block|nca_block|nachr_antagonism,350.0,42,75.0,0.020833333333333332,8.033854166666666,2.3968055555555554,54788ddcf622669910f9f6738d8b84167346a3e80f96c1982c26d345388c5478
k2p_potentiation|complex_i_block|nca_block|nachr_antagonism,350.0,137,75.0,0.08333333333333333,7.565104166666667,2.276111111111111,54788ddcf622669910f9f6738d8b84167346a3e80f96c1982c26d345388c5478
k2p_potentiation|complex_i_block|nca_block|nachr_antagonism,350.0,219,75.0,0.020833333333333332,8.359375,2.503888888888889,54788ddcf622669910f9f6738d8b84167346a3e80f96c1982c26d345388c5478
k2p_potentiation|complex_i_block|nca_block|nachr_antagonism,350.0,331,75.0,0.020833333333333332,7.791666666666667,2.3315277777777776,54788ddcf622669910f9f6738d8b84167346a3e80f96c1982c26d345388c5478
k2p_potentiation|complex_i_block|nca_block|glucl_potentiation,10.0,443,75.0,0.0,22.744791666666668,7.136111111111111,54788ddcf622669910f9f6738d8b84167346a3e80f96c1982c26d345388c5478
k2p_potentiation|complex_i_block|nca_block|glucl_potentiation,30.0,42,75.0,0.0,20.096354166666668,6.256944444444445,54788ddcf622669910f9f6738d8b84167346a3e80f96c1982c26d345388c5478
k2p_potentiation|complex_i_block|nca_block|glucl_potentiation,30.0,137,75.0,0.0,19.450520833333332,6.105277777777777,54788ddcf622669910f9f6738d8b84167346a3e80f96c1982c26d345388c5478
k2p_potentiation|complex_i_block|nca_block|glucl_potentiation,30.0,219,75.0,0.0,20.684895833333332,6.481388888888889,54788ddcf622669910f9f6738d8b84167346a3e80f96c1982c26d345388c5478
k2p_potentiation|complex_i_block|nca_block|nachr_antagonism,500.0,331,75.0,0.041666666666666664,6.388020833333333,1.888611111111111,54788ddcf622669910f9f6738d8b84167346a3e80f96c1982c26d345388c5478
k2p_potentiation|complex_i_block|nca_block|nachr_antagonism,500.0,443,75.0,0.14583333333333334,5.231770833333333,1.6304166666666666,54788ddcf622669910f9f6738d8b84167346a3e80f96c1982c26d345388c5478
k2p_potentiation|complex_i_block|nca_block|nachr_antagonism,1000.0,42,75.0,0.2708333333333333,4.856770833333333,1.3954166666666667,54788ddcf622669910f9f6738d8b84167346a3e80f96c1982c26d345388c5478
k2p_potentiation|complex_i_block|nca_block|nachr_antagonism,1000.0,137,75.0,0.25,4.3671875,1.2922222222222222,54788ddcf622669910f9f6738d8b84167346a3e80f96c1982c26d345388c5478
k2p_potentiation|complex_i_block|nca_block|glucl_potentiation,30.0,331,75.0,0.0,20.0546875,6.269444444444445,54788ddcf622669910f9f6738d8b84167346a3e80f96c1982c26d345388c5478
k2p_potentiation|complex_i_block|nca_block|glucl_potentiation,30.0,443,75.0,0.0,20.979166666666668,6.504305555555556,54788ddcf622669910f9f6738d8b84167346a3e80f96c1982c26d345388c5478
k2p_potentiation|complex_i_block|nca_block|glucl_potentiation,100.0,42,75.0,0.0,15.270833333333334,4.695277777777778,54788ddcf622669910f9f6738d8b84167346a3e80f96c1982c26d345388c5478
k2p_potentiation|complex_i_block|nca_block|glucl_potentiation,100.0,137,75.0,0.0,14.296875,4.428055555555556,54788ddcf622669910f9f6738d8b84167346a3e80f96c1982c26d345388c5478
k2p_potentiation|complex_i_block|nca_block|glucl_potentiation,100.0,219,75.0,0.0,15.591145833333334,4.791666666666667,54788ddcf622669910f9f6738d8b84167346a3e80f96c1982c26d345388c5478
k2p_potentiation|complex_i_block|nca_block|glucl_potentiation,100.0,331,75.0,0.0,14.4921875,4.50125,54788ddcf622669910f9f6738d8b84167346a3e80f96c1982c26d345388c5478
k2p_potentiation|complex_i_block|nca_block|glucl_potentiation,100.0,443,75.0,0.0,14.932291666666666,4.597777777777778,54788ddcf622669910f9f6738d8b84167346a3e80f96c1982c26d345388c5478
k2p_potentiation|complex_i_block|nca_block|glucl_potentiation,200.0,42,75.0,0.0,11.2421875,3.4097222222222223,54788ddcf622669910f9f6738d8b84167346a3e80f96c1982c26d345388c5478
k2p_potentiation|complex_i_block|nca_block|nachr_antagonism,1000.0,219,75.0,0.22916666666666666,4.880208333333333,1.4348611111111111,54788ddcf622669910f9f6738d8b84167346a3e80f96c1982c26d345388c5478
k2p_potentiation|complex_i_block|nca_block|nachr_antagonism,1000.0,331,75.0,0.20833333333333334,4.671875,1.3684722222222223,54788ddcf622669910f9f6738d8b84167346a3e80f96c1982c26d345388c5478
k2p_potentiation|complex_i_block|nca_block|nachr_antagonism,1000.0,443,75.0,0.3333333333333333,3.7447916666666665,1.1616666666666666,54788ddcf622669910f9f6738d8b84167346a3e80f96c1982c26d345388c5478
k2p_potentiation|complex_i_block|nca_block|nachr_antagonism,3000.0,42,75.0,0.4375,3.484375,0.9926388888888888,54788ddcf622669910f9f6738d8b84167346a3e80f96c1982c26d345388c5478
k2p_potentiation|complex_i_block|nca_block|glucl_potentiation,350.0,42,75.0,0.0,8.75,2.608611111111111,54788ddcf622669910f9f6738d8b84167346a3e80f96c1982c26d345388c5478
k2p_potentiation|complex_i_block|nca_block|glucl_potentiation,350.0,137,75.0,0.08333333333333333,7.8984375,2.397361111111111,54788ddcf622669910f9f6738d8b84167346a3e80f96c1982c26d345388c5478
k2p_potentiation|complex_i_block|nca_block|glucl_potentiation,350.0,219,75.0,0.0,8.6875,2.6279166666666667,54788ddcf622669910f9f6738d8b84167346a3e80f96c1982c26d345388c5478
k2p_potentiation|complex_i_block|nca_block|glucl_potentiation,350.0,331,75.0,0.020833333333333332,8.408854166666666,2.523888888888889,54788ddcf622669910f9f6738d8b84167346a3e80f96c1982c26d345388c5478
k2p_potentiation|complex_i_block|nca_block|glucl_potentiation,10.0,42,75.0,0.0,22.638020833333332,7.070555555555556,54788ddcf622669910f9f6738d8b84167346a3e80f96c1982c26d345388c5478
k2p_potentiation|complex_i_block|nca_block|glucl_potentiation,10.0,137,75.0,0.0,21.8125,6.8654166666666665,54788ddcf622669910f9f6738d8b84167346a3e80f96c1982c26d345388c5478
k2p_potentiation|complex_i_block|nca_block|glucl_potentiation,10.0,219,75.0,0.0,22.4375,7.056805555555556,54788ddcf622669910f9f6738d8b84167346a3e80f96c1982c26d345388c5478
k2p_potentiation|complex_i_block|nca_block|glucl_potentiation,10.0,331,75.0,0.0,22.078125,6.929305555555556,54788ddcf622669910f9f6738d8b84167346a3e80f96c1982c26d345388c5478
k2p_potentiation|complex_i_block|nca_block|glucl_potentiation,200.0,137,75.0,0.0,10.520833333333334,3.216388888888889,54788ddcf622669910f9f6738d8b84167346a3e80f96c1982c26d345388c5478
k2p_potentiation|complex_i_block|nca_block|glucl_potentiation,200.0,219,75.0,0.0,11.658854166666666,3.5406944444444446,54788ddcf622669910f9f6738d8b84167346a3e80f96c1982c26d345388c5478
k2p_potentiation|complex_i_block|nca_block|glucl_potentiation,200.0,331,75.0,0.020833333333333332,11.119791666666666,3.3804166666666666,54788ddcf622669910f9f6738d8b84167346a3e80f96c1982c26d345388c5478
k2p_potentiation|complex_i_block|nca_block|glucl_potentiation,200.0,443,75.0,0.0,10.846354166666666,3.31125,54788ddcf622669910f9f6738d8b84167346a3e80f96c1982c26d345388c5478
k2p_potentiation|snare_cooperativity|nca_block|nachr_antagonism,10.0,42,75.0,0.0,22.419270833333332,6.949166666666667,54788ddcf622669910f9f6738d8b84167346a3e80f96c1982c26d345388c5478
k2p_potentiation|snare_cooperativity|nca_block|nachr_antagonism,10.0,137,75.0,0.0,21.489583333333332,6.758472222222222,54788ddcf622669910f9f6738d8b84167346a3e80f96c1982c26d345388c5478
k2p_potentiation|snare_cooperativity|nca_block|nachr_antagonism,10.0,219,75.0,0.0,22.466145833333332,7.025972222222222,54788ddcf622669910f9f6738d8b84167346a3e80f96c1982c26d345388c5478
k2p_potentiation|snare_cooperativity|nca_block|nachr_antagonism,10.0,331,75.0,0.0,21.856770833333332,6.81875,54788ddcf622669910f9f6738d8b84167346a3e80f96c1982c26d345388c5478
k2p_potentiation|snare_cooperativity|nca_block|nachr_antagonism,30.0,331,75.0,0.0,19.580729166666668,6.020416666666667,54788ddcf622669910f9f6738d8b84167346a3e80f96c1982c26d345388c5478
k2p_potentiation|snare_cooperativity|nca_block|nachr_antagonism,30.0,443,75.0,0.0,19.833333333333332,6.104166666666667,54788ddcf622669910f9f6738d8b84167346a3e80f96c1982c26d345388c5478
k2p_potentiation|snare_cooperativity|nca_block|nachr_antagonism,100.0,42,75.0,0.0,13.2578125,3.930972222222222,54788ddcf622669910f9f6738d8b84167346a3e80f96c1982c26d345388c5478
k2p_potentiation|snare_cooperativity|nca_block|nachr_antagonism,100.0,137,75.0,0.0,12.533854166666666,3.7544444444444443,54788ddcf622669910f9f6738d8b84167346a3e80f96c1982c26d345388c5478
k2p_potentiation|snare_cooperativity|nca_block|nachr_antagonism,100.0,219,75.0,0.0,12.963541666666666,3.8831944444444444,54788ddcf622669910f9f6738d8b84167346a3e80f96c1982c26d345388c5478
k2p_potentiation|snare_cooperativity|nca_block|nachr_antagonism,100.0,331,75.0,0.0,13.002604166666666,3.8783333333333334,54788ddcf622669910f9f6738d8b84167346a3e80f96c1982c26d345388c5478
k2p_potentiation|snare_cooperativity|nca_block|nachr_antagonism,100.0,443,75.0,0.0,13.302083333333334,3.9454166666666666,54788ddcf622669910f9f6738d8b84167346a3e80f96c1982c26d345388c5478
k2p_potentiation|snare_cooperativity|nca_block|nachr_antagonism,200.0,42,75.0,0.0,8.658854166666666,2.4672222222222224,54788ddcf622669910f9f6738d8b84167346a3e80f96c1982c26d345388c5478
k2p_potentiation|complex_i_block|nca_block|glucl_potentiation,350.0,443,75.0,0.0,7.684895833333333,2.357083333333333,54788ddcf622669910f9f6738d8b84167346a3e80f96c1982c26d345388c5478
k2p_potentiation|complex_i_block|nca_block|glucl_potentiation,500.0,42,75.0,0.041666666666666664,7.377604166666667,2.179027777777778,54788ddcf622669910f9f6738d8b84167346a3e80f96c1982c26d345388c5478
k2p_potentiation|complex_i_block|nca_block|glucl_potentiation,500.0,137,75.0,0.14583333333333334,6.567708333333333,1.9727777777777777,54788ddcf622669910f9f6738d8b84167346a3e80f96c1982c26d345388c5478
k2p_potentiation|complex_i_block|nca_block|glucl_potentiation,500.0,219,75.0,0.041666666666666664,7.361979166666667,2.1998611111111113,54788ddcf622669910f9f6738d8b84167346a3e80f96c1982c26d345388c5478
k2p_potentiation|complex_i_block|nca_block|glucl_potentiation,500.0,331,75.0,0.041666666666666664,6.684895833333333,1.98625,54788ddcf622669910f9f6738d8b84167346a3e80f96c1982c26d345388c5478
k2p_potentiation|complex_i_block|nca_block|glucl_potentiation,500.0,443,75.0,0.08333333333333333,6.197916666666667,1.9123611111111112,54788ddcf622669910f9f6738d8b84167346a3e80f96c1982c26d345388c5478
k2p_potentiation|complex_i_block|nca_block|glucl_potentiation,1000.0,42,75.0,0.1875,5.395833333333333,1.562638888888889,54788ddcf622669910f9f6738d8b84167346a3e80f96c1982c26d345388c5478
k2p_potentiation|complex_i_block|nca_block|glucl_potentiation,1000.0,137,75.0,0.20833333333333334,4.9453125,1.4645833333333333,54788ddcf622669910f9f6738d8b84167346a3e80f96c1982c26d345388c5478
k2p_potentiation|complex_i_block|nca_block|glucl_potentiation,1000.0,219,75.0,0.20833333333333334,5.388020833333333,1.5918055555555555,54788ddcf622669910f9f6738d8b84167346a3e80f96c1982c26d345388c5478
k2p_potentiation|complex_i_block|nca_block|glucl_potentiation,1000.0,331,75.0,0.1875,5.161458333333333,1.5205555555555557,54788ddcf622669910f9f6738d8b84167346a3e80f96c1982c26d345388c5478
k2p_potentiation|complex_i_block|nca_block|glucl_potentiation,1000.0,443,75.0,0.2708333333333333,4.171875,1.292361111111111,54788ddcf622669910f9f6738d8b84167346a3e80f96c1982c26d345388c5478
k2p_potentiation|complex_i_block|nca_block|glucl_potentiation,3000.0,42,75.0,0.375,3.8515625,1.1020833333333333,54788ddcf622669910f9f6738d8b84167346a3e80f96c1982c26d345388c5478
k2p_potentiation|complex_i_block|nca_block|glucl_potentiation,3000.0,137,75.0,0.3958333333333333,3.5911458333333335,1.0555555555555556,54788ddcf622669910f9f6738d8b84167346a3e80f96c1982c26d345388c5478
k2p_potentiation|complex_i_block|nca_block|glucl_potentiation,3000.0,219,75.0,0.375,3.9609375,1.15625,54788ddcf622669910f9f6738d8b84167346a3e80f96c1982c26d345388c5478
k2p_potentiation|complex_i_block|nca_block|glucl_potentiation,3000.0,331,75.0,0.3333333333333333,3.7890625,1.103888888888889,54788ddcf622669910f9f6738d8b84167346a3e80f96c1982c26d345388c5478
k2p_potentiation|complex_i_block|nca_block|glucl_potentiation,3000.0,443,75.0,0.5416666666666666,2.8046875,0.8856944444444445,54788ddcf622669910f9f6738d8b84167346a3e80f96c1982c26d345388c5478
k2p_potentiation|snare_cooperativity|nca_block|nachr_antagonism,350.0,42,75.0,0.0625,5.377604166666667,1.4777777777777779,54788ddcf622669910f9f6738d8b84167346a3e80f96c1982c26d345388c5478
k2p_potentiation|snare_cooperativity|nca_block|nachr_antagonism,350.0,137,75.0,0.22916666666666666,4.927083333333333,1.4230555555555555,54788ddcf622669910f9f6738d8b84167346a3e80f96c1982c26d345388c5478
k2p_potentiation|snare_cooperativity|nca_block|nachr_antagonism,350.0,219,75.0,0.10416666666666667,5.4921875,1.5473611111111112,54788ddcf622669910f9f6738d8b84167346a3e80f96c1982c26d345388c5478
k2p_potentiation|snare_cooperativity|nca_block|nachr_antagonism,350.0,331,75.0,0.08333333333333333,5.466145833333333,1.5159722222222223,54788ddcf622669910f9f6738d8b84167346a3e80f96c1982c26d345388c5478
k2p_potentiation|snare_cooperativity|nca_block|nachr_antagonism,10.0,443,75.0,0.0,22.5390625,7.033611111111111,54788ddcf622669910f9f6738d8b84167346a3e80f96c1982c26d345388c5478
k2p_potentiation|snare_cooperativity|nca_block|nachr_antagonism,30.0,42,75.0,0.0,19.697916666666668,6.057222222222222,54788ddcf622669910f9f6738d8b84167346a3e80f96c1982c26d345388c5478
k2p_potentiation|snare_cooperativity|nca_block|nachr_antagonism,30.0,137,75.0,0.0,18.614583333333332,5.8005555555555555,54788ddcf622669910f9f6738d8b84167346a3e80f96c1982c26d345388c5478
k2p_potentiation|snare_cooperativity|nca_block|nachr_antagonism,30.0,219,75.0,0.0,19.919270833333332,6.14625,54788ddcf622669910f9f6738d8b84167346a3e80f96c1982c26d345388c5478
k2p_potentiation|snare_cooperativity|nca_block|nachr_antagonism,200.0,137,75.0,0.041666666666666664,8.010416666666666,2.3159722222222223,54788ddcf622669910f9f6738d8b84167346a3e80f96c1982c26d345388c5478
k2p_potentiation|snare_cooperativity|nca_block|nachr_antagonism,200.0,219,75.0,0.020833333333333332,8.75,2.50375,54788ddcf622669910f9f6738d8b84167346a3e80f96c1982c26d345388c5478
k2p_potentiation|snare_cooperativity|nca_block|nachr_antagonism,200.0,331,75.0,0.020833333333333332,8.721354166666666,2.4891666666666667,54788ddcf622669910f9f6738d8b84167346a3e80f96c1982c26d345388c5478
k2p_potentiation|snare_cooperativity|nca_block|nachr_antagonism,200.0,443,75.0,0.020833333333333332,8.708333333333334,2.4856944444444444,54788ddcf622669910f9f6738d8b84167346a3e80f96c1982c26d345388c5478
k2p_potentiation|snare_cooperativity|nca_block|nachr_antagonism,1000.0,219,75.0,0.7291666666666666,2.3203125,0.68625,54788ddcf622669910f9f6738d8b84167346a3e80f96c1982c26d345388c5478
k2p_potentiation|snare_cooperativity|nca_block|nachr_antagonism,1000.0,331,75.0,0.7916666666666666,2.1614583333333335,0.6520833333333333,54788ddcf622669910f9f6738d8b84167346a3e80f96c1982c26d345388c5478
k2p_potentiation|snare_cooperativity|nca_block|nachr_antagonism,1000.0,443,75.0,0.8958333333333334,1.6354166666666667,0.5831944444444445,54788ddcf622669910f9f6738d8b84167346a3e80f96c1982c26d345388c5478
k2p_potentiation|snare_cooperativity|nca_block|nachr_antagonism,3000.0,42,75.0,0.9791666666666666,1.1458333333333333,0.43083333333333335,54788ddcf622669910f9f6738d8b84167346a3e80f96c1982c26d345388c5478
k2p_potentiation|snare_cooperativity|nca_block|nachr_antagonism,3000.0,137,75.0,1.0,1.0234375,0.39805555555555555,54788ddcf622669910f9f6738d8b84167346a3e80f96c1982c26d345388c5478
k2p_potentiation|snare_cooperativity|nca_block|nachr_antagonism,3000.0,219,75.0,0.875,1.2760416666666667,0.4559722222222222,54788ddcf622669910f9f6738d8b84167346a3e80f96c1982c26d345388c5478
k2p_potentiation|snare_cooperativity|nca_block|nachr_antagonism,3000.0,331,75.0,0.9791666666666666,1.2890625,0.4401388888888889,54788ddcf622669910f9f6738d8b84167346a3e80f96c1982c26d345388c5478
k2p_potentiation|snare_cooperativity|nca_block|nachr_antagonism,3000.0,443,75.0,0.9791666666666666,0.7864583333333334,0.3813888888888889,54788ddcf622669910f9f6738d8b84167346a3e80f96c1982c26d345388c5478
k2p_potentiation|snare_cooperativity|nca_block|glucl_potentiation,10.0,42,75.0,0.0,22.5234375,6.985555555555556,54788ddcf622669910f9f6738d8b84167346a3e80f96c1982c26d345388c5478
k2p_potentiation|snare_cooperativity|nca_block|glucl_potentiation,10.0,137,75.0,0.0,21.5703125,6.7825,54788ddcf622669910f9f6738d8b84167346a3e80f96c1982c26d345388c5478
k2p_potentiation|snare_cooperativity|nca_block|glucl_potentiation,10.0,219,75.0,0.0,22.5,7.040555555555556,54788ddcf622669910f9f6738d8b84167346a3e80f96c1982c26d345388c5478
k2p_potentiation|snare_cooperativity|nca_block|glucl_potentiation,10.0,331,75.0,0.0,21.932291666666668,6.846666666666667,54788ddcf622669910f9f6738d8b84167346a3e80f96c1982c26d345388c5478
k2p_potentiation|snare_cooperativity|nca_block|nachr_antagonism,350.0,443,75.0,0.08333333333333333,5.197916666666667,1.4872222222222222,54788ddcf622669910f9f6738d8b84167346a3e80f96c1982c26d345388c5478
k2p_potentiation|snare_cooperativity|nca_block|nachr_antagonism,500.0,42,75.0,0.2916666666666667,3.9088541666666665,1.0755555555555556,54788ddcf622669910f9f6738d8b84167346a3e80f96c1982c26d345388c5478
k2p_potentiation|snare_cooperativity|nca_block|nachr_antagonism,500.0,137,75.0,0.3958333333333333,3.640625,1.0468055555555555,54788ddcf622669910f9f6738d8b84167346a3e80f96c1982c26d345388c5478
k2p_potentiation|snare_cooperativity|nca_block|nachr_antagonism,500.0,219,75.0,0.2916666666666667,3.7994791666666665,1.0894444444444444,54788ddcf622669910f9f6738d8b84167346a3e80f96c1982c26d345388c5478
k2p_potentiation|snare_cooperativity|nca_block|glucl_potentiation,350.0,42,75.0,0.020833333333333332,5.666666666666667,1.5715277777777779,54788ddcf622669910f9f6738d8b84167346a3e80f96c1982c26d345388c5478
k2p_potentiation|snare_cooperativity|nca_block|glucl_potentiation,350.0,137,75.0,0.14583333333333334,5.322916666666667,1.5338888888888889,54788ddcf622669910f9f6738d8b84167346a3e80f96c1982c26d345388c5478
k2p_potentiation|snare_cooperativity|nca_block|glucl_potentiation,350.0,219,75.0,0.08333333333333333,5.796875,1.6436111111111111,54788ddcf622669910f9f6738d8b84167346a3e80f96c1982c26d345388c5478
k2p_potentiation|snare_cooperativity|nca_block|glucl_potentiation,350.0,331,75.0,0.0625,5.888020833333333,1.6419444444444444,54788ddcf622669910f9f6738d8b84167346a3e80f96c1982c26d345388c5478
k2p_potentiation|snare_cooperativity|nca_block|nachr_antagonism,500.0,331,75.0,0.2916666666666667,4.013020833333333,1.1109722222222222,54788ddcf622669910f9f6738d8b84167346a3e80f96c1982c26d345388c5478
k2p_potentiation|snare_cooperativity|nca_block|nachr_antagonism,500.0,443,75.0,0.3958333333333333,3.3541666666666665,0.9980555555555556,54788ddcf622669910f9f6738d8b84167346a3e80f96c1982c26d345388c5478
k2p_potentiation|snare_cooperativity|nca_block|nachr_antagonism,1000.0,42,75.0,0.7291666666666666,2.2630208333333335,0.6575,54788ddcf622669910f9f6738d8b84167346a3e80f96c1982c26d345388c5478
k2p_potentiation|snare_cooperativity|nca_block|nachr_antagonism,1000.0,137,75.0,0.8125,1.9348958333333333,0.6188888888888889,54788ddcf622669910f9f6738d8b84167346a3e80f96c1982c26d345388c5478
k2p_potentiation|snare_cooperativity|nca_block|glucl_potentiation,1000.0,219,75.0,0.7083333333333334,2.4947916666666665,0.7431944444444445,54788ddcf622669910f9f6738d8b84167346a3e80f96c1982c26d345388c5478
k2p_potentiation|snare_cooperativity|nca_block|glucl_potentiation,1000.0,331,75.0,0.7083333333333334,2.4583333333333335,0.7331944444444445,54788ddcf622669910f9f6738d8b84167346a3e80f96c1982c26d345388c5478
k2p_potentiation|snare_cooperativity|nca_block|glucl_potentiation,1000.0,443,75.0,0.8125,2.0182291666666665,0.6704166666666667,54788ddcf622669910f9f6738d8b84167346a3e80f96c1982c26d345388c5478
k2p_potentiation|snare_cooperativity|nca_block|glucl_potentiation,3000.0,42,75.0,0.9791666666666666,1.2760416666666667,0.47638888888888886,54788ddcf622669910f9f6738d8b84167346a3e80f96c1982c26d345388c5478
k2p_potentiation|snare_cooperativity|nca_block|glucl_potentiation,3000.0,137,75.0,0.9791666666666666,1.1354166666666667,0.4398611111111111,54788ddcf622669910f9f6738d8b84167346a3e80f96c1982c26d345388c5478
k2p_potentiation|snare_cooperativity|nca_block|glucl_potentiation,3000.0,219,75.0,0.8541666666666666,1.5364583333333333,0.5156944444444445,54788ddcf622669910f9f6738d8b84167346a3e80f96c1982c26d345388c5478
k2p_potentiation|snare_cooperativity|nca_block|glucl_potentiation,3000.0,331,75.0,0.9166666666666666,1.5078125,0.4965277777777778,54788ddcf622669910f9f6738d8b84167346a3e80f96c1982c26d345388c5478
k2p_potentiation|snare_cooperativity|nca_block|glucl_potentiation,3000.0,443,75.0,0.9791666666666666,1.03125,0.44125,54788ddcf622669910f9f6738d8b84167346a3e80f96c1982c26d345388c5478
k2p_potentiation|snare_cooperativity|nca_block|glucl_potentiation,10.0,443,75.0,0.0,22.567708333333332,7.050138888888889,54788ddcf622669910f9f6738d8b84167346a3e80f96c1982c26d345388c5478
k2p_potentiation|snare_cooperativity|nca_block|glucl_potentiation,30.0,42,75.0,0.0,19.791666666666668,6.089583333333334,54788ddcf622669910f9f6738d8b84167346a3e80f96c1982c26d345388c5478
k2p_potentiation|snare_cooperativity|nca_block|glucl_potentiation,30.0,137,75.0,0.0,18.90625,5.882083333333333,54788ddcf622669910f9f6738d8b84167346a3e80f96c1982c26d345388c5478
k2p_potentiation|snare_cooperativity|nca_block|glucl_potentiation,30.0,219,75.0,0.0,20.299479166666668,6.259722222222222,54788ddcf622669910f9f6738d8b84167346a3e80f96c1982c26d345388c5478
k2p_potentiation|nca_block|nachr_antagonism|glucl_potentiation,10.0,42,75.0,0.0,22.9375,7.159861111111111,54788ddcf622669910f9f6738d8b84167346a3e80f96c1982c26d345388c5478
k2p_potentiation|nca_block|nachr_antagonism|glucl_potentiation,10.0,137,75.0,0.0,22.036458333333332,6.945694444444444,54788ddcf622669910f9f6738d8b84167346a3e80f96c1982c26d345388c5478
k2p_potentiation|nca_block|nachr_antagonism|glucl_potentiation,10.0,219,75.0,0.0,22.765625,7.157777777777778,54788ddcf622669910f9f6738d8b84167346a3e80f96c1982c26d345388c5478
k2p_potentiation|nca_block|nachr_antagonism|glucl_potentiation,10.0,331,75.0,0.0,22.192708333333332,6.969305555555556,54788ddcf622669910f9f6738d8b84167346a3e80f96c1982c26d345388c5478
k2p_potentiation|snare_cooperativity|nca_block|glucl_potentiation,30.0,331,75.0,0.0,19.6171875,6.0384722222222225,54788ddcf622669910f9f6738d8b84167346a3e80f96c1982c26d345388c5478
k2p_potentiation|snare_cooperativity|nca_block|glucl_potentiation,30.0,443,75.0,0.0,20.135416666666668,6.186944444444444,54788ddcf622669910f9f6738d8b84167346a3e80f96c1982c26d345388c5478
k2p_potentiation|snare_cooperativity|nca_block|glucl_potentiation,100.0,42,75.0,0.0,13.591145833333334,4.042361111111111,54788ddcf622669910f9f6738d8b84167346a3e80f96c1982c26d345388c5478
k2p_potentiation|snare_cooperativity|nca_block|glucl_potentiation,100.0,137,75.0,0.0,13.013020833333334,3.9029166666666666,54788ddcf622669910f9f6738d8b84167346a3e80f96c1982c26d345388c5478
k2p_potentiation|snare_cooperativity|nca_block|glucl_potentiation,100.0,219,75.0,0.0,13.447916666666666,4.032361111111111,54788ddcf622669910f9f6738d8b84167346a3e80f96c1982c26d345388c5478
k2p_potentiation|snare_cooperativity|nca_block|glucl_potentiation,100.0,331,75.0,0.0,13.372395833333334,4.00875,54788ddcf622669910f9f6738d8b84167346a3e80f96c1982c26d345388c5478
k2p_potentiation|snare_cooperativity|nca_block|glucl_potentiation,100.0,443,75.0,0.0,13.9296875,4.132777777777778,54788ddcf622669910f9f6738d8b84167346a3e80f96c1982c26d345388c5478
k2p_potentiation|snare_cooperativity|nca_block|glucl_potentiation,200.0,42,75.0,0.0,9.1328125,2.6105555555555555,54788ddcf622669910f9f6738d8b84167346a3e80f96c1982c26d345388c5478
k2p_potentiation|snare_cooperativity|nca_block|glucl_potentiation,200.0,137,75.0,0.041666666666666664,8.4609375,2.4619444444444443,54788ddcf622669910f9f6738d8b84167346a3e80f96c1982c26d345388c5478
k2p_potentiation|snare_cooperativity|nca_block|glucl_potentiation,200.0,219,75.0,0.0,9.403645833333334,2.6969444444444446,54788ddcf622669910f9f6738d8b84167346a3e80f96c1982c26d345388c5478
k2p_potentiation|snare_cooperativity|nca_block|glucl_potentiation,200.0,331,75.0,0.020833333333333332,9.09375,2.6031944444444446,54788ddcf622669910f9f6738d8b84167346a3e80f96c1982c26d345388c5478
k2p_potentiation|snare_cooperativity|nca_block|glucl_potentiation,200.0,443,75.0,0.0,9.213541666666666,2.64625,54788ddcf622669910f9f6738d8b84167346a3e80f96c1982c26d345388c5478
k2p_potentiation|snare_cooperativity|nca_block|glucl_potentiation,350.0,443,75.0,0.08333333333333333,5.450520833333333,1.5659722222222223,54788ddcf622669910f9f6738d8b84167346a3e80f96c1982c26d345388c5478
k2p_potentiation|snare_cooperativity|nca_block|glucl_potentiation,500.0,42,75.0,0.20833333333333334,4.330729166666667,1.1820833333333334,54788ddcf622669910f9f6738d8b84167346a3e80f96c1982c26d345388c5478
k2p_potentiation|snare_cooperativity|nca_block|glucl_potentiation,500.0,137,75.0,0.3541666666666667,4.03125,1.1629166666666666,54788ddcf622669910f9f6738d8b84167346a3e80f96c1982c26d345388c5478
k2p_potentiation|snare_cooperativity|nca_block|glucl_potentiation,500.0,219,75.0,0.16666666666666666,4.265625,1.2125,54788ddcf622669910f9f6738d8b84167346a3e80f96c1982c26d345388c5478
k2p_potentiation|nca_block|nachr_antagonism|glucl_potentiation,30.0,331,75.0,0.0,20.619791666666668,6.445972222222222,54788ddcf622669910f9f6738d8b84167346a3e80f96c1982c26d345388c5478
k2p_potentiation|nca_block|nachr_antagonism|glucl_potentiation,30.0,443,75.0,0.0,21.5234375,6.703194444444445,54788ddcf622669910f9f6738d8b84167346a3e80f96c1982c26d345388c5478
k2p_potentiation|nca_block|nachr_antagonism|glucl_potentiation,100.0,42,75.0,0.0,16.71875,5.144722222222223,54788ddcf622669910f9f6738d8b84167346a3e80f96c1982c26d345388c5478
k2p_potentiation|nca_block|nachr_antagonism|glucl_potentiation,100.0,137,75.0,0.0,15.786458333333334,4.915,54788ddcf622669910f9f6738d8b84167346a3e80f96c1982c26d345388c5478
k2p_potentiation|snare_cooperativity|nca_block|glucl_potentiation,500.0,331,75.0,0.25,4.4296875,1.2258333333333333,54788ddcf622669910f9f6738d8b84167346a3e80f96c1982c26d345388c5478
k2p_potentiation|snare_cooperativity|nca_block|glucl_potentiation,500.0,443,75.0,0.375,3.8645833333333335,1.13125,54788ddcf622669910f9f6738d8b84167346a3e80f96c1982c26d345388c5478
k2p_potentiation|snare_cooperativity|nca_block|glucl_potentiation,1000.0,42,75.0,0.6041666666666666,2.5026041666666665,0.7231944444444445,54788ddcf622669910f9f6738d8b84167346a3e80f96c1982c26d345388c5478
k2p_potentiation|snare_cooperativity|nca_block|glucl_potentiation,1000.0,137,75.0,0.7291666666666666,2.34375,0.7125,54788ddcf622669910f9f6738d8b84167346a3e80f96c1982c26d345388c5478
k2p_potentiation|nca_block|nachr_antagonism|glucl_potentiation,200.0,137,75.0,0.0,12.2578125,3.7781944444444444,54788ddcf622669910f9f6738d8b84167346a3e80f96c1982c26d345388c5478
k2p_potentiation|nca_block|nachr_antagonism|glucl_potentiation,200.0,219,75.0,0.0,13.440104166666666,4.119861111111111,54788ddcf622669910f9f6738d8b84167346a3e80f96c1982c26d345388c5478
k2p_potentiation|nca_block|nachr_antagonism|glucl_potentiation,200.0,331,75.0,0.020833333333333332,12.958333333333334,3.9877777777777776,54788ddcf622669910f9f6738d8b84167346a3e80f96c1982c26d345388c5478
k2p_potentiation|nca_block|nachr_antagonism|glucl_potentiation,200.0,443,75.0,0.0,12.940104166666666,3.9568055555555555,54788ddcf622669910f9f6738d8b84167346a3e80f96c1982c26d345388c5478
k2p_potentiation|nca_block|nachr_antagonism|glucl_potentiation,350.0,42,75.0,0.0,10.427083333333334,3.155972222222222,54788ddcf622669910f9f6738d8b84167346a3e80f96c1982c26d345388c5478
k2p_potentiation|nca_block|nachr_antagonism|glucl_potentiation,350.0,137,75.0,0.020833333333333332,9.791666666666666,2.9791666666666665,54788ddcf622669910f9f6738d8b84167346a3e80f96c1982c26d345388c5478
k2p_potentiation|nca_block|nachr_antagonism|glucl_potentiation,350.0,219,75.0,0.0,11.122395833333334,3.352361111111111,54788ddcf622669910f9f6738d8b84167346a3e80f96c1982c26d345388c5478
k2p_potentiation|nca_block|nachr_antagonism|glucl_potentiation,350.0,331,75.0,0.020833333333333332,10.4375,3.1518055555555557,54788ddcf622669910f9f6738d8b84167346a3e80f96c1982c26d345388c5478
k2p_potentiation|nca_block|nachr_antagonism|glucl_potentiation,500.0,331,75.0,0.020833333333333332,9.138020833333334,2.745833333333333,54788ddcf622669910f9f6738d8b84167346a3e80f96c1982c26d345388c5478
k2p_potentiation|nca_block|nachr_antagonism|glucl_potentiation,500.0,443,75.0,0.0,8.25,2.5252777777777777,54788ddcf622669910f9f6738d8b84167346a3e80f96c1982c26d345388c5478
k2p_potentiation|nca_block|nachr_antagonism|glucl_potentiation,1000.0,42,75.0,0.041666666666666664,7.341145833333333,2.1620833333333334,54788ddcf622669910f9f6738d8b84167346a3e80f96c1982c26d345388c5478
k2p_potentiation|nca_block|nachr_antagonism|glucl_potentiation,1000.0,137,75.0,0.14583333333333334,6.455729166666667,1.9416666666666667,54788ddcf622669910f9f6738d8b84167346a3e80f96c1982c26d345388c5478
k2p_potentiation|nca_block|nachr_antagonism|glucl_potentiation,10.0,443,75.0,0.0,23.002604166666668,7.2131944444444445,54788ddcf622669910f9f6738d8b84167346a3e80f96c1982c26d345388c5478
k2p_potentiation|nca_block|nachr_antagonism|glucl_potentiation,30.0,42,75.0,0.0,21.020833333333332,6.531805555555556,54788ddcf622669910f9f6738d8b84167346a3e80f96c1982c26d345388c5478
k2p_potentiation|nca_block|nachr_antagonism|glucl_potentiation,30.0,137,75.0,0.0,19.854166666666668,6.26375,54788ddcf622669910f9f6738d8b84167346a3e80f96c1982c26d345388c5478
k2p_potentiation|nca_block|nachr_antagonism|glucl_potentiation,30.0,219,75.0,0.0,21.234375,6.6625,54788ddcf622669910f9f6738d8b84167346a3e80f96c1982c26d345388c5478
k2p_potentiation|nca_block|nachr_antagonism|glucl_potentiation,100.0,219,75.0,0.0,17.1015625,5.29,54788ddcf622669910f9f6738d8b84167346a3e80f96c1982c26d345388c5478
k2p_potentiation|nca_block|nachr_antagonism|glucl_potentiation,100.0,331,75.0,0.0,15.830729166666666,4.929722222222222,54788ddcf622669910f9f6738d8b84167346a3e80f96c1982c26d345388c5478
k2p_potentiation|nca_block|nachr_antagonism|glucl_potentiation,100.0,443,75.0,0.0,16.1953125,5.015416666666667,54788ddcf622669910f9f6738d8b84167346a3e80f96c1982c26d345388c5478
k2p_potentiation|nca_block|nachr_antagonism|glucl_potentiation,200.0,42,75.0,0.0,13.078125,4.005972222222222,54788ddcf622669910f9f6738d8b84167346a3e80f96c1982c26d345388c5478
complex_i_block|snare_cooperativity|nca_block|nachr_antagonism,30.0,331,75.0,0.0,18.4609375,5.699166666666667,54788ddcf622669910f9f6738d8b84167346a3e80f96c1982c26d345388c5478
complex_i_block|snare_cooperativity|nca_block|nachr_antagonism,30.0,443,75.0,0.0,19.5625,5.993194444444445,54788ddcf622669910f9f6738d8b84167346a3e80f96c1982c26d345388c5478
complex_i_block|snare_cooperativity|nca_block|nachr_antagonism,100.0,42,75.0,0.0,11.916666666666666,3.5116666666666667,54788ddcf622669910f9f6738d8b84167346a3e80f96c1982c26d345388c5478
complex_i_block|snare_cooperativity|nca_block|nachr_antagonism,100.0,137,75.0,0.0,11.169270833333334,3.34875,54788ddcf622669910f9f6738d8b84167346a3e80f96c1982c26d345388c5478
complex_i_block|snare_cooperativity|nca_block|nachr_antagonism,200.0,137,75.0,0.020833333333333332,7.0390625,2.0106944444444443,54788ddcf622669910f9f6738d8b84167346a3e80f96c1982c26d345388c5478
complex_i_block|snare_cooperativity|nca_block|nachr_antagonism,200.0,219,75.0,0.041666666666666664,7.223958333333333,2.086527777777778,54788ddcf622669910f9f6738d8b84167346a3e80f96c1982c26d345388c5478
complex_i_block|snare_cooperativity|nca_block|nachr_antagonism,200.0,331,75.0,0.020833333333333332,7.473958333333333,2.1069444444444443,54788ddcf622669910f9f6738d8b84167346a3e80f96c1982c26d345388c5478
complex_i_block|snare_cooperativity|nca_block|nachr_antagonism,200.0,443,75.0,0.041666666666666664,7.044270833333333,2.026527777777778,54788ddcf622669910f9f6738d8b84167346a3e80f96c1982c26d345388c5478
k2p_potentiation|nca_block|nachr_antagonism|glucl_potentiation,350.0,443,75.0,0.0,9.768229166666666,2.984722222222222,54788ddcf622669910f9f6738d8b84167346a3e80f96c1982c26d345388c5478
k2p_potentiation|nca_block|nachr_antagonism|glucl_potentiation,500.0,42,75.0,0.0,9.2109375,2.7593055555555557,54788ddcf622669910f9f6738d8b84167346a3e80f96c1982c26d345388c5478
k2p_potentiation|nca_block|nachr_antagonism|glucl_potentiation,500.0,137,75.0,0.041666666666666664,8.46875,2.564722222222222,54788ddcf622669910f9f6738d8b84167346a3e80f96c1982c26d345388c5478
k2p_potentiation|nca_block|nachr_antagonism|glucl_potentiation,500.0,219,75.0,0.0,9.122395833333334,2.7593055555555557,54788ddcf622669910f9f6738d8b84167346a3e80f96c1982c26d345388c5478
k2p_potentiation|nca_block|nachr_antagonism|glucl_potentiation,1000.0,219,75.0,0.041666666666666664,7.307291666666667,2.18375,54788ddcf622669910f9f6738d8b84167346a3e80f96c1982c26d345388c5478
k2p_potentiation|nca_block|nachr_antagonism|glucl_potentiation,1000.0,331,75.0,0.041666666666666664,6.677083333333333,1.9819444444444445,54788ddcf622669910f9f6738d8b84167346a3e80f96c1982c26d345388c5478
k2p_potentiation|nca_block|nachr_antagonism|glucl_potentiation,1000.0,443,75.0,0.10416666666666667,6.098958333333333,1.8822222222222222,54788ddcf622669910f9f6738d8b84167346a3e80f96c1982c26d345388c5478
k2p_potentiation|nca_block|nachr_antagonism|glucl_potentiation,3000.0,42,75.0,0.16666666666666666,5.520833333333333,1.6018055555555555,54788ddcf622669910f9f6738d8b84167346a3e80f96c1982c26d345388c5478
k2p_potentiation|nca_block|nachr_antagonism|glucl_potentiation,3000.0,137,75.0,0.16666666666666666,5.2734375,1.5633333333333332,54788ddcf622669910f9f6738d8b84167346a3e80f96c1982c26d345388c5478
k2p_potentiation|nca_block|nachr_antagonism|glucl_potentiation,3000.0,219,75.0,0.1875,5.703125,1.681111111111111,54788ddcf622669910f9f6738d8b84167346a3e80f96c1982c26d345388c5478
k2p_potentiation|nca_block|nachr_antagonism|glucl_potentiation,3000.0,331,75.0,0.14583333333333334,5.442708333333333,1.6090277777777777,54788ddcf622669910f9f6738d8b84167346a3e80f96c1982c26d345388c5478
k2p_potentiation|nca_block|nachr_antagonism|glucl_potentiation,3000.0,443,75.0,0.2708333333333333,4.3515625,1.3456944444444445,54788ddcf622669910f9f6738d8b84167346a3e80f96c1982c26d345388c5478
complex_i_block|snare_cooperativity|nca_block|nachr_antagonism,10.0,42,75.0,0.0,22.057291666666668,6.844861111111111,54788ddcf622669910f9f6738d8b84167346a3e80f96c1982c26d345388c5478
complex_i_block|snare_cooperativity|nca_block|nachr_antagonism,10.0,137,75.0,0.0,21.078125,6.643472222222222,54788ddcf622669910f9f6738d8b84167346a3e80f96c1982c26d345388c5478
complex_i_block|snare_cooperativity|nca_block|nachr_antagonism,10.0,219,75.0,0.0,22.1171875,6.922361111111111,54788ddcf622669910f9f6738d8b84167346a3e80f96c1982c26d345388c5478
complex_i_block|snare_cooperativity|nca_block|nachr_antagonism,10.0,331,75.0,0.0,21.541666666666668,6.7179166666666665,54788ddcf622669910f9f6738d8b84167346a3e80f96c1982c26d345388c5478
complex_i_block|snare_cooperativity|nca_block|nachr_antagonism,350.0,42,75.0,0.20833333333333334,4.481770833333333,1.2129166666666666,54788ddcf622669910f9f6738d8b84167346a3e80f96c1982c26d345388c5478
complex_i_block|snare_cooperativity|nca_block|nachr_antagonism,350.0,137,75.0,0.2916666666666667,3.9505208333333335,1.1245833333333333,54788ddcf622669910f9f6738d8b84167346a3e80f96c1982c26d345388c5478
complex_i_block|snare_cooperativity|nca_block|nachr_antagonism,350.0,219,75.0,0.14583333333333334,4.575520833333333,1.2620833333333332,54788ddcf622669910f9f6738d8b84167346a3e80f96c1982c26d345388c5478
complex_i_block|snare_cooperativity|nca_block|nachr_antagonism,350.0,331,75.0,0.20833333333333334,4.53125,1.2351388888888888,54788ddcf622669910f9f6738d8b84167346a3e80f96c1982c26d345388c5478
complex_i_block|snare_cooperativity|nca_block|nachr_antagonism,350.0,443,75.0,0.375,3.8567708333333335,1.1180555555555556,54788ddcf622669910f9f6738d8b84167346a3e80f96c1982c26d345388c5478
complex_i_block|snare_cooperativity|nca_block|nachr_antagonism,500.0,42,75.0,0.4583333333333333,3.046875,0.8411111111111111,54788ddcf622669910f9f6738d8b84167346a3e80f96c1982c26d345388c5478
complex_i_block|snare_cooperativity|nca_block|nachr_antagonism,500.0,137,75.0,0.5,2.8020833333333335,0.8027777777777778,54788ddcf622669910f9f6738d8b84167346a3e80f96c1982c26d345388c5478
complex_i_block|snare_cooperativity|nca_block|nachr_antagonism,500.0,219,75.0,0.4791666666666667,3.0,0.8554166666666667,54788ddcf622669910f9f6738d8b84167346a3e80f96c1982c26d345388c5478
complex_i_block|snare_cooperativity|nca_block|nachr_antagonism,10.0,443,75.0,0.0,22.322916666666668,6.954444444444444,54788ddcf622669910f9f6738d8b84167346a3e80f96c1982c26d345388c5478
complex_i_block|snare_cooperativity|nca_block|nachr_antagonism,30.0,42,75.0,0.0,18.606770833333332,5.7434722222222225,54788ddcf622669910f9f6738d8b84167346a3e80f96c1982c26d345388c5478
complex_i_block|snare_cooperativity|nca_block|nachr_antagonism,30.0,137,75.0,0.0,17.927083333333332,5.579166666666667,54788ddcf622669910f9f6738d8b84167346a3e80f96c1982c26d345388c5478
complex_i_block|snare_cooperativity|nca_block|nachr_antagonism,30.0,219,75.0,0.0,19.265625,5.947916666666667,54788ddcf622669910f9f6738d8b84167346a3e80f96c1982c26d345388c5478
complex_i_block|snare_cooperativity|nca_block|nachr_antagonism,100.0,219,75.0,0.0,12.432291666666666,3.6659722222222224,54788ddcf622669910f9f6738d8b84167346a3e80f96c1982c26d345388c5478
complex_i_block|snare_cooperativity|nca_block|nachr_antagonism,100.0,331,75.0,0.0,11.796875,3.51625,54788ddcf622669910f9f6738d8b84167346a3e80f96c1982c26d345388c5478
complex_i_block|snare_cooperativity|nca_block|nachr_antagonism,100.0,443,75.0,0.0,12.122395833333334,3.578888888888889,54788ddcf622669910f9f6738d8b84167346a3e80f96c1982c26d345388c5478
complex_i_block|snare_cooperativity|nca_block|nachr_antagonism,200.0,42,75.0,0.0,7.302083333333333,2.075,54788ddcf622669910f9f6738d8b84167346a3e80f96c1982c26d345388c5478
complex_i_block|snare_cooperativity|nca_block|nachr_antagonism,3000.0,137,75.0,1.0,0.7526041666666666,0.28833333333333333,54788ddcf622669910f9f6738d8b84167346a3e80f96c1982c26d345388c5478
complex_i_block|snare_cooperativity|nca_block|nachr_antagonism,3000.0,219,75.0,0.9791666666666666,0.828125,0.3134722222222222,54788ddcf622669910f9f6738d8b84167346a3e80f96c1982c26d345388c5478
complex_i_block|snare_cooperativity|nca_block|nachr_antagonism,3000.0,331,75.0,1.0,0.8932291666666666,0.32319444444444445,54788ddcf622669910f9f6738d8b84167346a3e80f96c1982c26d345388c5478
complex_i_block|snare_cooperativity|nca_block|nachr_antagonism,3000.0,443,75.0,1.0,0.46875,0.2758333333333333,54788ddcf622669910f9f6738d8b84167346a3e80f96c1982c26d345388c5478
complex_i_block|snare_cooperativity|nca_block|glucl_potentiation,10.0,42,75.0,0.0,22.1640625,6.8758333333333335,54788ddcf622669910f9f6738d8b84167346a3e80f96c1982c26d345388c5478
complex_i_block|snare_cooperativity|nca_block|glucl_potentiation,10.0,137,75.0,0.0,21.3203125,6.7122222222222225,54788ddcf622669910f9f6738d8b84167346a3e80f96c1982c26d345388c5478
complex_i_block|snare_cooperativity|nca_block|glucl_potentiation,10.0,219,75.0,0.0,22.2265625,6.957222222222223,54788ddcf622669910f9f6738d8b84167346a3e80f96c1982c26d345388c5478
complex_i_block|snare_cooperativity|nca_block|glucl_potentiation,10.0,331,75.0,0.0,21.5390625,6.721111111111111,54788ddcf622669910f9f6738d8b84167346a3e80f96c1982c26d345388c5478
complex_i_block|snare_cooperativity|nca_block|nachr_antagonism,500.0,331,75.0,0.5416666666666666,3.2135416666666665,0.8769444444444444,54788ddcf622669910f9f6738d8b84167346a3e80f96c1982c26d345388c5478
complex_i_block|snare_cooperativity|nca_block|nachr_antagonism,500.0,443,75.0,0.6458333333333334,2.4036458333333335,0.7422222222222222,54788ddcf622669910f9f6738d8b84167346a3e80f96c1982c26d345388c5478
complex_i_block|snare_cooperativity|nca_block|nachr_antagonism,1000.0,42,75.0,0.875,1.625,0.4961111111111111,54788ddcf622669910f9f6738d8b84167346a3e80f96c1982c26d345388c5478
complex_i_block|snare_cooperativity|nca_block|nachr_antagonism,1000.0,137,75.0,0.9375,1.3072916666666667,0.4354166666666667,54788ddcf622669910f9f6738d8b84167346a3e80f96c1982c26d345388c5478
complex_i_block|snare_cooperativity|nca_block|glucl_potentiation,350.0,443,75.0,0.3125,4.1875,1.221111111111111,54788ddcf622669910f9f6738d8b84167346a3e80f96c1982c26d345388c5478
complex_i_block|snare_cooperativity|nca_block|glucl_potentiation,500.0,42,75.0,0.4166666666666667,3.4166666666666665,0.9345833333333333,54788ddcf622669910f9f6738d8b84167346a3e80f96c1982c26d345388c5478
complex_i_block|snare_cooperativity|nca_block|glucl_potentiation,500.0,137,75.0,0.5,3.1119791666666665,0.8870833333333333,54788ddcf622669910f9f6738d8b84167346a3e80f96c1982c26d345388c5478
complex_i_block|snare_cooperativity|nca_block|glucl_potentiation,500.0,219,75.0,0.4375,3.2942708333333335,0.9358333333333333,54788ddcf622669910f9f6738d8b84167346a3e80f96c1982c26d345388c5478
complex_i_block|snare_cooperativity|nca_block|nachr_antagonism,1000.0,219,75.0,0.8333333333333334,1.6953125,0.5156944444444445,54788ddcf622669910f9f6738d8b84167346a3e80f96c1982c26d345388c5478
complex_i_block|snare_cooperativity|nca_block|nachr_antagonism,1000.0,331,75.0,0.9166666666666666,1.640625,0.49444444444444446,54788ddcf622669910f9f6738d8b84167346a3e80f96c1982c26d345388c5478
complex_i_block|snare_cooperativity|nca_block|nachr_antagonism,1000.0,443,75.0,0.9583333333333334,1.0703125,0.42527777777777775,54788ddcf622669910f9f6738d8b84167346a3e80f96c1982c26d345388c5478
complex_i_block|snare_cooperativity|nca_block|nachr_antagonism,3000.0,42,75.0,0.9791666666666666,0.7135416666666666,0.30680555555555555,54788ddcf622669910f9f6738d8b84167346a3e80f96c1982c26d345388c5478
complex_i_block|snare_cooperativity|nca_block|glucl_potentiation,350.0,42,75.0,0.125,4.755208333333333,1.2977777777777777,54788ddcf622669910f9f6738d8b84167346a3e80f96c1982c26d345388c5478
complex_i_block|snare_cooperativity|nca_block|glucl_potentiation,350.0,137,75.0,0.2708333333333333,4.2109375,1.2020833333333334,54788ddcf622669910f9f6738d8b84167346a3e80f96c1982c26d345388c5478
complex_i_block|snare_cooperativity|nca_block|glucl_potentiation,350.0,219,75.0,0.125,4.875,1.3627777777777779,54788ddcf622669910f9f6738d8b84167346a3e80f96c1982c26d345388c5478
complex_i_block|snare_cooperativity|nca_block|glucl_potentiation,350.0,331,75.0,0.14583333333333334,4.825520833333333,1.3276388888888888,54788ddcf622669910f9f6738d8b84167346a3e80f96c1982c26d345388c5478
complex_i_block|snare_cooperativity|nca_block|glucl_potentiation,3000.0,137,75.0,1.0,0.8385416666666666,0.3233333333333333,54788ddcf622669910f9f6738d8b84167346a3e80f96c1982c26d345388c5478
complex_i_block|snare_cooperativity|nca_block|glucl_potentiation,3000.0,219,75.0,0.9791666666666666,0.9270833333333334,0.3565277777777778,54788ddcf622669910f9f6738d8b84167346a3e80f96c1982c26d345388c5478
complex_i_block|snare_cooperativity|nca_block|glucl_potentiation,3000.0,331,75.0,1.0,1.0104166666666667,0.3620833333333333,54788ddcf622669910f9f6738d8b84167346a3e80f96c1982c26d345388c5478
complex_i_block|snare_cooperativity|nca_block|glucl_potentiation,3000.0,443,75.0,1.0,0.5390625,0.3051388888888889,54788ddcf622669910f9f6738d8b84167346a3e80f96c1982c26d345388c5478
complex_i_block|snare_cooperativity|nca_block|glucl_potentiation,10.0,443,75.0,0.0,22.401041666666668,6.987361111111111,54788ddcf622669910f9f6738d8b84167346a3e80f96c1982c26d345388c5478
complex_i_block|snare_cooperativity|nca_block|glucl_potentiation,30.0,42,75.0,0.0,18.986979166666668,5.846805555555555,54788ddcf622669910f9f6738d8b84167346a3e80f96c1982c26d345388c5478
complex_i_block|snare_cooperativity|nca_block|glucl_potentiation,30.0,137,75.0,0.0,18.231770833333332,5.677083333333333,54788ddcf622669910f9f6738d8b84167346a3e80f96c1982c26d345388c5478
complex_i_block|snare_cooperativity|nca_block|glucl_potentiation,30.0,219,75.0,0.0,19.53125,6.0313888888888885,54788ddcf622669910f9f6738d8b84167346a3e80f96c1982c26d345388c5478
complex_i_block|snare_cooperativity|nca_block|glucl_potentiation,30.0,331,75.0,0.0,19.052083333333332,5.865694444444444,54788ddcf622669910f9f6738d8b84167346a3e80f96c1982c26d345388c5478
complex_i_block|snare_cooperativity|nca_block|glucl_potentiation,30.0,443,75.0,0.0,19.6640625,6.035555555555556,54788ddcf622669910f9f6738d8b84167346a3e80f96c1982c26d345388c5478
complex_i_block|snare_cooperativity|nca_block|glucl_potentiation,100.0,42,75.0,0.0,12.3984375,3.6640277777777777,54788ddcf622669910f9f6738d8b84167346a3e80f96c1982c26d345388c5478
complex_i_block|snare_cooperativity|nca_block|glucl_potentiation,100.0,137,75.0,0.0,11.473958333333334,3.445,54788ddcf622669910f9f6738d8b84167346a3e80f96c1982c26d345388c5478
complex_i_block|snare_cooperativity|nca_block|glucl_potentiation,100.0,219,75.0,0.0,12.557291666666666,3.7172222222222224,54788ddcf622669910f9f6738d8b84167346a3e80f96c1982c26d345388c5478
complex_i_block|snare_cooperativity|nca_block|glucl_potentiation,100.0,331,75.0,0.0,12.158854166666666,3.6344444444444446,54788ddcf622669910f9f6738d8b84167346a3e80f96c1982c26d345388c5478
complex_i_block|snare_cooperativity|nca_block|glucl_potentiation,100.0,443,75.0,0.0,12.421875,3.6795833333333334,54788ddcf622669910f9f6738d8b84167346a3e80f96c1982c26d345388c5478
complex_i_block|snare_cooperativity|nca_block|glucl_potentiation,200.0,42,75.0,0.0,7.901041666666667,2.229722222222222,54788ddcf622669910f9f6738d8b84167346a3e80f96c1982c26d345388c5478
complex_i_block|nca_block|nachr_antagonism|glucl_potentiation,10.0,42,75.0,0.0,22.713541666666668,7.091805555555555,54788ddcf622669910f9f6738d8b84167346a3e80f96c1982c26d345388c5478
complex_i_block|nca_block|nachr_antagonism|glucl_potentiation,10.0,137,75.0,0.0,21.796875,6.859583333333333,54788ddcf622669910f9f6738d8b84167346a3e80f96c1982c26d345388c5478
complex_i_block|nca_block|nachr_antagonism|glucl_potentiation,10.0,219,75.0,0.0,22.4375,7.0593055555555555,54788ddcf622669910f9f6738d8b84167346a3e80f96c1982c26d345388c5478
complex_i_block|nca_block|nachr_antagonism|glucl_potentiation,10.0,331,75.0,0.0,22.028645833333332,6.915694444444444,54788ddcf622669910f9f6738d8b84167346a3e80f96c1982c26d345388c5478
complex_i_block|snare_cooperativity|nca_block|glucl_potentiation,200.0,137,75.0,0.041666666666666664,7.356770833333333,2.1080555555555556,54788ddcf622669910f9f6738d8b84167346a3e80f96c1982c26d345388c5478
complex_i_block|snare_cooperativity|nca_block|glucl_potentiation,200.0,219,75.0,0.020833333333333332,7.578125,2.19,54788ddcf622669910f9f6738d8b84167346a3e80f96c1982c26d345388c5478
complex_i_block|snare_cooperativity|nca_block|glucl_potentiation,200.0,331,75.0,0.020833333333333332,7.841145833333333,2.22,54788ddcf622669910f9f6738d8b84167346a3e80f96c1982c26d345388c5478
complex_i_block|snare_cooperativity|nca_block|glucl_potentiation,200.0,443,75.0,0.041666666666666664,7.3984375,2.1318055555555557,54788ddcf622669910f9f6738d8b84167346a3e80f96c1982c26d345388c5478
complex_i_block|snare_cooperativity|nca_block|glucl_potentiation,500.0,331,75.0,0.4583333333333333,3.4609375,0.9486111111111111,54788ddcf622669910f9f6738d8b84167346a3e80f96c1982c26d345388c5478
complex_i_block|snare_cooperativity|nca_block|glucl_potentiation,500.0,443,75.0,0.5416666666666666,2.765625,0.8368055555555556,54788ddcf622669910f9f6738d8b84167346a3e80f96c1982c26d345388c5478
complex_i_block|snare_cooperativity|nca_block|glucl_potentiation,1000.0,42,75.0,0.8333333333333334,1.8151041666666667,0.5491666666666667,54788ddcf622669910f9f6738d8b84167346a3e80f96c1982c26d345388c5478
complex_i_block|snare_cooperativity|nca_block|glucl_potentiation,1000.0,137,75.0,0.875,1.5625,0.5026388888888889,54788ddcf622669910f9f6738d8b84167346a3e80f96c1982c26d345388c5478
complex_i_block|nca_block|nachr_antagonism|glucl_potentiation,30.0,331,75.0,0.0,19.9296875,6.2325,54788ddcf622669910f9f6738d8b84167346a3e80f96c1982c26d345388c5478
complex_i_block|nca_block|nachr_antagonism|glucl_potentiation,30.0,443,75.0,0.0,21.0390625,6.526111111111111,54788ddcf622669910f9f6738d8b84167346a3e80f96c1982c26d345388c5478
complex_i_block|nca_block|nachr_antagonism|glucl_potentiation,100.0,42,75.0,0.0,15.278645833333334,4.701805555555556,54788ddcf622669910f9f6738d8b84167346a3e80f96c1982c26d345388c5478
complex_i_block|nca_block|nachr_antagonism|glucl_potentiation,100.0,137,75.0,0.0,14.427083333333334,4.464305555555556,54788ddcf622669910f9f6738d8b84167346a3e80f96c1982c26d345388c5478
complex_i_block|snare_cooperativity|nca_block|glucl_potentiation,1000.0,219,75.0,0.7916666666666666,1.9375,0.5775,54788ddcf622669910f9f6738d8b84167346a3e80f96c1982c26d345388c5478
complex_i_block|snare_cooperativity|nca_block|glucl_potentiation,1000.0,331,75.0,0.9166666666666666,1.78125,0.5406944444444445,54788ddcf622669910f9f6738d8b84167346a3e80f96c1982c26d345388c5478
complex_i_block|snare_cooperativity|nca_block|glucl_potentiation,1000.0,443,75.0,0.9583333333333334,1.1666666666666667,0.46305555555555555,54788ddcf622669910f9f6738d8b84167346a3e80f96c1982c26d345388c5478
complex_i_block|snare_cooperativity|nca_block|glucl_potentiation,3000.0,42,75.0,0.9791666666666666,0.8177083333333334,0.34180555555555553,54788ddcf622669910f9f6738d8b84167346a3e80f96c1982c26d345388c5478
complex_i_block|nca_block|nachr_antagonism|glucl_potentiation,200.0,137,75.0,0.0,10.552083333333334,3.224861111111111,54788ddcf622669910f9f6738d8b84167346a3e80f96c1982c26d345388c5478
complex_i_block|nca_block|nachr_antagonism|glucl_potentiation,200.0,219,75.0,0.0,11.666666666666666,3.544722222222222,54788ddcf622669910f9f6738d8b84167346a3e80f96c1982c26d345388c5478
complex_i_block|nca_block|nachr_antagonism|glucl_potentiation,200.0,331,75.0,0.020833333333333332,11.1875,3.397777777777778,54788ddcf622669910f9f6738d8b84167346a3e80f96c1982c26d345388c5478
complex_i_block|nca_block|nachr_antagonism|glucl_potentiation,200.0,443,75.0,0.0,11.005208333333334,3.355,54788ddcf622669910f9f6738d8b84167346a3e80f96c1982c26d345388c5478
complex_i_block|nca_block|nachr_antagonism|glucl_potentiation,350.0,42,75.0,0.0,8.755208333333334,2.6120833333333335,54788ddcf622669910f9f6738d8b84167346a3e80f96c1982c26d345388c5478
complex_i_block|nca_block|nachr_antagonism|glucl_potentiation,350.0,137,75.0,0.08333333333333333,8.0546875,2.441666666666667,54788ddcf622669910f9f6738d8b84167346a3e80f96c1982c26d345388c5478
complex_i_block|nca_block|nachr_antagonism|glucl_potentiation,350.0,219,75.0,0.0,8.721354166666666,2.64125,54788ddcf622669910f9f6738d8b84167346a3e80f96c1982c26d345388c5478
complex_i_block|nca_block|nachr_antagonism|glucl_potentiation,350.0,331,75.0,0.020833333333333332,8.486979166666666,2.5501388888888887,54788ddcf622669910f9f6738d8b84167346a3e80f96c1982c26d345388c5478
complex_i_block|nca_block|nachr_antagonism|glucl_potentiation,10.0,443,75.0,0.0,22.7578125,7.137222222222222,54788ddcf622669910f9f6738d8b84167346a3e80f96c1982c26d345388c5478
complex_i_block|nca_block|nachr_antagonism|glucl_potentiation,30.0,42,75.0,0.0,20.125,6.268888888888889,54788ddcf622669910f9f6738d8b84167346a3e80f96c1982c26d345388c5478
complex_i_block|nca_block|nachr_antagonism|glucl_potentiation,30.0,137,75.0,0.0,19.4453125,6.108055555555556,54788ddcf622669910f9f6738d8b84167346a3e80f96c1982c26d345388c5478
complex_i_block|nca_block|nachr_antagonism|glucl_potentiation,30.0,219,75.0,0.0,20.744791666666668,6.502083333333333,54788ddcf622669910f9f6738d8b84167346a3e80f96c1982c26d345388c5478
complex_i_block|nca_block|nachr_antagonism|glucl_potentiation,3000.0,137,75.0,0.3958333333333333,3.6197916666666665,1.063611111111111,54788ddcf622669910f9f6738d8b84167346a3e80f96c1982c26d345388c5478
complex_i_block|nca_block|nachr_antagonism|glucl_potentiation,3000.0,219,75.0,0.375,3.9609375,1.1576388888888889,54788ddcf622669910f9f6738d8b84167346a3e80f96c1982c26d345388c5478
complex_i_block|nca_block|nachr_antagonism|glucl_potentiation,3000.0,331,75.0,0.3333333333333333,3.7890625,1.1058333333333332,54788ddcf622669910f9f6738d8b84167346a3e80f96c1982c26d345388c5478
complex_i_block|nca_block|nachr_antagonism|glucl_potentiation,3000.0,443,75.0,0.5416666666666666,2.8177083333333335,0.8881944444444444,54788ddcf622669910f9f6738d8b84167346a3e80f96c1982c26d345388c5478
complex_i_block|nca_block|nachr_antagonism|glucl_potentiation,100.0,219,75.0,0.0,15.6171875,4.800972222222223,54788ddcf622669910f9f6738d8b84167346a3e80f96c1982c26d345388c5478
complex_i_block|nca_block|nachr_antagonism|glucl_potentiation,100.0,331,75.0,0.0,14.658854166666666,4.554722222222222,54788ddcf622669910f9f6738d8b84167346a3e80f96c1982c26d345388c5478
complex_i_block|nca_block|nachr_antagonism|glucl_potentiation,100.0,443,75.0,0.0,15.015625,4.627361111111111,54788ddcf622669910f9f6738d8b84167346a3e80f96c1982c26d345388c5478
complex_i_block|nca_block|nachr_antagonism|glucl_potentiation,200.0,42,75.0,0.0,11.341145833333334,3.4429166666666666,54788ddcf622669910f9f6738d8b84167346a3e80f96c1982c26d345388c5478
snare_cooperativity|nca_block|nachr_antagonism|glucl_potentiation,30.0,331,75.0,0.0,19.744791666666668,6.079166666666667,54788ddcf622669910f9f6738d8b84167346a3e80f96c1982c26d345388c5478
snare_cooperativity|nca_block|nachr_antagonism|glucl_potentiation,30.0,443,75.0,0.0,20.3125,6.236805555555556,54788ddcf622669910f9f6738d8b84167346a3e80f96c1982c26d345388c5478
snare_cooperativity|nca_block|nachr_antagonism|glucl_potentiation,100.0,42,75.0,0.0,13.619791666666666,4.059166666666667,54788ddcf622669910f9f6738d8b84167346a3e80f96c1982c26d345388c5478
snare_cooperativity|nca_block|nachr_antagonism|glucl_potentiation,100.0,137,75.0,0.0,13.0703125,3.9166666666666665,54788ddcf622669910f9f6738d8b84167346a3e80f96c1982c26d345388c5478
snare_cooperativity|nca_block|nachr_antagonism|glucl_potentiation,200.0,137,75.0,0.041666666666666664,8.627604166666666,2.50875,54788ddcf622669910f9f6738d8b84167346a3e80f96c1982c26d345388c5478
snare_cooperativity|nca_block|nachr_antagonism|glucl_potentiation,200.0,219,75.0,0.0,9.463541666666666,2.7143055555555557,54788ddcf622669910f9f6738d8b84167346a3e80f96c1982c26d345388c5478
snare_cooperativity|nca_block|nachr_antagonism|glucl_potentiation,200.0,331,75.0,0.020833333333333332,9.140625,2.620833333333333,54788ddcf622669910f9f6738d8b84167346a3e80f96c1982c26d345388c5478
snare_cooperativity|nca_block|nachr_antagonism|glucl_potentiation,200.0,443,75.0,0.0,9.2734375,2.669027777777778,54788ddcf622669910f9f6738d8b84167346a3e80f96c1982c26d345388c5478
complex_i_block|nca_block|nachr_antagonism|glucl_potentiation,350.0,443,75.0,0.0,7.802083333333333,2.3915277777777777,54788ddcf622669910f9f6738d8b84167346a3e80f96c1982c26d345388c5478
complex_i_block|nca_block|nachr_antagonism|glucl_potentiation,500.0,42,75.0,0.041666666666666664,7.364583333333333,2.17875,54788ddcf622669910f9f6738d8b84167346a3e80f96c1982c26d345388c5478
complex_i_block|nca_block|nachr_antagonism|glucl_potentiation,500.0,137,75.0,0.14583333333333334,6.557291666666667,1.972361111111111,54788ddcf622669910f9f6738d8b84167346a3e80f96c1982c26d345388c5478
complex_i_block|nca_block|nachr_antagonism|glucl_potentiation,500.0,219,75.0,0.041666666666666664,7.421875,2.2176388888888887,54788ddcf622669910f9f6738d8b84167346a3e80f96c1982c26d345388c5478
complex_i_block|nca_block|nachr_antagonism|glucl_potentiation,500.0,331,75.0,0.041666666666666664,6.794270833333333,2.020138888888889,54788ddcf622669910f9f6738d8b84167346a3e80f96c1982c26d345388c5478
complex_i_block|nca_block|nachr_antagonism|glucl_potentiation,500.0,443,75.0,0.08333333333333333,6.268229166666667,1.9315277777777777,54788ddcf622669910f9f6738d8b84167346a3e80f96c1982c26d345388c5478
complex_i_block|nca_block|nachr_antagonism|glucl_potentiation,1000.0,42,75.0,0.1875,5.377604166666667,1.5569444444444445,54788ddcf622669910f9f6738d8b84167346a3e80f96c1982c26d345388c5478
complex_i_block|nca_block|nachr_antagonism|glucl_potentiation,1000.0,137,75.0,0.1875,4.932291666666667,1.4608333333333334,54788ddcf622669910f9f6738d8b84167346a3e80f96c1982c26d345388c5478
complex_i_block|nca_block|nachr_antagonism|glucl_potentiation,1000.0,219,75.0,0.20833333333333334,5.390625,1.5945833333333332,54788ddcf622669910f9f6738d8b84167346a3e80f96c1982c26d345388c5478
complex_i_block|nca_block|nachr_antagonism|glucl_potentiation,1000.0,331,75.0,0.14583333333333334,5.252604166666667,1.5466666666666666,54788ddcf622669910f9f6738d8b84167346a3e80f96c1982c26d345388c5478
complex_i_block|nca_block|nachr_antagonism|glucl_potentiation,1000.0,443,75.0,0.2708333333333333,4.171875,1.2947222222222223,54788ddcf622669910f9f6738d8b84167346a3e80f96c1982c26d345388c5478
complex_i_block|nca_block|nachr_antagonism|glucl_potentiation,3000.0,42,75.0,0.375,3.8515625,1.1023611111111111,54788ddcf622669910f9f6738d8b84167346a3e80f96c1982c26d345388c5478
snare_cooperativity|nca_block|nachr_antagonism|glucl_potentiation,350.0,42,75.0,0.041666666666666664,5.674479166666667,1.5783333333333334,54788ddcf622669910f9f6738d8b84167346a3e80f96c1982c26d345388c5478
snare_cooperativity|nca_block|nachr_antagonism|glucl_potentiation,350.0,137,75.0,0.125,5.434895833333333,1.5581944444444444,54788ddcf622669910f9f6738d8b84167346a3e80f96c1982c26d345388c5478
snare_cooperativity|nca_block|nachr_antagonism|glucl_potentiation,350.0,219,75.0,0.08333333333333333,5.8203125,1.65,54788ddcf622669910f9f6738d8b84167346a3e80f96c1982c26d345388c5478
snare_cooperativity|nca_block|nachr_antagonism|glucl_potentiation,350.0,331,75.0,0.08333333333333333,5.864583333333333,1.637361111111111,54788ddcf622669910f9f6738d8b84167346a3e80f96c1982c26d345388c5478
snare_cooperativity|nca_block|nachr_antagonism|glucl_potentiation,10.0,42,75.0,0.0,22.567708333333332,7.001527777777778,54788ddcf622669910f9f6738d8b84167346a3e80f96c1982c26d345388c5478
snare_cooperativity|nca_block|nachr_antagonism|glucl_potentiation,10.0,137,75.0,0.0,21.6015625,6.7941666666666665,54788ddcf622669910f9f6738d8b84167346a3e80f96c1982c26d345388c5478
snare_cooperativity|nca_block|nachr_antagonism|glucl_potentiation,10.0,219,75.0,0.0,22.484375,7.044027777777778,54788ddcf622669910f9f6738d8b84167346a3e80f96c1982c26d345388c5478
snare_cooperativity|nca_block|nachr_antagonism|glucl_potentiation,10.0,331,75.0,0.0,21.9296875,6.850833333333333,54788ddcf622669910f9f6738d8b84167346a3e80f96c1982c26d345388c5478
snare_cooperativity|nca_block|nachr_antagonism|glucl_potentiation,500.0,331,75.0,0.25,4.447916666666667,1.2320833333333334,54788ddcf622669910f9f6738d8b84167346a3e80f96c1982c26d345388c5478
snare_cooperativity|nca_block|nachr_antagonism|glucl_potentiation,500.0,443,75.0,0.3125,3.9635416666666665,1.15875,54788ddcf622669910f9f6738d8b84167346a3e80f96c1982c26d345388c5478
snare_cooperativity|nca_block|nachr_antagonism|glucl_potentiation,1000.0,42,75.0,0.6041666666666666,2.5078125,0.72625,54788ddcf622669910f9f6738d8b84167346a3e80f96c1982c26d345388c5478
snare_cooperativity|nca_block|nachr_antagonism|glucl_potentiation,1000.0,137,75.0,0.7291666666666666,2.359375,0.7140277777777778,54788ddcf622669910f9f6738d8b84167346a3e80f96c1982c26d345388c5478
snare_cooperativity|nca_block|nachr_antagonism|glucl_potentiation,10.0,443,75.0,0.0,22.6015625,7.059166666666667,54788ddcf622669910f9f6738d8b84167346a3e80f96c1982c26d345388c5478
snare_cooperativity|nca_block|nachr_antagonism|glucl_potentiation,30.0,42,75.0,0.0,19.7265625,6.0725,54788ddcf622669910f9f6738d8b84167346a3e80f96c1982c26d345388c5478
snare_cooperativity|nca_block|nachr_antagonism|glucl_potentiation,30.0,137,75.0,0.0,19.046875,5.923611111111111,54788ddcf622669910f9f6738d8b84167346a3e80f96c1982c26d345388c5478
snare_cooperativity|nca_block|nachr_antagonism|glucl_potentiation,30.0,219,75.0,0.0,20.317708333333332,6.272777777777778,54788ddcf622669910f9f6738d8b84167346a3e80f96c1982c26d345388c5478
snare_cooperativity|nca_block|nachr_antagonism|glucl_potentiation,100.0,219,75.0,0.0,13.518229166666666,4.06125,54788ddcf622669910f9f6738d8b84167346a3e80f96c1982c26d345388c5478
snare_cooperativity|nca_block|nachr_antagonism|glucl_potentiation,100.0,331,75.0,0.0,13.526041666666666,4.05,54788ddcf622669910f9f6738d8b84167346a3e80f96c1982c26d345388c5478
snare_cooperativity|nca_block|nachr_antagonism|glucl_potentiation,100.0,443,75.0,0.0,13.885416666666666,4.124305555555556,54788ddcf622669910f9f6738d8b84167346a3e80f96c1982c26d345388c5478
snare_cooperativity|nca_block|nachr_antagonism|glucl_potentiation,200.0,42,75.0,0.0,9.197916666666666,2.631527777777778,54788ddcf622669910f9f6738d8b84167346a3e80f96c1982c26d345388c5478
snare_cooperativity|nca_block|nachr_antagonism|glucl_potentiation,3000.0,137,75.0,0.9791666666666666,1.1354166666666667,0.44083333333333335,54788ddcf622669910f9f6738d8b84167346a3e80f96c1982c26d345388c5478
snare_cooperativity|nca_block|nachr_antagonism|glucl_potentiation,3000.0,219,75.0,0.8333333333333334,1.5625,0.5188888888888888,54788ddcf622669910f9f6738d8b84167346a3e80f96c1982c26d345388c5478
snare_cooperativity|nca_block|nachr_antagonism|glucl_potentiation,3000.0,331,75.0,0.9166666666666666,1.5104166666666667,0.49722222222222223,54788ddcf622669910f9f6738d8b84167346a3e80f96c1982c26d345388c5478
snare_cooperativity|nca_block|nachr_antagonism|glucl_potentiation,3000.0,443,75.0,0.9791666666666666,1.0338541666666667,0.4426388888888889,54788ddcf622669910f9f6738d8b84167346a3e80f96c1982c26d345388c5478
gaba_potentiation|k2p_potentiation|complex_i_block|snare_cooperativity|nca_block,10.0,42,75.0,0.0,21.919270833333332,6.794722222222222,54788ddcf622669910f9f6738d8b84167346a3e80f96c1982c26d345388c5478
gaba_potentiation|k2p_potentiation|complex_i_block|snare_cooperativity|nca_block,10.0,137,75.0,0.0,20.783854166666668,6.558472222222222,54788ddcf622669910f9f6738d8b84167346a3e80f96c1982c26d345388c5478
gaba_potentiation|k2p_potentiation|complex_i_block|snare_cooperativity|nca_block,10.0,219,75.0,0.0,21.8984375,6.848888888888889,54788ddcf622669910f9f6738d8b84167346a3e80f96c1982c26d345388c5478
gaba_potentiation|k2p_potentiation|complex_i_block|snare_cooperativity|nca_block,10.0,331,75.0,0.0,21.518229166666668,6.704583333333333,54788ddcf622669910f9f6738d8b84167346a3e80f96c1982c26d345388c5478
snare_cooperativity|nca_block|nachr_antagonism|glucl_potentiation,350.0,443,75.0,0.08333333333333333,5.486979166666667,1.57625,54788ddcf622669910f9f6738d8b84167346a3e80f96c1982c26d345388c5478
snare_cooperativity|nca_block|nachr_antagonism|glucl_potentiation,500.0,42,75.0,0.20833333333333334,4.328125,1.1855555555555555,54788ddcf622669910f9f6738d8b84167346a3e80f96c1982c26d345388c5478
snare_cooperativity|nca_block|nachr_antagonism|glucl_potentiation,500.0,137,75.0,0.3541666666666667,3.9973958333333335,1.1623611111111112,54788ddcf622669910f9f6738d8b84167346a3e80f96c1982c26d345388c5478
snare_cooperativity|nca_block|nachr_antagonism|glucl_potentiation,500.0,219,75.0,0.16666666666666666,4.299479166666667,1.2236111111111112,54788ddcf622669910f9f6738d8b84167346a3e80f96c1982c26d345388c5478
gaba_potentiation|k2p_potentiation|complex_i_block|snare_cooperativity|nca_block,200.0,137,75.0,0.0625,5.8828125,1.6831944444444444,54788ddcf622669910f9f6738d8b84167346a3e80f96c1982c26d345388c5478
gaba_potentiation|k2p_potentiation|complex_i_block|snare_cooperativity|nca_block,200.0,219,75.0,0.0625,6.606770833333333,1.8631944444444444,54788ddcf622669910f9f6738d8b84167346a3e80f96c1982c26d345388c5478
gaba_potentiation|k2p_potentiation|complex_i_block|snare_cooperativity|nca_block,200.0,331,75.0,0.041666666666666664,6.4140625,1.802638888888889,54788ddcf622669910f9f6738d8b84167346a3e80f96c1982c26d345388c5478
gaba_potentiation|k2p_potentiation|complex_i_block|snare_cooperativity|nca_block,200.0,443,75.0,0.10416666666666667,5.8203125,1.6894444444444445,54788ddcf622669910f9f6738d8b84167346a3e80f96c1982c26d345388c5478
snare_cooperativity|nca_block|nachr_antagonism|glucl_potentiation,1000.0,219,75.0,0.6666666666666666,2.5572916666666665,0.7552777777777778,54788ddcf622669910f9f6738d8b84167346a3e80f96c1982c26d345388c5478
snare_cooperativity|nca_block|nachr_antagonism|glucl_potentiation,1000.0,331,75.0,0.7083333333333334,2.4739583333333335,0.7405555555555555,54788ddcf622669910f9f6738d8b84167346a3e80f96c1982c26d345388c5478
snare_cooperativity|nca_block|nachr_antagonism|glucl_potentiation,1000.0,443,75.0,0.7916666666666666,2.0442708333333335,0.6773611111111111,54788ddcf622669910f9f6738d8b84167346a3e80f96c1982c26d345388c5478
snare_cooperativity|nca_block|nachr_antagonism|glucl_potentiation,3000.0,42,75.0,0.9791666666666666,1.2760416666666667,0.4772222222222222,54788ddcf622669910f9f6738d8b84167346a3e80f96c1982c26d345388c5478
gaba_potentiation|k2p_potentiation|complex_i_block|snare_cooperativity|nca_block,350.0,443,75.0,0.625,3.0104166666666665,0.8825,54788ddcf622669910f9f6738d8b84167346a3e80f96c1982c26d345388c5478
gaba_potentiation|k2p_potentiation|complex_i_block|snare_cooperativity|nca_block,500.0,42,75.0,0.7291666666666666,2.1692708333333335,0.6179166666666667,54788ddcf622669910f9f6738d8b84167346a3e80f96c1982c26d345388c5478
gaba_potentiation|k2p_potentiation|complex_i_block|snare_cooperativity|nca_block,500.0,137,75.0,0.7708333333333334,2.0598958333333335,0.6075,54788ddcf622669910f9f6738d8b84167346a3e80f96c1982c26d345388c5478
gaba_potentiation|k2p_potentiation|complex_i_block|snare_cooperativity|nca_block,500.0,219,75.0,0.7083333333333334,2.3515625,0.67375,54788ddcf622669910f9f6738d8b84167346a3e80f96c1982c26d345388c5478
gaba_potentiation|k2p_potentiation|complex_i_block|snare_cooperativity|nca_block,10.0,443,75.0,0.0,22.1640625,6.9075,54788ddcf622669910f9f6738d8b84167346a3e80f96c1982c26d345388c5478
gaba_potentiation|k2p_potentiation|complex_i_block|snare_cooperativity|nca_block,30.0,42,75.0,0.0,18.276041666666668,5.616805555555556,54788ddcf622669910f9f6738d8b84167346a3e80f96c1982c26d345388c5478
gaba_potentiation|k2p_potentiation|complex_i_block|snare_cooperativity|nca_block,30.0,137,75.0,0.0,17.408854166666668,5.4175,54788ddcf622669910f9f6738d8b84167346a3e80f96c1982c26d345388c5478
gaba_potentiation|k2p_potentiation|complex_i_block|snare_cooperativity|nca_block,30.0,219,75.0,0.0,18.734375,5.785138888888889,54788ddcf622669910f9f6738d8b84167346a3e80f96c1982c26d345388c5478
gaba_potentiation|k2p_potentiation|complex_i_block|snare_cooperativity|nca_block,30.0,331,75.0,0.0,18.130208333333332,5.58125,54788ddcf622669910f9f6738d8b84167346a3e80f96c1982c26d345388c5478
gaba_potentiation|k2p_potentiation|complex_i_block|snare_cooperativity|nca_block,30.0,443,75.0,0.0,18.794270833333332,5.760416666666667,54788ddcf622669910f9f6738d8b84167346a3e80f96c1982c26d345388c5478
gaba_potentiation|k2p_potentiation|complex_i_block|snare_cooperativity|nca_block,100.0,42,75.0,0.0,11.049479166666666,3.2505555555555556,54788ddcf622669910f9f6738d8b84167346a3e80f96c1982c26d345388c5478
gaba_potentiation|k2p_potentiation|complex_i_block|snare_cooperativity|nca_block,100.0,137,75.0,0.0,10.3046875,3.069861111111111,54788ddcf622669910f9f6738d8b84167346a3e80f96c1982c26d345388c5478
gaba_potentiation|k2p_potentiation|complex_i_block|snare_cooperativity|nca_block,3000.0,137,75.0,1.0,0.5520833333333334,0.21625,54788ddcf622669910f9f6738d8b84167346a3e80f96c1982c26d345388c5478
gaba_potentiation|k2p_potentiation|complex_i_block|snare_cooperativity|nca_block,3000.0,219,75.0,1.0,0.546875,0.22583333333333333,54788ddcf622669910f9f6738d8b84167346a3e80f96c1982c26d345388c5478
gaba_potentiation|k2p_potentiation|complex_i_block|snare_cooperativity|nca_block,3000.0,331,75.0,1.0,0.609375,0.23472222222222222,54788ddcf622669910f9f6738d8b84167346a3e80f96c1982c26d345388c5478
gaba_potentiation|k2p_potentiation|complex_i_block|snare_cooperativity|nca_block,3000.0,443,75.0,1.0,0.2760416666666667,0.1963888888888889,54788ddcf622669910f9f6738d8b84167346a3e80f96c1982c26d345388c5478
gaba_potentiation|k2p_potentiation|complex_i_block|nca_block|nachr_antagonism,10.0,42,75.0,0.0,22.385416666666668,6.993055555555555,54788ddcf622669910f9f6738d8b84167346a3e80f96c1982c26d345388c5478
gaba_potentiation|k2p_potentiation|complex_i_block|nca_block|nachr_antagonism,10.0,137,75.0,0.0,21.359375,6.741527777777778,54788ddcf622669910f9f6738d8b84167346a3e80f96c1982c26d345388c5478
gaba_potentiation|k2p_potentiation|complex_i_block|nca_block|nachr_antagonism,10.0,219,75.0,0.0,22.294270833333332,7.001944444444445,54788ddcf622669910f9f6738d8b84167346a3e80f96c1982c26d345388c5478
gaba_potentiation|k2p_potentiation|complex_i_block|nca_block|nachr_antagonism,10.0,331,75.0,0.0,21.684895833333332,6.7995833333333335,54788ddcf622669910f9f6738d8b84167346a3e80f96c1982c26d345388c5478
gaba_potentiation|k2p_potentiation|complex_i_block|snare_cooperativity|nca_block,100.0,219,75.0,0.0,11.546875,3.387638888888889,54788ddcf622669910f9f6738d8b84167346a3e80f96c1982c26d345388c5478
gaba_potentiation|k2p_potentiation|complex_i_block|snare_cooperativity|nca_block,100.0,331,75.0,0.0,11.0703125,3.2755555555555556,54788ddcf622669910f9f6738d8b84167346a3e80f96c1982c26d345388c5478
gaba_potentiation|k2p_potentiation|complex_i_block|snare_cooperativity|nca_block,100.0,443,75.0,0.0,11.223958333333334,3.309861111111111,54788ddcf622669910f9f6738d8b84167346a3e80f96c1982c26d345388c5478
gaba_potentiation|k2p_potentiation|complex_i_block|snare_cooperativity|nca_block,200.0,42,75.0,0.041666666666666664,6.364583333333333,1.792638888888889,54788ddcf622669910f9f6738d8b84167346a3e80f96c1982c26d345388c5478
gaba_potentiation|k2p_potentiation|complex_i_block|snare_cooperativity|nca_block,350.0,42,75.0,0.375,3.546875,0.9759722222222222,54788ddcf622669910f9f6738d8b84167346a3e80f96c1982c26d345388c5478
gaba_potentiation|k2p_potentiation|complex_i_block|snare_cooperativity|nca_block,350.0,137,75.0,0.4166666666666667,3.2864583333333335,0.9320833333333334,54788ddcf622669910f9f6738d8b84167346a3e80f96c1982c26d345388c5478
gaba_potentiation|k2p_potentiation|complex_i_block|snare_cooperativity|nca_block,350.0,219,75.0,0.3333333333333333,3.7708333333333335,1.0456944444444445,54788ddcf622669910f9f6738d8b84167346a3e80f96c1982c26d345388c5478
gaba_potentiation|k2p_potentiation|complex_i_block|snare_cooperativity|nca_block,350.0,331,75.0,0.3333333333333333,3.7395833333333335,1.011111111111111,54788ddcf622669910f9f6738d8b84167346a3e80f96c1982c26d345388c5478
gaba_potentiation|k2p_potentiation|complex_i_block|nca_block|nachr_antagonism,30.0,331,75.0,0.0,19.213541666666668,6.012083333333333,54788ddcf622669910f9f6738d8b84167346a3e80f96c1982c26d345388c5478
gaba_potentiation|k2p_potentiation|complex_i_block|nca_block|nachr_antagonism,30.0,443,75.0,0.0,20.088541666666668,6.245972222222222,54788ddcf622669910f9f6738d8b84167346a3e80f96c1982c26d345388c5478
gaba_potentiation|k2p_potentiation|complex_i_block|nca_block|nachr_antagonism,100.0,42,75.0,0.0,13.2734375,4.0881944444444445,54788ddcf622669910f9f6738d8b84167346a3e80f96c1982c26d345388c5478
gaba_potentiation|k2p_potentiation|complex_i_block|nca_block|nachr_antagonism,100.0,137,75.0,0.0,12.7109375,3.929027777777778,54788ddcf622669910f9f6738d8b84167346a3e80f96c1982c26d345388c5478
gaba_potentiation|k2p_potentiation|complex_i_block|snare_cooperativity|nca_block,500.0,331,75.0,0.7083333333333334,2.46875,0.68,54788ddcf622669910f9f6738d8b84167346a3e80f96c1982c26d345388c5478
gaba_potentiation|k2p_potentiation|complex_i_block|snare_cooperativity|nca_block,500.0,443,75.0,0.8541666666666666,1.6015625,0.5429166666666667,54788ddcf622669910f9f6738d8b84167346a3e80f96c1982c26d345388c5478
gaba_potentiation|k2p_potentiation|complex_i_block|snare_cooperativity|nca_block,1000.0,42,75.0,0.9791666666666666,1.09375,0.36736111111111114,54788ddcf622669910f9f6738d8b84167346a3e80f96c1982c26d345388c5478
gaba_potentiation|k2p_potentiation|complex_i_block|snare_cooperativity|nca_block,1000.0,137,75.0,0.9583333333333334,0.9869791666666666,0.33458333333333334,54788ddcf622669910f9f6738d8b84167346a3e80f96c1982c26d345388c5478
gaba_potentiation|k2p_potentiation|complex_i_block|snare_cooperativity|nca_block,1000.0,219,75.0,0.9375,1.1536458333333333,0.3729166666666667,54788ddcf622669910f9f6738d8b84167346a3e80f96c1982c26d345388c5478
gaba_potentiation|k2p_potentiation|complex_i_block|snare_cooperativity|nca_block,1000.0,331,75.0,0.9583333333333334,1.2109375,0.3720833333333333,54788ddcf622669910f9f6738d8b84167346a3e80f96c1982c26d345388c5478
gaba_potentiation|k2p_potentiation|complex_i_block|snare_cooperativity|nca_block,1000.0,443,75.0,1.0,0.7057291666666666,0.31430555555555556,54788ddcf622669910f9f6738d8b84167346a3e80f96c1982c26d345388c5478
gaba_potentiation|k2p_potentiation|complex_i_block|snare_cooperativity|nca_block,3000.0,42,75.0,1.0,0.5130208333333334,0.22166666666666668,54788ddcf622669910f9f6738d8b84167346a3e80f96c1982c26d345388c5478
gaba_potentiation|k2p_potentiation|complex_i_block|nca_block|nachr_antagonism,200.0,137,75.0,0.041666666666666664,8.859375,2.67875,54788ddcf622669910f9f6738d8b84167346a3e80f96c1982c26d345388c5478
gaba_potentiation|k2p_potentiation|complex_i_block|nca_block|nachr_antagonism,200.0,219,75.0,0.0,9.614583333333334,2.9120833333333334,54788ddcf622669910f9f6738d8b84167346a3e80f96c1982c26d345388c5478
gaba_potentiation|k2p_potentiation|complex_i_block|nca_block|nachr_antagonism,200.0,331,75.0,0.020833333333333332,9.455729166666666,2.84375,54788ddcf622669910f9f6738d8b84167346a3e80f96c1982c26d345388c5478
gaba_potentiation|k2p_potentiation|complex_i_block|nca_block|nachr_antagonism,200.0,443,75.0,0.0,8.643229166666666,2.6484722222222223,54788ddcf622669910f9f6738d8b84167346a3e80f96c1982c26d345388c5478
gaba_potentiation|k2p_potentiation|complex_i_block|nca_block|nachr_antagonism,500.0,331,75.0,0.16666666666666666,5.221354166666667,1.5379166666666666,54788ddcf622669910f9f6738d8b84167346a3e80f96c1982c26d345388c5478
gaba_potentiation|k2p_potentiation|complex_i_block|nca_block|nachr_antagonism,500.0,443,75.0,0.2708333333333333,4.171875,1.2931944444444445,54788ddcf622669910f9f6738d8b84167346a3e80f96c1982c26d345388c5478
gaba_potentiation|k2p_potentiation|complex_i_block|nca_block|nachr_antagonism,1000.0,42,75.0,0.4375,3.6484375,1.0363888888888888,54788ddcf622669910f9f6738d8b84167346a3e80f96c1982c26d345388c5478
gaba_potentiation|k2p_potentiation|complex_i_block|nca_block|nachr_antagonism,1000.0,137,75.0,0.4583333333333333,3.2786458333333335,0.9569444444444445,54788ddcf622669910f9f6738d8b84167346a3e80f96c1982c26d345388c5478
gaba_potentiation|k2p_potentiation|complex_i_block|nca_block|nachr_antagonism,1000.0,219,75.0,0.4583333333333333,3.5260416666666665,1.0295833333333333,54788ddcf622669910f9f6738d8b84167346a3e80f96c1982c26d345388c5478
gaba_potentiation|k2p_potentiation|complex_i_block|nca_block|nachr_antagonism,1000.0,331,75.0,0.375,3.6067708333333335,1.0366666666666666,54788ddcf622669910f9f6738d8b84167346a3e80f96c1982c26d345388c5478
gaba_potentiation|k2p_potentiation|complex_i_block|nca_block|nachr_antagonism,1000.0,443,75.0,0.625,2.5494791666666665,0.8044444444444444,54788ddcf622669910f9f6738d8b84167346a3e80f96c1982c26d345388c5478
gaba_potentiation|k2p_potentiation|complex_i_block|nca_block|nachr_antagonism,3000.0,42,75.0,0.6666666666666666,2.2578125,0.6368055555555555,54788ddcf622669910f9f6738d8b84167346a3e80f96c1982c26d345388c5478
gaba_potentiation|k2p_potentiation|complex_i_block|nca_block|nachr_antagonism,10.0,443,75.0,0.0,22.763020833333332,7.122916666666667,54788ddcf622669910f9f6738d8b84167346a3e80f96c1982c26d345388c5478
gaba_potentiation|k2p_potentiation|complex_i_block|nca_block|nachr_antagonism,30.0,42,75.0,0.0,19.598958333333332,6.0808333333333335,54788ddcf622669910f9f6738d8b84167346a3e80f96c1982c26d345388c5478
gaba_potentiation|k2p_potentiation|complex_i_block|nca_block|nachr_antagonism,30.0,137,75.0,0.0,18.6640625,5.850416666666667,54788ddcf622669910f9f6738d8b84167346a3e80f96c1982c26d345388c5478
gaba_potentiation|k2p_potentiation|complex_i_block|nca_block|nachr_antagonism,30.0,219,75.0,0.0,20.169270833333332,6.314722222222223,54788ddcf622669910f9f6738d8b84167346a3e80f96c1982c26d345388c5478
gaba_potentiation|k2p_potentiation|complex_i_block|nca_block|nachr_antagonism,100.0,219,75.0,0.0,13.885416666666666,4.271388888888889,54788ddcf622669910f9f6738d8b84167346a3e80f96c1982c26d345388c5478
gaba_potentiation|k2p_potentiation|complex_i_block|nca_block|nachr_antagonism,100.0,331,75.0,0.0,13.481770833333334,4.150555555555556,54788ddcf622669910f9f6738d8b84167346a3e80f96c1982c26d345388c5478
gaba_potentiation|k2p_potentiation|complex_i_block|nca_block|nachr_antagonism,100.0,443,75.0,0.0,13.6484375,4.172638888888889,54788ddcf622669910f9f6738d8b84167346a3e80f96c1982c26d345388c5478
gaba_potentiation|k2p_potentiation|complex_i_block|nca_block|nachr_antagonism,200.0,42,75.0,0.0,9.572916666666666,2.881111111111111,54788ddcf622669910f9f6738d8b84167346a3e80f96c1982c26d345388c5478
gaba_potentiation|k2p_potentiation|complex_i_block|nca_block|glucl_potentiation,10.0,443,75.0,0.0,22.739583333333332,7.125277777777778,54788ddcf622669910f9f6738d8b84167346a3e80f96c1982c26d345388c5478
gaba_potentiation|k2p_potentiation|complex_i_block|nca_block|glucl_potentiation,30.0,42,75.0,0.0,20.0078125,6.198611111111111,54788ddcf622669910f9f6738d8b84167346a3e80f96c1982c26d345388c5478
gaba_potentiation|k2p_potentiation|complex_i_block|nca_block|glucl_potentiation,30.0,137,75.0,0.0,18.869791666666668,5.914861111111111,54788ddcf622669910f9f6738d8b84167346a3e80f96c1982c26d345388c5478
gaba_potentiation|k2p_potentiation|complex_i_block|nca_block|glucl_potentiation,30.0,219,75.0,0.0,20.0390625,6.295972222222222,54788ddcf622669910f9f6738d8b84167346a3e80f96c1982c26d345388c5478
gaba_potentiation|k2p_potentiation|complex_i_block|nca_block|glucl_potentiation,200.0,137,75.0,0.041666666666666664,9.359375,2.8331944444444446,54788ddcf622669910f9f6738d8b84167346a3e80f96c1982c26d345388c5478
gaba_potentiation|k2p_potentiation|complex_i_block|nca_block|glucl_potentiation,200.0,219,75.0,0.0,10.466145833333334,3.152083333333333,54788ddcf622669910f9f6738d8b84167346a3e80f96c1982c26d345388c5478
gaba_potentiation|k2p_potentiation|complex_i_block|nca_block|glucl_potentiation,200.0,331,75.0,0.020833333333333332,10.0,3.00875,54788ddcf622669910f9f6738d8b84167346a3e80f96c1982c26d345388c5478
gaba_potentiation|k2p_potentiation|complex_i_block|nca_block|glucl_potentiation,200.0,443,75.0,0.0,9.200520833333334,2.8140277777777776,54788ddcf622669910f9f6738d8b84167346a3e80f96c1982c26d345388c5478
gaba_potentiation|k2p_potentiation|complex_i_block|nca_block|nachr_antagonism,350.0,42,75.0,0.08333333333333333,6.6875,1.9615277777777778,54788ddcf622669910f9f6738d8b84167346a3e80f96c1982c26d345388c5478
gaba_potentiation|k2p_potentiation|complex_i_block|nca_block|nachr_antagonism,350.0,137,75.0,0.14583333333333334,6.020833333333333,1.8076388888888888,54788ddcf622669910f9f6738d8b84167346a3e80f96c1982c26d345388c5478
gaba_potentiation|k2p_potentiation|complex_i_block|nca_block|nachr_antagonism,350.0,219,75.0,0.0625,6.817708333333333,2.024722222222222,54788ddcf622669910f9f6738d8b84167346a3e80f96c1982c26d345388c5478
gaba_potentiation|k2p_potentiation|complex_i_block|nca_block|nachr_antagonism,350.0,331,75.0,0.041666666666666664,6.4765625,1.915138888888889,54788ddcf622669910f9f6738d8b84167346a3e80f96c1982c26d345388c5478
gaba_potentiation|k2p_potentiation|complex_i_block|nca_block|nachr_antagonism,350.0,443,75.0,0.125,5.434895833333333,1.6827777777777777,54788ddcf622669910f9f6738d8b84167346a3e80f96c1982c26d345388c5478
gaba_potentiation|k2p_potentiation|complex_i_block|nca_block|nachr_antagonism,500.0,42,75.0,0.1875,5.377604166666667,1.5573611111111112,54788ddcf622669910f9f6738d8b84167346a3e80f96c1982c26d345388c5478
gaba_potentiation|k2p_potentiation|complex_i_block|nca_block|nachr_antagonism,500.0,137,75.0,0.1875,4.932291666666667,1.4602777777777778,54788ddcf622669910f9f6738d8b84167346a3e80f96c1982c26d345388c5478
gaba_potentiation|k2p_potentiation|complex_i_block|nca_block|nachr_antagonism,500.0,219,75.0,0.20833333333333334,5.388020833333333,1.5943055555555556,54788ddcf622669910f9f6738d8b84167346a3e80f96c1982c26d345388c5478
gaba_potentiation|k2p_potentiation|complex_i_block|nca_block|nachr_antagonism,3000.0,137,75.0,0.7291666666666666,2.3151041666666665,0.6604166666666667,54788ddcf622669910f9f6738d8b84167346a3e80f96c1982c26d345388c5478
gaba_potentiation|k2p_potentiation|complex_i_block|nca_block|nachr_antagonism,3000.0,219,75.0,0.6875,2.3125,0.6694444444444444,54788ddcf622669910f9f6738d8b84167346a3e80f96c1982c26d345388c5478
gaba_potentiation|k2p_potentiation|complex_i_block|nca_block|nachr_antagonism,3000.0,331,75.0,0.625,2.4244791666666665,0.6916666666666667,54788ddcf622669910f9f6738d8b84167346a3e80f96c1982c26d345388c5478
gaba_potentiation|k2p_potentiation|complex_i_block|nca_block|nachr_antagonism,3000.0,443,75.0,0.7916666666666666,1.46875,0.47888888888888886,54788ddcf622669910f9f6738d8b84167346a3e80f96c1982c26d345388c5478
gaba_potentiation|k2p_potentiation|complex_i_block|nca_block|glucl_potentiation,10.0,42,75.0,0.0,22.489583333333332,7.02625,54788ddcf622669910f9f6738d8b84167346a3e80f96c1982c26d345388c5478
gaba_potentiation|k2p_potentiation|complex_i_block|nca_block|glucl_potentiation,10.0,137,75.0,0.0,21.463541666666668,6.770833333333333,54788ddcf622669910f9f6738d8b84167346a3e80f96c1982c26d345388c5478
gaba_potentiation|k2p_potentiation|complex_i_block|nca_block|glucl_potentiation,10.0,219,75.0,0.0,22.307291666666668,7.0129166666666665,54788ddcf622669910f9f6738d8b84167346a3e80f96c1982c26d345388c5478
gaba_potentiation|k2p_potentiation|complex_i_block|nca_block|glucl_potentiation,10.0,331,75.0,0.0,21.927083333333332,6.875972222222222,54788ddcf622669910f9f6738d8b84167346a3e80f96c1982c26d345388c5478
gaba_potentiation|k2p_potentiation|complex_i_block|nca_block|glucl_potentiation,350.0,42,75.0,0.041666666666666664,7.356770833333333,2.174166666666667,54788ddcf622669910f9f6738d8b84167346a3e80f96c1982c26d345388c5478
gaba_potentiation|k2p_potentiation|complex_i_block|nca_block|glucl_potentiation,350.0,137,75.0,0.14583333333333334,6.565104166666667,1.9741666666666666,54788ddcf622669910f9f6738d8b84167346a3e80f96c1982c26d345388c5478
gaba_potentiation|k2p_potentiation|complex_i_block|nca_block|glucl_potentiation,350.0,219,75.0,0.041666666666666664,7.390625,2.2081944444444446,54788ddcf622669910f9f6738d8b84167346a3e80f96c1982c26d345388c5478
gaba_potentiation|k2p_potentiation|complex_i_block|nca_block|glucl_potentiation,350.0,331,75.0,0.041666666666666664,6.734375,2.0036111111111112,54788ddcf622669910f9f6738d8b84167346a3e80f96c1982c26d345388c5478
gaba_potentiation|k2p_potentiation|complex_i_block|nca_block|glucl_potentiation,350.0,443,75.0,0.08333333333333333,6.2265625,1.9208333333333334,54788ddcf622669910f9f6738d8b84167346a3e80f96c1982c26d345388c5478
gaba_potentiation|k2p_potentiation|complex_i_block|nca_block|glucl_potentiation,500.0,42,75.0,0.14583333333333334,5.979166666666667,1.74125,54788ddcf622669910f9f6738d8b84167346a3e80f96c1982c26d345388c5478
gaba_potentiation|k2p_potentiation|complex_i_block|nca_block|glucl_potentiation,500.0,137,75.0,0.1875,5.361979166666667,1.6002777777777777,54788ddcf622669910f9f6738d8b84167346a3e80f96c1982c26d345388c5478
gaba_potentiation|k2p_potentiation|complex_i_block|nca_block|glucl_potentiation,500.0,219,75.0,0.16666666666666666,5.877604166666667,1.7461111111111112,54788ddcf622669910f9f6738d8b84167346a3e80f96c1982c26d345388c5478
gaba_potentiation|k2p_potentiation|complex_i_block|nca_block|glucl_potentiation,30.0,331,75.0,0.0,19.302083333333332,6.036388888888889,54788ddcf622669910f9f6738d8b84167346a3e80f96c1982c26d345388c5478
gaba_potentiation|k2p_potentiation|complex_i_block|nca_block|glucl_potentiation,30.0,443,75.0,0.0,20.138020833333332,6.262083333333333,54788ddcf622669910f9f6738d8b84167346a3e80f96c1982c26d345388c5478
gaba_potentiation|k2p_potentiation|complex_i_block|nca_block|glucl_potentiation,100.0,42,75.0,0.0,13.9453125,4.28875,54788ddcf622669910f9f6738d8b84167346a3e80f96c1982c26d345388c5478
gaba_potentiation|k2p_potentiation|complex_i_block|nca_block|glucl_potentiation,100.0,137,75.0,0.0,13.143229166666666,4.07375,54788ddcf622669910f9f6738d8b84167346a3e80f96c1982c26d345388c5478
gaba_potentiation|k2p_potentiation|complex_i_block|nca_block|glucl_potentiation,100.0,219,75.0,0.0,14.09375,4.344027777777778,54788ddcf622669910f9f6738d8b84167346a3e80f96c1982c26d345388c5478
gaba_potentiation|k2p_potentiation|complex_i_block|nca_block|glucl_potentiation,100.0,331,75.0,0.0,13.614583333333334,4.215694444444445,54788ddcf622669910f9f6738d8b84167346a3e80f96c1982c26d345388c5478
gaba_potentiation|k2p_potentiation|complex_i_block|nca_block|glucl_potentiation,100.0,443,75.0,0.0,14.083333333333334,4.322638888888889,54788ddcf622669910f9f6738d8b84167346a3e80f96c1982c26d345388c5478
gaba_potentiation|k2p_potentiation|complex_i_block|nca_block|glucl_potentiation,200.0,42,75.0,0.0,9.885416666666666,2.9829166666666667,54788ddcf622669910f9f6738d8b84167346a3e80f96c1982c26d345388c5478
gaba_potentiation|k2p_potentiation|complex_i_block|nca_block|glucl_potentiation,3000.0,137,75.0,0.625,2.6770833333333335,0.7636111111111111,54788ddcf622669910f9f6738d8b84167346a3e80f96c1982c26d345388c5478
gaba_potentiation|k2p_potentiation|complex_i_block|nca_block|glucl_potentiation,3000.0,219,75.0,0.5833333333333334,2.8072916666666665,0.8056944444444445,54788ddcf622669910f9f6738d8b84167346a3e80f96c1982c26d345388c5478
gaba_potentiation|k2p_potentiation|complex_i_block|nca_block|glucl_potentiation,3000.0,331,75.0,0.5833333333333334,2.7473958333333335,0.7822222222222223,54788ddcf622669910f9f6738d8b84167346a3e80f96c1982c26d345388c5478
gaba_potentiation|k2p_potentiation|complex_i_block|nca_block|glucl_potentiation,3000.0,443,75.0,0.7291666666666666,1.7005208333333333,0.5491666666666667,54788ddcf622669910f9f6738d8b84167346a3e80f96c1982c26d345388c5478
gaba_potentiation|k2p_potentiation|snare_cooperativity|nca_block|nachr_antagonism,10.0,42,75.0,0.0,22.122395833333332,6.864861111111111,54788ddcf622669910f9f6738d8b84167346a3e80f96c1982c26d345388c5478
gaba_potentiation|k2p_potentiation|snare_cooperativity|nca_block|nachr_antagonism,10.0,137,75.0,0.0,21.309895833333332,6.709305555555556,54788ddcf622669910f9f6738d8b84167346a3e80f96c1982c26d345388c5478
gaba_potentiation|k2p_potentiation|snare_cooperativity|nca_block|nachr_antagonism,10.0,219,75.0,0.0,22.208333333333332,6.953055555555555,54788ddcf622669910f9f6738d8b84167346a3e80f96c1982c26d345388c5478
gaba_potentiation|k2p_potentiation|snare_cooperativity|nca_block|nachr_antagonism,10.0,331,75.0,0.0,21.533854166666668,6.719722222222222,54788ddcf622669910f9f6738d8b84167346a3e80f96c1982c26d345388c5478
gaba_potentiation|k2p_potentiation|complex_i_block|nca_block|glucl_potentiation,500.0,331,75.0,0.125,5.744791666666667,1.69375,54788ddcf622669910f9f6738d8b84167346a3e80f96c1982c26d345388c5478
gaba_potentiation|k2p_potentiation|complex_i_block|nca_block|glucl_potentiation,500.0,443,75.0,0.2708333333333333,4.671875,1.445,54788ddcf622669910f9f6738d8b84167346a3e80f96c1982c26d345388c5478
gaba_potentiation|k2p_potentiation|complex_i_block|nca_block|glucl_potentiation,1000.0,42,75.0,0.375,3.8958333333333335,1.1222222222222222,54788ddcf622669910f9f6738d8b84167346a3e80f96c1982c26d345388c5478
gaba_potentiation|k2p_potentiation|complex_i_block|nca_block|glucl_potentiation,1000.0,137,75.0,0.375,3.7317708333333335,1.0931944444444444,54788ddcf622669910f9f6738d8b84167346a3e80f96c1982c26d345388c5478
gaba_potentiation|k2p_potentiation|complex_i_block|nca_block|glucl_potentiation,1000.0,219,75.0,0.3541666666666667,4.091145833333333,1.1948611111111112,54788ddcf622669910f9f6738d8b84167346a3e80f96c1982c26d345388c5478
gaba_potentiation|k2p_potentiation|complex_i_block|nca_block|glucl_potentiation,1000.0,331,75.0,0.2916666666666667,3.953125,1.1518055555555555,54788ddcf622669910f9f6738d8b84167346a3e80f96c1982c26d345388c5478
gaba_potentiation|k2p_potentiation|complex_i_block|nca_block|glucl_potentiation,1000.0,443,75.0,0.5,2.9453125,0.9277777777777778,54788ddcf622669910f9f6738d8b84167346a3e80f96c1982c26d345388c5478
gaba_potentiation|k2p_potentiation|complex_i_block|nca_block|glucl_potentiation,3000.0,42,75.0,0.6041666666666666,2.6302083333333335,0.7477777777777778,54788ddcf622669910f9f6738d8b84167346a3e80f96c1982c26d345388c5478
gaba_potentiation|k2p_potentiation|snare_cooperativity|nca_block|nachr_antagonism,350.0,42,75.0,0.14583333333333334,4.5703125,1.241111111111111,54788ddcf622669910f9f6738d8b84167346a3e80f96c1982c26d345388c5478
gaba_potentiation|k2p_potentiation|snare_cooperativity|nca_block|nachr_antagonism,350.0,137,75.0,0.2916666666666667,4.0703125,1.1570833333333332,54788ddcf622669910f9f6738d8b84167346a3e80f96c1982c26d345388c5478
gaba_potentiation|k2p_potentiation|snare_cooperativity|nca_block|nachr_antagonism,350.0,219,75.0,0.14583333333333334,4.770833333333333,1.3165277777777777,54788ddcf622669910f9f6738d8b84167346a3e80f96c1982c26d345388c5478
gaba_potentiation|k2p_potentiation|snare_cooperativity|nca_block|nachr_antagonism,350.0,331,75.0,0.16666666666666666,4.6328125,1.26875,54788ddcf622669910f9f6738d8b84167346a3e80f96c1982c26d345388c5478
gaba_potentiation|k2p_potentiation|snare_cooperativity|nca_block|nachr_antagonism,350.0,443,75.0,0.3125,4.015625,1.1636111111111112,54788ddcf622669910f9f6738d8b84167346a3e80f96c1982c26d345388c5478
gaba_potentiation|k2p_potentiation|snare_cooperativity|nca_block|nachr_antagonism,500.0,42,75.0,0.4166666666666667,3.1510416666666665,0.8701388888888889,54788ddcf622669910f9f6738d8b84167346a3e80f96c1982c26d345388c5478
gaba_potentiation|k2p_potentiation|snare_cooperativity|nca_block|nachr_antagonism,500.0,137,75.0,0.4791666666666667,2.9401041666666665,0.8394444444444444,54788ddcf622669910f9f6738d8b84167346a3e80f96c1982c26d345388c5478
gaba_potentiation|k2p_potentiation|snare_cooperativity|nca_block|nachr_antagonism,500.0,219,75.0,0.4791666666666667,3.0963541666666665,0.88125,54788ddcf622669910f9f6738d8b84167346a3e80f96c1982c26d345388c5478
gaba_potentiation|k2p_potentiation|snare_cooperativity|nca_block|nachr_antagonism,3000.0,137,75.0,1.0,0.7552083333333334,0.29,54788ddcf622669910f9f6738d8b84167346a3e80f96c1982c26d345388c5478
gaba_potentiation|k2p_potentiation|snare_cooperativity|nca_block|nachr_antagonism,3000.0,219,75.0,0.9791666666666666,0.8411458333333334,0.3184722222222222,54788ddcf622669910f9f6738d8b84167346a3e80f96c1982c26d345388c5478
gaba_potentiation|k2p_potentiation|snare_cooperativity|nca_block|nachr_antagonism,3000.0,331,75.0,1.0,0.9192708333333334,0.3277777777777778,54788ddcf622669910f9f6738d8b84167346a3e80f96c1982c26d345388c5478
gaba_potentiation|k2p_potentiation|snare_cooperativity|nca_block|nachr_antagonism,3000.0,443,75.0,1.0,0.46875,0.2783333333333333,54788ddcf622669910f9f6738d8b84167346a3e80f96c1982c26d345388c5478
gaba_potentiation|k2p_potentiation|snare_cooperativity|nca_block|nachr_antagonism,10.0,443,75.0,0.0,22.408854166666668,6.988611111111111,54788ddcf622669910f9f6738d8b84167346a3e80f96c1982c26d345388c5478
gaba_potentiation|k2p_potentiation|snare_cooperativity|nca_block|nachr_antagonism,30.0,42,75.0,0.0,18.947916666666668,5.834722222222222,54788ddcf622669910f9f6738d8b84167346a3e80f96c1982c26d345388c5478
gaba_potentiation|k2p_potentiation|snare_cooperativity|nca_block|nachr_antagonism,30.0,137,75.0,0.0,18.143229166666668,5.653472222222222,54788ddcf622669910f9f6738d8b84167346a3e80f96c1982c26d345388c5478
gaba_potentiation|k2p_potentiation|snare_cooperativity|nca_block|nachr_antagonism,30.0,219,75.0,0.0,19.4296875,6.004861111111111,54788ddcf622669910f9f6738d8b84167346a3e80f96c1982c26d345388c5478
gaba_potentiation|k2p_potentiation|snare_cooperativity|nca_block|nachr_antagonism,30.0,331,75.0,0.0,18.859375,5.816666666666666,54788ddcf622669910f9f6738d8b84167346a3e80f96c1982c26d345388c5478
gaba_potentiation|k2p_potentiation|snare_cooperativity|nca_block|nachr_antagonism,30.0,443,75.0,0.0,19.5859375,6.015833333333333,54788ddcf622669910f9f6738d8b84167346a3e80f96c1982c26d345388c5478
gaba_potentiation|k2p_potentiation|snare_cooperativity|nca_block|nachr_antagonism,100.0,42,75.0,0.0,12.356770833333334,3.64125,54788ddcf622669910f9f6738d8b84167346a3e80f96c1982c26d345388c5478
gaba_potentiation|k2p_potentiation|snare_cooperativity|nca_block|nachr_antagonism,100.0,137,75.0,0.0,11.234375,3.372916666666667,54788ddcf622669910f9f6738d8b84167346a3e80f96c1982c26d345388c5478
gaba_potentiation|k2p_potentiation|snare_cooperativity|nca_block|glucl_potentiation,10.0,42,75.0,0.0,22.260416666666668,6.904166666666667,54788ddcf622669910f9f6738d8b84167346a3e80f96c1982c26d345388c5478
gaba_potentiation|k2p_potentiation|snare_cooperativity|nca_block|glucl_potentiation,10.0,137,75.0,0.0,21.466145833333332,6.751666666666667,54788ddcf622669910f9f6738d8b84167346a3e80f96c1982c26d345388c5478
gaba_potentiation|k2p_potentiation|snare_cooperativity|nca_block|glucl_potentiation,10.0,219,75.0,0.0,22.3359375,6.986805555555556,54788ddcf622669910f9f6738d8b84167346a3e80f96c1982c26d345388c5478
gaba_potentiation|k2p_potentiation|snare_cooperativity|nca_block|glucl_potentiation,10.0,331,75.0,0.0,21.7578125,6.788055555555555,54788ddcf622669910f9f6738d8b84167346a3e80f96c1982c26d345388c5478
gaba_potentiation|k2p_potentiation|snare_cooperativity|nca_block|nachr_antagonism,100.0,219,75.0,0.0,12.486979166666666,3.6945833333333336,54788ddcf622669910f9f6738d8b84167346a3e80f96c1982c26d345388c5478
gaba_potentiation|k2p_potentiation|snare_cooperativity|nca_block|nachr_antagonism,100.0,331,75.0,0.0,12.036458333333334,3.597916666666667,54788ddcf622669910f9f6738d8b84167346a3e80f96c1982c26d345388c5478
gaba_potentiation|k2p_potentiation|snare_cooperativity|nca_block|nachr_antagonism,100.0,443,75.0,0.0,12.263020833333334,3.6259722222222224,54788ddcf622669910f9f6738d8b84167346a3e80f96c1982c26d345388c5478
gaba_potentiation|k2p_potentiation|snare_cooperativity|nca_block|nachr_antagonism,200.0,42,75.0,0.0,7.515625,2.132222222222222,54788ddcf622669910f9f6738d8b84167346a3e80f96c1982c26d345388c5478
gaba_potentiation|k2p_potentiation|snare_cooperativity|nca_block|nachr_antagonism,200.0,137,75.0,0.041666666666666664,7.122395833333333,2.0468055555555558,54788ddcf622669910f9f6738d8b84167346a3e80f96c1982c26d345388c5478
gaba_potentiation|k2p_potentiation|snare_cooperativity|nca_block|nachr_antagonism,200.0,219,75.0,0.020833333333333332,7.25,2.1008333333333336,54788ddcf622669910f9f6738d8b84167346a3e80f96c1982c26d345388c5478
gaba_potentiation|k2p_potentiation|snare_cooperativity|nca_block|nachr_antagonism,200.0,331,75.0,0.020833333333333332,7.549479166666667,2.14,54788ddcf622669910f9f6738d8b84167346a3e80f96c1982c26d345388c5478
gaba_potentiation|k2p_potentiation|snare_cooperativity|nca_block|nachr_antagonism,200.0,443,75.0,0.041666666666666664,7.223958333333333,2.080277777777778,54788ddcf622669910f9f6738d8b84167346a3e80f96c1982c26d345388c5478
gaba_potentiation|k2p_potentiation|snare_cooperativity|nca_block|nachr_antagonism,500.0,331,75.0,0.5,3.2890625,0.8986111111111111,54788ddcf622669910f9f6738d8b84167346a3e80f96c1982c26d345388c5478
gaba_potentiation|k2p_potentiation|snare_cooperativity|nca_block|nachr_antagonism,500.0,443,75.0,0.625,2.5677083333333335,0.7831944444444444,54788ddcf622669910f9f6738d8b84167346a3e80f96c1982c26d345388c5478
gaba_potentiation|k2p_potentiation|snare_cooperativity|nca_block|nachr_antagonism,1000.0,42,75.0,0.875,1.6197916666666667,0.5023611111111111,54788ddcf622669910f9f6738d8b84167346a3e80f96c1982c26d345388c5478
gaba_potentiation|k2p_potentiation|snare_cooperativity|nca_block|nachr_antagonism,1000.0,137,75.0,0.8958333333333334,1.4270833333333333,0.45861111111111114,54788ddcf622669910f9f6738d8b84167346a3e80f96c1982c26d345388c5478
gaba_potentiation|k2p_potentiation|snare_cooperativity|nca_block|nachr_antagonism,1000.0,219,75.0,0.8333333333333334,1.765625,0.5297222222222222,54788ddcf622669910f9f6738d8b84167346a3e80f96c1982c26d345388c5478
gaba_potentiation|k2p_potentiation|snare_cooperativity|nca_block|nachr_antagonism,1000.0,331,75.0,0.9166666666666666,1.6692708333333333,0.5031944444444445,54788ddcf622669910f9f6738d8b84167346a3e80f96c1982c26d345388c5478
gaba_potentiation|k2p_potentiation|snare_cooperativity|nca_block|nachr_antagonism,1000.0,443,75.0,0.9583333333333334,1.0963541666666667,0.4330555555555556,54788ddcf622669910f9f6738d8b84167346a3e80f96c1982c26d345388c5478
gaba_potentiation|k2p_potentiation|snare_cooperativity|nca_block|nachr_antagonism,3000.0,42,75.0,0.9791666666666666,0.7473958333333334,0.31416666666666665,54788ddcf622669910f9f6738d8b84167346a3e80f96c1982c26d345388c5478
gaba_potentiation|k2p_potentiation|snare_cooperativity|nca_block|glucl_potentiation,100.0,219,75.0,0.0,12.666666666666666,3.7608333333333333,54788ddcf622669910f9f6738d8b84167346a3e80f96c1982c26d345388c5478
gaba_potentiation|k2p_potentiation|snare_cooperativity|nca_block|glucl_potentiation,100.0,331,75.0,0.0,12.479166666666666,3.733888888888889,54788ddcf622669910f9f6738d8b84167346a3e80f96c1982c26d345388c5478
gaba_potentiation|k2p_potentiation|snare_cooperativity|nca_block|glucl_potentiation,100.0,443,75.0,0.0,12.822916666666666,3.794583333333333,54788ddcf622669910f9f6738d8b84167346a3e80f96c1982c26d345388c5478
gaba_potentiation|k2p_potentiation|snare_cooperativity|nca_block|glucl_potentiation,200.0,42,75.0,0.0,8.1171875,2.294861111111111,54788ddcf622669910f9f6738d8b84167346a3e80f96c1982c26d345388c5478
gaba_potentiation|k2p_potentiation|snare_cooperativity|nca_block|glucl_potentiation,200.0,137,75.0,0.041666666666666664,7.552083333333333,2.1619444444444444,54788ddcf622669910f9f6738d8b84167346a3e80f96c1982c26d345388c5478
gaba_potentiation|k2p_potentiation|snare_cooperativity|nca_block|glucl_potentiation,200.0,219,75.0,0.020833333333333332,7.838541666666667,2.2554166666666666,54788ddcf622669910f9f6738d8b84167346a3e80f96c1982c26d345388c5478
gaba_potentiation|k2p_potentiation|snare_cooperativity|nca_block|glucl_potentiation,200.0,331,75.0,0.020833333333333332,8.078125,2.288472222222222,54788ddcf622669910f9f6738d8b84167346a3e80f96c1982c26d345388c5478
gaba_potentiation|k2p_potentiation|snare_cooperativity|nca_block|glucl_potentiation,200.0,443,75.0,0.041666666666666664,7.861979166666667,2.2544444444444443,54788ddcf622669910f9f6738d8b84167346a3e80f96c1982c26d345388c5478
gaba_potentiation|k2p_potentiation|snare_cooperativity|nca_block|glucl_potentiation,350.0,42,75.0,0.10416666666666667,4.8359375,1.3234722222222222,54788ddcf622669910f9f6738d8b84167346a3e80f96c1982c26d345388c5478
gaba_potentiation|k2p_potentiation|snare_cooperativity|nca_block|glucl_potentiation,350.0,137,75.0,0.3125,4.302083333333333,1.2320833333333334,54788ddcf622669910f9f6738d8b84167346a3e80f96c1982c26d345388c5478
gaba_potentiation|k2p_potentiation|snare_cooperativity|nca_block|glucl_potentiation,350.0,219,75.0,0.10416666666666667,5.0,1.4019444444444444,54788ddcf622669910f9f6738d8b84167346a3e80f96c1982c26d345388c5478
gaba_potentiation|k2p_potentiation|snare_cooperativity|nca_block|glucl_potentiation,350.0,331,75.0,0.125,5.052083333333333,1.385,54788ddcf622669910f9f6738d8b84167346a3e80f96c1982c26d345388c5478
gaba_potentiation|k2p_potentiation|snare_cooperativity|nca_block|glucl_potentiation,1000.0,219,75.0,0.8125,1.9192708333333333,0.5820833333333333,54788ddcf622669910f9f6738d8b84167346a3e80f96c1982c26d345388c5478
gaba_potentiation|k2p_potentiation|snare_cooperativity|nca_block|glucl_potentiation,1000.0,331,75.0,0.8958333333333334,1.8098958333333333,0.5498611111111111,54788ddcf622669910f9f6738d8b84167346a3e80f96c1982c26d345388c5478
gaba_potentiation|k2p_potentiation|snare_cooperativity|nca_block|glucl_potentiation,1000.0,443,75.0,0.9583333333333334,1.234375,0.4797222222222222,54788ddcf622669910f9f6738d8b84167346a3e80f96c1982c26d345388c5478
gaba_potentiation|k2p_potentiation|snare_cooperativity|nca_block|glucl_potentiation,3000.0,42,75.0,0.9791666666666666,0.8489583333333334,0.3475,54788ddcf622669910f9f6738d8b84167346a3e80f96c1982c26d345388c5478
gaba_potentiation|k2p_potentiation|snare_cooperativity|nca_block|glucl_potentiation,10.0,443,75.0,0.0,22.536458333333332,7.029305555555555,54788ddcf622669910f9f6738d8b84167346a3e80f96c1982c26d345388c5478
gaba_potentiation|k2p_potentiation|snare_cooperativity|nca_block|glucl_potentiation,30.0,42,75.0,0.0,19.244791666666668,5.925833333333333,54788ddcf622669910f9f6738d8b84167346a3e80f96c1982c26d345388c5478
gaba_potentiation|k2p_potentiation|snare_cooperativity|nca_block|glucl_potentiation,30.0,137,75.0,0.0,18.278645833333332,5.698194444444445,54788ddcf622669910f9f6738d8b84167346a3e80f96c1982c26d345388c5478
gaba_potentiation|k2p_potentiation|snare_cooperativity|nca_block|glucl_potentiation,30.0,219,75.0,0.0,19.739583333333332,6.092777777777778,54788ddcf622669910f9f6738d8b84167346a3e80f96c1982c26d345388c5478
gaba_potentiation|k2p_potentiation|snare_cooperativity|nca_block|glucl_potentiation,30.0,331,75.0,0.0,19.1640625,5.903888888888889,54788ddcf622669910f9f6738d8b84167346a3e80f96c1982c26d345388c5478
gaba_potentiation|k2p_potentiation|snare_cooperativity|nca_block|glucl_potentiation,30.0,443,75.0,0.0,19.869791666666668,6.0993055555555555,54788ddcf622669910f9f6738d8b84167346a3e80f96c1982c26d345388c5478
gaba_potentiation|k2p_potentiation|snare_cooperativity|nca_block|glucl_potentiation,100.0,42,75.0,0.0,12.768229166666666,3.7690277777777776,54788ddcf622669910f9f6738d8b84167346a3e80f96c1982c26d345388c5478
gaba_potentiation|k2p_potentiation|snare_cooperativity|nca_block|glucl_potentiation,100.0,137,75.0,0.0,11.8828125,3.5675,54788ddcf622669910f9f6738d8b84167346a3e80f96c1982c26d345388c5478
gaba_potentiation|k2p_potentiation|nca_block|nachr_antagonism|glucl_potentiation,100.0,219,75.0,0.0,15.8125,4.87625,54788ddcf622669910f9f6738d8b84167346a3e80f96c1982c26d345388c5478
gaba_potentiation|k2p_potentiation|nca_block|nachr_antagonism|glucl_potentiation,100.0,331,75.0,0.0,14.9765625,4.6497222222222225,54788ddcf622669910f9f6738d8b84167346a3e80f96c1982c26d345388c5478
gaba_potentiation|k2p_potentiation|nca_block|nachr_antagonism|glucl_potentiation,100.0,443,75.0,0.0,15.236979166666666,4.702222222222222,54788ddcf622669910f9f6738d8b84167346a3e80f96c1982c26d345388c5478
gaba_potentiation|k2p_potentiation|nca_block|nachr_antagonism|glucl_potentiation,200.0,42,75.0,0.0,11.3671875,3.4694444444444446,54788ddcf622669910f9f6738d8b84167346a3e80f96c1982c26d345388c5478
gaba_potentiation|k2p_potentiation|nca_block|nachr_antagonism|glucl_potentiation,200.0,137,75.0,0.0,10.739583333333334,3.2916666666666665,54788ddcf622669910f9f6738d8b84167346a3e80f96c1982c26d345388c5478
gaba_potentiation|k2p_potentiation|nca_block|nachr_antagonism|glucl_potentiation,200.0,219,75.0,0.0,11.729166666666666,3.5818055555555555,54788ddcf622669910f9f6738d8b84167346a3e80f96c1982c26d345388c5478
gaba_potentiation|k2p_potentiation|nca_block|nachr_antagonism|glucl_potentiation,200.0,331,75.0,0.020833333333333332,11.403645833333334,3.4781944444444446,54788ddcf622669910f9f6738d8b84167346a3e80f96c1982c26d345388c5478
gaba_potentiation|k2p_potentiation|nca_block|nachr_antagonism|glucl_potentiation,200.0,443,75.0,0.0,11.442708333333334,3.4902777777777776,54788ddcf622669910f9f6738d8b84167346a3e80f96c1982c26d345388c5478
gaba_potentiation|k2p_potentiation|snare_cooperativity|nca_block|glucl_potentiation,350.0,443,75.0,0.3125,4.432291666666667,1.2840277777777778,54788ddcf622669910f9f6738d8b84167346a3e80f96c1982c26d345388c5478
gaba_potentiation|k2p_potentiation|snare_cooperativity|nca_block|glucl_potentiation,500.0,42,75.0,0.375,3.6041666666666665,0.9791666666666666,54788ddcf622669910f9f6738d8b84167346a3e80f96c1982c26d345388c5478
gaba_potentiation|k2p_potentiation|snare_cooperativity|nca_block|glucl_potentiation,500.0,137,75.0,0.4583333333333333,3.1979166666666665,0.9134722222222222,54788ddcf622669910f9f6738d8b84167346a3e80f96c1982c26d345388c5478
gaba_potentiation|k2p_potentiation|snare_cooperativity|nca_block|glucl_potentiation,500.0,219,75.0,0.375,3.4140625,0.9640277777777778,54788ddcf622669910f9f6738d8b84167346a3e80f96c1982c26d345388c5478
gaba_potentiation|k2p_potentiation|snare_cooperativity|nca_block|glucl_potentiation,500.0,331,75.0,0.4583333333333333,3.5755208333333335,0.9775,54788ddcf622669910f9f6738d8b84167346a3e80f96c1982c26d345388c5478
gaba_potentiation|k2p_potentiation|snare_cooperativity|nca_block|glucl_potentiation,500.0,443,75.0,0.5416666666666666,2.8203125,0.85375,54788ddcf622669910f9f6738d8b84167346a3e80f96c1982c26d345388c5478
gaba_potentiation|k2p_potentiation|snare_cooperativity|nca_block|glucl_potentiation,1000.0,42,75.0,0.8333333333333334,1.8463541666666667,0.5575,54788ddcf622669910f9f6738d8b84167346a3e80f96c1982c26d345388c5478
gaba_potentiation|k2p_potentiation|snare_cooperativity|nca_block|glucl_potentiation,1000.0,137,75.0,0.8958333333333334,1.5911458333333333,0.5143055555555556,54788ddcf622669910f9f6738d8b84167346a3e80f96c1982c26d345388c5478
gaba_potentiation|k2p_potentiation|nca_block|nachr_antagonism|glucl_potentiation,350.0,42,75.0,0.0,9.104166666666666,2.7198611111111113,54788ddcf622669910f9f6738d8b84167346a3e80f96c1982c26d345388c5478
gaba_potentiation|k2p_potentiation|nca_block|nachr_antagonism|glucl_potentiation,350.0,137,75.0,0.0625,8.294270833333334,2.5093055555555557,54788ddcf622669910f9f6738d8b84167346a3e80f96c1982c26d345388c5478
gaba_potentiation|k2p_potentiation|nca_block|nachr_antagonism|glucl_potentiation,350.0,219,75.0,0.0,8.942708333333334,2.7106944444444445,54788ddcf622669910f9f6738d8b84167346a3e80f96c1982c26d345388c5478
gaba_potentiation|k2p_potentiation|nca_block|nachr_antagonism|glucl_potentiation,350.0,331,75.0,0.020833333333333332,8.908854166666666,2.6795833333333334,54788ddcf622669910f9f6738d8b84167346a3e80f96c1982c26d345388c5478
gaba_potentiation|k2p_potentiation|snare_cooperativity|nca_block|glucl_potentiation,3000.0,137,75.0,1.0,0.8411458333333334,0.32513888888888887,54788ddcf622669910f9f6738d8b84167346a3e80f96c1982c26d345388c5478
gaba_potentiation|k2p_potentiation|snare_cooperativity|nca_block|glucl_potentiation,3000.0,219,75.0,0.9791666666666666,0.9557291666666666,0.3615277777777778,54788ddcf622669910f9f6738d8b84167346a3e80f96c1982c26d345388c5478
gaba_potentiation|k2p_potentiation|snare_cooperativity|nca_block|glucl_potentiation,3000.0,331,75.0,1.0,1.0234375,0.36625,54788ddcf622669910f9f6738d8b84167346a3e80f96c1982c26d345388c5478
gaba_potentiation|k2p_potentiation|snare_cooperativity|nca_block|glucl_potentiation,3000.0,443,75.0,1.0,0.5364583333333334,0.3075,54788ddcf622669910f9f6738d8b84167346a3e80f96c1982c26d345388c5478
gaba_potentiation|k2p_potentiation|nca_block|nachr_antagonism|glucl_potentiation,10.0,42,75.0,0.0,22.8203125,7.126666666666667,54788ddcf622669910f9f6738d8b84167346a3e80f96c1982c26d345388c5478
gaba_potentiation|k2p_potentiation|nca_block|nachr_antagonism|glucl_potentiation,10.0,137,75.0,0.0,21.802083333333332,6.8661111111111115,54788ddcf622669910f9f6738d8b84167346a3e80f96c1982c26d345388c5478
gaba_potentiation|k2p_potentiation|nca_block|nachr_antagonism|glucl_potentiation,10.0,219,75.0,0.0,22.5078125,7.078194444444445,54788ddcf622669910f9f6738d8b84167346a3e80f96c1982c26d345388c5478
gaba_potentiation|k2p_potentiation|nca_block|nachr_antagonism|glucl_potentiation,10.0,331,75.0,0.0,22.127604166666668,6.942222222222222,54788ddcf622669910f9f6738d8b84167346a3e80f96c1982c26d345388c5478
gaba_potentiation|k2p_potentiation|nca_block|nachr_antagonism|glucl_potentiation,350.0,443,75.0,0.0,8.096354166666666,2.4806944444444445,54788ddcf622669910f9f6738d8b84167346a3e80f96c1982c26d345388c5478
gaba_potentiation|k2p_potentiation|nca_block|nachr_antagonism|glucl_potentiation,500.0,42,75.0,0.041666666666666664,7.5546875,2.2469444444444444,54788ddcf622669910f9f6738d8b84167346a3e80f96c1982c26d345388c5478
gaba_potentiation|k2p_potentiation|nca_block|nachr_antagonism|glucl_potentiation,500.0,137,75.0,0.125,6.8046875,2.049861111111111,54788ddcf622669910f9f6738d8b84167346a3e80f96c1982c26d345388c5478
gaba_potentiation|k2p_potentiation|nca_block|nachr_antagonism|glucl_potentiation,500.0,219,75.0,0.041666666666666664,7.7109375,2.3047222222222223,54788ddcf622669910f9f6738d8b84167346a3e80f96c1982c26d345388c5478
gaba_potentiation|k2p_potentiation|nca_block|nachr_antagonism|glucl_potentiation,10.0,443,75.0,0.0,22.8359375,7.165555555555556,54788ddcf622669910f9f6738d8b84167346a3e80f96c1982c26d345388c5478
gaba_potentiation|k2p_potentiation|nca_block|nachr_antagonism|glucl_potentiation,30.0,42,75.0,0.0,20.434895833333332,6.357222222222222,54788ddcf622669910f9f6738d8b84167346a3e80f96c1982c26d345388c5478
gaba_potentiation|k2p_potentiation|nca_block|nachr_antagonism|glucl_potentiation,30.0,137,75.0,0.0,19.408854166666668,6.114166666666667,54788ddcf622669910f9f6738d8b84167346a3e80f96c1982c26d345388c5478
gaba_potentiation|k2p_potentiation|nca_block|nachr_antagonism|glucl_potentiation,30.0,219,75.0,0.0,20.908854166666668,6.551666666666667,54788ddcf622669910f9f6738d8b84167346a3e80f96c1982c26d345388c5478
gaba_potentiation|k2p_potentiation|nca_block|nachr_antagonism|glucl_potentiation,30.0,331,75.0,0.0,20.114583333333332,6.2875,54788ddcf622669910f9f6738d8b84167346a3e80f96c1982c26d345388c5478
gaba_potentiation|k2p_potentiation|nca_block|nachr_antagonism|glucl_potentiation,30.0,443,75.0,0.0,21.127604166666668,6.5529166666666665,54788ddcf622669910f9f6738d8b84167346a3e80f96c1982c26d345388c5478
gaba_potentiation|k2p_potentiation|nca_block|nachr_antagonism|glucl_potentiation,100.0,42,75.0,0.0,15.588541666666666,4.79375,54788ddcf622669910f9f6738d8b84167346a3e80f96c1982c26d345388c5478
gaba_potentiation|k2p_potentiation|nca_block|nachr_antagonism|glucl_potentiation,100.0,137,75.0,0.0,14.950520833333334,4.626111111111111,54788ddcf622669910f9f6738d8b84167346a3e80f96c1982c26d345388c5478
gaba_potentiation|k2p_potentiation|nca_block|nachr_antagonism|glucl_potentiation,3000.0,137,75.0,0.375,3.7317708333333335,1.0911111111111111,54788ddcf622669910f9f6738d8b84167346a3e80f96c1982c26d345388c5478
gaba_potentiation|k2p_potentiation|nca_block|nachr_antagonism|glucl_potentiation,3000.0,219,75.0,0.3541666666666667,3.9973958333333335,1.1727777777777777,54788ddcf622669910f9f6738d8b84167346a3e80f96c1982c26d345388c5478
gaba_potentiation|k2p_potentiation|nca_block|nachr_antagonism|glucl_potentiation,3000.0,331,75.0,0.3333333333333333,3.8229166666666665,1.116111111111111,54788ddcf622669910f9f6738d8b84167346a3e80f96c1982c26d345388c5478
gaba_potentiation|k2p_potentiation|nca_block|nachr_antagonism|glucl_potentiation,3000.0,443,75.0,0.5208333333333334,2.8541666666666665,0.9002777777777777,54788ddcf622669910f9f6738d8b84167346a3e80f96c1982c26d345388c5478
gaba_potentiation|complex_i_block|snare_cooperativity|nca_block|nachr_antagonism,10.0,42,75.0,0.0,21.919270833333332,6.795555555555556,54788ddcf622669910f9f6738d8b84167346a3e80f96c1982c26d345388c5478
gaba_potentiation|complex_i_block|snare_cooperativity|nca_block|nachr_antagonism,10.0,137,75.0,0.0,20.84375,6.579027777777778,54788ddcf622669910f9f6738d8b84167346a3e80f96c1982c26d345388c5478
gaba_potentiation|complex_i_block|snare_cooperativity|nca_block|nachr_antagonism,10.0,219,75.0,0.0,21.958333333333332,6.870972222222222,54788ddcf622669910f9f6738d8b84167346a3e80f96c1982c26d345388c5478
gaba_potentiation|complex_i_block|snare_cooperativity|nca_block|nachr_antagonism,10.0,331,75.0,0.0,21.4375,6.688194444444444,54788ddcf622669910f9f6738d8b84167346a3e80f96c1982c26d345388c5478
gaba_potentiation|complex_i_block|snare_cooperativity|nca_block|nachr_antagonism,100.0,219,75.0,0.0,11.6328125,3.4091666666666667,54788ddcf622669910f9f6738d8b84167346a3e80f96c1982c26d345388c5478
gaba_potentiation|complex_i_block|snare_cooperativity|nca_block|nachr_antagonism,100.0,331,75.0,0.0,11.1328125,3.3001388888888887,54788ddcf622669910f9f6738d8b84167346a3e80f96c1982c26d345388c5478
gaba_potentiation|complex_i_block|snare_cooperativity|nca_block|nachr_antagonism,100.0,443,75.0,0.0,11.236979166666666,3.3158333333333334,54788ddcf622669910f9f6738d8b84167346a3e80f96c1982c26d345388c5478
gaba_potentiation|complex_i_block|snare_cooperativity|nca_block|nachr_antagonism,200.0,42,75.0,0.041666666666666664,6.380208333333333,1.801388888888889,54788ddcf622669910f9f6738d8b84167346a3e80f96c1982c26d345388c5478
gaba_potentiation|k2p_potentiation|nca_block|nachr_antagonism|glucl_potentiation,500.0,331,75.0,0.041666666666666664,7.15625,2.129027777777778,54788ddcf622669910f9f6738d8b84167346a3e80f96c1982c26d345388c5478
gaba_potentiation|k2p_potentiation|nca_block|nachr_antagonism|glucl_potentiation,500.0,443,75.0,0.08333333333333333,6.546875,2.0122222222222224,54788ddcf622669910f9f6738d8b84167346a3e80f96c1982c26d345388c5478
gaba_potentiation|k2p_potentiation|nca_block|nachr_antagonism|glucl_potentiation,1000.0,42,75.0,0.16666666666666666,5.411458333333333,1.5741666666666667,54788ddcf622669910f9f6738d8b84167346a3e80f96c1982c26d345388c5478
gaba_potentiation|k2p_potentiation|nca_block|nachr_antagonism|glucl_potentiation,1000.0,137,75.0,0.16666666666666666,5.205729166666667,1.53875,54788ddcf622669910f9f6738d8b84167346a3e80f96c1982c26d345388c5478
gaba_potentiation|complex_i_block|snare_cooperativity|nca_block|nachr_antagonism,350.0,443,75.0,0.6041666666666666,3.0807291666666665,0.9009722222222222,54788ddcf622669910f9f6738d8b84167346a3e80f96c1982c26d345388c5478
gaba_potentiation|complex_i_block|snare_cooperativity|nca_block|nachr_antagonism,500.0,42,75.0,0.7291666666666666,2.1796875,0.6222222222222222,54788ddcf622669910f9f6738d8b84167346a3e80f96c1982c26d345388c5478
gaba_potentiation|complex_i_block|snare_cooperativity|nca_block|nachr_antagonism,500.0,137,75.0,0.7708333333333334,2.0572916666666665,0.6113888888888889,54788ddcf622669910f9f6738d8b84167346a3e80f96c1982c26d345388c5478
gaba_potentiation|complex_i_block|snare_cooperativity|nca_block|nachr_antagonism,500.0,219,75.0,0.7083333333333334,2.3697916666666665,0.6793055555555556,54788ddcf622669910f9f6738d8b84167346a3e80f96c1982c26d345388c5478
gaba_potentiation|k2p_potentiation|nca_block|nachr_antagonism|glucl_potentiation,1000.0,219,75.0,0.1875,5.588541666666667,1.6513888888888888,54788ddcf622669910f9f6738d8b84167346a3e80f96c1982c26d345388c5478
gaba_potentiation|k2p_potentiation|nca_block|nachr_antagonism|glucl_potentiation,1000.0,331,75.0,0.14583333333333334,5.380208333333333,1.583888888888889,54788ddcf622669910f9f6738d8b84167346a3e80f96c1982c26d345388c5478
gaba_potentiation|k2p_potentiation|nca_block|nachr_antagonism|glucl_potentiation,1000.0,443,75.0,0.2708333333333333,4.216145833333333,1.3084722222222223,54788ddcf622669910f9f6738d8b84167346a3e80f96c1982c26d345388c5478
gaba_potentiation|k2p_potentiation|nca_block|nachr_antagonism|glucl_potentiation,3000.0,42,75.0,0.375,3.8776041666666665,1.1127777777777779,54788ddcf622669910f9f6738d8b84167346a3e80f96c1982c26d345388c5478
gaba_potentiation|complex_i_block|snare_cooperativity|nca_block|nachr_antagonism,10.0,443,75.0,0.0,22.122395833333332,6.895555555555555,54788ddcf622669910f9f6738d8b84167346a3e80f96c1982c26d345388c5478
gaba_potentiation|complex_i_block|snare_cooperativity|nca_block|nachr_antagonism,30.0,42,75.0,0.0,18.270833333333332,5.623472222222222,54788ddcf622669910f9f6738d8b84167346a3e80f96c1982c26d345388c5478
gaba_potentiation|complex_i_block|snare_cooperativity|nca_block|nachr_antagonism,30.0,137,75.0,0.0,17.5234375,5.4494444444444445,54788ddcf622669910f9f6738d8b84167346a3e80f96c1982c26d345388c5478
gaba_potentiation|complex_i_block|snare_cooperativity|nca_block|nachr_antagonism,30.0,219,75.0,0.0,18.815104166666668,5.8052777777777775,54788ddcf622669910f9f6738d8b84167346a3e80f96c1982c26d345388c5478
gaba_potentiation|complex_i_block|snare_cooperativity|nca_block|nachr_antagonism,30.0,331,75.0,0.0,18.106770833333332,5.57875,54788ddcf622669910f9f6738d8b84167346a3e80f96c1982c26d345388c5478
gaba_potentiation|complex_i_block|snare_cooperativity|nca_block|nachr_antagonism,30.0,443,75.0,0.0,18.911458333333332,5.79375,54788ddcf622669910f9f6738d8b84167346a3e80f96c1982c26d345388c5478
gaba_potentiation|complex_i_block|snare_cooperativity|nca_block|nachr_antagonism,100.0,42,75.0,0.0,11.197916666666666,3.289722222222222,54788ddcf622669910f9f6738d8b84167346a3e80f96c1982c26d345388c5478
gaba_potentiation|complex_i_block|snare_cooperativity|nca_block|nachr_antagonism,100.0,137,75.0,0.0,10.421875,3.1013888888888888,54788ddcf622669910f9f6738d8b84167346a3e80f96c1982c26d345388c5478
gaba_potentiation|complex_i_block|snare_cooperativity|nca_block|nachr_antagonism,3000.0,137,75.0,1.0,0.5520833333333334,0.21680555555555556,54788ddcf622669910f9f6738d8b84167346a3e80f96c1982c26d345388c5478
gaba_potentiation|complex_i_block|snare_cooperativity|nca_block|nachr_antagonism,3000.0,219,75.0,1.0,0.5520833333333334,0.22625,54788ddcf622669910f9f6738d8b84167346a3e80f96c1982c26d345388c5478
gaba_potentiation|complex_i_block|snare_cooperativity|nca_block|nachr_antagonism,3000.0,331,75.0,1.0,0.6145833333333334,0.23555555555555555,54788ddcf622669910f9f6738d8b84167346a3e80f96c1982c26d345388c5478
gaba_potentiation|complex_i_block|snare_cooperativity|nca_block|nachr_antagonism,3000.0,443,75.0,1.0,0.2708333333333333,0.19597222222222221,54788ddcf622669910f9f6738d8b84167346a3e80f96c1982c26d345388c5478
gaba_potentiation|complex_i_block|snare_cooperativity|nca_block|nachr_antagonism,200.0,137,75.0,0.0625,6.036458333333333,1.7169444444444444,54788ddcf622669910f9f6738d8b84167346a3e80f96c1982c26d345388c5478
gaba_potentiation|complex_i_block|snare_cooperativity|nca_block|nachr_antagonism,200.0,219,75.0,0.0625,6.630208333333333,1.8720833333333333,54788ddcf622669910f9f6738d8b84167346a3e80f96c1982c26d345388c5478
gaba_potentiation|complex_i_block|snare_cooperativity|nca_block|nachr_antagonism,200.0,331,75.0,0.041666666666666664,6.53125,1.8359722222222221,54788ddcf622669910f9f6738d8b84167346a3e80f96c1982c26d345388c5478
gaba_potentiation|complex_i_block|snare_cooperativity|nca_block|nachr_antagonism,200.0,443,75.0,0.10416666666666667,5.903645833333333,1.7102777777777778,54788ddcf622669910f9f6738d8b84167346a3e80f96c1982c26d345388c5478
gaba_potentiation|complex_i_block|snare_cooperativity|nca_block|nachr_antagonism,350.0,42,75.0,0.375,3.578125,0.9869444444444444,54788ddcf622669910f9f6738d8b84167346a3e80f96c1982c26d345388c5478
gaba_potentiation|complex_i_block|snare_cooperativity|nca_block|nachr_antagonism,350.0,137,75.0,0.4166666666666667,3.3723958333333335,0.9466666666666667,54788ddcf622669910f9f6738d8b84167346a3e80f96c1982c26d345388c5478
gaba_potentiation|complex_i_block|snare_cooperativity|nca_block|nachr_antagonism,350.0,219,75.0,0.3333333333333333,3.8229166666666665,1.0591666666666666,54788ddcf622669910f9f6738d8b84167346a3e80f96c1982c26d345388c5478
gaba_potentiation|complex_i_block|snare_cooperativity|nca_block|nachr_antagonism,350.0,331,75.0,0.3333333333333333,3.7942708333333335,1.0243055555555556,54788ddcf622669910f9f6738d8b84167346a3e80f96c1982c26d345388c5478
gaba_potentiation|complex_i_block|snare_cooperativity|nca_block|glucl_potentiation,10.0,42,75.0,0.0,21.854166666666668,6.784305555555555,54788ddcf622669910f9f6738d8b84167346a3e80f96c1982c26d345388c5478
gaba_potentiation|complex_i_block|snare_cooperativity|nca_block|glucl_potentiation,10.0,137,75.0,0.0,20.973958333333332,6.61375,54788ddcf622669910f9f6738d8b84167346a3e80f96c1982c26d345388c5478
gaba_potentiation|complex_i_block|snare_cooperativity|nca_block|glucl_potentiation,10.0,219,75.0,0.0,22.018229166666668,6.890694444444445,54788ddcf622669910f9f6738d8b84167346a3e80f96c1982c26d345388c5478
gaba_potentiation|complex_i_block|snare_cooperativity|nca_block|glucl_potentiation,10.0,331,75.0,0.0,21.411458333333332,6.6873611111111115,54788ddcf622669910f9f6738d8b84167346a3e80f96c1982c26d345388c5478
gaba_potentiation|complex_i_block|snare_cooperativity|nca_block|glucl_potentiation,10.0,443,75.0,0.0,22.223958333333332,6.921666666666667,54788ddcf622669910f9f6738d8b84167346a3e80f96c1982c26d345388c5478
gaba_potentiation|complex_i_block|snare_cooperativity|nca_block|glucl_potentiation,30.0,42,75.0,0.0,18.5703125,5.718194444444444,54788ddcf622669910f9f6738d8b84167346a3e80f96c1982c26d345388c5478
gaba_potentiation|complex_i_block|snare_cooperativity|nca_block|glucl_potentiation,30.0,137,75.0,0.0,17.651041666666668,5.497916666666667,54788ddcf622669910f9f6738d8b84167346a3e80f96c1982c26d345388c5478
gaba_potentiation|complex_i_block|snare_cooperativity|nca_block|glucl_potentiation,30.0,219,75.0,0.0,19.216145833333332,5.924722222222222,54788ddcf622669910f9f6738d8b84167346a3e80f96c1982c26d345388c5478
gaba_potentiation|complex_i_block|snare_cooperativity|nca_block|glucl_potentiation,100.0,219,75.0,0.0,11.893229166666666,3.5075,54788ddcf622669910f9f6738d8b84167346a3e80f96c1982c26d345388c5478
gaba_potentiation|complex_i_block|snare_cooperativity|nca_block|glucl_potentiation,100.0,331,75.0,0.0,11.434895833333334,3.4004166666666666,54788ddcf622669910f9f6738d8b84167346a3e80f96c1982c26d345388c5478
gaba_potentiation|complex_i_block|snare_cooperativity|nca_block|glucl_potentiation,100.0,443,75.0,0.0,11.768229166666666,3.466527777777778,54788ddcf622669910f9f6738d8b84167346a3e80f96c1982c26d345388c5478
gaba_potentiation|complex_i_block|snare_cooperativity|nca_block|glucl_potentiation,200.0,42,75.0,0.020833333333333332,6.78125,1.917638888888889,54788ddcf622669910f9f6738d8b84167346a3e80f96c1982c26d345388c5478
gaba_potentiation|complex_i_block|snare_cooperativity|nca_block|nachr_antagonism,1000.0,219,75.0,0.9375,1.1536458333333333,0.3734722222222222,54788ddcf622669910f9f6738d8b84167346a3e80f96c1982c26d345388c5478
gaba_potentiation|complex_i_block|snare_cooperativity|nca_block|nachr_antagonism,1000.0,331,75.0,0.9583333333333334,1.2135416666666667,0.3751388888888889,54788ddcf622669910f9f6738d8b84167346a3e80f96c1982c26d345388c5478
gaba_potentiation|complex_i_block|snare_cooperativity|nca_block|nachr_antagonism,1000.0,443,75.0,1.0,0.7265625,0.31833333333333336,54788ddcf622669910f9f6738d8b84167346a3e80f96c1982c26d345388c5478
gaba_potentiation|complex_i_block|snare_cooperativity|nca_block|nachr_antagonism,3000.0,42,75.0,1.0,0.5130208333333334,0.22180555555555556,54788ddcf622669910f9f6738d8b84167346a3e80f96c1982c26d345388c5478
gaba_potentiation|complex_i_block|snare_cooperativity|nca_block|nachr_antagonism,500.0,331,75.0,0.6666666666666666,2.5130208333333335,0.6890277777777778,54788ddcf622669910f9f6738d8b84167346a3e80f96c1982c26d345388c5478
gaba_potentiation|complex_i_block|snare_cooperativity|nca_block|nachr_antagonism,500.0,443,75.0,0.8541666666666666,1.65625,0.5583333333333333,54788ddcf622669910f9f6738d8b84167346a3e80f96c1982c26d345388c5478
gaba_potentiation|complex_i_block|snare_cooperativity|nca_block|nachr_antagonism,1000.0,42,75.0,0.9791666666666666,1.09375,0.3684722222222222,54788ddcf622669910f9f6738d8b84167346a3e80f96c1982c26d345388c5478
gaba_potentiation|complex_i_block|snare_cooperativity|nca_block|nachr_antagonism,1000.0,137,75.0,0.9791666666666666,0.96875,0.33319444444444446,54788ddcf622669910f9f6738d8b84167346a3e80f96c1982c26d345388c5478
gaba_potentiation|complex_i_block|snare_cooperativity|nca_block|glucl_potentiation,500.0,331,75.0,0.6458333333333334,2.7734375,0.7583333333333333,54788ddcf622669910f9f6738d8b84167346a3e80f96c1982c26d345388c5478
gaba_potentiation|complex_i_block|snare_cooperativity|nca_block|glucl_potentiation,500.0,443,75.0,0.7916666666666666,2.0338541666666665,0.6409722222222223,54788ddcf622669910f9f6738d8b84167346a3e80f96c1982c26d345388c5478
gaba_potentiation|complex_i_block|snare_cooperativity|nca_block|glucl_potentiation,1000.0,42,75.0,0.9583333333333334,1.2291666666666667,0.4033333333333333,54788ddcf622669910f9f6738d8b84167346a3e80f96c1982c26d345388c5478
gaba_potentiation|complex_i_block|snare_cooperativity|nca_block|glucl_potentiation,1000.0,137,75.0,0.9791666666666666,1.0859375,0.37180555555555556,54788ddcf622669910f9f6738d8b84167346a3e80f96c1982c26d345388c5478
gaba_potentiation|complex_i_block|snare_cooperativity|nca_block|glucl_potentiation,30.0,331,75.0,0.0,18.2578125,5.634305555555556,54788ddcf622669910f9f6738d8b84167346a3e80f96c1982c26d345388c5478
gaba_potentiation|complex_i_block|snare_cooperativity|nca_block|glucl_potentiation,30.0,443,75.0,0.0,19.184895833333332,5.882916666666667,54788ddcf622669910f9f6738d8b84167346a3e80f96c1982c26d345388c5478
gaba_potentiation|complex_i_block|snare_cooperativity|nca_block|glucl_potentiation,100.0,42,75.0,0.0,11.578125,3.404027777777778,54788ddcf622669910f9f6738d8b84167346a3e80f96c1982c26d345388c5478
gaba_potentiation|complex_i_block|snare_cooperativity|nca_block|glucl_potentiation,100.0,137,75.0,0.0,10.7890625,3.2215277777777778,54788ddcf622669910f9f6738d8b84167346a3e80f96c1982c26d345388c5478
gaba_potentiation|complex_i_block|nca_block|nachr_antagonism|glucl_potentiation,10.0,443,75.0,0.0,22.729166666666668,7.123194444444445,54788ddcf622669910f9f6738d8b84167346a3e80f96c1982c26d345388c5478
gaba_potentiation|complex_i_block|nca_block|nachr_antagonism|glucl_potentiation,30.0,42,75.0,0.0,20.002604166666668,6.2025,54788ddcf622669910f9f6738d8b84167346a3e80f96c1982c26d345388c5478
gaba_potentiation|complex_i_block|nca_block|nachr_antagonism|glucl_potentiation,30.0,137,75.0,0.0,18.890625,5.921944444444445,54788ddcf622669910f9f6738d8b84167346a3e80f96c1982c26d345388c5478
gaba_potentiation|complex_i_block|nca_block|nachr_antagonism|glucl_potentiation,30.0,219,75.0,0.0,20.130208333333332,6.327361111111111,54788ddcf622669910f9f6738d8b84167346a3e80f96c1982c26d345388c5478
gaba_potentiation|complex_i_block|nca_block|nachr_antagonism|glucl_potentiation,10.0,42,75.0,0.0,22.450520833333332,7.013888888888889,54788ddcf622669910f9f6738d8b84167346a3e80f96c1982c26d345388c5478
gaba_potentiation|complex_i_block|nca_block|nachr_antagonism|glucl_potentiation,10.0,137,75.0,0.0,21.466145833333332,6.771527777777778,54788ddcf622669910f9f6738d8b84167346a3e80f96c1982c26d345388c5478
gaba_potentiation|complex_i_block|nca_block|nachr_antagonism|glucl_potentiation,10.0,219,75.0,0.0,22.263020833333332,7.000972222222222,54788ddcf622669910f9f6738d8b84167346a3e80f96c1982c26d345388c5478
gaba_potentiation|complex_i_block|nca_block|nachr_antagonism|glucl_potentiation,10.0,331,75.0,0.0,21.942708333333332,6.8815277777777775,54788ddcf622669910f9f6738d8b84167346a3e80f96c1982c26d345388c5478
gaba_potentiation|complex_i_block|snare_cooperativity|nca_block|glucl_potentiation,200.0,137,75.0,0.041666666666666664,6.583333333333333,1.8645833333333333,54788ddcf622669910f9f6738d8b84167346a3e80f96c1982c26d345388c5478
gaba_potentiation|complex_i_block|snare_cooperativity|nca_block|glucl_potentiation,200.0,219,75.0,0.0625,7.0390625,2.000138888888889,54788ddcf622669910f9f6738d8b84167346a3e80f96c1982c26d345388c5478
gaba_potentiation|complex_i_block|snare_cooperativity|nca_block|glucl_potentiation,200.0,331,75.0,0.041666666666666664,6.809895833333333,1.927361111111111,54788ddcf622669910f9f6738d8b84167346a3e80f96c1982c26d345388c5478
gaba_potentiation|complex_i_block|snare_cooperativity|nca_block|glucl_potentiation,200.0,443,75.0,0.041666666666666664,6.486979166666667,1.8698611111111112,54788ddcf622669910f9f6738d8b84167346a3e80f96c1982c26d345388c5478
gaba_potentiation|complex_i_block|nca_block|nachr_antagonism|glucl_potentiation,30.0,331,75.0,0.0,19.380208333333332,6.061111111111111,54788ddcf622669910f9f6738d8b84167346a3e80f96c1982c26d345388c5478
gaba_potentiation|complex_i_block|nca_block|nachr_antagonism|glucl_potentiation,30.0,443,75.0,0.0,20.229166666666668,6.289166666666667,54788ddcf622669910f9f6738d8b84167346a3e80f96c1982c26d345388c5478
gaba_potentiation|complex_i_block|nca_block|nachr_antagonism|glucl_potentiation,100.0,42,75.0,0.0,14.0859375,4.328333333333333,54788ddcf622669910f9f6738d8b84167346a3e80f96c1982c26d345388c5478
gaba_potentiation|complex_i_block|nca_block|nachr_antagonism|glucl_potentiation,100.0,137,75.0,0.0,13.2578125,4.103611111111111,54788ddcf622669910f9f6738d8b84167346a3e80f96c1982c26d345388c5478
gaba_potentiation|complex_i_block|snare_cooperativity|nca_block|glucl_potentiation,350.0,42,75.0,0.2916666666666667,3.9114583333333335,1.0681944444444444,54788ddcf622669910f9f6738d8b84167346a3e80f96c1982c26d345388c5478
gaba_potentiation|complex_i_block|snare_cooperativity|nca_block|glucl_potentiation,350.0,137,75.0,0.3333333333333333,3.6953125,1.0294444444444444,54788ddcf622669910f9f6738d8b84167346a3e80f96c1982c26d345388c5478
gaba_potentiation|complex_i_block|snare_cooperativity|nca_block|glucl_potentiation,350.0,219,75.0,0.2916666666666667,3.9895833333333335,1.1188888888888888,54788ddcf622669910f9f6738d8b84167346a3e80f96c1982c26d345388c5478
gaba_potentiation|complex_i_block|snare_cooperativity|nca_block|glucl_potentiation,350.0,331,75.0,0.25,4.197916666666667,1.1343055555555555,54788ddcf622669910f9f6738d8b84167346a3e80f96c1982c26d345388c5478
gaba_potentiation|complex_i_block|snare_cooperativity|nca_block|glucl_potentiation,350.0,443,75.0,0.5,3.4036458333333335,0.9893055555555555,54788ddcf622669910f9f6738d8b84167346a3e80f96c1982c26d345388c5478
gaba_potentiation|complex_i_block|snare_cooperativity|nca_block|glucl_potentiation,500.0,42,75.0,0.625,2.5703125,0.7205555555555555,54788ddcf622669910f9f6738d8b84167346a3e80f96c1982c26d345388c5478
gaba_potentiation|complex_i_block|snare_cooperativity|nca_block|glucl_potentiation,500.0,137,75.0,0.6875,2.2734375,0.6791666666666667,54788ddcf622669910f9f6738d8b84167346a3e80f96c1982c26d345388c5478
gaba_potentiation|complex_i_block|snare_cooperativity|nca_block|glucl_potentiation,500.0,219,75.0,0.6041666666666666,2.6614583333333335,0.7581944444444444,54788ddcf622669910f9f6738d8b84167346a3e80f96c1982c26d345388c5478
gaba_potentiation|complex_i_block|snare_cooperativity|nca_block|glucl_potentiation,1000.0,219,75.0,0.875,1.3333333333333333,0.4230555555555556,54788ddcf622669910f9f6738d8b84167346a3e80f96c1982c26d345388c5478
gaba_potentiation|complex_i_block|snare_cooperativity|nca_block|glucl_potentiation,1000.0,331,75.0,0.9375,1.390625,0.42,54788ddcf622669910f9f6738d8b84167346a3e80f96c1982c26d345388c5478
gaba_potentiation|complex_i_block|snare_cooperativity|nca_block|glucl_potentiation,1000.0,443,75.0,1.0,0.828125,0.35541666666666666,54788ddcf622669910f9f6738d8b84167346a3e80f96c1982c26d345388c5478
gaba_potentiation|complex_i_block|snare_cooperativity|nca_block|glucl_potentiation,3000.0,42,75.0,1.0,0.5625,0.24888888888888888,54788ddcf622669910f9f6738d8b84167346a3e80f96c1982c26d345388c5478
gaba_potentiation|complex_i_block|snare_cooperativity|nca_block|glucl_potentiation,3000.0,137,75.0,1.0,0.6223958333333334,0.23791666666666667,54788ddcf622669910f9f6738d8b84167346a3e80f96c1982c26d345388c5478
gaba_potentiation|complex_i_block|snare_cooperativity|nca_block|glucl_potentiation,3000.0,219,75.0,1.0,0.640625,0.255,54788ddcf622669910f9f6738d8b84167346a3e80f96c1982c26d345388c5478
gaba_potentiation|complex_i_block|snare_cooperativity|nca_block|glucl_potentiation,3000.0,331,75.0,1.0,0.7109375,0.26458333333333334,54788ddcf622669910f9f6738d8b84167346a3e80f96c1982c26d345388c5478
gaba_potentiation|complex_i_block|snare_cooperativity|nca_block|glucl_potentiation,3000.0,443,75.0,1.0,0.3359375,0.22486111111111112,54788ddcf622669910f9f6738d8b84167346a3e80f96c1982c26d345388c5478
gaba_potentiation|complex_i_block|nca_block|nachr_antagonism|glucl_potentiation,350.0,42,75.0,0.041666666666666664,7.390625,2.19,54788ddcf622669910f9f6738d8b84167346a3e80f96c1982c26d345388c5478
gaba_potentiation|complex_i_block|nca_block|nachr_antagonism|glucl_potentiation,350.0,137,75.0,0.14583333333333334,6.565104166666667,1.9754166666666666,54788ddcf622669910f9f6738d8b84167346a3e80f96c1982c26d345388c5478
gaba_potentiation|complex_i_block|nca_block|nachr_antagonism|glucl_potentiation,350.0,219,75.0,0.041666666666666664,7.372395833333333,2.205972222222222,54788ddcf622669910f9f6738d8b84167346a3e80f96c1982c26d345388c5478
gaba_potentiation|complex_i_block|nca_block|nachr_antagonism|glucl_potentiation,350.0,331,75.0,0.041666666666666664,6.825520833333333,2.0320833333333335,54788ddcf622669910f9f6738d8b84167346a3e80f96c1982c26d345388c5478
gaba_potentiation|complex_i_block|nca_block|nachr_antagonism|glucl_potentiation,500.0,331,75.0,0.125,5.8359375,1.7166666666666666,54788ddcf622669910f9f6738d8b84167346a3e80f96c1982c26d345388c5478
gaba_potentiation|complex_i_block|nca_block|nachr_antagonism|glucl_potentiation,500.0,443,75.0,0.25,4.807291666666667,1.479861111111111,54788ddcf622669910f9f6738d8b84167346a3e80f96c1982c26d345388c5478
gaba_potentiation|complex_i_block|nca_block|nachr_antagonism|glucl_potentiation,1000.0,42,75.0,0.375,3.875,1.11625,54788ddcf622669910f9f6738d8b84167346a3e80f96c1982c26d345388c5478
gaba_potentiation|complex_i_block|nca_block|nachr_antagonism|glucl_potentiation,1000.0,137,75.0,0.375,3.7317708333333335,1.0945833333333332,54788ddcf622669910f9f6738d8b84167346a3e80f96c1982c26d345388c5478
gaba_potentiation|complex_i_block|nca_block|nachr_antagonism|glucl_potentiation,1000.0,219,75.0,0.3541666666666667,4.096354166666667,1.1975,54788ddcf622669910f9f6738d8b84167346a3e80f96c1982c26d345388c5478
gaba_potentiation|complex_i_block|nca_block|nachr_antagonism|glucl_potentiation,1000.0,331,75.0,0.2916666666666667,3.9583333333333335,1.1543055555555555,54788ddcf622669910f9f6738d8b84167346a3e80f96c1982c26d345388c5478
gaba_potentiation|complex_i_block|nca_block|nachr_antagonism|glucl_potentiation,1000.0,443,75.0,0.4791666666666667,2.9765625,0.9365277777777777,54788ddcf622669910f9f6738d8b84167346a3e80f96c1982c26d345388c5478
gaba_potentiation|complex_i_block|nca_block|nachr_antagonism|glucl_potentiation,3000.0,42,75.0,0.5833333333333334,2.6536458333333335,0.7536111111111111,54788ddcf622669910f9f6738d8b84167346a3e80f96c1982c26d345388c5478
gaba_potentiation|complex_i_block|nca_block|nachr_antagonism|glucl_potentiation,100.0,219,75.0,0.0,14.263020833333334,4.390694444444445,54788ddcf622669910f9f6738d8b84167346a3e80f96c1982c26d345388c5478
gaba_potentiation|complex_i_block|nca_block|nachr_antagonism|glucl_potentiation,100.0,331,75.0,0.0,13.6171875,4.22,54788ddcf622669910f9f6738d8b84167346a3e80f96c1982c26d345388c5478
gaba_potentiation|complex_i_block|nca_block|nachr_antagonism|glucl_potentiation,100.0,443,75.0,0.0,14.15625,4.346111111111111,54788ddcf622669910f9f6738d8b84167346a3e80f96c1982c26d345388c5478
gaba_potentiation|complex_i_block|nca_block|nachr_antagonism|glucl_potentiation,200.0,42,75.0,0.0,10.0078125,3.02375,54788ddcf622669910f9f6738d8b84167346a3e80f96c1982c26d345388c5478
gaba_potentiation|complex_i_block|nca_block|nachr_antagonism|glucl_potentiation,200.0,137,75.0,0.020833333333333332,9.4296875,2.8545833333333333,54788ddcf622669910f9f6738d8b84167346a3e80f96c1982c26d345388c5478
gaba_potentiation|complex_i_block|nca_block|nachr_antagonism|glucl_potentiation,200.0,219,75.0,0.0,10.4921875,3.158888888888889,54788ddcf622669910f9f6738d8b84167346a3e80f96c1982c26d345388c5478
gaba_potentiation|complex_i_block|nca_block|nachr_antagonism|glucl_potentiation,200.0,331,75.0,0.020833333333333332,10.067708333333334,3.0305555555555554,54788ddcf622669910f9f6738d8b84167346a3e80f96c1982c26d345388c5478
gaba_potentiation|complex_i_block|nca_block|nachr_antagonism|glucl_potentiation,200.0,443,75.0,0.0,9.255208333333334,2.827777777777778,54788ddcf622669910f9f6738d8b84167346a3e80f96c1982c26d345388c5478
gaba_potentiation|snare_cooperativity|nca_block|nachr_antagonism|glucl_potentiation,10.0,42,75.0,0.0,22.265625,6.907222222222222,54788ddcf622669910f9f6738d8b84167346a3e80f96c1982c26d345388c5478
gaba_potentiation|snare_cooperativity|nca_block|nachr_antagonism|glucl_potentiation,10.0,137,75.0,0.0,21.515625,6.765,54788ddcf622669910f9f6738d8b84167346a3e80f96c1982c26d345388c5478
gaba_potentiation|snare_cooperativity|nca_block|nachr_antagonism|glucl_potentiation,10.0,219,75.0,0.0,22.369791666666668,6.996527777777778,54788ddcf622669910f9f6738d8b84167346a3e80f96c1982c26d345388c5478
gaba_potentiation|snare_cooperativity|nca_block|nachr_antagonism|glucl_potentiation,10.0,331,75.0,0.0,21.807291666666668,6.805138888888889,54788ddcf622669910f9f6738d8b84167346a3e80f96c1982c26d345388c5478
gaba_potentiation|complex_i_block|nca_block|nachr_antagonism|glucl_potentiation,350.0,443,75.0,0.08333333333333333,6.270833333333333,1.9318055555555556,54788ddcf622669910f9f6738d8b84167346a3e80f96c1982c26d345388c5478
gaba_potentiation|complex_i_block|nca_block|nachr_antagonism|glucl_potentiation,500.0,42,75.0,0.10416666666666667,6.0703125,1.7679166666666666,54788ddcf622669910f9f6738d8b84167346a3e80f96c1982c26d345388c5478
gaba_potentiation|complex_i_block|nca_block|nachr_antagonism|glucl_potentiation,500.0,137,75.0,0.16666666666666666,5.377604166666667,1.6083333333333334,54788ddcf622669910f9f6738d8b84167346a3e80f96c1982c26d345388c5478
gaba_potentiation|complex_i_block|nca_block|nachr_antagonism|glucl_potentiation,500.0,219,75.0,0.14583333333333334,6.033854166666667,1.7855555555555556,54788ddcf622669910f9f6738d8b84167346a3e80f96c1982c26d345388c5478
gaba_potentiation|complex_i_block|nca_block|nachr_antagonism|glucl_potentiation,3000.0,137,75.0,0.625,2.6770833333333335,0.7640277777777778,54788ddcf622669910f9f6738d8b84167346a3e80f96c1982c26d345388c5478
gaba_potentiation|complex_i_block|nca_block|nachr_antagonism|glucl_potentiation,3000.0,219,75.0,0.5833333333333334,2.8125,0.8066666666666666,54788ddcf622669910f9f6738d8b84167346a3e80f96c1982c26d345388c5478
gaba_potentiation|complex_i_block|nca_block|nachr_antagonism|glucl_potentiation,3000.0,331,75.0,0.5833333333333334,2.7734375,0.7890277777777778,54788ddcf622669910f9f6738d8b84167346a3e80f96c1982c26d345388c5478
gaba_potentiation|complex_i_block|nca_block|nachr_antagonism|glucl_potentiation,3000.0,443,75.0,0.7291666666666666,1.7057291666666667,0.5493055555555556,54788ddcf622669910f9f6738d8b84167346a3e80f96c1982c26d345388c5478
gaba_potentiation|snare_cooperativity|nca_block|nachr_antagonism|glucl_potentiation,350.0,42,75.0,0.08333333333333333,4.955729166666667,1.35,54788ddcf622669910f9f6738d8b84167346a3e80f96c1982c26d345388c5478
gaba_potentiation|snare_cooperativity|nca_block|nachr_antagonism|glucl_potentiation,350.0,137,75.0,0.2708333333333333,4.419270833333333,1.2658333333333334,54788ddcf622669910f9f6738d8b84167346a3e80f96c1982c26d345388c5478
gaba_potentiation|snare_cooperativity|nca_block|nachr_antagonism|glucl_potentiation,350.0,219,75.0,0.10416666666666667,5.036458333333333,1.413888888888889,54788ddcf622669910f9f6738d8b84167346a3e80f96c1982c26d345388c5478
gaba_potentiation|snare_cooperativity|nca_block|nachr_antagonism|glucl_potentiation,350.0,331,75.0,0.10416666666666667,5.192708333333333,1.4147222222222222,54788ddcf622669910f9f6738d8b84167346a3e80f96c1982c26d345388c5478
gaba_potentiation|snare_cooperativity|nca_block|nachr_antagonism|glucl_potentiation,350.0,443,75.0,0.2916666666666667,4.4453125,1.2893055555555555,54788ddcf622669910f9f6738d8b84167346a3e80f96c1982c26d345388c5478
gaba_potentiation|snare_cooperativity|nca_block|nachr_antagonism|glucl_potentiation,500.0,42,75.0,0.375,3.6328125,0.9833333333333333,54788ddcf622669910f9f6738d8b84167346a3e80f96c1982c26d345388c5478
gaba_potentiation|snare_cooperativity|nca_block|nachr_antagonism|glucl_potentiation,500.0,137,75.0,0.5,3.1979166666666665,0.9163888888888889,54788ddcf622669910f9f6738d8b84167346a3e80f96c1982c26d345388c5478
gaba_potentiation|snare_cooperativity|nca_block|nachr_antagonism|glucl_potentiation,500.0,219,75.0,0.375,3.390625,0.9633333333333334,54788ddcf622669910f9f6738d8b84167346a3e80f96c1982c26d345388c5478
gaba_potentiation|snare_cooperativity|nca_block|nachr_antagonism|glucl_potentiation,500.0,331,75.0,0.4583333333333333,3.6145833333333335,0.9895833333333334,54788ddcf622669910f9f6738d8b84167346a3e80f96c1982c26d345388c5478
gaba_potentiation|snare_cooperativity|nca_block|nachr_antagonism|glucl_potentiation,500.0,443,75.0,0.5416666666666666,2.890625,0.8683333333333333,54788ddcf622669910f9f6738d8b84167346a3e80f96c1982c26d345388c5478
gaba_potentiation|snare_cooperativity|nca_block|nachr_antagonism|glucl_potentiation,1000.0,42,75.0,0.8333333333333334,1.8463541666666667,0.56125,54788ddcf622669910f9f6738d8b84167346a3e80f96c1982c26d345388c5478
gaba_potentiation|snare_cooperativity|nca_block|nachr_antagonism|glucl_potentiation,1000.0,137,75.0,0.8958333333333334,1.59375,0.5158333333333334,54788ddcf622669910f9f6738d8b84167346a3e80f96c1982c26d345388c5478
k2p_potentiation|complex_i_block|snare_cooperativity|nca_block|nachr_antagonism,10.0,42,75.0,0.0,21.78125,6.751111111111111,54788ddcf622669910f9f6738d8b84167346a3e80f96c1982c26d345388c5478
k2p_potentiation|complex_i_block|snare_cooperativity|nca_block|nachr_antagonism,10.0,137,75.0,0.0,20.778645833333332,6.558611111111111,54788ddcf622669910f9f6738d8b84167346a3e80f96c1982c26d345388c5478
k2p_potentiation|complex_i_block|snare_cooperativity|nca_block|nachr_antagonism,10.0,219,75.0,0.0,21.8671875,6.838888888888889,54788ddcf622669910f9f6738d8b84167346a3e80f96c1982c26d345388c5478
k2p_potentiation|complex_i_block|snare_cooperativity|nca_block|nachr_antagonism,10.0,331,75.0,0.0,21.583333333333332,6.720833333333333,54788ddcf622669910f9f6738d8b84167346a3e80f96c1982c26d345388c5478
gaba_potentiation|snare_cooperativity|nca_block|nachr_antagonism|glucl_potentiation,10.0,443,75.0,0.0,22.5546875,7.0377777777777775,54788ddcf622669910f9f6738d8b84167346a3e80f96c1982c26d345388c5478
gaba_potentiation|snare_cooperativity|nca_block|nachr_antagonism|glucl_potentiation,30.0,42,75.0,0.0,19.416666666666668,5.9776388888888885,54788ddcf622669910f9f6738d8b84167346a3e80f96c1982c26d345388c5478
gaba_potentiation|snare_cooperativity|nca_block|nachr_antagonism|glucl_potentiation,30.0,137,75.0,0.0,18.328125,5.713611111111111,54788ddcf622669910f9f6738d8b84167346a3e80f96c1982c26d345388c5478
gaba_potentiation|snare_cooperativity|nca_block|nachr_antagonism|glucl_potentiation,30.0,219,75.0,0.0,19.716145833333332,6.0875,54788ddcf622669910f9f6738d8b84167346a3e80f96c1982c26d345388c5478
gaba_potentiation|snare_cooperativity|nca_block|nachr_antagonism|glucl_potentiation,30.0,331,75.0,0.0,19.236979166666668,5.931111111111111,54788ddcf622669910f9f6738d8b84167346a3e80f96c1982c26d345388c5478
gaba_potentiation|snare_cooperativity|nca_block|nachr_antagonism|glucl_potentiation,30.0,443,75.0,0.0,19.778645833333332,6.077361111111111,54788ddcf622669910f9f6738d8b84167346a3e80f96c1982c26d345388c5478
gaba_potentiation|snare_cooperativity|nca_block|nachr_antagonism|glucl_potentiation,100.0,42,75.0,0.0,12.854166666666666,3.805138888888889,54788ddcf622669910f9f6738d8b84167346a3e80f96c1982c26d345388c5478
gaba_potentiation|snare_cooperativity|nca_block|nachr_antagonism|glucl_potentiation,100.0,137,75.0,0.0,11.9375,3.5856944444444445,54788ddcf622669910f9f6738d8b84167346a3e80f96c1982c26d345388c5478
gaba_potentiation|snare_cooperativity|nca_block|nachr_antagonism|glucl_potentiation,100.0,219,75.0,0.0,12.736979166666666,3.78625,54788ddcf622669910f9f6738d8b84167346a3e80f96c1982c26d345388c5478
gaba_potentiation|snare_cooperativity|nca_block|nachr_antagonism|glucl_potentiation,100.0,331,75.0,0.0,12.575520833333334,3.763888888888889,54788ddcf622669910f9f6738d8b84167346a3e80f96c1982c26d345388c5478
gaba_potentiation|snare_cooperativity|nca_block|nachr_antagonism|glucl_potentiation,100.0,443,75.0,0.0,12.940104166666666,3.8305555555555557,54788ddcf622669910f9f6738d8b84167346a3e80f96c1982c26d345388c5478
gaba_potentiation|snare_cooperativity|nca_block|nachr_antagonism|glucl_potentiation,200.0,42,75.0,0.0,8.1875,2.3159722222222223,54788ddcf622669910f9f6738d8b84167346a3e80f96c1982c26d345388c5478
gaba_potentiation|snare_cooperativity|nca_block|nachr_antagonism|glucl_potentiation,200.0,137,75.0,0.041666666666666664,7.59375,2.178611111111111,54788ddcf622669910f9f6738d8b84167346a3e80f96c1982c26d345388c5478
gaba_potentiation|snare_cooperativity|nca_block|nachr_antagonism|glucl_potentiation,200.0,219,75.0,0.020833333333333332,7.934895833333333,2.2913888888888887,54788ddcf622669910f9f6738d8b84167346a3e80f96c1982c26d345388c5478
gaba_potentiation|snare_cooperativity|nca_block|nachr_antagonism|glucl_potentiation,200.0,331,75.0,0.020833333333333332,8.158854166666666,2.314861111111111,54788ddcf622669910f9f6738d8b84167346a3e80f96c1982c26d345388c5478
gaba_potentiation|snare_cooperativity|nca_block|nachr_antagonism|glucl_potentiation,200.0,443,75.0,0.041666666666666664,7.96875,2.2819444444444446,54788ddcf622669910f9f6738d8b84167346a3e80f96c1982c26d345388c5478
gaba_potentiation|snare_cooperativity|nca_block|nachr_antagonism|glucl_potentiation,1000.0,219,75.0,0.8125,1.9427083333333333,0.5866666666666667,54788ddcf622669910f9f6738d8b84167346a3e80f96c1982c26d345388c5478
gaba_potentiation|snare_cooperativity|nca_block|nachr_antagonism|glucl_potentiation,1000.0,331,75.0,0.875,1.8385416666666667,0.5551388888888888,54788ddcf622669910f9f6738d8b84167346a3e80f96c1982c26d345388c5478
gaba_potentiation|snare_cooperativity|nca_block|nachr_antagonism|glucl_potentiation,1000.0,443,75.0,0.9583333333333334,1.2447916666666667,0.48277777777777775,54788ddcf622669910f9f6738d8b84167346a3e80f96c1982c26d345388c5478
gaba_potentiation|snare_cooperativity|nca_block|nachr_antagonism|glucl_potentiation,3000.0,42,75.0,0.9791666666666666,0.8489583333333334,0.3481944444444444,54788ddcf622669910f9f6738d8b84167346a3e80f96c1982c26d345388c5478
gaba_potentiation|snare_cooperativity|nca_block|nachr_antagonism|glucl_potentiation,3000.0,137,75.0,1.0,0.8411458333333334,0.32611111111111113,54788ddcf622669910f9f6738d8b84167346a3e80f96c1982c26d345388c5478
gaba_potentiation|snare_cooperativity|nca_block|nachr_antagonism|glucl_potentiation,3000.0,219,75.0,0.9791666666666666,0.9557291666666666,0.36180555555555555,54788ddcf622669910f9f6738d8b84167346a3e80f96c1982c26d345388c5478
gaba_potentiation|snare_cooperativity|nca_block|nachr_antagonism|glucl_potentiation,3000.0,331,75.0,1.0,1.0234375,0.3665277777777778,54788ddcf622669910f9f6738d8b84167346a3e80f96c1982c26d345388c5478
gaba_potentiation|snare_cooperativity|nca_block|nachr_antagonism|glucl_potentiation,3000.0,443,75.0,1.0,0.5390625,0.3090277777777778,54788ddcf622669910f9f6738d8b84167346a3e80f96c1982c26d345388c5478
k2p_potentiation|complex_i_block|snare_cooperativity|nca_block|nachr_antagonism,100.0,219,75.0,0.0,11.484375,3.366111111111111,54788ddcf622669910f9f6738d8b84167346a3e80f96c1982c26d345388c5478
k2p_potentiation|complex_i_block|snare_cooperativity|nca_block|nachr_antagonism,100.0,331,75.0,0.0,10.9296875,3.2304166666666667,54788ddcf622669910f9f6738d8b84167346a3e80f96c1982c26d345388c5478
k2p_potentiation|complex_i_block|snare_cooperativity|nca_block|nachr_antagonism,100.0,443,75.0,0.0,11.223958333333334,3.303888888888889,54788ddcf622669910f9f6738d8b84167346a3e80f96c1982c26d345388c5478
k2p_potentiation|complex_i_block|snare_cooperativity|nca_block|nachr_antagonism,200.0,42,75.0,0.041666666666666664,6.299479166666667,1.7726388888888889,54788ddcf622669910f9f6738d8b84167346a3e80f96c1982c26d345388c5478
k2p_potentiation|complex_i_block|snare_cooperativity|nca_block|nachr_antagonism,200.0,137,75.0,0.0625,5.830729166666667,1.662638888888889,54788ddcf622669910f9f6738d8b84167346a3e80f96c1982c26d345388c5478
k2p_potentiation|complex_i_block|snare_cooperativity|nca_block|nachr_antagonism,200.0,219,75.0,0.0625,6.549479166666667,1.8409722222222222,54788ddcf622669910f9f6738d8b84167346a3e80f96c1982c26d345388c5478
k2p_potentiation|complex_i_block|snare_cooperativity|nca_block|nachr_antagonism,200.0,331,75.0,0.0625,6.333333333333333,1.7694444444444444,54788ddcf622669910f9f6738d8b84167346a3e80f96c1982c26d345388c5478
k2p_potentiation|complex_i_block|snare_cooperativity|nca_block|nachr_antagonism,200.0,443,75.0,0.10416666666666667,5.700520833333333,1.6575,54788ddcf622669910f9f6738d8b84167346a3e80f96c1982c26d345388c5478
k2p_potentiation|complex_i_block|snare_cooperativity|nca_block|nachr_antagonism,350.0,42,75.0,0.375,3.453125,0.9518055555555556,54788ddcf622669910f9f6738d8b84167346a3e80f96c1982c26d345388c5478
k2p_potentiation|complex_i_block|snare_cooperativity|nca_block|nachr_antagonism,350.0,137,75.0,0.4166666666666667,3.2109375,0.9126388888888889,54788ddcf622669910f9f6738d8b84167346a3e80f96c1982c26d345388c5478
k2p_potentiation|complex_i_block|snare_cooperativity|nca_block|nachr_antagonism,350.0,219,75.0,0.3125,3.7916666666666665,1.0447222222222223,54788ddcf622669910f9f6738d8b84167346a3e80f96c1982c26d345388c5478
k2p_potentiation|complex_i_block|snare_cooperativity|nca_block|nachr_antagonism,350.0,331,75.0,0.3333333333333333,3.7395833333333335,1.0043055555555556,54788ddcf622669910f9f6738d8b84167346a3e80f96c1982c26d345388c5478
k2p_potentiation|complex_i_block|snare_cooperativity|nca_block|nachr_antagonism,350.0,443,75.0,0.625,2.9557291666666665,0.865,54788ddcf622669910f9f6738d8b84167346a3e80f96c1982c26d345388c5478
k2p_potentiation|complex_i_block|snare_cooperativity|nca_block|nachr_antagonism,500.0,42,75.0,0.7291666666666666,2.1588541666666665,0.6140277777777777,54788ddcf622669910f9f6738d8b84167346a3e80f96c1982c26d345388c5478
k2p_potentiation|complex_i_block|snare_cooperativity|nca_block|nachr_antagonism,500.0,137,75.0,0.7708333333333334,1.9817708333333333,0.5922222222222222,54788ddcf622669910f9f6738d8b84167346a3e80f96c1982c26d345388c5478
k2p_potentiation|complex_i_block|snare_cooperativity|nca_block|nachr_antagonism,500.0,219,75.0,0.7083333333333334,2.3411458333333335,0.6675,54788ddcf622669910f9f6738d8b84167346a3e80f96c1982c26d345388c5478
k2p_potentiation|complex_i_block|snare_cooperativity|nca_block|nachr_antagonism,10.0,443,75.0,0.0,22.166666666666668,6.9054166666666665,54788ddcf622669910f9f6738d8b84167346a3e80f96c1982c26d345388c5478
k2p_potentiation|complex_i_block|snare_cooperativity|nca_block|nachr_antagonism,30.0,42,75.0,0.0,18.184895833333332,5.589444444444444,54788ddcf622669910f9f6738d8b84167346a3e80f96c1982c26d345388c5478
k2p_potentiation|complex_i_block|snare_cooperativity|nca_block|nachr_antagonism,30.0,137,75.0,0.0,17.328125,5.383333333333334,54788ddcf622669910f9f6738d8b84167346a3e80f96c1982c26d345388c5478
k2p_potentiation|complex_i_block|snare_cooperativity|nca_block|nachr_antagonism,30.0,219,75.0,0.0,18.526041666666668,5.725138888888889,54788ddcf622669910f9f6738d8b84167346a3e80f96c1982c26d345388c5478
k2p_potentiation|complex_i_block|snare_cooperativity|nca_block|nachr_antagonism,30.0,331,75.0,0.0,18.0390625,5.5495833333333335,54788ddcf622669910f9f6738d8b84167346a3e80f96c1982c26d345388c5478
k2p_potentiation|complex_i_block|snare_cooperativity|nca_block|nachr_antagonism,30.0,443,75.0,0.0,18.736979166666668,5.740694444444444,54788ddcf622669910f9f6738d8b84167346a3e80f96c1982c26d345388c5478
k2p_potentiation|complex_i_block|snare_cooperativity|nca_block|nachr_antagonism,100.0,42,75.0,0.0,10.908854166666666,3.214583333333333,54788ddcf622669910f9f6738d8b84167346a3e80f96c1982c26d345388c5478
k2p_potentiation|complex_i_block|snare_cooperativity|nca_block|nachr_antagonism,100.0,137,75.0,0.0,10.263020833333334,3.049027777777778,54788ddcf622669910f9f6738d8b84167346a3e80f96c1982c26d345388c5478
k2p_potentiation|complex_i_block|snare_cooperativity|nca_block|glucl_potentiation,100.0,219,75.0,0.0,11.6953125,3.442222222222222,54788ddcf622669910f9f6738d8b84167346a3e80f96c1982c26d345388c5478
k2p_potentiation|complex_i_block|snare_cooperativity|nca_block|glucl_potentiation,100.0,331,75.0,0.0,11.403645833333334,3.374861111111111,54788ddcf622669910f9f6738d8b84167346a3e80f96c1982c26d345388c5478
k2p_potentiation|complex_i_block|snare_cooperativity|nca_block|glucl_potentiation,100.0,443,75.0,0.0,11.4765625,3.3819444444444446,54788ddcf622669910f9f6738d8b84167346a3e80f96c1982c26d345388c5478
k2p_potentiation|complex_i_block|snare_cooperativity|nca_block|glucl_potentiation,200.0,42,75.0,0.041666666666666664,6.606770833333333,1.8708333333333333,54788ddcf622669910f9f6738d8b84167346a3e80f96c1982c26d345388c5478
k2p_potentiation|complex_i_block|snare_cooperativity|nca_block|glucl_potentiation,200.0,137,75.0,0.0625,6.364583333333333,1.8031944444444445,54788ddcf622669910f9f6738d8b84167346a3e80f96c1982c26d345388c5478
k2p_potentiation|complex_i_block|snare_cooperativity|nca_block|glucl_potentiation,200.0,219,75.0,0.0625,6.932291666666667,1.9618055555555556,54788ddcf622669910f9f6738d8b84167346a3e80f96c1982c26d345388c5478
k2p_potentiation|complex_i_block|snare_cooperativity|nca_block|glucl_potentiation,200.0,331,75.0,0.041666666666666664,6.747395833333333,1.90375,54788ddcf622669910f9f6738d8b84167346a3e80f96c1982c26d345388c5478
k2p_potentiation|complex_i_block|snare_cooperativity|nca_block|glucl_potentiation,200.0,443,75.0,0.0625,6.153645833333333,1.7838888888888889,54788ddcf622669910f9f6738d8b84167346a3e80f96c1982c26d345388c5478
k2p_potentiation|complex_i_block|snare_cooperativity|nca_block|nachr_antagonism,500.0,331,75.0,0.6875,2.4401041666666665,0.6713888888888889,54788ddcf622669910f9f6738d8b84167346a3e80f96c1982c26d345388c5478
k2p_potentiation|complex_i_block|snare_cooperativity|nca_block|nachr_antagonism,500.0,443,75.0,0.8541666666666666,1.53125,0.5311111111111111,54788ddcf622669910f9f6738d8b84167346a3e80f96c1982c26d345388c5478
k2p_potentiation|complex_i_block|snare_cooperativity|nca_block|nachr_antagonism,1000.0,42,75.0,0.9791666666666666,1.0520833333333333,0.35888888888888887,54788ddcf622669910f9f6738d8b84167346a3e80f96c1982c26d345388c5478
k2p_potentiation|complex_i_block|snare_cooperativity|nca_block|nachr_antagonism,1000.0,137,75.0,0.9583333333333334,0.9661458333333334,0.32944444444444443,54788ddcf622669910f9f6738d8b84167346a3e80f96c1982c26d345388c5478
k2p_potentiation|complex_i_block|snare_cooperativity|nca_block|nachr_antagonism,1000.0,219,75.0,0.9375,1.15625,0.3709722222222222,54788ddcf622669910f9f6738d8b84167346a3e80f96c1982c26d345388c5478
k2p_potentiation|complex_i_block|snare_cooperativity|nca_block|nachr_antagonism,1000.0,331,75.0,0.9583333333333334,1.1875,0.3680555555555556,54788ddcf622669910f9f6738d8b84167346a3e80f96c1982c26d345388c5478
k2p_potentiation|complex_i_block|snare_cooperativity|nca_block|nachr_antagonism,1000.0,443,75.0,1.0,0.7057291666666666,0.3125,54788ddcf622669910f9f6738d8b84167346a3e80f96c1982c26d345388c5478
k2p_potentiation|complex_i_block|snare_cooperativity|nca_block|nachr_antagonism,3000.0,42,75.0,1.0,0.5182291666666666,0.22125,54788ddcf622669910f9f6738d8b84167346a3e80f96c1982c26d345388c5478
k2p_potentiation|complex_i_block|snare_cooperativity|nca_block|glucl_potentiation,350.0,42,75.0,0.3125,3.8098958333333335,1.044861111111111,54788ddcf622669910f9f6738d8b84167346a3e80f96c1982c26d345388c5478
k2p_potentiation|complex_i_block|snare_cooperativity|nca_block|glucl_potentiation,350.0,137,75.0,0.3541666666666667,3.5598958333333335,0.9966666666666667,54788ddcf622669910f9f6738d8b84167346a3e80f96c1982c26d345388c5478
k2p_potentiation|complex_i_block|snare_cooperativity|nca_block|glucl_potentiation,350.0,219,75.0,0.3333333333333333,3.9192708333333335,1.0944444444444446,54788ddcf622669910f9f6738d8b84167346a3e80f96c1982c26d345388c5478
k2p_potentiation|complex_i_block|snare_cooperativity|nca_block|glucl_potentiation,350.0,331,75.0,0.2916666666666667,4.0,1.0829166666666667,54788ddcf622669910f9f6738d8b84167346a3e80f96c1982c26d345388c5478
k2p_potentiation|complex_i_block|snare_cooperativity|nca_block|glucl_potentiation,350.0,443,75.0,0.5833333333333334,3.2291666666666665,0.9427777777777778,54788ddcf622669910f9f6738d8b84167346a3e80f96c1982c26d345388c5478
k2p_potentiation|complex_i_block|snare_cooperativity|nca_block|glucl_potentiation,500.0,42,75.0,0.6458333333333334,2.4817708333333335,0.6958333333333333,54788ddcf622669910f9f6738d8b84167346a3e80f96c1982c26d345388c5478
k2p_potentiation|complex_i_block|snare_cooperativity|nca_block|glucl_potentiation,500.0,137,75.0,0.7083333333333334,2.2291666666666665,0.6620833333333334,54788ddcf622669910f9f6738d8b84167346a3e80f96c1982c26d345388c5478
k2p_potentiation|complex_i_block|snare_cooperativity|nca_block|glucl_potentiation,500.0,219,75.0,0.6458333333333334,2.5677083333333335,0.7326388888888888,54788ddcf622669910f9f6738d8b84167346a3e80f96c1982c26d345388c5478
k2p_potentiation|complex_i_block|snare_cooperativity|nca_block|nachr_antagonism,3000.0,137,75.0,1.0,0.5520833333333334,0.21541666666666667,54788ddcf622669910f9f6738d8b84167346a3e80f96c1982c26d345388c5478
k2p_potentiation|complex_i_block|snare_cooperativity|nca_block|nachr_antagonism,3000.0,219,75.0,1.0,0.546875,0.2251388888888889,54788ddcf622669910f9f6738d8b84167346a3e80f96c1982c26d345388c5478
k2p_potentiation|complex_i_block|snare_cooperativity|nca_block|nachr_antagonism,3000.0,331,75.0,1.0,0.609375,0.23402777777777778,54788ddcf622669910f9f6738d8b84167346a3e80f96c1982c26d345388c5478
k2p_potentiation|complex_i_block|snare_cooperativity|nca_block|nachr_antagonism,3000.0,443,75.0,1.0,0.2708333333333333,0.19527777777777777,54788ddcf622669910f9f6738d8b84167346a3e80f96c1982c26d345388c5478
k2p_potentiation|complex_i_block|snare_cooperativity|nca_block|glucl_potentiation,10.0,42,75.0,0.0,21.888020833333332,6.786527777777778,54788ddcf622669910f9f6738d8b84167346a3e80f96c1982c26d345388c5478
k2p_potentiation|complex_i_block|snare_cooperativity|nca_block|glucl_potentiation,10.0,137,75.0,0.0,20.875,6.589166666666666,54788ddcf622669910f9f6738d8b84167346a3e80f96c1982c26d345388c5478
k2p_potentiation|complex_i_block|snare_cooperativity|nca_block|glucl_potentiation,10.0,219,75.0,0.0,22.015625,6.886805555555555,54788ddcf622669910f9f6738d8b84167346a3e80f96c1982c26d345388c5478
k2p_potentiation|complex_i_block|snare_cooperativity|nca_block|glucl_potentiation,10.0,331,75.0,0.0,21.463541666666668,6.697916666666667,54788ddcf622669910f9f6738d8b84167346a3e80f96c1982c26d345388c5478
k2p_potentiation|complex_i_block|snare_cooperativity|nca_block|glucl_potentiation,10.0,443,75.0,0.0,22.138020833333332,6.898611111111111,54788ddcf622669910f9f6738d8b84167346a3e80f96c1982c26d345388c5478
k2p_potentiation|complex_i_block|snare_cooperativity|nca_block|glucl_potentiation,30.0,42,75.0,0.0,18.424479166666668,5.671388888888889,54788ddcf622669910f9f6738d8b84167346a3e80f96c1982c26d345388c5478
k2p_potentiation|complex_i_block|snare_cooperativity|nca_block|glucl_potentiation,30.0,137,75.0,0.0,17.513020833333332,5.452361111111111,54788ddcf622669910f9f6738d8b84167346a3e80f96c1982c26d345388c5478
k2p_potentiation|complex_i_block|snare_cooperativity|nca_block|glucl_potentiation,30.0,219,75.0,0.0,19.018229166666668,5.861111111111111,54788ddcf622669910f9f6738d8b84167346a3e80f96c1982c26d345388c5478
k2p_potentiation|complex_i_block|snare_cooperativity|nca_block|glucl_potentiation,30.0,331,75.0,0.0,18.213541666666668,5.6161111111111115,54788ddcf622669910f9f6738d8b84167346a3e80f96c1982c26d345388c5478
k2p_potentiation|complex_i_block|snare_cooperativity|nca_block|glucl_potentiation,30.0,443,75.0,0.0,19.0625,5.840416666666667,54788ddcf622669910f9f6738d8b84167346a3e80f96c1982c26d345388c5478
k2p_potentiation|complex_i_block|snare_cooperativity|nca_block|glucl_potentiation,100.0,42,75.0,0.0,11.34375,3.3393055555555557,54788ddcf622669910f9f6738d8b84167346a3e80f96c1982c26d345388c5478
k2p_potentiation|complex_i_block|snare_cooperativity|nca_block|glucl_potentiation,100.0,137,75.0,0.0,10.604166666666666,3.160416666666667,54788ddcf622669910f9f6738d8b84167346a3e80f96c1982c26d345388c5478
k2p_potentiation|complex_i_block|nca_block|nachr_antagonism|glucl_potentiation,10.0,42,75.0,0.0,22.458333333333332,7.017083333333333,54788ddcf622669910f9f6738d8b84167346a3e80f96c1982c26d345388c5478
k2p_potentiation|complex_i_block|nca_block|nachr_antagonism|glucl_potentiation,10.0,137,75.0,0.0,21.432291666666668,6.760694444444445,54788ddcf622669910f9f6738d8b84167346a3e80f96c1982c26d345388c5478
k2p_potentiation|complex_i_block|nca_block|nachr_antagonism|glucl_potentiation,10.0,219,75.0,0.0,22.276041666666668,7.000972222222222,54788ddcf622669910f9f6738d8b84167346a3e80f96c1982c26d345388c5478
k2p_potentiation|complex_i_block|nca_block|nachr_antagonism|glucl_potentiation,10.0,331,75.0,0.0,21.8828125,6.859444444444445,54788ddcf622669910f9f6738d8b84167346a3e80f96c1982c26d345388c5478
k2p_potentiation|complex_i_block|snare_cooperativity|nca_block|glucl_potentiation,3000.0,137,75.0,1.0,0.5989583333333334,0.23458333333333334,54788ddcf622669910f9f6738d8b84167346a3e80f96c1982c26d345388c5478
k2p_potentiation|complex_i_block|snare_cooperativity|nca_block|glucl_potentiation,3000.0,219,75.0,1.0,0.640625,0.2529166666666667,54788ddcf622669910f9f6738d8b84167346a3e80f96c1982c26d345388c5478
k2p_potentiation|complex_i_block|snare_cooperativity|nca_block|glucl_potentiation,3000.0,331,75.0,1.0,0.7083333333333334,0.26222222222222225,54788ddcf622669910f9f6738d8b84167346a3e80f96c1982c26d345388c5478
k2p_potentiation|complex_i_block|snare_cooperativity|nca_block|glucl_potentiation,3000.0,443,75.0,1.0,0.3255208333333333,0.22152777777777777,54788ddcf622669910f9f6738d8b84167346a3e80f96c1982c26d345388c5478
k2p_potentiation|complex_i_block|nca_block|nachr_antagonism|glucl_potentiation,200.0,137,75.0,0.041666666666666664,9.291666666666666,2.8054166666666664,54788ddcf622669910f9f6738d8b84167346a3e80f96c1982c26d345388c5478
k2p_potentiation|complex_i_block|nca_block|nachr_antagonism|glucl_potentiation,200.0,219,75.0,0.0,10.299479166666666,3.1041666666666665,54788ddcf622669910f9f6738d8b84167346a3e80f96c1982c26d345388c5478
k2p_potentiation|complex_i_block|nca_block|nachr_antagonism|glucl_potentiation,200.0,331,75.0,0.020833333333333332,9.7109375,2.9277777777777776,54788ddcf622669910f9f6738d8b84167346a3e80f96c1982c26d345388c5478
k2p_potentiation|complex_i_block|nca_block|nachr_antagonism|glucl_potentiation,200.0,443,75.0,0.020833333333333332,9.083333333333334,2.7841666666666667,54788ddcf622669910f9f6738d8b84167346a3e80f96c1982c26d345388c5478
k2p_potentiation|complex_i_block|nca_block|nachr_antagonism|glucl_potentiation,100.0,219,75.0,0.0,14.1953125,4.365694444444444,54788ddcf622669910f9f6738d8b84167346a3e80f96c1982c26d345388c5478
k2p_potentiation|complex_i_block|nca_block|nachr_antagonism|glucl_potentiation,100.0,331,75.0,0.0,13.630208333333334,4.2098611111111115,54788ddcf622669910f9f6738d8b84167346a3e80f96c1982c26d345388c5478
k2p_potentiation|complex_i_block|nca_block|nachr_antagonism|glucl_potentiation,100.0,443,75.0,0.0,13.919270833333334,4.266805555555556,54788ddcf622669910f9f6738d8b84167346a3e80f96c1982c26d345388c5478
k2p_potentiation|complex_i_block|nca_block|nachr_antagonism|glucl_potentiation,200.0,42,75.0,0.0,9.776041666666666,2.950277777777778,54788ddcf622669910f9f6738d8b84167346a3e80f96c1982c26d345388c5478
k2p_potentiation|complex_i_block|snare_cooperativity|nca_block|glucl_potentiation,500.0,331,75.0,0.6666666666666666,2.5859375,0.7208333333333333,54788ddcf622669910f9f6738d8b84167346a3e80f96c1982c26d345388c5478
k2p_potentiation|complex_i_block|snare_cooperativity|nca_block|glucl_potentiation,500.0,443,75.0,0.8333333333333334,1.8854166666666667,0.6094444444444445,54788ddcf622669910f9f6738d8b84167346a3e80f96c1982c26d345388c5478
k2p_potentiation|complex_i_block|snare_cooperativity|nca_block|glucl_potentiation,1000.0,42,75.0,0.9583333333333334,1.2005208333333333,0.3954166666666667,54788ddcf622669910f9f6738d8b84167346a3e80f96c1982c26d345388c5478
k2p_potentiation|complex_i_block|snare_cooperativity|nca_block|glucl_potentiation,1000.0,137,75.0,0.9791666666666666,1.0442708333333333,0.36194444444444446,54788ddcf622669910f9f6738d8b84167346a3e80f96c1982c26d345388c5478
k2p_potentiation|complex_i_block|snare_cooperativity|nca_block|glucl_potentiation,1000.0,219,75.0,0.8958333333333334,1.2760416666666667,0.41152777777777777,54788ddcf622669910f9f6738d8b84167346a3e80f96c1982c26d345388c5478
k2p_potentiation|complex_i_block|snare_cooperativity|nca_block|glucl_potentiation,1000.0,331,75.0,0.9375,1.3645833333333333,0.4122222222222222,54788ddcf622669910f9f6738d8b84167346a3e80f96c1982c26d345388c5478
k2p_potentiation|complex_i_block|snare_cooperativity|nca_block|glucl_potentiation,1000.0,443,75.0,1.0,0.8255208333333334,0.3511111111111111,54788ddcf622669910f9f6738d8b84167346a3e80f96c1982c26d345388c5478
k2p_potentiation|complex_i_block|snare_cooperativity|nca_block|glucl_potentiation,3000.0,42,75.0,1.0,0.5572916666666666,0.24638888888888888,54788ddcf622669910f9f6738d8b84167346a3e80f96c1982c26d345388c5478
k2p_potentiation|complex_i_block|nca_block|nachr_antagonism|glucl_potentiation,10.0,443,75.0,0.0,22.765625,7.1275,54788ddcf622669910f9f6738d8b84167346a3e80f96c1982c26d345388c5478
k2p_potentiation|complex_i_block|nca_block|nachr_antagonism|glucl_potentiation,30.0,42,75.0,0.0,19.890625,6.160277777777778,54788ddcf622669910f9f6738d8b84167346a3e80f96c1982c26d345388c5478
k2p_potentiation|complex_i_block|nca_block|nachr_antagonism|glucl_potentiation,30.0,137,75.0,0.0,18.859375,5.909027777777778,54788ddcf622669910f9f6738d8b84167346a3e80f96c1982c26d345388c5478
k2p_potentiation|complex_i_block|nca_block|nachr_antagonism|glucl_potentiation,30.0,219,75.0,0.0,20.184895833333332,6.327638888888889,54788ddcf622669910f9f6738d8b84167346a3e80f96c1982c26d345388c5478
k2p_potentiation|complex_i_block|nca_block|nachr_antagonism|glucl_potentiation,30.0,331,75.0,0.0,19.231770833333332,6.013888888888889,54788ddcf622669910f9f6738d8b84167346a3e80f96c1982c26d345388c5478
k2p_potentiation|complex_i_block|nca_block|nachr_antagonism|glucl_potentiation,30.0,443,75.0,0.0,20.135416666666668,6.2619444444444445,54788ddcf622669910f9f6738d8b84167346a3e80f96c1982c26d345388c5478
k2p_potentiation|complex_i_block|nca_block|nachr_antagonism|glucl_potentiation,100.0,42,75.0,0.0,13.861979166666666,4.2572222222222225,54788ddcf622669910f9f6738d8b84167346a3e80f96c1982c26d345388c5478
k2p_potentiation|complex_i_block|nca_block|nachr_antagonism|glucl_potentiation,100.0,137,75.0,0.0,12.989583333333334,4.018888888888889,54788ddcf622669910f9f6738d8b84167346a3e80f96c1982c26d345388c5478
k2p_potentiation|complex_i_block|nca_block|nachr_antagonism|glucl_potentiation,3000.0,137,75.0,0.625,2.6510416666666665,0.755,54788ddcf622669910f9f6738d8b84167346a3e80f96c1982c26d345388c5478
k2p_potentiation|complex_i_block|nca_block|nachr_antagonism|glucl_potentiation,3000.0,219,75.0,0.5833333333333334,2.7526041666666665,0.7933333333333333,54788ddcf622669910f9f6738d8b84167346a3e80f96c1982c26d345388c5478
k2p_potentiation|complex_i_block|nca_block|nachr_antagonism|glucl_potentiation,3000.0,331,75.0,0.5833333333333334,2.7526041666666665,0.7823611111111111,54788ddcf622669910f9f6738d8b84167346a3e80f96c1982c26d345388c5478
k2p_potentiation|complex_i_block|nca_block|nachr_antagonism|glucl_potentiation,3000.0,443,75.0,0.7291666666666666,1.6510416666666667,0.5368055555555555,54788ddcf622669910f9f6738d8b84167346a3e80f96c1982c26d345388c5478
k2p_potentiation|complex_i_block|nca_block|nachr_antagonism|glucl_potentiation,350.0,42,75.0,0.041666666666666664,7.223958333333333,2.1266666666666665,54788ddcf622669910f9f6738d8b84167346a3e80f96c1982c26d345388c5478
k2p_potentiation|complex_i_block|nca_block|nachr_antagonism|glucl_potentiation,350.0,137,75.0,0.14583333333333334,6.421875,1.933888888888889,54788ddcf622669910f9f6738d8b84167346a3e80f96c1982c26d345388c5478
k2p_potentiation|complex_i_block|nca_block|nachr_antagonism|glucl_potentiation,350.0,219,75.0,0.041666666666666664,7.330729166666667,2.1855555555555557,54788ddcf622669910f9f6738d8b84167346a3e80f96c1982c26d345388c5478
k2p_potentiation|complex_i_block|nca_block|nachr_antagonism|glucl_potentiation,350.0,331,75.0,0.041666666666666664,6.674479166666667,1.98125,54788ddcf622669910f9f6738d8b84167346a3e80f96c1982c26d345388c5478
k2p_potentiation|snare_cooperativity|nca_block|nachr_antagonism|glucl_potentiation,10.0,42,75.0,0.0,22.255208333333332,6.9006944444444445,54788ddcf622669910f9f6738d8b84167346a3e80f96c1982c26d345388c5478
k2p_potentiation|snare_cooperativity|nca_block|nachr_antagonism|glucl_potentiation,10.0,137,75.0,0.0,21.450520833333332,6.747638888888889,54788ddcf622669910f9f6738d8b84167346a3e80f96c1982c26d345388c5478
k2p_potentiation|snare_cooperativity|nca_block|nachr_antagonism|glucl_potentiation,10.0,219,75.0,0.0,22.2265625,6.958888888888889,54788ddcf622669910f9f6738d8b84167346a3e80f96c1982c26d345388c5478
k2p_potentiation|snare_cooperativity|nca_block|nachr_antagonism|glucl_potentiation,10.0,331,75.0,0.0,21.669270833333332,6.760277777777778,54788ddcf622669910f9f6738d8b84167346a3e80f96c1982c26d345388c5478
k2p_potentiation|complex_i_block|nca_block|nachr_antagonism|glucl_potentiation,350.0,443,75.0,0.10416666666666667,6.072916666666667,1.8725,54788ddcf622669910f9f6738d8b84167346a3e80f96c1982c26d345388c5478
k2p_potentiation|complex_i_block|nca_block|nachr_antagonism|glucl_potentiation,500.0,42,75.0,0.14583333333333334,5.8671875,1.7027777777777777,54788ddcf622669910f9f6738d8b84167346a3e80f96c1982c26d345388c5478
k2p_potentiation|complex_i_block|nca_block|nachr_antagonism|glucl_potentiation,500.0,137,75.0,0.1875,5.346354166666667,1.5940277777777778,54788ddcf622669910f9f6738d8b84167346a3e80f96c1982c26d345388c5478
k2p_potentiation|complex_i_block|nca_block|nachr_antagonism|glucl_potentiation,500.0,219,75.0,0.16666666666666666,5.8203125,1.7247222222222223,54788ddcf622669910f9f6738d8b84167346a3e80f96c1982c26d345388c5478
k2p_potentiation|snare_cooperativity|nca_block|nachr_antagonism|glucl_potentiation,10.0,443,75.0,0.0,22.515625,7.0216666666666665,54788ddcf622669910f9f6738d8b84167346a3e80f96c1982c26d345388c5478
k2p_potentiation|snare_cooperativity|nca_block|nachr_antagonism|glucl_potentiation,30.0,42,75.0,0.0,19.1875,5.904166666666667,54788ddcf622669910f9f6738d8b84167346a3e80f96c1982c26d345388c5478
k2p_potentiation|snare_cooperativity|nca_block|nachr_antagonism|glucl_potentiation,30.0,137,75.0,0.0,18.278645833333332,5.692222222222222,54788ddcf622669910f9f6738d8b84167346a3e80f96c1982c26d345388c5478
k2p_potentiation|snare_cooperativity|nca_block|nachr_antagonism|glucl_potentiation,30.0,219,75.0,0.0,19.645833333333332,6.067083333333334,54788ddcf622669910f9f6738d8b84167346a3e80f96c1982c26d345388c5478
k2p_potentiation|snare_cooperativity|nca_block|nachr_antagonism|glucl_potentiation,30.0,331,75.0,0.0,19.125,5.8886111111111115,54788ddcf622669910f9f6738d8b84167346a3e80f96c1982c26d345388c5478
k2p_potentiation|snare_cooperativity|nca_block|nachr_antagonism|glucl_potentiation,30.0,443,75.0,0.0,19.776041666666668,6.070416666666667,54788ddcf622669910f9f6738d8b84167346a3e80f96c1982c26d345388c5478
k2p_potentiation|snare_cooperativity|nca_block|nachr_antagonism|glucl_potentiation,100.0,42,75.0,0.0,12.533854166666666,3.7088888888888887,54788ddcf622669910f9f6738d8b84167346a3e80f96c1982c26d345388c5478
k2p_potentiation|snare_cooperativity|nca_block|nachr_antagonism|glucl_potentiation,100.0,137,75.0,0.0,11.635416666666666,3.49875,54788ddcf622669910f9f6738d8b84167346a3e80f96c1982c26d345388c5478
k2p_potentiation|complex_i_block|nca_block|nachr_antagonism|glucl_potentiation,500.0,331,75.0,0.125,5.6328125,1.6590277777777778,54788ddcf622669910f9f6738d8b84167346a3e80f96c1982c26d345388c5478
k2p_potentiation|complex_i_block|nca_block|nachr_antagonism|glucl_potentiation,500.0,443,75.0,0.2708333333333333,4.598958333333333,1.419861111111111,54788ddcf622669910f9f6738d8b84167346a3e80f96c1982c26d345388c5478
k2p_potentiation|complex_i_block|nca_block|nachr_antagonism|glucl_potentiation,1000.0,42,75.0,0.375,3.8776041666666665,1.1127777777777779,54788ddcf622669910f9f6738d8b84167346a3e80f96c1982c26d345388c5478
k2p_potentiation|complex_i_block|nca_block|nachr_antagonism|glucl_potentiation,1000.0,137,75.0,0.375,3.7239583333333335,1.09,54788ddcf622669910f9f6738d8b84167346a3e80f96c1982c26d345388c5478
k2p_potentiation|complex_i_block|nca_block|nachr_antagonism|glucl_potentiation,1000.0,219,75.0,0.375,3.9661458333333335,1.1631944444444444,54788ddcf622669910f9f6738d8b84167346a3e80f96c1982c26d345388c5478
k2p_potentiation|complex_i_block|nca_block|nachr_antagonism|glucl_potentiation,1000.0,331,75.0,0.3333333333333333,3.8489583333333335,1.1219444444444444,54788ddcf622669910f9f6738d8b84167346a3e80f96c1982c26d345388c5478
k2p_potentiation|complex_i_block|nca_block|nachr_antagonism|glucl_potentiation,1000.0,443,75.0,0.5208333333333334,2.8697916666666665,0.9040277777777778,54788ddcf622669910f9f6738d8b84167346a3e80f96c1982c26d345388c5478
k2p_potentiation|complex_i_block|nca_block|nachr_antagonism|glucl_potentiation,3000.0,42,75.0,0.6041666666666666,2.6302083333333335,0.7469444444444444,54788ddcf622669910f9f6738d8b84167346a3e80f96c1982c26d345388c5478
k2p_potentiation|snare_cooperativity|nca_block|nachr_antagonism|glucl_potentiation,500.0,331,75.0,0.4583333333333333,3.5572916666666665,0.9718055555555556,54788ddcf622669910f9f6738d8b84167346a3e80f96c1982c26d345388c5478
k2p_potentiation|snare_cooperativity|nca_block|nachr_antagonism|glucl_potentiation,500.0,443,75.0,0.5416666666666666,2.75,0.8393055555555555,54788ddcf622669910f9f6738d8b84167346a3e80f96c1982c26d345388c5478
k2p_potentiation|snare_cooperativity|nca_block|nachr_antagonism|glucl_potentiation,1000.0,42,75.0,0.8333333333333334,1.8411458333333333,0.5545833333333333,54788ddcf622669910f9f6738d8b84167346a3e80f96c1982c26d345388c5478
k2p_potentiation|snare_cooperativity|nca_block|nachr_antagonism|glucl_potentiation,1000.0,137,75.0,0.875,1.6067708333333333,0.5129166666666667,54788ddcf622669910f9f6738d8b84167346a3e80f96c1982c26d345388c5478
k2p_potentiation|snare_cooperativity|nca_block|nachr_antagonism|glucl_potentiation,3000.0,137,75.0,1.0,0.8385416666666666,0.32430555555555557,54788ddcf622669910f9f6738d8b84167346a3e80f96c1982c26d345388c5478
k2p_potentiation|snare_cooperativity|nca_block|nachr_antagonism|glucl_potentiation,3000.0,219,75.0,0.9791666666666666,0.9557291666666666,0.35944444444444446,54788ddcf622669910f9f6738d8b84167346a3e80f96c1982c26d345388c5478
k2p_potentiation|snare_cooperativity|nca_block|nachr_antagonism|glucl_potentiation,3000.0,331,75.0,1.0,1.0182291666666667,0.365,54788ddcf622669910f9f6738d8b84167346a3e80f96c1982c26d345388c5478
k2p_potentiation|snare_cooperativity|nca_block|nachr_antagonism|glucl_potentiation,3000.0,443,75.0,1.0,0.5364583333333334,0.3059722222222222,54788ddcf622669910f9f6738d8b84167346a3e80f96c1982c26d345388c5478
k2p_potentiation|snare_cooperativity|nca_block|nachr_antagonism|glucl_potentiation,100.0,219,75.0,0.0,12.598958333333334,3.7319444444444443,54788ddcf622669910f9f6738d8b84167346a3e80f96c1982c26d345388c5478
k2p_potentiation|snare_cooperativity|nca_block|nachr_antagonism|glucl_potentiation,100.0,331,75.0,0.0,12.34375,3.692638888888889,54788ddcf622669910f9f6738d8b84167346a3e80f96c1982c26d345388c5478
k2p_potentiation|snare_cooperativity|nca_block|nachr_antagonism|glucl_potentiation,100.0,443,75.0,0.0,12.645833333333334,3.745416666666667,54788ddcf622669910f9f6738d8b84167346a3e80f96c1982c26d345388c5478
k2p_potentiation|snare_cooperativity|nca_block|nachr_antagonism|glucl_potentiation,200.0,42,75.0,0.0,7.901041666666667,2.237222222222222,54788ddcf622669910f9f6738d8b84167346a3e80f96c1982c26d345388c5478
complex_i_block|snare_cooperativity|nca_block|nachr_antagonism|glucl_potentiation,10.0,443,75.0,0.0,22.223958333333332,6.919583333333334,54788ddcf622669910f9f6738d8b84167346a3e80f96c1982c26d345388c5478
complex_i_block|snare_cooperativity|nca_block|nachr_antagonism|glucl_potentiation,30.0,42,75.0,0.0,18.513020833333332,5.695416666666667,54788ddcf622669910f9f6738d8b84167346a3e80f96c1982c26d345388c5478
complex_i_block|snare_cooperativity|nca_block|nachr_antagonism|glucl_potentiation,30.0,137,75.0,0.0,17.591145833333332,5.476111111111111,54788ddcf622669910f9f6738d8b84167346a3e80f96c1982c26d345388c5478
complex_i_block|snare_cooperativity|nca_block|nachr_antagonism|glucl_potentiation,30.0,219,75.0,0.0,19.057291666666668,5.873888888888889,54788ddcf622669910f9f6738d8b84167346a3e80f96c1982c26d345388c5478
k2p_potentiation|snare_cooperativity|nca_block|nachr_antagonism|glucl_potentiation,200.0,137,75.0,0.0625,7.416666666666667,2.1269444444444443,54788ddcf622669910f9f6738d8b84167346a3e80f96c1982c26d345388c5478
k2p_potentiation|snare_cooperativity|nca_block|nachr_antagonism|glucl_potentiation,200.0,219,75.0,0.020833333333333332,7.697916666666667,2.2220833333333334,54788ddcf622669910f9f6738d8b84167346a3e80f96c1982c26d345388c5478
k2p_potentiation|snare_cooperativity|nca_block|nachr_antagonism|glucl_potentiation,200.0,331,75.0,0.020833333333333332,7.888020833333333,2.2369444444444446,54788ddcf622669910f9f6738d8b84167346a3e80f96c1982c26d345388c5478
k2p_potentiation|snare_cooperativity|nca_block|nachr_antagonism|glucl_potentiation,200.0,443,75.0,0.041666666666666664,7.705729166666667,2.2080555555555557,54788ddcf622669910f9f6738d8b84167346a3e80f96c1982c26d345388c5478
complex_i_block|snare_cooperativity|nca_block|nachr_antagonism|glucl_potentiation,30.0,331,75.0,0.0,18.208333333333332,5.616805555555556,54788ddcf622669910f9f6738d8b84167346a3e80f96c1982c26d345388c5478
complex_i_block|snare_cooperativity|nca_block|nachr_antagonism|glucl_potentiation,30.0,443,75.0,0.0,19.036458333333332,5.835694444444444,54788ddcf622669910f9f6738d8b84167346a3e80f96c1982c26d345388c5478
complex_i_block|snare_cooperativity|nca_block|nachr_antagonism|glucl_potentiation,100.0,42,75.0,0.0,11.4453125,3.3625,54788ddcf622669910f9f6738d8b84167346a3e80f96c1982c26d345388c5478
complex_i_block|snare_cooperativity|nca_block|nachr_antagonism|glucl_potentiation,100.0,137,75.0,0.0,10.703125,3.191527777777778,54788ddcf622669910f9f6738d8b84167346a3e80f96c1982c26d345388c5478
k2p_potentiation|snare_cooperativity|nca_block|nachr_antagonism|glucl_potentiation,350.0,42,75.0,0.10416666666666667,4.802083333333333,1.312361111111111,54788ddcf622669910f9f6738d8b84167346a3e80f96c1982c26d345388c5478
k2p_potentiation|snare_cooperativity|nca_block|nachr_antagonism|glucl_potentiation,350.0,137,75.0,0.2916666666666667,4.283854166666667,1.225138888888889,54788ddcf622669910f9f6738d8b84167346a3e80f96c1982c26d345388c5478
k2p_potentiation|snare_cooperativity|nca_block|nachr_antagonism|glucl_potentiation,350.0,219,75.0,0.14583333333333334,4.919270833333333,1.3815277777777777,54788ddcf622669910f9f6738d8b84167346a3e80f96c1982c26d345388c5478
k2p_potentiation|snare_cooperativity|nca_block|nachr_antagonism|glucl_potentiation,350.0,331,75.0,0.125,4.96875,1.3669444444444445,54788ddcf622669910f9f6738d8b84167346a3e80f96c1982c26d345388c5478
k2p_potentiation|snare_cooperativity|nca_block|nachr_antagonism|glucl_potentiation,350.0,443,75.0,0.3125,4.333333333333333,1.2555555555555555,54788ddcf622669910f9f6738d8b84167346a3e80f96c1982c26d345388c5478
k2p_potentiation|snare_cooperativity|nca_block|nachr_antagonism|glucl_potentiation,500.0,42,75.0,0.3958333333333333,3.4921875,0.9547222222222222,54788ddcf622669910f9f6738d8b84167346a3e80f96c1982c26d345388c5478
k2p_potentiation|snare_cooperativity|nca_block|nachr_antagonism|glucl_potentiation,500.0,137,75.0,0.5,3.1666666666666665,0.9051388888888889,54788ddcf622669910f9f6738d8b84167346a3e80f96c1982c26d345388c5478
k2p_potentiation|snare_cooperativity|nca_block|nachr_antagonism|glucl_potentiation,500.0,219,75.0,0.4166666666666667,3.3802083333333335,0.9536111111111111,54788ddcf622669910f9f6738d8b84167346a3e80f96c1982c26d345388c5478
k2p_potentiation|snare_cooperativity|nca_block|nachr_antagonism|glucl_potentiation,1000.0,219,75.0,0.8125,1.921875,0.5783333333333334,54788ddcf622669910f9f6738d8b84167346a3e80f96c1982c26d345388c5478
k2p_potentiation|snare_cooperativity|nca_block|nachr_antagonism|glucl_potentiation,1000.0,331,75.0,0.9166666666666666,1.7890625,0.5440277777777778,54788ddcf622669910f9f6738d8b84167346a3e80f96c1982c26d345388c5478
k2p_potentiation|snare_cooperativity|nca_block|nachr_antagonism|glucl_potentiation,1000.0,443,75.0,0.9583333333333334,1.2135416666666667,0.47402777777777777,54788ddcf622669910f9f6738d8b84167346a3e80f96c1982c26d345388c5478
k2p_potentiation|snare_cooperativity|nca_block|nachr_antagonism|glucl_potentiation,3000.0,42,75.0,0.9791666666666666,0.8463541666666666,0.34569444444444447,54788ddcf622669910f9f6738d8b84167346a3e80f96c1982c26d345388c5478
complex_i_block|snare_cooperativity|nca_block|nachr_antagonism|glucl_potentiation,10.0,42,75.0,0.0,21.872395833333332,6.783194444444445,54788ddcf622669910f9f6738d8b84167346a3e80f96c1982c26d345388c5478
complex_i_block|snare_cooperativity|nca_block|nachr_antagonism|glucl_potentiation,10.0,137,75.0,0.0,20.927083333333332,6.604166666666667,54788ddcf622669910f9f6738d8b84167346a3e80f96c1982c26d345388c5478
complex_i_block|snare_cooperativity|nca_block|nachr_antagonism|glucl_potentiation,10.0,219,75.0,0.0,22.052083333333332,6.899861111111111,54788ddcf622669910f9f6738d8b84167346a3e80f96c1982c26d345388c5478
complex_i_block|snare_cooperativity|nca_block|nachr_antagonism|glucl_potentiation,10.0,331,75.0,0.0,21.434895833333332,6.690833333333333,54788ddcf622669910f9f6738d8b84167346a3e80f96c1982c26d345388c5478
complex_i_block|snare_cooperativity|nca_block|nachr_antagonism|glucl_potentiation,350.0,42,75.0,0.3125,3.8359375,1.0519444444444443,54788ddcf622669910f9f6738d8b84167346a3e80f96c1982c26d345388c5478
complex_i_block|snare_cooperativity|nca_block|nachr_antagonism|glucl_potentiation,350.0,137,75.0,0.3541666666666667,3.6354166666666665,1.0151388888888888,54788ddcf622669910f9f6738d8b84167346a3e80f96c1982c26d345388c5478
complex_i_block|snare_cooperativity|nca_block|nachr_antagonism|glucl_potentiation,350.0,219,75.0,0.3333333333333333,3.9296875,1.1011111111111112,54788ddcf622669910f9f6738d8b84167346a3e80f96c1982c26d345388c5478
complex_i_block|snare_cooperativity|nca_block|nachr_antagonism|glucl_potentiation,350.0,331,75.0,0.2916666666666667,4.0625,1.0993055555555555,54788ddcf622669910f9f6738d8b84167346a3e80f96c1982c26d345388c5478
complex_i_block|snare_cooperativity|nca_block|nachr_antagonism|glucl_potentiation,350.0,443,75.0,0.5625,3.2473958333333335,0.9522222222222222,54788ddcf622669910f9f6738d8b84167346a3e80f96c1982c26d345388c5478
complex_i_block|snare_cooperativity|nca_block|nachr_antagonism|glucl_potentiation,500.0,42,75.0,0.6458333333333334,2.4817708333333335,0.7006944444444444,54788ddcf622669910f9f6738d8b84167346a3e80f96c1982c26d345388c5478
complex_i_block|snare_cooperativity|nca_block|nachr_antagonism|glucl_potentiation,500.0,137,75.0,0.7083333333333334,2.2291666666666665,0.6655555555555556,54788ddcf622669910f9f6738d8b84167346a3e80f96c1982c26d345388c5478
complex_i_block|snare_cooperativity|nca_block|nachr_antagonism|glucl_potentiation,500.0,219,75.0,0.6041666666666666,2.640625,0.74875,54788ddcf622669910f9f6738d8b84167346a3e80f96c1982c26d345388c5478
complex_i_block|snare_cooperativity|nca_block|nachr_antagonism|glucl_potentiation,1000.0,219,75.0,0.8958333333333334,1.296875,0.4176388888888889,54788ddcf622669910f9f6738d8b84167346a3e80f96c1982c26d345388c5478
complex_i_block|snare_cooperativity|nca_block|nachr_antagonism|glucl_potentiation,1000.0,331,75.0,0.9375,1.390625,0.41805555555555557,54788ddcf622669910f9f6738d8b84167346a3e80f96c1982c26d345388c5478
complex_i_block|snare_cooperativity|nca_block|nachr_antagonism|glucl_potentiation,1000.0,443,75.0,1.0,0.8255208333333334,0.3525,54788ddcf622669910f9f6738d8b84167346a3e80f96c1982c26d345388c5478
complex_i_block|snare_cooperativity|nca_block|nachr_antagonism|glucl_potentiation,3000.0,42,75.0,1.0,0.5572916666666666,0.24708333333333332,54788ddcf622669910f9f6738d8b84167346a3e80f96c1982c26d345388c5478
complex_i_block|snare_cooperativity|nca_block|nachr_antagonism|glucl_potentiation,100.0,219,75.0,0.0,11.765625,3.466666666666667,54788ddcf622669910f9f6738d8b84167346a3e80f96c1982c26d345388c5478
complex_i_block|snare_cooperativity|nca_block|nachr_antagonism|glucl_potentiation,100.0,331,75.0,0.0,11.510416666666666,3.4072222222222224,54788ddcf622669910f9f6738d8b84167346a3e80f96c1982c26d345388c5478
complex_i_block|snare_cooperativity|nca_block|nachr_antagonism|glucl_potentiation,100.0,443,75.0,0.0,11.598958333333334,3.4140277777777777,54788ddcf622669910f9f6738d8b84167346a3e80f96c1982c26d345388c5478
complex_i_block|snare_cooperativity|nca_block|nachr_antagonism|glucl_potentiation,200.0,42,75.0,0.020833333333333332,6.661458333333333,1.8877777777777778,54788ddcf622669910f9f6738d8b84167346a3e80f96c1982c26d345388c5478
complex_i_block|snare_cooperativity|nca_block|nachr_antagonism|glucl_potentiation,200.0,137,75.0,0.0625,6.4453125,1.8247222222222221,54788ddcf622669910f9f6738d8b84167346a3e80f96c1982c26d345388c5478
complex_i_block|snare_cooperativity|nca_block|nachr_antagonism|glucl_potentiation,200.0,219,75.0,0.0625,6.9921875,1.9818055555555556,54788ddcf622669910f9f6738d8b84167346a3e80f96c1982c26d345388c5478
complex_i_block|snare_cooperativity|nca_block|nachr_antagonism|glucl_potentiation,200.0,331,75.0,0.041666666666666664,6.752604166666667,1.9080555555555556,54788ddcf622669910f9f6738d8b84167346a3e80f96c1982c26d345388c5478
complex_i_block|snare_cooperativity|nca_block|nachr_antagonism|glucl_potentiation,200.0,443,75.0,0.041666666666666664,6.263020833333333,1.813611111111111,54788ddcf622669910f9f6738d8b84167346a3e80f96c1982c26d345388c5478
gaba_potentiation|k2p_potentiation|complex_i_block|snare_cooperativity|nca_block|nachr_antagonism,10.0,42,75.0,0.0,21.596354166666668,6.694583333333333,54788ddcf622669910f9f6738d8b84167346a3e80f96c1982c26d345388c5478
gaba_potentiation|k2p_potentiation|complex_i_block|snare_cooperativity|nca_block|nachr_antagonism,10.0,137,75.0,0.0,20.572916666666668,6.493888888888889,54788ddcf622669910f9f6738d8b84167346a3e80f96c1982c26d345388c5478
gaba_potentiation|k2p_potentiation|complex_i_block|snare_cooperativity|nca_block|nachr_antagonism,10.0,219,75.0,0.0,21.921875,6.840277777777778,54788ddcf622669910f9f6738d8b84167346a3e80f96c1982c26d345388c5478
gaba_potentiation|k2p_potentiation|complex_i_block|snare_cooperativity|nca_block|nachr_antagonism,10.0,331,75.0,0.0,21.388020833333332,6.6618055555555555,54788ddcf622669910f9f6738d8b84167346a3e80f96c1982c26d345388c5478
complex_i_block|snare_cooperativity|nca_block|nachr_antagonism|glucl_potentiation,500.0,331,75.0,0.6458333333333334,2.6666666666666665,0.735,54788ddcf622669910f9f6738d8b84167346a3e80f96c1982c26d345388c5478
complex_i_block|snare_cooperativity|nca_block|nachr_antagonism|glucl_potentiation,500.0,443,75.0,0.8125,1.96875,0.6261111111111111,54788ddcf622669910f9f6738d8b84167346a3e80f96c1982c26d345388c5478
complex_i_block|snare_cooperativity|nca_block|nachr_antagonism|glucl_potentiation,1000.0,42,75.0,0.9583333333333334,1.2083333333333333,0.3976388888888889,54788ddcf622669910f9f6738d8b84167346a3e80f96c1982c26d345388c5478
complex_i_block|snare_cooperativity|nca_block|nachr_antagonism|glucl_potentiation,1000.0,137,75.0,0.9791666666666666,1.0625,0.36625,54788ddcf622669910f9f6738d8b84167346a3e80f96c1982c26d345388c5478
complex_i_block|snare_cooperativity|nca_block|nachr_antagonism|glucl_potentiation,3000.0,137,75.0,1.0,0.6015625,0.2351388888888889,54788ddcf622669910f9f6738d8b84167346a3e80f96c1982c26d345388c5478
complex_i_block|snare_cooperativity|nca_block|nachr_antagonism|glucl_potentiation,3000.0,219,75.0,1.0,0.640625,0.2540277777777778,54788ddcf622669910f9f6738d8b84167346a3e80f96c1982c26d345388c5478
complex_i_block|snare_cooperativity|nca_block|nachr_antagonism|glucl_potentiation,3000.0,331,75.0,1.0,0.7083333333333334,0.26319444444444445,54788ddcf622669910f9f6738d8b84167346a3e80f96c1982c26d345388c5478
complex_i_block|snare_cooperativity|nca_block|nachr_antagonism|glucl_potentiation,3000.0,443,75.0,1.0,0.3359375,0.22361111111111112,54788ddcf622669910f9f6738d8b84167346a3e80f96c1982c26d345388c5478
gaba_potentiation|k2p_potentiation|complex_i_block|snare_cooperativity|nca_block|nachr_antagonism,350.0,42,75.0,0.5208333333333334,2.7994791666666665,0.7713888888888889,54788ddcf622669910f9f6738d8b84167346a3e80f96c1982c26d345388c5478
gaba_potentiation|k2p_potentiation|complex_i_block|snare_cooperativity|nca_block|nachr_antagonism,350.0,137,75.0,0.625,2.4505208333333335,0.7116666666666667,54788ddcf622669910f9f6738d8b84167346a3e80f96c1982c26d345388c5478
gaba_potentiation|k2p_potentiation|complex_i_block|snare_cooperativity|nca_block|nachr_antagonism,350.0,219,75.0,0.5208333333333334,2.9947916666666665,0.8261111111111111,54788ddcf622669910f9f6738d8b84167346a3e80f96c1982c26d345388c5478
gaba_potentiation|k2p_potentiation|complex_i_block|snare_cooperativity|nca_block|nachr_antagonism,350.0,331,75.0,0.4791666666666667,3.0416666666666665,0.8252777777777778,54788ddcf622669910f9f6738d8b84167346a3e80f96c1982c26d345388c5478
gaba_potentiation|k2p_potentiation|complex_i_block|snare_cooperativity|nca_block|nachr_antagonism,500.0,331,75.0,0.75,1.984375,0.5458333333333333,54788ddcf622669910f9f6738d8b84167346a3e80f96c1982c26d345388c5478
gaba_potentiation|k2p_potentiation|complex_i_block|snare_cooperativity|nca_block|nachr_antagonism,500.0,443,75.0,0.9166666666666666,1.2317708333333333,0.43430555555555556,54788ddcf622669910f9f6738d8b84167346a3e80f96c1982c26d345388c5478
gaba_potentiation|k2p_potentiation|complex_i_block|snare_cooperativity|nca_block|nachr_antagonism,1000.0,42,75.0,0.9791666666666666,0.7083333333333334,0.25722222222222224,54788ddcf622669910f9f6738d8b84167346a3e80f96c1982c26d345388c5478
gaba_potentiation|k2p_potentiation|complex_i_block|snare_cooperativity|nca_block|nachr_antagonism,1000.0,137,75.0,1.0,0.7083333333333334,0.2520833333333333,54788ddcf622669910f9f6738d8b84167346a3e80f96c1982c26d345388c5478
gaba_potentiation|k2p_potentiation|complex_i_block|snare_cooperativity|nca_block|nachr_antagonism,350.0,443,75.0,0.8125,2.1119791666666665,0.6543055555555556,54788ddcf622669910f9f6738d8b84167346a3e80f96c1982c26d345388c5478
gaba_potentiation|k2p_potentiation|complex_i_block|snare_cooperativity|nca_block|nachr_antagonism,500.0,42,75.0,0.8541666666666666,1.6380208333333333,0.47930555555555554,54788ddcf622669910f9f6738d8b84167346a3e80f96c1982c26d345388c5478
gaba_potentiation|k2p_potentiation|complex_i_block|snare_cooperativity|nca_block|nachr_antagonism,500.0,137,75.0,0.9166666666666666,1.5494791666666667,0.46847222222222223,54788ddcf622669910f9f6738d8b84167346a3e80f96c1982c26d345388c5478
gaba_potentiation|k2p_potentiation|complex_i_block|snare_cooperativity|nca_block|nachr_antagonism,500.0,219,75.0,0.7708333333333334,1.7109375,0.5108333333333334,54788ddcf622669910f9f6738d8b84167346a3e80f96c1982c26d345388c5478
gaba_potentiation|k2p_potentiation|complex_i_block|snare_cooperativity|nca_block|glucl_potentiation,10.0,42,75.0,0.0,21.7265625,6.737916666666667,54788ddcf622669910f9f6738d8b84167346a3e80f96c1982c26d345388c5478
gaba_potentiation|k2p_potentiation|complex_i_block|snare_cooperativity|nca_block|glucl_potentiation,10.0,137,75.0,0.0,20.630208333333332,6.519027777777778,54788ddcf622669910f9f6738d8b84167346a3e80f96c1982c26d345388c5478
gaba_potentiation|k2p_potentiation|complex_i_block|snare_cooperativity|nca_block|glucl_potentiation,10.0,219,75.0,0.0,21.953125,6.855833333333333,54788ddcf622669910f9f6738d8b84167346a3e80f96c1982c26d345388c5478
gaba_potentiation|k2p_potentiation|complex_i_block|snare_cooperativity|nca_block|glucl_potentiation,10.0,331,75.0,0.0,21.463541666666668,6.685694444444445,54788ddcf622669910f9f6738d8b84167346a3e80f96c1982c26d345388c5478
gaba_potentiation|k2p_potentiation|complex_i_block|snare_cooperativity|nca_block|nachr_antagonism,10.0,443,75.0,0.0,22.236979166666668,6.9125,54788ddcf622669910f9f6738d8b84167346a3e80f96c1982c26d345388c5478
gaba_potentiation|k2p_potentiation|complex_i_block|snare_cooperativity|nca_block|nachr_antagonism,30.0,42,75.0,0.0,17.901041666666668,5.485138888888889,54788ddcf622669910f9f6738d8b84167346a3e80f96c1982c26d345388c5478
gaba_potentiation|k2p_potentiation|complex_i_block|snare_cooperativity|nca_block|nachr_antagonism,30.0,137,75.0,0.0,17.059895833333332,5.272916666666666,54788ddcf622669910f9f6738d8b84167346a3e80f96c1982c26d345388c5478
gaba_potentiation|k2p_potentiation|complex_i_block|snare_cooperativity|nca_block|nachr_antagonism,30.0,219,75.0,0.0,18.497395833333332,5.700138888888889,54788ddcf622669910f9f6738d8b84167346a3e80f96c1982c26d345388c5478
gaba_potentiation|k2p_potentiation|complex_i_block|snare_cooperativity|nca_block|nachr_antagonism,30.0,331,75.0,0.0,17.528645833333332,5.397638888888889,54788ddcf622669910f9f6738d8b84167346a3e80f96c1982c26d345388c5478
gaba_potentiation|k2p_potentiation|complex_i_block|snare_cooperativity|nca_block|nachr_antagonism,30.0,443,75.0,0.0,18.161458333333332,5.556805555555556,54788ddcf622669910f9f6738d8b84167346a3e80f96c1982c26d345388c5478
gaba_potentiation|k2p_potentiation|complex_i_block|snare_cooperativity|nca_block|nachr_antagonism,100.0,42,75.0,0.0,10.151041666666666,2.9672222222222224,54788ddcf622669910f9f6738d8b84167346a3e80f96c1982c26d345388c5478
gaba_potentiation|k2p_potentiation|complex_i_block|snare_cooperativity|nca_block|nachr_antagonism,100.0,137,75.0,0.0,9.395833333333334,2.7822222222222224,54788ddcf622669910f9f6738d8b84167346a3e80f96c1982c26d345388c5478
gaba_potentiation|k2p_potentiation|complex_i_block|snare_cooperativity|nca_block|nachr_antagonism,100.0,219,75.0,0.0,10.234375,3.016111111111111,54788ddcf622669910f9f6738d8b84167346a3e80f96c1982c26d345388c5478
gaba_potentiation|k2p_potentiation|complex_i_block|snare_cooperativity|nca_block|nachr_antagonism,100.0,331,75.0,0.0,10.21875,2.9990277777777776,54788ddcf622669910f9f6738d8b84167346a3e80f96c1982c26d345388c5478
gaba_potentiation|k2p_potentiation|complex_i_block|snare_cooperativity|nca_block|nachr_antagonism,100.0,443,75.0,0.020833333333333332,10.044270833333334,2.953472222222222,54788ddcf622669910f9f6738d8b84167346a3e80f96c1982c26d345388c5478
gaba_potentiation|k2p_potentiation|complex_i_block|snare_cooperativity|nca_block|nachr_antagonism,200.0,42,75.0,0.10416666666666667,5.3984375,1.515,54788ddcf622669910f9f6738d8b84167346a3e80f96c1982c26d345388c5478
gaba_potentiation|k2p_potentiation|complex_i_block|snare_cooperativity|nca_block|nachr_antagonism,200.0,137,75.0,0.125,5.145833333333333,1.448611111111111,54788ddcf622669910f9f6738d8b84167346a3e80f96c1982c26d345388c5478
gaba_potentiation|k2p_potentiation|complex_i_block|snare_cooperativity|nca_block|nachr_antagonism,200.0,219,75.0,0.10416666666666667,5.645833333333333,1.5911111111111111,54788ddcf622669910f9f6738d8b84167346a3e80f96c1982c26d345388c5478
gaba_potentiation|k2p_potentiation|complex_i_block|snare_cooperativity|nca_block|nachr_antagonism,200.0,331,75.0,0.08333333333333333,5.598958333333333,1.5495833333333333,54788ddcf622669910f9f6738d8b84167346a3e80f96c1982c26d345388c5478
gaba_potentiation|k2p_potentiation|complex_i_block|snare_cooperativity|nca_block|nachr_antagonism,200.0,443,75.0,0.16666666666666666,4.84375,1.3995833333333334,54788ddcf622669910f9f6738d8b84167346a3e80f96c1982c26d345388c5478
gaba_potentiation|k2p_potentiation|complex_i_block|snare_cooperativity|nca_block|glucl_potentiation,100.0,219,75.0,0.0,10.783854166666666,3.171527777777778,54788ddcf622669910f9f6738d8b84167346a3e80f96c1982c26d345388c5478
gaba_potentiation|k2p_potentiation|complex_i_block|snare_cooperativity|nca_block|glucl_potentiation,100.0,331,75.0,0.0,10.5390625,3.1058333333333334,54788ddcf622669910f9f6738d8b84167346a3e80f96c1982c26d345388c5478
gaba_potentiation|k2p_potentiation|complex_i_block|snare_cooperativity|nca_block|glucl_potentiation,100.0,443,75.0,0.0,10.658854166666666,3.132222222222222,54788ddcf622669910f9f6738d8b84167346a3e80f96c1982c26d345388c5478
gaba_potentiation|k2p_potentiation|complex_i_block|snare_cooperativity|nca_block|glucl_potentiation,200.0,42,75.0,0.0625,5.794270833333333,1.624861111111111,54788ddcf622669910f9f6738d8b84167346a3e80f96c1982c26d345388c5478
gaba_potentiation|k2p_potentiation|complex_i_block|snare_cooperativity|nca_block|nachr_antagonism,1000.0,219,75.0,1.0,0.8125,0.2772222222222222,54788ddcf622669910f9f6738d8b84167346a3e80f96c1982c26d345388c5478
gaba_potentiation|k2p_potentiation|complex_i_block|snare_cooperativity|nca_block|nachr_antagonism,1000.0,331,75.0,0.9791666666666666,0.9401041666666666,0.28875,54788ddcf622669910f9f6738d8b84167346a3e80f96c1982c26d345388c5478
gaba_potentiation|k2p_potentiation|complex_i_block|snare_cooperativity|nca_block|nachr_antagonism,1000.0,443,75.0,1.0,0.4583333333333333,0.2336111111111111,54788ddcf622669910f9f6738d8b84167346a3e80f96c1982c26d345388c5478
gaba_potentiation|k2p_potentiation|complex_i_block|snare_cooperativity|nca_block|nachr_antagonism,3000.0,42,75.0,1.0,0.3723958333333333,0.1609722222222222,54788ddcf622669910f9f6738d8b84167346a3e80f96c1982c26d345388c5478
gaba_potentiation|k2p_potentiation|complex_i_block|snare_cooperativity|nca_block|nachr_antagonism,3000.0,137,75.0,1.0,0.3333333333333333,0.15430555555555556,54788ddcf622669910f9f6738d8b84167346a3e80f96c1982c26d345388c5478
gaba_potentiation|k2p_potentiation|complex_i_block|snare_cooperativity|nca_block|nachr_antagonism,3000.0,219,75.0,1.0,0.3385416666666667,0.15722222222222224,54788ddcf622669910f9f6738d8b84167346a3e80f96c1982c26d345388c5478
gaba_potentiation|k2p_potentiation|complex_i_block|snare_cooperativity|nca_block|nachr_antagonism,3000.0,331,75.0,1.0,0.3984375,0.17,54788ddcf622669910f9f6738d8b84167346a3e80f96c1982c26d345388c5478
gaba_potentiation|k2p_potentiation|complex_i_block|snare_cooperativity|nca_block|nachr_antagonism,3000.0,443,75.0,1.0,0.1640625,0.14416666666666667,54788ddcf622669910f9f6738d8b84167346a3e80f96c1982c26d345388c5478
gaba_potentiation|k2p_potentiation|complex_i_block|snare_cooperativity|nca_block|glucl_potentiation,200.0,137,75.0,0.125,5.40625,1.5420833333333333,54788ddcf622669910f9f6738d8b84167346a3e80f96c1982c26d345388c5478
gaba_potentiation|k2p_potentiation|complex_i_block|snare_cooperativity|nca_block|glucl_potentiation,200.0,219,75.0,0.0625,6.151041666666667,1.7254166666666666,54788ddcf622669910f9f6738d8b84167346a3e80f96c1982c26d345388c5478
gaba_potentiation|k2p_potentiation|complex_i_block|snare_cooperativity|nca_block|glucl_potentiation,200.0,331,75.0,0.0625,5.815104166666667,1.6318055555555555,54788ddcf622669910f9f6738d8b84167346a3e80f96c1982c26d345388c5478
gaba_potentiation|k2p_potentiation|complex_i_block|snare_cooperativity|nca_block|glucl_potentiation,200.0,443,75.0,0.14583333333333334,5.223958333333333,1.511388888888889,54788ddcf622669910f9f6738d8b84167346a3e80f96c1982c26d345388c5478
gaba_potentiation|k2p_potentiation|complex_i_block|snare_cooperativity|nca_block|glucl_potentiation,350.0,42,75.0,0.4583333333333333,3.0442708333333335,0.8393055555555555,54788ddcf622669910f9f6738d8b84167346a3e80f96c1982c26d345388c5478
gaba_potentiation|k2p_potentiation|complex_i_block|snare_cooperativity|nca_block|glucl_potentiation,350.0,137,75.0,0.5833333333333334,2.7369791666666665,0.7944444444444444,54788ddcf622669910f9f6738d8b84167346a3e80f96c1982c26d345388c5478
gaba_potentiation|k2p_potentiation|complex_i_block|snare_cooperativity|nca_block|glucl_potentiation,350.0,219,75.0,0.4375,3.4270833333333335,0.9325,54788ddcf622669910f9f6738d8b84167346a3e80f96c1982c26d345388c5478
gaba_potentiation|k2p_potentiation|complex_i_block|snare_cooperativity|nca_block|glucl_potentiation,350.0,331,75.0,0.4375,3.15625,0.8680555555555556,54788ddcf622669910f9f6738d8b84167346a3e80f96c1982c26d345388c5478
gaba_potentiation|k2p_potentiation|complex_i_block|snare_cooperativity|nca_block|glucl_potentiation,350.0,443,75.0,0.7708333333333334,2.4479166666666665,0.7418055555555556,54788ddcf622669910f9f6738d8b84167346a3e80f96c1982c26d345388c5478
gaba_potentiation|k2p_potentiation|complex_i_block|snare_cooperativity|nca_block|glucl_potentiation,500.0,42,75.0,0.8541666666666666,1.7682291666666667,0.5183333333333333,54788ddcf622669910f9f6738d8b84167346a3e80f96c1982c26d345388c5478
gaba_potentiation|k2p_potentiation|complex_i_block|snare_cooperativity|nca_block|glucl_potentiation,500.0,137,75.0,0.9166666666666666,1.6510416666666667,0.5048611111111111,54788ddcf622669910f9f6738d8b84167346a3e80f96c1982c26d345388c5478
gaba_potentiation|k2p_potentiation|complex_i_block|snare_cooperativity|nca_block|glucl_potentiation,500.0,219,75.0,0.7708333333333334,1.8203125,0.5488888888888889,54788ddcf622669910f9f6738d8b84167346a3e80f96c1982c26d345388c5478
gaba_potentiation|k2p_potentiation|complex_i_block|snare_cooperativity|nca_block|glucl_potentiation,10.0,443,75.0,0.0,22.231770833333332,6.920555555555556,54788ddcf622669910f9f6738d8b84167346a3e80f96c1982c26d345388c5478
gaba_potentiation|k2p_potentiation|complex_i_block|snare_cooperativity|nca_block|glucl_potentiation,30.0,42,75.0,0.0,17.9921875,5.5183333333333335,54788ddcf622669910f9f6738d8b84167346a3e80f96c1982c26d345388c5478
gaba_potentiation|k2p_potentiation|complex_i_block|snare_cooperativity|nca_block|glucl_potentiation,30.0,137,75.0,0.0,17.213541666666668,5.339305555555556,54788ddcf622669910f9f6738d8b84167346a3e80f96c1982c26d345388c5478
gaba_potentiation|k2p_potentiation|complex_i_block|snare_cooperativity|nca_block|glucl_potentiation,30.0,219,75.0,0.0,18.557291666666668,5.7243055555555555,54788ddcf622669910f9f6738d8b84167346a3e80f96c1982c26d345388c5478
gaba_potentiation|k2p_potentiation|complex_i_block|snare_cooperativity|nca_block|glucl_potentiation,30.0,331,75.0,0.0,17.6640625,5.442361111111111,54788ddcf622669910f9f6738d8b84167346a3e80f96c1982c26d345388c5478
gaba_potentiation|k2p_potentiation|complex_i_block|snare_cooperativity|nca_block|glucl_potentiation,30.0,443,75.0,0.0,18.401041666666668,5.639444444444444,54788ddcf622669910f9f6738d8b84167346a3e80f96c1982c26d345388c5478
gaba_potentiation|k2p_potentiation|complex_i_block|snare_cooperativity|nca_block|glucl_potentiation,100.0,42,75.0,0.0,10.5390625,3.1069444444444443,54788ddcf622669910f9f6738d8b84167346a3e80f96c1982c26d345388c5478
gaba_potentiation|k2p_potentiation|complex_i_block|snare_cooperativity|nca_block|glucl_potentiation,100.0,137,75.0,0.0,9.7421875,2.901388888888889,54788ddcf622669910f9f6738d8b84167346a3e80f96c1982c26d345388c5478
gaba_potentiation|k2p_potentiation|complex_i_block|snare_cooperativity|nca_block|glucl_potentiation,500.0,331,75.0,0.7291666666666666,2.0885416666666665,0.5809722222222222,54788ddcf622669910f9f6738d8b84167346a3e80f96c1982c26d345388c5478
gaba_potentiation|k2p_potentiation|complex_i_block|snare_cooperativity|nca_block|glucl_potentiation,500.0,443,75.0,0.8958333333333334,1.2708333333333333,0.46,54788ddcf622669910f9f6738d8b84167346a3e80f96c1982c26d345388c5478
gaba_potentiation|k2p_potentiation|complex_i_block|snare_cooperativity|nca_block|glucl_potentiation,1000.0,42,75.0,0.9791666666666666,0.8203125,0.29333333333333333,54788ddcf622669910f9f6738d8b84167346a3e80f96c1982c26d345388c5478
gaba_potentiation|k2p_potentiation|complex_i_block|snare_cooperativity|nca_block|glucl_potentiation,1000.0,137,75.0,1.0,0.828125,0.2802777777777778,54788ddcf622669910f9f6738d8b84167346a3e80f96c1982c26d345388c5478
gaba_potentiation|k2p_potentiation|complex_i_block|snare_cooperativity|nca_block|glucl_potentiation,1000.0,219,75.0,0.9791666666666666,0.9557291666666666,0.3113888888888889,54788ddcf622669910f9f6738d8b84167346a3e80f96c1982c26d345388c5478
gaba_potentiation|k2p_potentiation|complex_i_block|snare_cooperativity|nca_block|glucl_potentiation,1000.0,331,75.0,0.9791666666666666,1.03125,0.3175,54788ddcf622669910f9f6738d8b84167346a3e80f96c1982c26d345388c5478
gaba_potentiation|k2p_potentiation|complex_i_block|snare_cooperativity|nca_block|glucl_potentiation,1000.0,443,75.0,1.0,0.5416666666666666,0.2627777777777778,54788ddcf622669910f9f6738d8b84167346a3e80f96c1982c26d345388c5478
gaba_potentiation|k2p_potentiation|complex_i_block|snare_cooperativity|nca_block|glucl_potentiation,3000.0,42,75.0,1.0,0.4114583333333333,0.18069444444444444,54788ddcf622669910f9f6738d8b84167346a3e80f96c1982c26d345388c5478
gaba_potentiation|k2p_potentiation|complex_i_block|nca_block|nachr_antagonism|glucl_potentiation,10.0,443,75.0,0.0,22.6171875,7.078055555555555,54788ddcf622669910f9f6738d8b84167346a3e80f96c1982c26d345388c5478
gaba_potentiation|k2p_potentiation|complex_i_block|nca_block|nachr_antagonism|glucl_potentiation,30.0,42,75.0,0.0,19.296875,5.97875,54788ddcf622669910f9f6738d8b84167346a3e80f96c1982c26d345388c5478
gaba_potentiation|k2p_potentiation|complex_i_block|nca_block|nachr_antagonism|glucl_potentiation,30.0,137,75.0,0.0,18.434895833333332,5.798055555555556,54788ddcf622669910f9f6738d8b84167346a3e80f96c1982c26d345388c5478
gaba_potentiation|k2p_potentiation|complex_i_block|nca_block|nachr_antagonism|glucl_potentiation,30.0,219,75.0,0.0,19.734375,6.177777777777778,54788ddcf622669910f9f6738d8b84167346a3e80f96c1982c26d345388c5478
gaba_potentiation|k2p_potentiation|complex_i_block|nca_block|nachr_antagonism|glucl_potentiation,350.0,42,75.0,0.10416666666666667,6.067708333333333,1.771111111111111,54788ddcf622669910f9f6738d8b84167346a3e80f96c1982c26d345388c5478
gaba_potentiation|k2p_potentiation|complex_i_block|nca_block|nachr_antagonism|glucl_potentiation,350.0,137,75.0,0.1875,5.393229166666667,1.611388888888889,54788ddcf622669910f9f6738d8b84167346a3e80f96c1982c26d345388c5478
gaba_potentiation|k2p_potentiation|complex_i_block|nca_block|nachr_antagonism|glucl_potentiation,350.0,219,75.0,0.14583333333333334,6.0859375,1.8006944444444444,54788ddcf622669910f9f6738d8b84167346a3e80f96c1982c26d345388c5478
gaba_potentiation|k2p_potentiation|complex_i_block|nca_block|nachr_antagonism|glucl_potentiation,350.0,331,75.0,0.125,5.864583333333333,1.7305555555555556,54788ddcf622669910f9f6738d8b84167346a3e80f96c1982c26d345388c5478
gaba_potentiation|k2p_potentiation|complex_i_block|nca_block|nachr_antagonism|glucl_potentiation,200.0,137,75.0,0.0625,8.231770833333334,2.4879166666666666,54788ddcf622669910f9f6738d8b84167346a3e80f96c1982c26d345388c5478
gaba_potentiation|k2p_potentiation|complex_i_block|nca_block|nachr_antagonism|glucl_potentiation,200.0,219,75.0,0.0,8.809895833333334,2.66375,54788ddcf622669910f9f6738d8b84167346a3e80f96c1982c26d345388c5478
gaba_potentiation|k2p_potentiation|complex_i_block|nca_block|nachr_antagonism|glucl_potentiation,200.0,331,75.0,0.020833333333333332,8.734375,2.6173611111111112,54788ddcf622669910f9f6738d8b84167346a3e80f96c1982c26d345388c5478
gaba_potentiation|k2p_potentiation|complex_i_block|nca_block|nachr_antagonism|glucl_potentiation,200.0,443,75.0,0.0,7.8515625,2.410833333333333,54788ddcf622669910f9f6738d8b84167346a3e80f96c1982c26d345388c5478
gaba_potentiation|k2p_potentiation|complex_i_block|snare_cooperativity|nca_block|glucl_potentiation,3000.0,137,75.0,1.0,0.4088541666666667,0.1751388888888889,54788ddcf622669910f9f6738d8b84167346a3e80f96c1982c26d345388c5478
gaba_potentiation|k2p_potentiation|complex_i_block|snare_cooperativity|nca_block|glucl_potentiation,3000.0,219,75.0,1.0,0.4401041666666667,0.18208333333333335,54788ddcf622669910f9f6738d8b84167346a3e80f96c1982c26d345388c5478
gaba_potentiation|k2p_potentiation|complex_i_block|snare_cooperativity|nca_block|glucl_potentiation,3000.0,331,75.0,1.0,0.4427083333333333,0.18791666666666668,54788ddcf622669910f9f6738d8b84167346a3e80f96c1982c26d345388c5478
gaba_potentiation|k2p_potentiation|complex_i_block|snare_cooperativity|nca_block|glucl_potentiation,3000.0,443,75.0,1.0,0.20052083333333334,0.1601388888888889,54788ddcf622669910f9f6738d8b84167346a3e80f96c1982c26d345388c5478
gaba_potentiation|k2p_potentiation|complex_i_block|nca_block|nachr_antagonism|glucl_potentiation,30.0,331,75.0,0.0,18.760416666666668,5.871111111111111,54788ddcf622669910f9f6738d8b84167346a3e80f96c1982c26d345388c5478
gaba_potentiation|k2p_potentiation|complex_i_block|nca_block|nachr_antagonism|glucl_potentiation,30.0,443,75.0,0.0,19.5625,6.089305555555556,54788ddcf622669910f9f6738d8b84167346a3e80f96c1982c26d345388c5478
gaba_potentiation|k2p_potentiation|complex_i_block|nca_block|nachr_antagonism|glucl_potentiation,100.0,42,75.0,0.0,12.997395833333334,3.977777777777778,54788ddcf622669910f9f6738d8b84167346a3e80f96c1982c26d345388c5478
gaba_potentiation|k2p_potentiation|complex_i_block|nca_block|nachr_antagonism|glucl_potentiation,100.0,137,75.0,0.0,12.1640625,3.7491666666666665,54788ddcf622669910f9f6738d8b84167346a3e80f96c1982c26d345388c5478
gaba_potentiation|k2p_potentiation|complex_i_block|nca_block|nachr_antagonism|glucl_potentiation,10.0,42,75.0,0.0,22.341145833333332,6.966388888888889,54788ddcf622669910f9f6738d8b84167346a3e80f96c1982c26d345388c5478
gaba_potentiation|k2p_potentiation|complex_i_block|nca_block|nachr_antagonism|glucl_potentiation,10.0,137,75.0,0.0,21.1875,6.687777777777778,54788ddcf622669910f9f6738d8b84167346a3e80f96c1982c26d345388c5478
gaba_potentiation|k2p_potentiation|complex_i_block|nca_block|nachr_antagonism|glucl_potentiation,10.0,219,75.0,0.0,22.28125,6.987222222222222,54788ddcf622669910f9f6738d8b84167346a3e80f96c1982c26d345388c5478
gaba_potentiation|k2p_potentiation|complex_i_block|nca_block|nachr_antagonism|glucl_potentiation,10.0,331,75.0,0.0,21.494791666666668,6.741666666666666,54788ddcf622669910f9f6738d8b84167346a3e80f96c1982c26d345388c5478
gaba_potentiation|k2p_potentiation|complex_i_block|nca_block|nachr_antagonism|glucl_potentiation,350.0,443,75.0,0.2708333333333333,4.763020833333333,1.47375,54788ddcf622669910f9f6738d8b84167346a3e80f96c1982c26d345388c5478
gaba_potentiation|k2p_potentiation|complex_i_block|nca_block|nachr_antagonism|glucl_potentiation,500.0,42,75.0,0.3125,4.559895833333333,1.310138888888889,54788ddcf622669910f9f6738d8b84167346a3e80f96c1982c26d345388c5478
gaba_potentiation|k2p_potentiation|complex_i_block|nca_block|nachr_antagonism|glucl_potentiation,500.0,137,75.0,0.2708333333333333,4.213541666666667,1.2466666666666666,54788ddcf622669910f9f6738d8b84167346a3e80f96c1982c26d345388c5478
gaba_potentiation|k2p_potentiation|complex_i_block|nca_block|nachr_antagonism|glucl_potentiation,500.0,219,75.0,0.2916666666666667,4.747395833333333,1.3906944444444445,54788ddcf622669910f9f6738d8b84167346a3e80f96c1982c26d345388c5478
gaba_potentiation|k2p_potentiation|complex_i_block|nca_block|nachr_antagonism|glucl_potentiation,1000.0,219,75.0,0.5416666666666666,2.9479166666666665,0.8527777777777777,54788ddcf622669910f9f6738d8b84167346a3e80f96c1982c26d345388c5478
gaba_potentiation|k2p_potentiation|complex_i_block|nca_block|nachr_antagonism|glucl_potentiation,1000.0,331,75.0,0.5416666666666666,2.9166666666666665,0.8343055555555555,54788ddcf622669910f9f6738d8b84167346a3e80f96c1982c26d345388c5478
gaba_potentiation|k2p_potentiation|complex_i_block|nca_block|nachr_antagonism|glucl_potentiation,1000.0,443,75.0,0.7083333333333334,1.9036458333333333,0.6065277777777778,54788ddcf622669910f9f6738d8b84167346a3e80f96c1982c26d345388c5478
gaba_potentiation|k2p_potentiation|complex_i_block|nca_block|nachr_antagonism|glucl_potentiation,3000.0,42,75.0,0.8333333333333334,1.6380208333333333,0.46152777777777776,54788ddcf622669910f9f6738d8b84167346a3e80f96c1982c26d345388c5478
gaba_potentiation|k2p_potentiation|complex_i_block|nca_block|nachr_antagonism|glucl_potentiation,100.0,219,75.0,0.0,13.3359375,4.085416666666666,54788ddcf622669910f9f6738d8b84167346a3e80f96c1982c26d345388c5478
gaba_potentiation|k2p_potentiation|complex_i_block|nca_block|nachr_antagonism|glucl_potentiation,100.0,331,75.0,0.020833333333333332,12.614583333333334,3.879166666666667,54788ddcf622669910f9f6738d8b84167346a3e80f96c1982c26d345388c5478
gaba_potentiation|k2p_potentiation|complex_i_block|nca_block|nachr_antagonism|glucl_potentiation,100.0,443,75.0,0.0,12.768229166666666,3.9031944444444444,54788ddcf622669910f9f6738d8b84167346a3e80f96c1982c26d345388c5478
gaba_potentiation|k2p_potentiation|complex_i_block|nca_block|nachr_antagonism|glucl_potentiation,200.0,42,75.0,0.0,8.895833333333334,2.6577777777777776,54788ddcf622669910f9f6738d8b84167346a3e80f96c1982c26d345388c5478
gaba_potentiation|k2p_potentiation|complex_i_block|nca_block|nachr_antagonism|glucl_potentiation,500.0,331,75.0,0.25,4.5234375,1.320138888888889,54788ddcf622669910f9f6738d8b84167346a3e80f96c1982c26d345388c5478
gaba_potentiation|k2p_potentiation|complex_i_block|nca_block|nachr_antagonism|glucl_potentiation,500.0,443,75.0,0.375,3.6380208333333335,1.1302777777777777,54788ddcf622669910f9f6738d8b84167346a3e80f96c1982c26d345388c5478
gaba_potentiation|k2p_potentiation|complex_i_block|nca_block|nachr_antagonism|glucl_potentiation,1000.0,42,75.0,0.5,2.9921875,0.8451388888888889,54788ddcf622669910f9f6738d8b84167346a3e80f96c1982c26d345388c5478
gaba_potentiation|k2p_potentiation|complex_i_block|nca_block|nachr_antagonism|glucl_potentiation,1000.0,137,75.0,0.6041666666666666,2.8463541666666665,0.8140277777777778,54788ddcf622669910f9f6738d8b84167346a3e80f96c1982c26d345388c5478
gaba_potentiation|k2p_potentiation|snare_cooperativity|nca_block|nachr_antagonism|glucl_potentiation,30.0,331,75.0,0.0,18.309895833333332,5.651111111111111,54788ddcf622669910f9f6738d8b84167346a3e80f96c1982c26d345388c5478
gaba_potentiation|k2p_potentiation|snare_cooperativity|nca_block|nachr_antagonism|glucl_potentiation,30.0,443,75.0,0.0,19.328125,5.924444444444444,54788ddcf622669910f9f6738d8b84167346a3e80f96c1982c26d345388c5478
gaba_potentiation|k2p_potentiation|snare_cooperativity|nca_block|nachr_antagonism|glucl_potentiation,100.0,42,75.0,0.0,11.723958333333334,3.4468055555555557,54788ddcf622669910f9f6738d8b84167346a3e80f96c1982c26d345388c5478
gaba_potentiation|k2p_potentiation|snare_cooperativity|nca_block|nachr_antagonism|glucl_potentiation,100.0,137,75.0,0.0,11.0234375,3.2888888888888888,54788ddcf622669910f9f6738d8b84167346a3e80f96c1982c26d345388c5478
gaba_potentiation|k2p_potentiation|snare_cooperativity|nca_block|nachr_antagonism|glucl_potentiation,10.0,443,75.0,0.0,22.338541666666668,6.954722222222222,54788ddcf622669910f9f6738d8b84167346a3e80f96c1982c26d345388c5478
gaba_potentiation|k2p_potentiation|snare_cooperativity|nca_block|nachr_antagonism|glucl_potentiation,30.0,42,75.0,0.0,18.5234375,5.712083333333333,54788ddcf622669910f9f6738d8b84167346a3e80f96c1982c26d345388c5478
gaba_potentiation|k2p_potentiation|snare_cooperativity|nca_block|nachr_antagonism|glucl_potentiation,30.0,137,75.0,0.0,17.877604166666668,5.55875,54788ddcf622669910f9f6738d8b84167346a3e80f96c1982c26d345388c5478
gaba_potentiation|k2p_potentiation|snare_cooperativity|nca_block|nachr_antagonism|glucl_potentiation,30.0,219,75.0,0.0,19.200520833333332,5.925277777777778,54788ddcf622669910f9f6738d8b84167346a3e80f96c1982c26d345388c5478
gaba_potentiation|k2p_potentiation|snare_cooperativity|nca_block|nachr_antagonism|glucl_potentiation,350.0,42,75.0,0.2916666666666667,4.013020833333333,1.0955555555555556,54788ddcf622669910f9f6738d8b84167346a3e80f96c1982c26d345388c5478
gaba_potentiation|k2p_potentiation|snare_cooperativity|nca_block|nachr_antagonism|glucl_potentiation,350.0,137,75.0,0.3333333333333333,3.7942708333333335,1.05625,54788ddcf622669910f9f6738d8b84167346a3e80f96c1982c26d345388c5478
gaba_potentiation|k2p_potentiation|snare_cooperativity|nca_block|nachr_antagonism|glucl_potentiation,350.0,219,75.0,0.2916666666666667,4.0703125,1.1405555555555555,54788ddcf622669910f9f6738d8b84167346a3e80f96c1982c26d345388c5478
gaba_potentiation|k2p_potentiation|snare_cooperativity|nca_block|nachr_antagonism|glucl_potentiation,350.0,331,75.0,0.22916666666666666,4.229166666666667,1.1456944444444443,54788ddcf622669910f9f6738d8b84167346a3e80f96c1982c26d345388c5478
gaba_potentiation|k2p_potentiation|complex_i_block|nca_block|nachr_antagonism|glucl_potentiation,3000.0,137,75.0,0.8125,1.8203125,0.5102777777777778,54788ddcf622669910f9f6738d8b84167346a3e80f96c1982c26d345388c5478
gaba_potentiation|k2p_potentiation|complex_i_block|nca_block|nachr_antagonism|glucl_potentiation,3000.0,219,75.0,0.7708333333333334,1.8671875,0.5395833333333333,54788ddcf622669910f9f6738d8b84167346a3e80f96c1982c26d345388c5478
gaba_potentiation|k2p_potentiation|complex_i_block|nca_block|nachr_antagonism|glucl_potentiation,3000.0,331,75.0,0.7708333333333334,1.8567708333333333,0.5252777777777777,54788ddcf622669910f9f6738d8b84167346a3e80f96c1982c26d345388c5478
gaba_potentiation|k2p_potentiation|complex_i_block|nca_block|nachr_antagonism|glucl_potentiation,3000.0,443,75.0,0.875,1.1744791666666667,0.37527777777777777,54788ddcf622669910f9f6738d8b84167346a3e80f96c1982c26d345388c5478
gaba_potentiation|k2p_potentiation|snare_cooperativity|nca_block|nachr_antagonism|glucl_potentiation,10.0,42,75.0,0.0,21.953125,6.814722222222223,54788ddcf622669910f9f6738d8b84167346a3e80f96c1982c26d345388c5478
gaba_potentiation|k2p_potentiation|snare_cooperativity|nca_block|nachr_antagonism|glucl_potentiation,10.0,137,75.0,0.0,21.041666666666668,6.6338888888888885,54788ddcf622669910f9f6738d8b84167346a3e80f96c1982c26d345388c5478
gaba_potentiation|k2p_potentiation|snare_cooperativity|nca_block|nachr_antagonism|glucl_potentiation,10.0,219,75.0,0.0,22.041666666666668,6.896527777777778,54788ddcf622669910f9f6738d8b84167346a3e80f96c1982c26d345388c5478
gaba_potentiation|k2p_potentiation|snare_cooperativity|nca_block|nachr_antagonism|glucl_potentiation,10.0,331,75.0,0.0,21.505208333333332,6.7098611111111115,54788ddcf622669910f9f6738d8b84167346a3e80f96c1982c26d345388c5478
gaba_potentiation|k2p_potentiation|snare_cooperativity|nca_block|nachr_antagonism|glucl_potentiation,100.0,219,75.0,0.0,11.986979166666666,3.544861111111111,54788ddcf622669910f9f6738d8b84167346a3e80f96c1982c26d345388c5478
gaba_potentiation|k2p_potentiation|snare_cooperativity|nca_block|nachr_antagonism|glucl_potentiation,100.0,331,75.0,0.0,11.453125,3.415138888888889,54788ddcf622669910f9f6738d8b84167346a3e80f96c1982c26d345388c5478
gaba_potentiation|k2p_potentiation|snare_cooperativity|nca_block|nachr_antagonism|glucl_potentiation,100.0,443,75.0,0.0,11.934895833333334,3.5156944444444442,54788ddcf622669910f9f6738d8b84167346a3e80f96c1982c26d345388c5478
gaba_potentiation|k2p_potentiation|snare_cooperativity|nca_block|nachr_antagonism|glucl_potentiation,200.0,42,75.0,0.020833333333333332,6.817708333333333,1.938611111111111,54788ddcf622669910f9f6738d8b84167346a3e80f96c1982c26d345388c5478
gaba_potentiation|k2p_potentiation|snare_cooperativity|nca_block|nachr_antagonism|glucl_potentiation,200.0,137,75.0,0.020833333333333332,6.713541666666667,1.9029166666666666,54788ddcf622669910f9f6738d8b84167346a3e80f96c1982c26d345388c5478
gaba_potentiation|k2p_potentiation|snare_cooperativity|nca_block|nachr_antagonism|glucl_potentiation,200.0,219,75.0,0.0625,7.033854166666667,2.0093055555555557,54788ddcf622669910f9f6738d8b84167346a3e80f96c1982c26d345388c5478
gaba_potentiation|k2p_potentiation|snare_cooperativity|nca_block|nachr_antagonism|glucl_potentiation,200.0,331,75.0,0.041666666666666664,6.869791666666667,1.9484722222222222,54788ddcf622669910f9f6738d8b84167346a3e80f96c1982c26d345388c5478
gaba_potentiation|k2p_potentiation|snare_cooperativity|nca_block|nachr_antagonism|glucl_potentiation,200.0,443,75.0,0.041666666666666664,6.677083333333333,1.9201388888888888,54788ddcf622669910f9f6738d8b84167346a3e80f96c1982c26d345388c5478
gaba_potentiation|k2p_potentiation|snare_cooperativity|nca_block|nachr_antagonism|glucl_potentiation,350.0,443,75.0,0.5208333333333334,3.4453125,1.0006944444444446,54788ddcf622669910f9f6738d8b84167346a3e80f96c1982c26d345388c5478
gaba_potentiation|k2p_potentiation|snare_cooperativity|nca_block|nachr_antagonism|glucl_potentiation,500.0,42,75.0,0.625,2.5963541666666665,0.7281944444444445,54788ddcf622669910f9f6738d8b84167346a3e80f96c1982c26d345388c5478
gaba_potentiation|k2p_potentiation|snare_cooperativity|nca_block|nachr_antagonism|glucl_potentiation,500.0,137,75.0,0.6875,2.2942708333333335,0.6845833333333333,54788ddcf622669910f9f6738d8b84167346a3e80f96c1982c26d345388c5478
gaba_potentiation|k2p_potentiation|snare_cooperativity|nca_block|nachr_antagonism|glucl_potentiation,500.0,219,75.0,0.5833333333333334,2.7447916666666665,0.7797222222222222,54788ddcf622669910f9f6738d8b84167346a3e80f96c1982c26d345388c5478
gaba_potentiation|complex_i_block|snare_cooperativity|nca_block|nachr_antagonism|glucl_potentiation,10.0,443,75.0,0.0,22.140625,6.892222222222222,54788ddcf622669910f9f6738d8b84167346a3e80f96c1982c26d345388c5478
gaba_potentiation|complex_i_block|snare_cooperativity|nca_block|nachr_antagonism|glucl_potentiation,30.0,42,75.0,0.0,17.979166666666668,5.519444444444445,54788ddcf622669910f9f6738d8b84167346a3e80f96c1982c26d345388c5478
gaba_potentiation|complex_i_block|snare_cooperativity|nca_block|nachr_antagonism|glucl_potentiation,30.0,137,75.0,0.0,17.244791666666668,5.353055555555556,54788ddcf622669910f9f6738d8b84167346a3e80f96c1982c26d345388c5478
gaba_potentiation|complex_i_block|snare_cooperativity|nca_block|nachr_antagonism|glucl_potentiation,30.0,219,75.0,0.0,18.5625,5.72875,54788ddcf622669910f9f6738d8b84167346a3e80f96c1982c26d345388c5478
gaba_potentiation|k2p_potentiation|snare_cooperativity|nca_block|nachr_antagonism|glucl_potentiation,1000.0,219,75.0,0.875,1.3489583333333333,0.4280555555555556,54788ddcf622669910f9f6738d8b84167346a3e80f96c1982c26d345388c5478
gaba_potentiation|k2p_potentiation|snare_cooperativity|nca_block|nachr_antagonism|glucl_potentiation,1000.0,331,75.0,0.9375,1.3828125,0.4216666666666667,54788ddcf622669910f9f6738d8b84167346a3e80f96c1982c26d345388c5478
gaba_potentiation|k2p_potentiation|snare_cooperativity|nca_block|nachr_antagonism|glucl_potentiation,1000.0,443,75.0,1.0,0.8333333333333334,0.35805555555555557,54788ddcf622669910f9f6738d8b84167346a3e80f96c1982c26d345388c5478
gaba_potentiation|k2p_potentiation|snare_cooperativity|nca_block|nachr_antagonism|glucl_potentiation,3000.0,42,75.0,1.0,0.5625,0.24972222222222223,54788ddcf622669910f9f6738d8b84167346a3e80f96c1982c26d345388c5478
gaba_potentiation|complex_i_block|snare_cooperativity|nca_block|nachr_antagonism|glucl_potentiation,30.0,331,75.0,0.0,17.807291666666668,5.485833333333333,54788ddcf622669910f9f6738d8b84167346a3e80f96c1982c26d345388c5478
gaba_potentiation|complex_i_block|snare_cooperativity|nca_block|nachr_antagonism|glucl_potentiation,30.0,443,75.0,0.0,18.5234375,5.67375,54788ddcf622669910f9f6738d8b84167346a3e80f96c1982c26d345388c5478
gaba_potentiation|complex_i_block|snare_cooperativity|nca_block|nachr_antagonism|glucl_potentiation,100.0,42,75.0,0.0,10.583333333333334,3.1194444444444445,54788ddcf622669910f9f6738d8b84167346a3e80f96c1982c26d345388c5478
gaba_potentiation|complex_i_block|snare_cooperativity|nca_block|nachr_antagonism|glucl_potentiation,100.0,137,75.0,0.0,9.869791666666666,2.935,54788ddcf622669910f9f6738d8b84167346a3e80f96c1982c26d345388c5478
gaba_potentiation|complex_i_block|snare_cooperativity|nca_block|nachr_antagonism|glucl_potentiation,100.0,219,75.0,0.0,10.924479166666666,3.20375,54788ddcf622669910f9f6738d8b84167346a3e80f96c1982c26d345388c5478
gaba_potentiation|complex_i_block|snare_cooperativity|nca_block|nachr_antagonism|glucl_potentiation,100.0,331,75.0,0.0,10.5859375,3.122916666666667,54788ddcf622669910f9f6738d8b84167346a3e80f96c1982c26d345388c5478
gaba_potentiation|complex_i_block|snare_cooperativity|nca_block|nachr_antagonism|glucl_potentiation,100.0,443,75.0,0.0,10.8125,3.1704166666666667,54788ddcf622669910f9f6738d8b84167346a3e80f96c1982c26d345388c5478
gaba_potentiation|complex_i_block|snare_cooperativity|nca_block|nachr_antagonism|glucl_potentiation,200.0,42,75.0,0.0625,5.8515625,1.6383333333333334,54788ddcf622669910f9f6738d8b84167346a3e80f96c1982c26d345388c5478
gaba_potentiation|k2p_potentiation|snare_cooperativity|nca_block|nachr_antagonism|glucl_potentiation,500.0,331,75.0,0.625,2.8854166666666665,0.7797222222222222,54788ddcf622669910f9f6738d8b84167346a3e80f96c1982c26d345388c5478
gaba_potentiation|k2p_potentiation|snare_cooperativity|nca_block|nachr_antagonism|glucl_potentiation,500.0,443,75.0,0.7916666666666666,2.0598958333333335,0.6508333333333334,54788ddcf622669910f9f6738d8b84167346a3e80f96c1982c26d345388c5478
gaba_potentiation|k2p_potentiation|snare_cooperativity|nca_block|nachr_antagonism|glucl_potentiation,1000.0,42,75.0,0.9583333333333334,1.2291666666666667,0.4063888888888889,54788ddcf622669910f9f6738d8b84167346a3e80f96c1982c26d345388c5478
gaba_potentiation|k2p_potentiation|snare_cooperativity|nca_block|nachr_antagonism|glucl_potentiation,1000.0,137,75.0,0.9791666666666666,1.09375,0.3754166666666667,54788ddcf622669910f9f6738d8b84167346a3e80f96c1982c26d345388c5478
gaba_potentiation|complex_i_block|snare_cooperativity|nca_block|nachr_antagonism|glucl_potentiation,200.0,137,75.0,0.10416666666666667,5.471354166666667,1.5573611111111112,54788ddcf622669910f9f6738d8b84167346a3e80f96c1982c26d345388c5478
gaba_potentiation|complex_i_block|snare_cooperativity|nca_block|nachr_antagonism|glucl_potentiation,200.0,219,75.0,0.0625,6.2109375,1.7433333333333334,54788ddcf622669910f9f6738d8b84167346a3e80f96c1982c26d345388c5478
gaba_potentiation|complex_i_block|snare_cooperativity|nca_block|nachr_antagonism|glucl_potentiation,200.0,331,75.0,0.0625,5.825520833333333,1.6401388888888888,54788ddcf622669910f9f6738d8b84167346a3e80f96c1982c26d345388c5478
gaba_potentiation|complex_i_block|snare_cooperativity|nca_block|nachr_antagonism|glucl_potentiation,200.0,443,75.0,0.14583333333333334,5.216145833333333,1.5118055555555556,54788ddcf622669910f9f6738d8b84167346a3e80f96c1982c26d345388c5478
gaba_potentiation|k2p_potentiation|snare_cooperativity|nca_block|nachr_antagonism|glucl_potentiation,3000.0,137,75.0,1.0,0.640625,0.24055555555555555,54788ddcf622669910f9f6738d8b84167346a3e80f96c1982c26d345388c5478
gaba_potentiation|k2p_potentiation|snare_cooperativity|nca_block|nachr_antagonism|glucl_potentiation,3000.0,219,75.0,1.0,0.6380208333333334,0.2554166666666667,54788ddcf622669910f9f6738d8b84167346a3e80f96c1982c26d345388c5478
gaba_potentiation|k2p_potentiation|snare_cooperativity|nca_block|nachr_antagonism|glucl_potentiation,3000.0,331,75.0,1.0,0.7109375,0.2654166666666667,54788ddcf622669910f9f6738d8b84167346a3e80f96c1982c26d345388c5478
gaba_potentiation|k2p_potentiation|snare_cooperativity|nca_block|nachr_antagonism|glucl_potentiation,3000.0,443,75.0,1.0,0.3411458333333333,0.2259722222222222,54788ddcf622669910f9f6738d8b84167346a3e80f96c1982c26d345388c5478
gaba_potentiation|complex_i_block|snare_cooperativity|nca_block|nachr_antagonism|glucl_potentiation,10.0,42,75.0,0.0,21.723958333333332,6.735277777777778,54788ddcf622669910f9f6738d8b84167346a3e80f96c1982c26d345388c5478
gaba_potentiation|complex_i_block|snare_cooperativity|nca_block|nachr_antagonism|glucl_potentiation,10.0,137,75.0,0.0,20.783854166666668,6.558055555555556,54788ddcf622669910f9f6738d8b84167346a3e80f96c1982c26d345388c5478
gaba_potentiation|complex_i_block|snare_cooperativity|nca_block|nachr_antagonism|glucl_potentiation,10.0,219,75.0,0.0,21.9296875,6.8509722222222225,54788ddcf622669910f9f6738d8b84167346a3e80f96c1982c26d345388c5478
gaba_potentiation|complex_i_block|snare_cooperativity|nca_block|nachr_antagonism|glucl_potentiation,10.0,331,75.0,0.0,21.546875,6.70875,54788ddcf622669910f9f6738d8b84167346a3e80f96c1982c26d345388c5478
gaba_potentiation|complex_i_block|snare_cooperativity|nca_block|nachr_antagonism|glucl_potentiation,3000.0,137,75.0,1.0,0.4088541666666667,0.1751388888888889,54788ddcf622669910f9f6738d8b84167346a3e80f96c1982c26d345388c5478
gaba_potentiation|complex_i_block|snare_cooperativity|nca_block|nachr_antagonism|glucl_potentiation,3000.0,219,75.0,1.0,0.4401041666666667,0.1827777777777778,54788ddcf622669910f9f6738d8b84167346a3e80f96c1982c26d345388c5478
gaba_potentiation|complex_i_block|snare_cooperativity|nca_block|nachr_antagonism|glucl_potentiation,3000.0,331,75.0,1.0,0.4427083333333333,0.18819444444444444,54788ddcf622669910f9f6738d8b84167346a3e80f96c1982c26d345388c5478
gaba_potentiation|complex_i_block|snare_cooperativity|nca_block|nachr_antagonism|glucl_potentiation,3000.0,443,75.0,1.0,0.20052083333333334,0.16027777777777777,54788ddcf622669910f9f6738d8b84167346a3e80f96c1982c26d345388c5478
k2p_potentiation|complex_i_block|snare_cooperativity|nca_block|nachr_antagonism|glucl_potentiation,10.0,443,75.0,0.0,22.263020833333332,6.924722222222222,54788ddcf622669910f9f6738d8b84167346a3e80f96c1982c26d345388c5478
k2p_potentiation|complex_i_block|snare_cooperativity|nca_block|nachr_antagonism|glucl_potentiation,30.0,42,75.0,0.0,17.981770833333332,5.514305555555556,54788ddcf622669910f9f6738d8b84167346a3e80f96c1982c26d345388c5478
k2p_potentiation|complex_i_block|snare_cooperativity|nca_block|nachr_antagonism|glucl_potentiation,30.0,137,75.0,0.0,17.174479166666668,5.318472222222222,54788ddcf622669910f9f6738d8b84167346a3e80f96c1982c26d345388c5478
k2p_potentiation|complex_i_block|snare_cooperativity|nca_block|nachr_antagonism|glucl_potentiation,30.0,219,75.0,0.0,18.53125,5.709583333333334,54788ddcf622669910f9f6738d8b84167346a3e80f96c1982c26d345388c5478
k2p_potentiation|complex_i_block|snare_cooperativity|nca_block|nachr_antagonism|glucl_potentiation,30.0,331,75.0,0.0,17.627604166666668,5.4286111111111115,54788ddcf622669910f9f6738d8b84167346a3e80f96c1982c26d345388c5478
k2p_potentiation|complex_i_block|snare_cooperativity|nca_block|nachr_antagonism|glucl_potentiation,30.0,443,75.0,0.0,18.346354166666668,5.617222222222222,54788ddcf622669910f9f6738d8b84167346a3e80f96c1982c26d345388c5478
k2p_potentiation|complex_i_block|snare_cooperativity|nca_block|nachr_antagonism|glucl_potentiation,100.0,42,75.0,0.0,10.518229166666666,3.0879166666666666,54788ddcf622669910f9f6738d8b84167346a3e80f96c1982c26d345388c5478
k2p_potentiation|complex_i_block|snare_cooperativity|nca_block|nachr_antagonism|glucl_potentiation,100.0,137,75.0,0.0,9.65625,2.870277777777778,54788ddcf622669910f9f6738d8b84167346a3e80f96c1982c26d345388c5478
k2p_potentiation|complex_i_block|snare_cooperativity|nca_block|nachr_antagonism|glucl_potentiation,200.0,137,75.0,0.14583333333333334,5.1953125,1.4894444444444443,54788ddcf622669910f9f6738d8b84167346a3e80f96c1982c26d345388c5478
k2p_potentiation|complex_i_block|snare_cooperativity|nca_block|nachr_antagonism|glucl_potentiation,200.0,219,75.0,0.0625,6.0078125,1.6847222222222222,54788ddcf622669910f9f6738d8b84167346a3e80f96c1982c26d345388c5478
k2p_potentiation|complex_i_block|snare_cooperativity|nca_block|nachr_antagonism|glucl_potentiation,200.0,331,75.0,0.0625,5.729166666666667,1.6055555555555556,54788ddcf622669910f9f6738d8b84167346a3e80f96c1982c26d345388c5478
k2p_potentiation|complex_i_block|snare_cooperativity|nca_block|nachr_antagonism|glucl_potentiation,200.0,443,75.0,0.14583333333333334,5.145833333333333,1.48875,54788ddcf622669910f9f6738d8b84167346a3e80f96c1982c26d345388c5478
gaba_potentiation|complex_i_block|snare_cooperativity|nca_block|nachr_antagonism|glucl_potentiation,350.0,42,75.0,0.4375,3.1015625,0.8536111111111111,54788ddcf622669910f9f6738d8b84167346a3e80f96c1982c26d345388c5478
gaba_potentiation|complex_i_block|snare_cooperativity|nca_block|nachr_antagonism|glucl_potentiation,350.0,137,75.0,0.5833333333333334,2.7604166666666665,0.8029166666666666,54788ddcf622669910f9f6738d8b84167346a3e80f96c1982c26d345388c5478
gaba_potentiation|complex_i_block|snare_cooperativity|nca_block|nachr_antagonism|glucl_potentiation,350.0,219,75.0,0.4375,3.4765625,0.9456944444444444,54788ddcf622669910f9f6738d8b84167346a3e80f96c1982c26d345388c5478
gaba_potentiation|complex_i_block|snare_cooperativity|nca_block|nachr_antagonism|glucl_potentiation,350.0,331,75.0,0.4375,3.2421875,0.8877777777777778,54788ddcf622669910f9f6738d8b84167346a3e80f96c1982c26d345388c5478
gaba_potentiation|complex_i_block|snare_cooperativity|nca_block|nachr_antagonism|glucl_potentiation,350.0,443,75.0,0.7291666666666666,2.5260416666666665,0.7579166666666667,54788ddcf622669910f9f6738d8b84167346a3e80f96c1982c26d345388c5478
gaba_potentiation|complex_i_block|snare_cooperativity|nca_block|nachr_antagonism|glucl_potentiation,500.0,42,75.0,0.8541666666666666,1.7760416666666667,0.5220833333333333,54788ddcf622669910f9f6738d8b84167346a3e80f96c1982c26d345388c5478
gaba_potentiation|complex_i_block|snare_cooperativity|nca_block|nachr_antagonism|glucl_potentiation,500.0,137,75.0,0.8958333333333334,1.6770833333333333,0.5115277777777778,54788ddcf622669910f9f6738d8b84167346a3e80f96c1982c26d345388c5478
gaba_potentiation|complex_i_block|snare_cooperativity|nca_block|nachr_antagonism|glucl_potentiation,500.0,219,75.0,0.75,1.8854166666666667,0.5594444444444444,54788ddcf622669910f9f6738d8b84167346a3e80f96c1982c26d345388c5478
gaba_potentiation|complex_i_block|snare_cooperativity|nca_block|nachr_antagonism|glucl_potentiation,500.0,331,75.0,0.75,2.0572916666666665,0.5776388888888889,54788ddcf622669910f9f6738d8b84167346a3e80f96c1982c26d345388c5478
gaba_potentiation|complex_i_block|snare_cooperativity|nca_block|nachr_antagonism|glucl_potentiation,500.0,443,75.0,0.875,1.328125,0.4726388888888889,54788ddcf622669910f9f6738d8b84167346a3e80f96c1982c26d345388c5478
gaba_potentiation|complex_i_block|snare_cooperativity|nca_block|nachr_antagonism|glucl_potentiation,1000.0,42,75.0,0.9791666666666666,0.8229166666666666,0.29583333333333334,54788ddcf622669910f9f6738d8b84167346a3e80f96c1982c26d345388c5478
gaba_potentiation|complex_i_block|snare_cooperativity|nca_block|nachr_antagonism|glucl_potentiation,1000.0,137,75.0,1.0,0.828125,0.28125,54788ddcf622669910f9f6738d8b84167346a3e80f96c1982c26d345388c5478
gaba_potentiation|complex_i_block|snare_cooperativity|nca_block|nachr_antagonism|glucl_potentiation,1000.0,219,75.0,0.9791666666666666,0.9661458333333334,0.3148611111111111,54788ddcf622669910f9f6738d8b84167346a3e80f96c1982c26d345388c5478
gaba_potentiation|complex_i_block|snare_cooperativity|nca_block|nachr_antagonism|glucl_potentiation,1000.0,331,75.0,0.9791666666666666,1.03125,0.31875,54788ddcf622669910f9f6738d8b84167346a3e80f96c1982c26d345388c5478
gaba_potentiation|complex_i_block|snare_cooperativity|nca_block|nachr_antagonism|glucl_potentiation,1000.0,443,75.0,1.0,0.5494791666666666,0.2652777777777778,54788ddcf622669910f9f6738d8b84167346a3e80f96c1982c26d345388c5478
gaba_potentiation|complex_i_block|snare_cooperativity|nca_block|nachr_antagonism|glucl_potentiation,3000.0,42,75.0,1.0,0.4114583333333333,0.1811111111111111,54788ddcf622669910f9f6738d8b84167346a3e80f96c1982c26d345388c5478
k2p_potentiation|complex_i_block|snare_cooperativity|nca_block|nachr_antagonism|glucl_potentiation,10.0,42,75.0,0.0,21.658854166666668,6.71375,54788ddcf622669910f9f6738d8b84167346a3e80f96c1982c26d345388c5478
k2p_potentiation|complex_i_block|snare_cooperativity|nca_block|nachr_antagonism|glucl_potentiation,10.0,137,75.0,0.0,20.622395833333332,6.514861111111111,54788ddcf622669910f9f6738d8b84167346a3e80f96c1982c26d345388c5478
k2p_potentiation|complex_i_block|snare_cooperativity|nca_block|nachr_antagonism|glucl_potentiation,10.0,219,75.0,0.0,21.955729166666668,6.854027777777778,54788ddcf622669910f9f6738d8b84167346a3e80f96c1982c26d345388c5478
k2p_potentiation|complex_i_block|snare_cooperativity|nca_block|nachr_antagonism|glucl_potentiation,10.0,331,75.0,0.0,21.390625,6.66125,54788ddcf622669910f9f6738d8b84167346a3e80f96c1982c26d345388c5478
k2p_potentiation|complex_i_block|snare_cooperativity|nca_block|nachr_antagonism|glucl_potentiation,500.0,331,75.0,0.7708333333333334,2.0442708333333335,0.5719444444444445,54788ddcf622669910f9f6738d8b84167346a3e80f96c1982c26d345388c5478
k2p_potentiation|complex_i_block|snare_cooperativity|nca_block|nachr_antagonism|glucl_potentiation,500.0,443,75.0,0.9166666666666666,1.2552083333333333,0.4548611111111111,54788ddcf622669910f9f6738d8b84167346a3e80f96c1982c26d345388c5478
k2p_potentiation|complex_i_block|snare_cooperativity|nca_block|nachr_antagonism|glucl_potentiation,1000.0,42,75.0,0.9791666666666666,0.7942708333333334,0.28708333333333336,54788ddcf622669910f9f6738d8b84167346a3e80f96c1982c26d345388c5478
k2p_potentiation|complex_i_block|snare_cooperativity|nca_block|nachr_antagonism|glucl_potentiation,1000.0,137,75.0,1.0,0.828125,0.2788888888888889,54788ddcf622669910f9f6738d8b84167346a3e80f96c1982c26d345388c5478
k2p_potentiation|complex_i_block|snare_cooperativity|nca_block|nachr_antagonism|glucl_potentiation,100.0,219,75.0,0.0,10.4140625,3.077777777777778,54788ddcf622669910f9f6738d8b84167346a3e80f96c1982c26d345388c5478
k2p_potentiation|complex_i_block|snare_cooperativity|nca_block|nachr_antagonism|glucl_potentiation,100.0,331,75.0,0.0,10.502604166666666,3.086527777777778,54788ddcf622669910f9f6738d8b84167346a3e80f96c1982c26d345388c5478
k2p_potentiation|complex_i_block|snare_cooperativity|nca_block|nachr_antagonism|glucl_potentiation,100.0,443,75.0,0.0,10.541666666666666,3.095972222222222,54788ddcf622669910f9f6738d8b84167346a3e80f96c1982c26d345388c5478
k2p_potentiation|complex_i_block|snare_cooperativity|nca_block|nachr_antagonism|glucl_potentiation,200.0,42,75.0,0.08333333333333333,5.669270833333333,1.59,54788ddcf622669910f9f6738d8b84167346a3e80f96c1982c26d345388c5478
k2p_potentiation|complex_i_block|snare_cooperativity|nca_block|nachr_antagonism|glucl_potentiation,1000.0,219,75.0,0.9791666666666666,0.9453125,0.3090277777777778,54788ddcf622669910f9f6738d8b84167346a3e80f96c1982c26d345388c5478
k2p_potentiation|complex_i_block|snare_cooperativity|nca_block|nachr_antagonism|glucl_potentiation,1000.0,331,75.0,0.9791666666666666,1.0052083333333333,0.31333333333333335,54788ddcf622669910f9f6738d8b84167346a3e80f96c1982c26d345388c5478
k2p_potentiation|complex_i_block|snare_cooperativity|nca_block|nachr_antagonism|glucl_potentiation,1000.0,443,75.0,1.0,0.5338541666666666,0.25972222222222224,54788ddcf622669910f9f6738d8b84167346a3e80f96c1982c26d345388c5478
k2p_potentiation|complex_i_block|snare_cooperativity|nca_block|nachr_antagonism|glucl_potentiation,3000.0,42,75.0,1.0,0.4114583333333333,0.18,54788ddcf622669910f9f6738d8b84167346a3e80f96c1982c26d345388c5478
k2p_potentiation|complex_i_block|snare_cooperativity|nca_block|nachr_antagonism|glucl_potentiation,350.0,42,75.0,0.4791666666666667,2.9869791666666665,0.8229166666666666,54788ddcf622669910f9f6738d8b84167346a3e80f96c1982c26d345388c5478
k2p_potentiation|complex_i_block|snare_cooperativity|nca_block|nachr_antagonism|glucl_potentiation,350.0,137,75.0,0.6041666666666666,2.6822916666666665,0.7775,54788ddcf622669910f9f6738d8b84167346a3e80f96c1982c26d345388c5478
k2p_potentiation|complex_i_block|snare_cooperativity|nca_block|nachr_antagonism|glucl_potentiation,350.0,219,75.0,0.5,3.3307291666666665,0.9077777777777778,54788ddcf622669910f9f6738d8b84167346a3e80f96c1982c26d345388c5478
k2p_potentiation|complex_i_block|snare_cooperativity|nca_block|nachr_antagonism|glucl_potentiation,350.0,331,75.0,0.4583333333333333,3.0963541666666665,0.8533333333333334,54788ddcf622669910f9f6738d8b84167346a3e80f96c1982c26d345388c5478
k2p_potentiation|complex_i_block|snare_cooperativity|nca_block|nachr_antagonism|glucl_potentiation,3000.0,137,75.0,1.0,0.3880208333333333,0.1726388888888889,54788ddcf622669910f9f6738d8b84167346a3e80f96c1982c26d345388c5478
k2p_potentiation|complex_i_block|snare_cooperativity|nca_block|nachr_antagonism|glucl_potentiation,3000.0,219,75.0,1.0,0.4401041666666667,0.18138888888888888,54788ddcf622669910f9f6738d8b84167346a3e80f96c1982c26d345388c5478
k2p_potentiation|complex_i_block|snare_cooperativity|nca_block|nachr_antagonism|glucl_potentiation,3000.0,331,75.0,1.0,0.4427083333333333,0.18777777777777777,54788ddcf622669910f9f6738d8b84167346a3e80f96c1982c26d345388c5478
k2p_potentiation|complex_i_block|snare_cooperativity|nca_block|nachr_antagonism|glucl_potentiation,3000.0,443,75.0,1.0,0.20052083333333334,0.15944444444444444,54788ddcf622669910f9f6738d8b84167346a3e80f96c1982c26d345388c5478
gaba_potentiation|k2p_potentiation|complex_i_block|snare_cooperativity|nca_block|nachr_antagonism|glucl_potentiation,10.0,42,75.0,0.0,21.455729166666668,6.650277777777778,54788ddcf622669910f9f6738d8b84167346a3e80f96c1982c26d345388c5478
gaba_potentiation|k2p_potentiation|complex_i_block|snare_cooperativity|nca_block|nachr_antagonism|glucl_potentiation,10.0,137,75.0,0.0,20.486979166666668,6.459444444444444,54788ddcf622669910f9f6738d8b84167346a3e80f96c1982c26d345388c5478
gaba_potentiation|k2p_potentiation|complex_i_block|snare_cooperativity|nca_block|nachr_antagonism|glucl_potentiation,10.0,219,75.0,0.0,21.9609375,6.843194444444444,54788ddcf622669910f9f6738d8b84167346a3e80f96c1982c26d345388c5478
gaba_potentiation|k2p_potentiation|complex_i_block|snare_cooperativity|nca_block|nachr_antagonism|glucl_potentiation,10.0,331,75.0,0.0,21.28125,6.62375,54788ddcf622669910f9f6738d8b84167346a3e80f96c1982c26d345388c5478
k2p_potentiation|complex_i_block|snare_cooperativity|nca_block|nachr_antagonism|glucl_potentiation,350.0,443,75.0,0.7708333333333334,2.3411458333333335,0.7184722222222222,54788ddcf622669910f9f6738d8b84167346a3e80f96c1982c26d345388c5478
k2p_potentiation|complex_i_block|snare_cooperativity|nca_block|nachr_antagonism|glucl_potentiation,500.0,42,75.0,0.875,1.6875,0.5008333333333334,54788ddcf622669910f9f6738d8b84167346a3e80f96c1982c26d345388c5478
k2p_potentiation|complex_i_block|snare_cooperativity|nca_block|nachr_antagonism|glucl_potentiation,500.0,137,75.0,0.9166666666666666,1.6380208333333333,0.5008333333333334,54788ddcf622669910f9f6738d8b84167346a3e80f96c1982c26d345388c5478
k2p_potentiation|complex_i_block|snare_cooperativity|nca_block|nachr_antagonism|glucl_potentiation,500.0,219,75.0,0.7708333333333334,1.7890625,0.5413888888888889,54788ddcf622669910f9f6738d8b84167346a3e80f96c1982c26d345388c5478
gaba_potentiation|k2p_potentiation|complex_i_block|snare_cooperativity|nca_block|nachr_antagonism|glucl_potentiation,30.0,331,75.0,0.0,17.270833333333332,5.313611111111111,54788ddcf622669910f9f6738d8b84167346a3e80f96c1982c26d345388c5478
gaba_potentiation|k2p_potentiation|complex_i_block|snare_cooperativity|nca_block|nachr_antagonism|glucl_potentiation,30.0,443,75.0,0.0,17.888020833333332,5.4743055555555555,54788ddcf622669910f9f6738d8b84167346a3e80f96c1982c26d345388c5478
gaba_potentiation|k2p_potentiation|complex_i_block|snare_cooperativity|nca_block|nachr_antagonism|glucl_potentiation,100.0,42,75.0,0.0,9.963541666666666,2.887777777777778,54788ddcf622669910f9f6738d8b84167346a3e80f96c1982c26d345388c5478
gaba_potentiation|k2p_potentiation|complex_i_block|snare_cooperativity|nca_block|nachr_antagonism|glucl_potentiation,100.0,137,75.0,0.0,8.934895833333334,2.64125,54788ddcf622669910f9f6738d8b84167346a3e80f96c1982c26d345388c5478
gaba_potentiation|k2p_potentiation|complex_i_block|snare_cooperativity|nca_block|nachr_antagonism|glucl_potentiation,10.0,443,75.0,0.0,22.143229166666668,6.886666666666667,54788ddcf622669910f9f6738d8b84167346a3e80f96c1982c26d345388c5478
gaba_potentiation|k2p_potentiation|complex_i_block|snare_cooperativity|nca_block|nachr_antagonism|glucl_potentiation,30.0,42,75.0,0.0,17.671875,5.40375,54788ddcf622669910f9f6738d8b84167346a3e80f96c1982c26d345388c5478
gaba_potentiation|k2p_potentiation|complex_i_block|snare_cooperativity|nca_block|nachr_antagonism|glucl_potentiation,30.0,137,75.0,0.0,16.658854166666668,5.1497222222222225,54788ddcf622669910f9f6738d8b84167346a3e80f96c1982c26d345388c5478
gaba_potentiation|k2p_potentiation|complex_i_block|snare_cooperativity|nca_block|nachr_antagonism|glucl_potentiation,30.0,219,75.0,0.0,18.2890625,5.626388888888889,54788ddcf622669910f9f6738d8b84167346a3e80f96c1982c26d345388c5478
gaba_potentiation|k2p_potentiation|complex_i_block|snare_cooperativity|nca_block|nachr_antagonism|glucl_potentiation,350.0,42,75.0,0.7083333333333334,2.3463541666666665,0.6525,54788ddcf622669910f9f6738d8b84167346a3e80f96c1982c26d345388c5478
gaba_potentiation|k2p_potentiation|complex_i_block|snare_cooperativity|nca_block|nachr_antagonism|glucl_potentiation,350.0,137,75.0,0.7916666666666666,2.1536458333333335,0.6286111111111111,54788ddcf622669910f9f6738d8b84167346a3e80f96c1982c26d345388c5478
gaba_potentiation|k2p_potentiation|complex_i_block|snare_cooperativity|nca_block|nachr_antagonism|glucl_potentiation,350.0,219,75.0,0.5833333333333334,2.4375,0.6919444444444445,54788ddcf622669910f9f6738d8b84167346a3e80f96c1982c26d345388c5478
gaba_potentiation|k2p_potentiation|complex_i_block|snare_cooperativity|nca_block|nachr_antagonism|glucl_potentiation,350.0,331,75.0,0.5625,2.6432291666666665,0.7220833333333333,54788ddcf622669910f9f6738d8b84167346a3e80f96c1982c26d345388c5478
gaba_potentiation|k2p_potentiation|complex_i_block|snare_cooperativity|nca_block|nachr_antagonism|glucl_potentiation,100.0,219,75.0,0.0,9.799479166666666,2.8780555555555556,54788ddcf622669910f9f6738d8b84167346a3e80f96c1982c26d345388c5478
gaba_potentiation|k2p_potentiation|complex_i_block|snare_cooperativity|nca_block|nachr_antagonism|glucl_potentiation,100.0,331,75.0,0.020833333333333332,9.705729166666666,2.843611111111111,54788ddcf622669910f9f6738d8b84167346a3e80f96c1982c26d345388c5478
gaba_potentiation|k2p_potentiation|complex_i_block|snare_cooperativity|nca_block|nachr_antagonism|glucl_potentiation,100.0,443,75.0,0.020833333333333332,9.3125,2.7398611111111113,54788ddcf622669910f9f6738d8b84167346a3e80f96c1982c26d345388c5478
gaba_potentiation|k2p_potentiation|complex_i_block|snare_cooperativity|nca_block|nachr_antagonism|glucl_potentiation,200.0,42,75.0,0.125,4.877604166666667,1.3616666666666666,54788ddcf622669910f9f6738d8b84167346a3e80f96c1982c26d345388c5478
gaba_potentiation|k2p_potentiation|complex_i_block|snare_cooperativity|nca_block|nachr_antagonism|glucl_potentiation,200.0,137,75.0,0.20833333333333334,4.690104166666667,1.3170833333333334,54788ddcf622669910f9f6738d8b84167346a3e80f96c1982c26d345388c5478
gaba_potentiation|k2p_potentiation|complex_i_block|snare_cooperativity|nca_block|nachr_antagonism|glucl_potentiation,200.0,219,75.0,0.1875,5.1640625,1.4461111111111111,54788ddcf622669910f9f6738d8b84167346a3e80f96c1982c26d345388c5478
gaba_potentiation|k2p_potentiation|complex_i_block|snare_cooperativity|nca_block|nachr_antagonism|glucl_potentiation,200.0,331,75.0,0.10416666666666667,5.2265625,1.4395833333333334,54788ddcf622669910f9f6738d8b84167346a3e80f96c1982c26d345388c5478
gaba_potentiation|k2p_potentiation|complex_i_block|snare_cooperativity|nca_block|nachr_antagonism|glucl_potentiation,200.0,443,75.0,0.22916666666666666,4.346354166666667,1.2680555555555555,54788ddcf622669910f9f6738d8b84167346a3e80f96c1982c26d345388c5478
gaba_potentiation|k2p_potentiation|complex_i_block|snare_cooperativity|nca_block|nachr_antagonism|glucl_potentiation,350.0,443,75.0,0.8333333333333334,1.796875,0.5704166666666667,54788ddcf622669910f9f6738d8b84167346a3e80f96c1982c26d345388c5478
gaba_potentiation|k2p_potentiation|complex_i_block|snare_cooperativity|nca_block|nachr_antagonism|glucl_potentiation,500.0,42,75.0,0.9375,1.4322916666666667,0.4215277777777778,54788ddcf622669910f9f6738d8b84167346a3e80f96c1982c26d345388c5478
gaba_potentiation|k2p_potentiation|complex_i_block|snare_cooperativity|nca_block|nachr_antagonism|glucl_potentiation,500.0,137,75.0,0.9166666666666666,1.3307291666666667,0.405,54788ddcf622669910f9f6738d8b84167346a3e80f96c1982c26d345388c5478
gaba_potentiation|k2p_potentiation|complex_i_block|snare_cooperativity|nca_block|nachr_antagonism|glucl_potentiation,500.0,219,75.0,0.8125,1.5,0.4375,54788ddcf622669910f9f6738d8b84167346a3e80f96c1982c26d345388c5478
gaba_potentiation|k2p_potentiation|complex_i_block|snare_cooperativity|nca_block|nachr_antagonism|glucl_potentiation,1000.0,219,75.0,1.0,0.6510416666666666,0.22527777777777777,54788ddcf622669910f9f6738d8b84167346a3e80f96c1982c26d345388c5478
gaba_potentiation|k2p_potentiation|complex_i_block|snare_cooperativity|nca_block|nachr_antagonism|glucl_potentiation,1000.0,331,75.0,1.0,0.6901041666666666,0.22902777777777777,54788ddcf622669910f9f6738d8b84167346a3e80f96c1982c26d345388c5478
gaba_potentiation|k2p_potentiation|complex_i_block|snare_cooperativity|nca_block|nachr_antagonism|glucl_potentiation,1000.0,443,75.0,1.0,0.3255208333333333,0.18888888888888888,54788ddcf622669910f9f6738d8b84167346a3e80f96c1982c26d345388c5478
gaba_potentiation|k2p_potentiation|complex_i_block|snare_cooperativity|nca_block|nachr_antagonism|glucl_potentiation,3000.0,42,75.0,1.0,0.24739583333333334,0.12666666666666668,54788ddcf622669910f9f6738d8b84167346a3e80f96c1982c26d345388c5478
gaba_potentiation|k2p_potentiation|complex_i_block|snare_cooperativity|nca_block|nachr_antagonism|glucl_potentiation,500.0,331,75.0,0.8333333333333334,1.59375,0.44930555555555557,54788ddcf622669910f9f6738d8b84167346a3e80f96c1982c26d345388c5478
gaba_potentiation|k2p_potentiation|complex_i_block|snare_cooperativity|nca_block|nachr_antagonism|glucl_potentiation,500.0,443,75.0,0.9791666666666666,1.0,0.36930555555555555,54788ddcf622669910f9f6738d8b84167346a3e80f96c1982c26d345388c5478
gaba_potentiation|k2p_potentiation|complex_i_block|snare_cooperativity|nca_block|nachr_antagonism|glucl_potentiation,1000.0,42,75.0,0.9791666666666666,0.5807291666666666,0.21513888888888888,54788ddcf622669910f9f6738d8b84167346a3e80f96c1982c26d345388c5478
gaba_potentiation|k2p_potentiation|complex_i_block|snare_cooperativity|nca_block|nachr_antagonism|glucl_potentiation,1000.0,137,75.0,0.9791666666666666,0.6145833333333334,0.22,54788ddcf622669910f9f6738d8b84167346a3e80f96c1982c26d345388c5478
gaba_potentiation|k2p_potentiation|complex_i_block|snare_cooperativity|nca_block|nachr_antagonism|glucl_potentiation,3000.0,137,75.0,1.0,0.234375,0.1225,54788ddcf622669910f9f6738d8b84167346a3e80f96c1982c26d345388c5478
gaba_potentiation|k2p_potentiation|complex_i_block|snare_cooperativity|nca_block|nachr_antagonism|glucl_potentiation,3000.0,219,75.0,1.0,0.2552083333333333,0.12833333333333333,54788ddcf622669910f9f6738d8b84167346a3e80f96c1982c26d345388c5478
gaba_potentiation|k2p_potentiation|complex_i_block|snare_cooperativity|nca_block|nachr_antagonism|glucl_potentiation,3000.0,331,75.0,1.0,0.2682291666666667,0.13111111111111112,54788ddcf622669910f9f6738d8b84167346a3e80f96c1982c26d345388c5478
gaba_potentiation|k2p_potentiation|complex_i_block|snare_cooperativity|nca_block|nachr_antagonism|glucl_potentiation,3000.0,443,75.0,1.0,0.14322916666666666,0.11930555555555555,54788ddcf622669910f9f6738d8b84167346a3e80f96c1982c26d345388c5478
