match_level,ensemble_id,organism,dose_uM,seed,quiescent_fraction,command_rate_hz,network_rate_hz
1,0,worm,100.0,219,0.0,21.494791666666668,6.9198611111111115
1,0,worm,200.0,42,0.0,18.0546875,5.896805555555556
1,0,worm,200.0,137,0.0,17.481770833333332,5.752083333333333
1,0,worm,200.0,219,0.0,18.856770833333332,6.164027777777778
1,1,worm,500.0,137,0.5416666666666666,2.9036458333333335,0.8456944444444444
1,1,worm,500.0,219,0.4375,3.6171875,1.0055555555555555
1,1,worm,1000.0,42,0.875,1.5989583333333333,0.46152777777777776
1,1,worm,1000.0,137,0.8958333333333334,1.7239583333333333,0.48277777777777775
1,0,worm,10.0,42,0.0,23.4296875,7.358194444444444
1,0,worm,10.0,137,0.0,22.739583333333332,7.2058333333333335
1,0,worm,10.0,219,0.0,23.158854166666668,7.319444444444445
1,0,worm,30.0,42,0.0,22.6640625,7.173472222222222
1,1,worm,1000.0,219,0.7916666666666666,1.859375,0.5256944444444445
1,1,worm,3000.0,42,0.9791666666666666,0.8307291666666666,0.2452777777777778
1,1,worm,3000.0,137,0.9583333333333334,0.8151041666666666,0.24680555555555556
1,1,worm,3000.0,219,1.0,0.84375,0.2538888888888889
1,0,worm,30.0,137,0.0,21.184895833333332,6.793888888888889
1,0,worm,30.0,219,0.0,23.145833333333332,7.33625
1,0,worm,100.0,42,0.0,20.122395833333332,6.464722222222222
1,0,worm,100.0,137,0.0,19.6171875,6.352083333333334
1,1,worm,30.0,137,0.0,18.067708333333332,5.627916666666667
1,1,worm,30.0,219,0.0,19.5234375,6.0472222222222225
1,1,worm,100.0,42,0.0,12.3671875,3.68875
1,1,worm,100.0,137,0.0,11.544270833333334,3.482638888888889
1,0,worm,500.0,137,0.0,13.408854166666666,4.504444444444444
1,0,worm,500.0,219,0.0,14.2734375,4.8372222222222225
1,0,worm,1000.0,42,0.0,10.559895833333334,3.595833333333333
1,0,worm,1000.0,137,0.0,9.6015625,3.3181944444444444
1,1,worm,350.0,42,0.1875,4.7890625,1.3505555555555555
1,1,worm,350.0,137,0.2708333333333333,4.481770833333333,1.2726388888888889
1,1,worm,350.0,219,0.14583333333333334,5.0703125,1.4236111111111112
1,1,worm,500.0,42,0.4791666666666667,3.2890625,0.9063888888888889
1,1,worm,100.0,219,0.0,12.638020833333334,3.765972222222222
1,1,worm,200.0,42,0.020833333333333332,7.875,2.267638888888889
1,1,worm,200.0,137,0.0,7.408854166666667,2.158888888888889
1,1,worm,200.0,219,0.0,8.005208333333334,2.3156944444444445
1,0,worm,1000.0,219,0.0,10.846354166666666,3.72125
1,0,worm,3000.0,42,0.10416666666666667,6.880208333333333,2.3956944444444446
1,0,worm,3000.0,137,0.0625,6.828125,2.3966666666666665
1,0,worm,3000.0,219,0.125,6.677083333333333,2.3645833333333335
1,1,worm,10.0,42,0.0,22.205729166666668,6.893194444444444
1,1,worm,10.0,137,0.0,21.130208333333332,6.660972222222222
1,1,worm,10.0,219,0.0,22.1328125,6.9302777777777775
1,1,worm,30.0,42,0.0,18.895833333333332,5.831388888888889
1,0,worm,350.0,42,0.0,15.557291666666666,5.141805555555556
1,0,worm,350.0,137,0.0,15.151041666666666,5.062777777777778
1,0,worm,350.0,219,0.0,15.536458333333334,5.2
1,0,worm,500.0,42,0.0,13.838541666666666,4.65125
1,2,worm,30.0,137,0.0,21.653645833333332,7.013194444444444
1,2,worm,30.0,219,0.0,23.2265625,7.450555555555556
1,2,worm,100.0,42,0.0,21.401041666666668,7.026388888888889
1,2,worm,100.0,137,0.0,20.395833333333332,6.801527777777777
1,2,worm,100.0,219,0.0,22.333333333333332,7.361666666666666
1,2,worm,200.0,42,0.0,19.221354166666668,6.491666666666666
1,2,worm,200.0,137,0.0,18.2421875,6.215694444444445
1,2,worm,200.0,219,0.0,19.721354166666668,6.719305555555556
1,2,worm,10.0,42,0.0,23.5078125,7.424166666666666
1,2,worm,10.0,137,0.0,22.640625,7.221111111111111
1,2,worm,10.0,219,0.0,23.6875,7.510555555555555
1,2,worm,30.0,42,0.0,23.169270833333332,7.3879166666666665
1,2,worm,350.0,42,0.0,16.979166666666668,5.880833333333333
1,2,worm,350.0,137,0.0,15.28125,5.353055555555556
1,2,worm,350.0,219,0.0,16.609375,5.8284722222222225
1,2,worm,500.0,42,0.0,15.294270833333334,5.375555555555556
1,2,worm,1000.0,219,0.0,11.588541666666666,4.196111111111111
1,2,worm,3000.0,42,0.125,7.53125,2.7725
1,2,worm,3000.0,137,0.0,7.114583333333333,2.647777777777778
1,2,worm,3000.0,219,0.0625,7.533854166666667,2.7980555555555555
1,3,worm,10.0,42,0.0,23.255208333333332,7.309027777777778
1,3,worm,10.0,137,0.0,22.5546875,7.150555555555556
1,3,worm,10.0,219,0.0,23.075520833333332,7.286944444444444
1,3,worm,30.0,42,0.0,22.458333333333332,7.0905555555555555
1,2,worm,500.0,137,0.0,14.104166666666666,4.9752777777777775
1,2,worm,500.0,219,0.0,15.015625,5.3597222222222225
1,2,worm,1000.0,42,0.0,12.033854166666666,4.326944444444444
1,2,worm,1000.0,137,0.0,10.2890625,3.7420833333333334
1,3,worm,500.0,137,0.0,12.221354166666666,4.2243055555555555
1,3,worm,500.0,219,0.0,13.4453125,4.664305555555556
1,3,worm,1000.0,42,0.0,10.825520833333334,3.8380555555555556
1,3,worm,1000.0,137,0.0,9.9609375,3.5722222222222224
1,3,worm,30.0,137,0.0,20.721354166666668,6.656944444444444
1,3,worm,30.0,219,0.0,22.510416666666668,7.14625
1,3,worm,100.0,42,0.0,19.34375,6.230138888888889
1,3,worm,100.0,137,0.0,18.8671875,6.1443055555555555
1,4,worm,30.0,137,0.0,16.044270833333332,4.9934722222222225
1,4,worm,30.0,219,0.0,17.557291666666668,5.442361111111111
1,4,worm,100.0,42,0.0,10.432291666666666,3.11875
1,4,worm,100.0,137,0.0,9.700520833333334,2.9293055555555556
1,3,worm,100.0,219,0.0,20.346354166666668,6.573472222222223
1,3,worm,200.0,42,0.0,16.924479166666668,5.56875
1,3,worm,200.0,137,0.0,16.2109375,5.392916666666666
1,3,worm,200.0,219,0.0,17.59375,5.816666666666666
1,3,worm,350.0,42,0.0,15.072916666666666,5.08625
1,3,worm,350.0,137,0.0,14.020833333333334,4.763194444444444
1,3,worm,350.0,219,0.0,15.0546875,5.122083333333333
1,3,worm,500.0,42,0.0,12.692708333333334,4.393888888888889
1,3,worm,1000.0,219,0.0,10.572916666666666,3.799861111111111
1,3,worm,3000.0,42,0.10416666666666667,7.229166666666667,2.698611111111111
1,3,worm,3000.0,137,0.0,7.158854166666667,2.698888888888889
1,3,worm,3000.0,219,0.0625,7.71875,2.9045833333333335
1,4,worm,100.0,219,0.0,10.6015625,3.1905555555555556
1,4,worm,200.0,42,0.041666666666666664,6.8828125,2.0027777777777778
1,4,worm,200.0,137,0.125,6.388020833333333,1.875138888888889
1,4,worm,200.0,219,0.041666666666666664,7.145833333333333,2.07625
1,4,worm,10.0,42,0.0,21.3359375,6.612638888888889
1,4,worm,10.0,137,0.0,19.916666666666668,6.2676388888888885
1,4,worm,10.0,219,0.0,21.252604166666668,6.6561111111111115
1,4,worm,30.0,42,0.0,16.736979166666668,5.174444444444444
1,4,worm,350.0,42,0.2916666666666667,4.466145833333333,1.247638888888889
1,4,worm,350.0,137,0.3541666666666667,4.122395833333333,1.1858333333333333
1,4,worm,350.0,219,0.3125,4.192708333333333,1.2143055555555555
1,4,worm,500.0,42,0.4791666666666667,3.3697916666666665,0.9330555555555555
1,4,worm,500.0,137,0.5208333333333334,3.2447916666666665,0.9059722222222222
1,4,worm,500.0,219,0.3958333333333333,3.5911458333333335,0.9944444444444445
1,4,worm,1000.0,42,0.8125,1.7864583333333333,0.49375
1,4,worm,1000.0,137,0.875,1.828125,0.5080555555555556
1,5,worm,350.0,42,0.0,18.776041666666668,6.557083333333333
1,5,worm,350.0,137,0.0,17.229166666666668,6.114027777777777
1,5,worm,350.0,219,0.0,19.4453125,6.866944444444444
1,5,worm,500.0,42,0.0,16.825520833333332,5.9998611111111115
1,4,worm,1000.0,219,0.8333333333333334,1.7005208333333333,0.48736111111111113
1,4,worm,3000.0,42,1.0,0.7447916666666666,0.2298611111111111
1,4,worm,3000.0,137,0.9791666666666666,0.9296875,0.2663888888888889
1,4,worm,3000.0,219,0.9791666666666666,0.9557291666666666,0.2773611111111111
1,6,worm,350.0,42,0.0,8.604166666666666,2.5093055555555557
1,6,worm,350.0,137,0.041666666666666664,7.760416666666667,2.305972222222222
1,6,worm,350.0,219,0.0,8.736979166666666,2.564861111111111
1,6,worm,500.0,42,0.020833333333333332,6.6875,1.9216666666666666
1,6,worm,30.0,137,0.0,19.348958333333332,6.076527777777778
1,6,worm,30.0,219,0.0,20.9453125,6.547083333333333
1,6,worm,100.0,42,0.0,15.40625,4.706944444444445
1,6,worm,100.0,137,0.0,14.546875,4.493194444444445
1,5,worm,30.0,137,0.0,22.3046875,7.235277777777778
1,5,worm,30.0,219,0.0,24.200520833333332,7.779027777777777
1,5,worm,100.0,42,0.0,23.138020833333332,7.63375
1,5,worm,100.0,137,0.0,21.7578125,7.29875
1,5,worm,10.0,42,0.0,23.666666666666668,7.481805555555556
1,5,worm,10.0,137,0.0,22.692708333333332,7.250694444444444
1,5,worm,10.0,219,0.0,23.8046875,7.542361111111111
1,5,worm,30.0,42,0.0,23.533854166666668,7.547361111111111
1,6,worm,500.0,137,0.10416666666666667,6.263020833333333,1.8169444444444445
1,6,worm,500.0,219,0.041666666666666664,6.911458333333333,1.9951388888888888
1,6,worm,1000.0,42,0.3333333333333333,4.0703125,1.1256944444444446
1,6,worm,1000.0,137,0.4166666666666667,3.7552083333333335,1.0606944444444444
1,5,worm,100.0,219,0.0,23.989583333333332,7.945416666666667
1,5,worm,200.0,42,0.0,21.25,7.2404166666666665
1,5,worm,200.0,137,0.0,20.088541666666668,6.908611111111111
1,5,worm,200.0,219,0.0,21.434895833333332,7.379305555555556
1,5,worm,1000.0,219,0.0,13.122395833333334,4.83125
1,5,worm,3000.0,42,0.08333333333333333,7.940104166666667,2.9883333333333333
1,5,worm,3000.0,137,0.0,7.598958333333333,2.8954166666666667
1,5,worm,3000.0,219,0.0625,8.208333333333334,3.1105555555555555
1,5,worm,500.0,137,0.0,15.544270833333334,5.564166666666667
1,5,worm,500.0,219,0.0,16.768229166666668,6.05
1,5,worm,1000.0,42,0.0,12.973958333333334,4.7252777777777775
1,5,worm,1000.0,137,0.0,11.4296875,4.219027777777778
1,6,worm,10.0,42,0.0,22.822916666666668,7.1090277777777775
1,6,worm,10.0,137,0.0,21.697916666666668,6.832222222222223
1,6,worm,10.0,219,0.0,22.533854166666668,7.093055555555556
1,6,worm,30.0,42,0.0,20.552083333333332,6.367361111111111
1,6,worm,1000.0,219,0.4375,3.8776041666666665,1.1031944444444444
1,6,worm,3000.0,42,0.7916666666666666,1.9244791666666667,0.5283333333333333
1,6,worm,3000.0,137,0.7916666666666666,1.9453125,0.5325
1,6,worm,3000.0,219,0.7916666666666666,1.7421875,0.49680555555555556
1,6,worm,100.0,219,0.0,16.0703125,4.915694444444444
1,6,worm,200.0,42,0.0,11.611979166666666,3.4756944444444446
1,6,worm,200.0,137,0.0,10.96875,3.3204166666666666
1,6,worm,200.0,219,0.0,11.921875,3.571111111111111
1,7,worm,100.0,219,0.0,19.588541666666668,6.312916666666666
1,7,worm,200.0,42,0.0,16.1640625,5.3125
1,7,worm,200.0,137,0.0,15.541666666666666,5.158194444444445
1,7,worm,200.0,219,0.0,16.731770833333332,5.539444444444444
1,7,worm,30.0,137,0.0,20.552083333333332,6.586666666666667
1,7,worm,30.0,219,0.0,22.317708333333332,7.051805555555555
1,7,worm,100.0,42,0.0,18.739583333333332,6.015
1,7,worm,100.0,137,0.0,18.0390625,5.865972222222222
1,7,worm,1000.0,219,0.0,10.6015625,3.825277777777778
1,7,worm,3000.0,42,0.10416666666666667,7.0703125,2.678611111111111
1,7,worm,3000.0,137,0.0,7.1796875,2.7494444444444444
1,7,worm,3000.0,219,0.041666666666666664,8.1015625,3.11375
1,7,worm,10.0,42,0.0,23.109375,7.263055555555556
1,7,worm,10.0,137,0.0,22.263020833333332,7.063611111111111
1,7,worm,10.0,219,0.0,23.020833333333332,7.255972222222222
1,7,worm,30.0,42,0.0,22.078125,6.942638888888889
1,8,worm,10.0,42,0.0,22.6796875,7.066805555555556
1,8,worm,10.0,137,0.0,21.5234375,6.774305555555555
1,8,worm,10.0,219,0.0,22.442708333333332,7.0593055555555555
1,8,worm,30.0,42,0.0,19.908854166666668,6.1786111111111115
1,8,worm,500.0,137,0.22916666666666666,4.677083333333333,1.3319444444444444
1,8,worm,500.0,219,0.125,5.276041666666667,1.492361111111111
1,8,worm,1000.0,42,0.7083333333333334,2.3411458333333335,0.6568055555555555
1,8,worm,1000.0,137,0.7708333333333334,2.2890625,0.6397222222222222
1,7,worm,350.0,42,0.0,14.2421875,4.8213888888888885
1,7,worm,350.0,137,0.0,13.549479166666666,4.582638888888889
1,7,worm,350.0,219,0.0,14.536458333333334,4.957222222222223
1,7,worm,500.0,42,0.0,12.682291666666666,4.377916666666667
1,7,worm,500.0,137,0.0,11.6875,4.060694444444445
1,7,worm,500.0,219,0.0,12.927083333333334,4.495138888888889
1,7,worm,1000.0,42,0.020833333333333332,10.0625,3.616527777777778
1,7,worm,1000.0,137,0.0,9.5703125,3.475138888888889
1,9,worm,10.0,42,0.0,20.794270833333332,6.4425
1,9,worm,10.0,137,0.0,20.203125,6.334583333333334
1,9,worm,10.0,219,0.0,21.1953125,6.607222222222222
1,9,worm,30.0,42,0.0,16.763020833333332,5.1009722222222225
1,8,worm,100.0,219,0.0,15.401041666666666,4.668472222222222
1,8,worm,200.0,42,0.0,10.1171875,3.0141666666666667
1,8,worm,200.0,137,0.0,9.6875,2.922222222222222
1,8,worm,200.0,219,0.0,10.432291666666666,3.1169444444444445
1,8,worm,30.0,137,0.0,18.994791666666668,5.97
1,8,worm,30.0,219,0.0,20.6328125,6.440833333333333
1,8,worm,100.0,42,0.0,14.450520833333334,4.407361111111111
1,8,worm,100.0,137,0.0,13.744791666666666,4.226527777777778
1,9,worm,100.0,219,0.0,9.411458333333334,2.7404166666666665
1,9,worm,200.0,42,0.125,5.299479166666667,1.4731944444444445
1,9,worm,200.0,137,0.14583333333333334,4.963541666666667,1.4106944444444445
1,9,worm,200.0,219,0.08333333333333333,5.690104166666667,1.5834722222222222
1,8,worm,350.0,42,0.020833333333333332,6.940104166666667,1.9922222222222221
1,8,worm,350.0,137,0.0625,6.645833333333333,1.9213888888888888
1,8,worm,350.0,219,0.041666666666666664,7.020833333333333,2.0375
1,8,worm,500.0,42,0.125,5.1484375,1.4495833333333332
1,8,worm,1000.0,219,0.6666666666666666,2.5416666666666665,0.7044444444444444
1,8,worm,3000.0,42,0.9791666666666666,0.9348958333333334,0.26708333333333334
1,8,worm,3000.0,137,0.9791666666666666,0.8776041666666666,0.26666666666666666
1,8,worm,3000.0,219,1.0,0.8958333333333334,0.26819444444444446
1,9,worm,500.0,137,0.8541666666666666,1.8151041666666667,0.5472222222222223
1,9,worm,500.0,219,0.7083333333333334,2.1770833333333335,0.62625
1,9,worm,1000.0,42,0.9791666666666666,0.921875,0.3284722222222222
1,9,worm,1000.0,137,0.9583333333333334,0.9244791666666666,0.31319444444444444
1,9,worm,1000.0,219,0.9583333333333334,1.0833333333333333,0.3497222222222222
1,9,worm,3000.0,42,1.0,0.4140625,0.18069444444444444
1,9,worm,3000.0,137,1.0,0.4453125,0.18208333333333335
1,9,worm,3000.0,219,1.0,0.4869791666666667,0.18625
1,9,worm,30.0,137,0.0,15.869791666666666,4.864583333333333
1,9,worm,30.0,219,0.0,17.739583333333332,5.413888888888889
1,9,worm,100.0,42,0.0,9.395833333333334,2.72375
1,9,worm,100.0,137,0.0,8.703125,2.5548611111111112
1,10,worm,100.0,219,0.0,18.682291666666668,6.1379166666666665
1,10,worm,200.0,42,0.0,15.4921875,5.269722222222223
1,10,worm,200.0,137,0.0,14.625,5.032361111111111
1,10,worm,200.0,219,0.0,15.6875,5.405
1,10,worm,1000.0,219,0.0,11.153645833333334,4.370833333333334
1,10,worm,3000.0,42,0.0625,7.6484375,3.232361111111111
1,10,worm,3000.0,137,0.0,8.166666666666666,3.4793055555555554
1,10,worm,3000.0,219,0.0625,9.005208333333334,3.8105555555555557
1,9,worm,350.0,42,0.4166666666666667,3.1354166666666665,0.8648611111111111
1,9,worm,350.0,137,0.5,2.8619791666666665,0.8231944444444445
1,9,worm,350.0,219,0.4583333333333333,3.1953125,0.89375
1,9,worm,500.0,42,0.7916666666666666,1.9791666666666667,0.575
1,10,worm,10.0,42,0.0,23.091145833333332,7.262222222222222
1,10,worm,10.0,137,0.0,21.78125,6.951527777777778
1,10,worm,10.0,219,0.0,23.0390625,7.282916666666667
1,10,worm,30.0,42,0.0,21.283854166666668,6.759305555555556
1,11,worm,100.0,219,0.0,18.559895833333332,5.885
1,11,worm,200.0,42,0.0,15.028645833333334,4.792083333333333
1,11,worm,200.0,137,0.0,14.005208333333334,4.517361111111111
1,11,worm,200.0,219,0.0,15.377604166666666,4.937083333333334
1,11,worm,350.0,42,0.0,12.7578125,4.10625
1,11,worm,350.0,137,0.0,12.377604166666666,3.9891666666666667
1,11,worm,350.0,219,0.0,13.34375,4.335277777777778
1,11,worm,500.0,42,0.020833333333333332,11.1796875,3.6552777777777776
1,10,worm,30.0,137,0.0,20.416666666666668,6.570416666666667
1,10,worm,30.0,219,0.0,21.817708333333332,6.970555555555555
1,10,worm,100.0,42,0.0,17.981770833333332,5.902083333333334
1,10,worm,100.0,137,0.0,17.453125,5.79125
1,10,worm,350.0,42,0.0,14.348958333333334,5.058888888888889
1,10,worm,350.0,137,0.0,12.8515625,4.557777777777778
1,10,worm,350.0,219,0.0,13.989583333333334,4.995416666666666
1,10,worm,500.0,42,0.0,12.911458333333334,4.668055555555555
1,10,worm,500.0,137,0.0,11.2890625,4.155694444444444
1,10,worm,500.0,219,0.0,12.786458333333334,4.674861111111111
1,10,worm,1000.0,42,0.041666666666666664,9.916666666666666,3.8540277777777776
1,10,worm,1000.0,137,0.0,9.916666666666666,3.891388888888889
1,11,worm,1000.0,219,0.0,8.9609375,2.984861111111111
1,11,worm,3000.0,42,0.1875,5.875,1.9873611111111111
1,11,worm,3000.0,137,0.14583333333333334,5.8046875,1.9955555555555555
1,11,worm,3000.0,219,0.125,6.018229166666667,2.056388888888889
1,11,worm,10.0,42,0.0,23.104166666666668,7.246388888888889
1,11,worm,10.0,137,0.0,22.151041666666668,7.01625
1,11,worm,10.0,219,0.0,23.018229166666668,7.236666666666666
1,11,worm,30.0,42,0.0,21.721354166666668,6.805
1,11,worm,30.0,137,0.0,20.604166666666668,6.552777777777778
1,11,worm,30.0,219,0.0,21.9765625,6.936805555555556
1,11,worm,100.0,42,0.0,18.2109375,5.754861111111111
1,11,worm,100.0,137,0.0,17.184895833333332,5.487916666666667
1,11,worm,500.0,137,0.0,10.666666666666666,3.468888888888889
1,11,worm,500.0,219,0.0,11.653645833333334,3.814722222222222
1,11,worm,1000.0,42,0.020833333333333332,8.796875,2.9033333333333333
1,11,worm,1000.0,137,0.020833333333333332,8.111979166666666,2.6847222222222222
1,12,worm,10.0,42,0.0,20.236979166666668,6.210416666666666
1,12,worm,10.0,137,0.0,19.705729166666668,6.112638888888889
1,12,worm,10.0,219,0.0,20.4296875,6.295972222222222
1,12,worm,30.0,42,0.0,15.177083333333334,4.4975
1,12,worm,30.0,137,0.0,14.09375,4.223333333333334
1,12,worm,30.0,219,0.0,14.838541666666666,4.4319444444444445
1,12,worm,100.0,42,0.020833333333333332,6.700520833333333,1.8547222222222222
1,12,worm,100.0,137,0.08333333333333333,6.1953125,1.7933333333333332
1,12,worm,1000.0,219,1.0,0.6119791666666666,0.2808333333333333
1,12,worm,3000.0,42,1.0,0.3046875,0.16361111111111112
1,12,worm,3000.0,137,1.0,0.2552083333333333,0.1540277777777778
1,12,worm,3000.0,219,1.0,0.2682291666666667,0.1609722222222222
1,13,worm,30.0,137,0.0,19.9296875,6.374444444444444
1,13,worm,30.0,219,0.0,21.5625,6.841388888888889
1,13,worm,100.0,42,0.0,17.354166666666668,5.604027777777778
1,13,worm,100.0,137,0.0,16.588541666666668,5.406666666666666
1,12,worm,500.0,137,1.0,1.03125,0.41347222222222224
1,12,worm,500.0,219,0.875,1.3020833333333333,0.46847222222222223
1,12,worm,1000.0,42,1.0,0.5286458333333334,0.2722222222222222
1,12,worm,1000.0,137,1.0,0.6171875,0.25958333333333333
1,12,worm,100.0,219,0.020833333333333332,6.890625,1.9430555555555555
1,12,worm,200.0,42,0.5,3.2552083333333335,0.9384722222222223
1,12,worm,200.0,137,0.5208333333333334,3.0729166666666665,0.9359722222222222
1,12,worm,200.0,219,0.5,3.2890625,0.975
1,12,worm,350.0,42,0.9166666666666666,1.7630208333333333,0.5886111111111111
1,12,worm,350.0,137,0.8541666666666666,1.5755208333333333,0.5568055555555556
1,12,worm,350.0,219,0.7916666666666666,1.96875,0.6233333333333333
1,12,worm,500.0,42,0.9791666666666666,1.2083333333333333,0.4486111111111111
1,13,worm,10.0,42,0.0,23.03125,7.232638888888889
1,13,worm,10.0,137,0.0,22.059895833333332,7.00375
1,13,worm,10.0,219,0.0,22.864583333333332,7.20875
1,13,worm,30.0,42,0.0,21.065104166666668,6.645416666666667
1,13,worm,1000.0,219,0.0,9.380208333333334,3.3325
1,13,worm,3000.0,42,0.14583333333333334,6.578125,2.4184722222222224
1,13,worm,3000.0,137,0.0,6.513020833333333,2.413472222222222
1,13,worm,3000.0,219,0.0625,6.9609375,2.585
1,13,worm,100.0,219,0.0,17.927083333333332,5.796111111111111
1,13,worm,200.0,42,0.0,15.182291666666666,4.985416666666667
1,13,worm,200.0,137,0.0,14.760416666666666,4.884444444444444
1,13,worm,200.0,219,0.0,15.15625,5.0159722222222225
1,13,worm,500.0,137,0.0,10.3984375,3.597916666666667
1,13,worm,500.0,219,0.0,11.669270833333334,4.023888888888889
1,13,worm,1000.0,42,0.020833333333333332,9.177083333333334,3.2286111111111113
1,13,worm,1000.0,137,0.020833333333333332,8.8046875,3.1433333333333335
1,13,worm,350.0,42,0.020833333333333332,12.59375,4.265
1,13,worm,350.0,137,0.0,12.125,4.114722222222222
1,13,worm,350.0,219,0.0,13.140625,4.477916666666666
1,13,worm,500.0,42,0.0,11.322916666666666,3.8766666666666665
1,14,worm,30.0,137,0.0,20.075520833333332,6.368888888888889
1,14,worm,30.0,219,0.0,21.325520833333332,6.720277777777778
1,14,worm,100.0,42,0.0,16.96875,5.328055555555555
1,14,worm,100.0,137,0.0,16.302083333333332,5.158055555555555
1,14,worm,100.0,219,0.0,17.083333333333332,5.382777777777778
1,14,worm,200.0,42,0.0,13.7109375,4.329166666666667
1,14,worm,200.0,137,0.0,12.575520833333334,3.9955555555555557
1,14,worm,200.0,219,0.0,14.213541666666666,4.504444444444444
1,14,worm,10.0,42,0.0,22.958333333333332,7.190277777777778
1,14,worm,10.0,137,0.0,22.005208333333332,6.955
1,14,worm,10.0,219,0.0,22.6796875,7.1248611111111115
1,14,worm,30.0,42,0.0,20.994791666666668,6.577222222222222
1,14,worm,350.0,42,0.0,11.309895833333334,3.579861111111111
1,14,worm,350.0,137,0.041666666666666664,10.666666666666666,3.379861111111111
1,14,worm,350.0,219,0.0,11.497395833333334,3.674027777777778
1,14,worm,500.0,42,0.0625,9.643229166666666,3.066527777777778
1,14,worm,500.0,137,0.041666666666666664,9.1640625,2.9243055555555557
1,14,worm,500.0,219,0.0,9.890625,3.171527777777778
1,14,worm,1000.0,42,0.125,7.203125,2.3202777777777777
1,14,worm,1000.0,137,0.08333333333333333,7.0078125,2.2752777777777777
1,15,worm,500.0,137,0.0,11.958333333333334,4.2276388888888885
1,15,worm,500.0,219,0.0,13.403645833333334,4.75
1,15,worm,1000.0,42,0.020833333333333332,10.9140625,3.9929166666666664
1,15,worm,1000.0,137,0.0,9.6796875,3.6034722222222224
1,14,worm,1000.0,219,0.020833333333333332,7.447916666666667,2.4279166666666665
1,14,worm,3000.0,42,0.2708333333333333,5.033854166666667,1.6601388888888888
1,14,worm,3000.0,137,0.25,5.109375,1.6997222222222221
1,14,worm,3000.0,219,0.125,5.359375,1.7858333333333334
1,16,worm,30.0,137,0.0,18.177083333333332,5.709305555555556
1,16,worm,30.0,219,0.0,19.338541666666668,6.044722222222222
1,16,worm,100.0,42,0.0,13.309895833333334,4.070972222222222
1,16,worm,100.0,137,0.0,12.0625,3.723611111111111
1,15,worm,10.0,42,0.0,23.0625,7.2444444444444445
1,15,worm,10.0,137,0.0,22.106770833333332,7.024166666666667
1,15,worm,10.0,219,0.0,22.809895833333332,7.201944444444444
1,15,worm,30.0,42,0.0,21.1875,6.685
1,15,worm,30.0,137,0.0,19.994791666666668,6.417083333333333
1,15,worm,30.0,219,0.0,21.8515625,6.933055555555556
1,15,worm,100.0,42,0.0,18.03125,5.836944444444445
1,15,worm,100.0,137,0.0,17.205729166666668,5.630416666666667
1,15,worm,350.0,42,0.0,13.8984375,4.789305555555556
1,15,worm,350.0,137,0.0,13.296875,4.585833333333333
1,15,worm,350.0,219,0.0,14.291666666666666,4.973194444444444
1,15,worm,500.0,42,0.0,13.2734375,4.634444444444444
1,15,worm,100.0,219,0.0,18.755208333333332,6.087083333333333
1,15,worm,200.0,42,0.0,15.888020833333334,5.256666666666667
1,15,worm,200.0,137,0.0,15.5234375,5.201388888888889
1,15,worm,200.0,219,0.0,16.325520833333332,5.470694444444445
1,16,worm,350.0,42,0.0625,6.645833333333333,1.93875
1,16,worm,350.0,137,0.14583333333333334,6.020833333333333,1.7927777777777778
1,16,worm,350.0,219,0.041666666666666664,6.9296875,2.03375
1,16,worm,500.0,42,0.25,5.223958333333333,1.48375
1,15,worm,1000.0,219,0.0,11.393229166666666,4.207638888888889
1,15,worm,3000.0,42,0.08333333333333333,7.489583333333333,2.9184722222222224
1,15,worm,3000.0,137,0.0,8.044270833333334,3.16375
1,15,worm,3000.0,219,0.041666666666666664,8.533854166666666,3.36125
1,16,worm,10.0,42,0.0,22.395833333333332,6.972222222222222
1,16,worm,10.0,137,0.0,20.895833333333332,6.603194444444444
1,16,worm,10.0,219,0.0,22.330729166666668,6.998194444444445
1,16,worm,30.0,42,0.0,19.2265625,5.951388888888889
1,16,worm,1000.0,219,0.4791666666666667,3.3177083333333335,0.9488888888888889
1,16,worm,3000.0,42,0.7708333333333334,1.7682291666666667,0.48569444444444443
1,16,worm,3000.0,137,0.8125,1.8151041666666667,0.5047222222222222
1,16,worm,3000.0,219,0.8125,1.7630208333333333,0.5005555555555555
1,17,worm,30.0,137,0.0,25.955729166666668,8.982222222222223
1,17,worm,30.0,219,0.0,28.427083333333332,9.766527777777778
1,17,worm,100.0,42,0.0,26.744791666666668,10.147916666666667
1,17,worm,100.0,137,0.0,26.190104166666668,9.959027777777777
1,16,worm,100.0,219,0.0,13.403645833333334,4.108055555555556
1,16,worm,200.0,42,0.0,9.40625,2.808611111111111
1,16,worm,200.0,137,0.041666666666666664,8.7265625,2.6268055555555554
1,16,worm,200.0,219,0.0,9.7890625,2.9277777777777776
1,18,worm,10.0,42,0.0,22.825520833333332,7.1175
1,18,worm,10.0,137,0.0,21.731770833333332,6.84625
1,18,worm,10.0,219,0.0,22.536458333333332,7.093194444444444
1,18,worm,30.0,42,0.0,20.466145833333332,6.352222222222222
1,16,worm,500.0,137,0.25,4.716145833333333,1.3870833333333332
1,16,worm,500.0,219,0.20833333333333334,5.1796875,1.5179166666666666
1,16,worm,1000.0,42,0.4583333333333333,3.3255208333333335,0.9286111111111112
1,16,worm,1000.0,137,0.5833333333333334,3.1145833333333335,0.8920833333333333
1,17,worm,10.0,42,0.0,25.395833333333332,8.241805555555555
1,17,worm,10.0,137,0.0,24.302083333333332,8.001805555555556
1,17,worm,10.0,219,0.0,26.309895833333332,8.547361111111112
1,17,worm,30.0,42,0.0,27.8828125,9.502777777777778
1,17,worm,100.0,219,0.0,26.955729166666668,10.314583333333333
1,17,worm,200.0,42,0.0,23.447916666666668,9.4525
1,17,worm,200.0,137,0.0,22.4765625,9.102777777777778
1,17,worm,200.0,219,0.0,24.380208333333332,9.932361111111112
1,18,worm,30.0,137,0.0,19.234375,6.050833333333333
1,18,worm,30.0,219,0.0,20.950520833333332,6.544722222222222
1,18,worm,100.0,42,0.0,15.286458333333334,4.6681944444444445
1,18,worm,100.0,137,0.0,14.338541666666666,4.433888888888889
1,17,worm,500.0,137,0.0,15.890625,6.830555555555556
1,17,worm,500.0,219,0.0,17.3984375,7.47625
1,17,worm,1000.0,42,0.0,12.841145833333334,5.5725
1,17,worm,1000.0,137,0.0,12.0546875,5.313611111111111
1,17,worm,350.0,42,0.0,19.333333333333332,8.145694444444445
1,17,worm,350.0,137,0.0,17.791666666666668,7.517777777777778
1,17,worm,350.0,219,0.0,19.549479166666668,8.304583333333333
1,17,worm,500.0,42,0.0,17.388020833333332,7.410694444444444
1,18,worm,500.0,137,0.14583333333333334,5.630208333333333,1.5952777777777778
1,18,worm,500.0,219,0.08333333333333333,6.013020833333333,1.7215277777777778
1,18,worm,1000.0,42,0.6458333333333334,2.828125,0.7873611111111111
1,18,worm,1000.0,137,0.625,2.7265625,0.7702777777777777
1,17,worm,1000.0,219,0.0,13.536458333333334,5.948472222222223
1,17,worm,3000.0,42,0.041666666666666664,8.40625,3.6869444444444444
1,17,worm,3000.0,137,0.0,8.513020833333334,3.80375
1,17,worm,3000.0,219,0.041666666666666664,10.0,4.3990277777777775
1,18,worm,100.0,219,0.0,15.966145833333334,4.883333333333334
1,18,worm,200.0,42,0.0,11.294270833333334,3.369861111111111
1,18,worm,200.0,137,0.0,10.5859375,3.1994444444444445
1,18,worm,200.0,219,0.0,11.536458333333334,3.453888888888889
1,18,worm,350.0,42,0.0,8.114583333333334,2.3513888888888888
1,18,worm,350.0,137,0.041666666666666664,7.393229166666667,2.1665277777777776
1,18,worm,350.0,219,0.0,8.145833333333334,2.36625
1,18,worm,500.0,42,0.08333333333333333,5.854166666666667,1.6655555555555555
1,19,worm,10.0,42,0.0,23.028645833333332,7.275277777777778
1,19,worm,10.0,137,0.0,21.6640625,6.943333333333333
1,19,worm,10.0,219,0.0,23.411458333333332,7.413611111111111
1,19,worm,30.0,42,0.0,21.635416666666668,6.912083333333333
1,19,worm,1000.0,219,0.0,12.005208333333334,4.725138888888889
1,19,worm,3000.0,42,0.0625,7.940104166666667,3.2554166666666666
1,19,worm,3000.0,137,0.0,8.526041666666666,3.5404166666666668
1,19,worm,3000.0,219,0.041666666666666664,9.002604166666666,3.730138888888889
1,18,worm,1000.0,219,0.5833333333333334,3.0338541666666665,0.84375
1,18,worm,3000.0,42,0.9791666666666666,1.0416666666666667,0.2991666666666667
1,18,worm,3000.0,137,0.9583333333333334,0.9817708333333334,0.2965277777777778
1,18,worm,3000.0,219,1.0,1.0807291666666667,0.3169444444444444
1,19,worm,350.0,42,0.0,15.020833333333334,5.4504166666666665
1,19,worm,350.0,137,0.0,13.669270833333334,4.974722222222222
1,19,worm,350.0,219,0.0,15.549479166666666,5.659027777777778
1,19,worm,500.0,42,0.0,14.354166666666666,5.310416666666667
1,20,worm,100.0,219,0.0,12.924479166666666,3.861388888888889
1,20,worm,200.0,42,0.020833333333333332,7.932291666666667,2.277083333333333
1,20,worm,200.0,137,0.020833333333333332,7.15625,2.100277777777778
1,20,worm,200.0,219,0.0,7.90625,2.2911111111111113
1,19,worm,500.0,137,0.0,12.184895833333334,4.5825
1,19,worm,500.0,219,0.0,14.359375,5.375555555555556
1,19,worm,1000.0,42,0.020833333333333332,10.6953125,4.166944444444445
1,19,worm,1000.0,137,0.0,10.580729166666666,4.170138888888889
1,19,worm,30.0,137,0.0,20.716145833333332,6.711388888888889
1,19,worm,30.0,219,0.0,22.231770833333332,7.141111111111111
1,19,worm,100.0,42,0.0,19.489583333333332,6.479444444444445
1,19,worm,100.0,137,0.0,18.40625,6.205972222222222
1,19,worm,100.0,219,0.0,19.739583333333332,6.608194444444444
1,19,worm,200.0,42,0.0,17.119791666666668,5.942916666666667
1,19,worm,200.0,137,0.0,15.528645833333334,5.458472222222222
1,19,worm,200.0,219,0.0,17.479166666666668,6.1402777777777775
1,20,worm,30.0,137,0.0,18.145833333333332,5.665277777777778
1,20,worm,30.0,219,0.0,19.4375,6.052083333333333
1,20,worm,100.0,42,0.0,12.377604166666666,3.7116666666666664
1,20,worm,100.0,137,0.0,11.369791666666666,3.4580555555555557
1,20,worm,10.0,42,0.0,22.169270833333332,6.892222222222222
1,20,worm,10.0,137,0.0,21.135416666666668,6.6691666666666665
1,20,worm,10.0,219,0.0,22.169270833333332,6.936388888888889
1,20,worm,30.0,42,0.0,18.869791666666668,5.834444444444444
1,21,worm,10.0,42,0.0,23.348958333333332,7.3348611111111115
1,21,worm,10.0,137,0.0,22.315104166666668,7.081666666666667
1,21,worm,10.0,219,0.0,23.044270833333332,7.279027777777777
1,21,worm,30.0,42,0.0,21.828125,6.910138888888889
1,20,worm,350.0,42,0.22916666666666666,4.4140625,1.2302777777777778
1,20,worm,350.0,137,0.3333333333333333,4.125,1.1715277777777777
1,20,worm,350.0,219,0.1875,4.716145833333333,1.32
1,20,worm,500.0,42,0.5833333333333334,2.8854166666666665,0.7845833333333333
1,21,worm,100.0,219,0.0,19.528645833333332,6.349027777777778
1,21,worm,200.0,42,0.0,16.533854166666668,5.497916666666667
1,21,worm,200.0,137,0.0,15.6875,5.274444444444445
1,21,worm,200.0,219,0.0,17.2109375,5.783333333333333
1,20,worm,1000.0,219,0.9375,1.203125,0.36375
1,20,worm,3000.0,42,1.0,0.3307291666666667,0.15986111111111112
1,20,worm,3000.0,137,1.0,0.3020833333333333,0.15444444444444444
1,20,worm,3000.0,219,1.0,0.3255208333333333,0.15833333333333333
1,20,worm,500.0,137,0.6458333333333334,2.5104166666666665,0.725
1,20,worm,500.0,219,0.5416666666666666,2.9635416666666665,0.8252777777777778
1,20,worm,1000.0,42,0.9791666666666666,1.0234375,0.3347222222222222
1,20,worm,1000.0,137,0.9791666666666666,1.0104166666666667,0.32375
1,21,worm,350.0,42,0.0,14.4921875,5.014861111111111
1,21,worm,350.0,137,0.0,13.510416666666666,4.6802777777777775
1,21,worm,350.0,219,0.0,14.989583333333334,5.209444444444444
1,21,worm,500.0,42,0.0,13.940104166666666,4.8966666666666665
1,21,worm,30.0,137,0.0,20.5625,6.610555555555556
1,21,worm,30.0,219,0.0,22.416666666666668,7.120972222222222
1,21,worm,100.0,42,0.0,18.697916666666668,6.088333333333333
1,21,worm,100.0,137,0.0,18.299479166666668,6.000416666666666
1,22,worm,350.0,42,0.0,10.049479166666666,3.076388888888889
1,22,worm,350.0,137,0.041666666666666664,9.333333333333334,2.8875
1,22,worm,350.0,219,0.0,10.40625,3.1973611111111113
1,22,worm,500.0,42,0.041666666666666664,8.171875,2.4904166666666665
1,22,worm,30.0,137,0.0,19.658854166666668,6.219305555555556
1,22,worm,30.0,219,0.0,20.864583333333332,6.566805555555556
1,22,worm,100.0,42,0.0,16.471354166666668,5.101805555555556
1,22,worm,100.0,137,0.0,15.484375,4.849166666666667
1,21,worm,500.0,137,0.0,12.34375,4.382361111111111
1,21,worm,500.0,219,0.0,13.502604166666666,4.814027777777778
1,21,worm,1000.0,42,0.020833333333333332,11.236979166666666,4.139166666666667
1,21,worm,1000.0,137,0.0,9.825520833333334,3.6804166666666664
1,21,worm,1000.0,219,0.0,11.895833333333334,4.420833333333333
1,21,worm,3000.0,42,0.08333333333333333,7.700520833333333,3.0195833333333333
1,21,worm,3000.0,137,0.0,8.057291666666666,3.196388888888889
1,21,worm,3000.0,219,0.041666666666666664,8.666666666666666,3.4358333333333335
1,22,worm,10.0,42,0.0,22.864583333333332,7.146944444444444
1,22,worm,10.0,137,0.0,21.817708333333332,6.880138888888889
1,22,worm,10.0,219,0.0,22.734375,7.139305555555556
1,22,worm,30.0,42,0.0,20.65625,6.451527777777778
1,23,worm,100.0,219,0.0,22.5,7.3213888888888885
1,23,worm,200.0,42,0.0,19.721354166666668,6.525833333333333
1,23,worm,200.0,137,0.0,18.526041666666668,6.213055555555556
1,23,worm,200.0,219,0.0,20.2890625,6.730138888888889
1,22,worm,100.0,219,0.0,16.401041666666668,5.115138888888889
1,22,worm,200.0,42,0.0,12.533854166666666,3.87625
1,22,worm,200.0,137,0.0,11.9765625,3.716388888888889
1,22,worm,200.0,219,0.0,12.953125,4.00875
1,23,worm,30.0,137,0.0,22.041666666666668,7.090833333333333
1,23,worm,30.0,219,0.0,23.692708333333332,7.551527777777777
1,23,worm,100.0,42,0.0,21.658854166666668,7.017916666666666
1,23,worm,100.0,137,0.0,20.486979166666668,6.715833333333333
1,23,worm,350.0,42,0.0,16.5234375,5.544444444444444
1,23,worm,350.0,137,0.0,16.013020833333332,5.429027777777778
1,23,worm,350.0,219,0.0,17.096354166666668,5.802083333333333
1,23,worm,500.0,42,0.0,14.744791666666666,5.0216666666666665
1,22,worm,1000.0,219,0.08333333333333333,5.981770833333333,1.8288888888888888
1,22,worm,3000.0,42,0.4791666666666667,3.5755208333333335,1.0776388888888888
1,22,worm,3000.0,137,0.3125,3.8229166666666665,1.1669444444444443
1,22,worm,3000.0,219,0.375,3.8203125,1.1719444444444445
1,22,worm,500.0,137,0.08333333333333333,7.7421875,2.390416666666667
1,22,worm,500.0,219,0.0,8.729166666666666,2.6791666666666667
1,22,worm,1000.0,42,0.1875,5.802083333333333,1.7605555555555557
1,22,worm,1000.0,137,0.14583333333333334,5.700520833333333,1.736388888888889
1,23,worm,10.0,42,0.0,23.463541666666668,7.388888888888889
1,23,worm,10.0,137,0.0,22.6796875,7.204861111111111
1,23,worm,10.0,219,0.0,23.247395833333332,7.365972222222222
1,23,worm,30.0,42,0.0,23.044270833333332,7.3341666666666665
1,23,worm,1000.0,219,0.0,11.5625,4.0119444444444445
1,23,worm,3000.0,42,0.10416666666666667,6.9375,2.410277777777778
1,23,worm,3000.0,137,0.0625,6.911458333333333,2.4345833333333333
1,23,worm,3000.0,219,0.125,6.838541666666667,2.408611111111111
1,24,worm,350.0,42,0.0,9.309895833333334,2.7759722222222223
1,24,worm,350.0,137,0.041666666666666664,8.546875,2.5745833333333334
1,24,worm,350.0,219,0.0,9.403645833333334,2.828472222222222
1,24,worm,500.0,42,0.020833333333333332,7.572916666666667,2.2398611111111113
1,24,worm,1000.0,219,0.2916666666666667,4.7265625,1.3743055555555554
1,24,worm,3000.0,42,0.5625,2.6484375,0.73375
1,24,worm,3000.0,137,0.6875,2.625,0.7341666666666666
1,24,worm,3000.0,219,0.6458333333333334,2.4114583333333335,0.6990277777777778
1,23,worm,500.0,137,0.0,14.026041666666666,4.819861111111111
1,23,worm,500.0,219,0.0,15.169270833333334,5.218333333333334
1,23,worm,1000.0,42,0.0,11.0078125,3.788611111111111
1,23,worm,1000.0,137,0.0,10.174479166666666,3.55
1,24,worm,10.0,42,0.0,23.015625,7.179861111111111
1,24,worm,10.0,137,0.0,21.994791666666668,6.930138888888889
1,24,worm,10.0,219,0.0,22.723958333333332,7.147638888888889
1,24,worm,30.0,42,0.0,21.1875,6.576527777777778
1,24,worm,30.0,137,0.0,19.893229166666668,6.259444444444444
1,24,worm,30.0,219,0.0,21.213541666666668,6.644861111111111
1,24,worm,100.0,42,0.0,16.356770833333332,5.023333333333333
1,24,worm,100.0,137,0.0,15.4140625,4.788055555555555
1,24,worm,100.0,219,0.0,17.010416666666668,5.242638888888889
1,24,worm,200.0,42,0.0,12.4453125,3.7845833333333334
1,24,worm,200.0,137,0.0,11.65625,3.573888888888889
1,24,worm,200.0,219,0.0,12.606770833333334,3.8340277777777776
1,25,worm,10.0,42,0.0,25.244791666666668,8.155972222222223
1,25,worm,10.0,137,0.0,24.578125,8.051527777777778
1,25,worm,10.0,219,0.0,25.947916666666668,8.391111111111112
1,25,worm,30.0,42,0.0,28.4765625,9.562222222222223
1,24,worm,500.0,137,0.10416666666666667,6.9296875,2.067361111111111
1,24,worm,500.0,219,0.020833333333333332,7.614583333333333,2.261527777777778
1,24,worm,1000.0,42,0.2916666666666667,4.802083333333333,1.3663888888888889
1,24,worm,1000.0,137,0.3125,4.192708333333333,1.2284722222222222
1,25,worm,500.0,137,0.0,19.674479166666668,8.560277777777777
1,25,worm,500.0,219,0.0,20.8203125,9.143888888888888
1,25,worm,1000.0,42,0.0,16.65625,7.438472222222222
1,25,worm,1000.0,137,0.0,14.34375,6.480555555555555
1,25,worm,30.0,137,0.0,26.604166666666668,9.091111111111111
1,25,worm,30.0,219,0.0,28.395833333333332,9.641388888888889
1,25,worm,100.0,42,0.0,29.9296875,11.170555555555556
1,25,worm,100.0,137,0.0,28.802083333333332,10.774027777777778
1,25,worm,100.0,219,0.0,31.427083333333332,11.731111111111112
1,25,worm,200.0,42,0.0,27.322916666666668,10.999027777777778
1,25,worm,200.0,137,0.0,27.356770833333332,11.010277777777778
1,25,worm,200.0,219,0.0,28.666666666666668,11.59125
1,25,worm,350.0,42,0.0,23.1328125,9.754166666666666
1,25,worm,350.0,137,0.0,22.578125,9.606666666666667
1,25,worm,350.0,219,0.0,24.28125,10.37
1,25,worm,500.0,42,0.0,21.666666666666668,9.415833333333333
1,26,worm,30.0,137,0.0,19.161458333333332,6.295
1,26,worm,30.0,219,0.0,21.028645833333332,6.8365277777777775
1,26,worm,100.0,42,0.0,15.6953125,5.30875
1,26,worm,100.0,137,0.0,15.221354166666666,5.176388888888889
1,26,worm,1000.0,219,0.08333333333333333,7.026041666666667,2.5055555555555555
1,26,worm,3000.0,42,0.22916666666666666,5.184895833333333,1.8418055555555555
1,26,worm,3000.0,137,0.125,5.315104166666667,1.9106944444444445
1,26,worm,3000.0,219,0.125,5.557291666666667,1.9872222222222222
1,26,worm,10.0,42,0.0,22.341145833333332,7.087777777777778
1,26,worm,10.0,137,0.0,21.002604166666668,6.7555555555555555
1,26,worm,10.0,219,0.0,22.872395833333332,7.274583333333333
1,26,worm,30.0,42,0.0,19.96875,6.4776388888888885
1,25,worm,1000.0,219,0.0,16.578125,7.474166666666667
1,25,worm,3000.0,42,0.041666666666666664,10.002604166666666,4.580694444444444
1,25,worm,3000.0,137,0.0,10.0546875,4.685972222222222
1,25,worm,3000.0,219,0.041666666666666664,10.815104166666666,4.971527777777778
1,27,worm,30.0,137,0.0,19.09375,6.098194444444444
1,27,worm,30.0,219,0.0,20.557291666666668,6.522777777777778
1,27,worm,100.0,42,0.0,15.833333333333334,5.155277777777778
1,27,worm,100.0,137,0.0,15.1640625,4.969027777777778
1,26,worm,100.0,219,0.0,16.2421875,5.5225
1,26,worm,200.0,42,0.0,12.822916666666666,4.430416666666667
1,26,worm,200.0,137,0.0,11.825520833333334,4.115138888888889
1,26,worm,200.0,219,0.0,13.252604166666666,4.611944444444444
1,26,worm,350.0,42,0.0,10.807291666666666,3.747638888888889
1,26,worm,350.0,137,0.0,9.6796875,3.411388888888889
1,26,worm,350.0,219,0.0,10.916666666666666,3.846111111111111
1,26,worm,500.0,42,0.041666666666666664,8.9453125,3.129722222222222
1,27,worm,1000.0,219,0.0,9.690104166666666,3.6443055555555555
1,27,worm,3000.0,42,0.08333333333333333,6.9453125,2.745416666666667
1,27,worm,3000.0,137,0.041666666666666664,7.231770833333333,2.890833333333333
1,27,worm,3000.0,219,0.0625,8.046875,3.1983333333333333
1,26,worm,500.0,137,0.020833333333333332,8.6328125,3.0634722222222224
1,26,worm,500.0,219,0.0,9.296875,3.2831944444444443
1,26,worm,1000.0,42,0.08333333333333333,7.057291666666667,2.4902777777777776
1,26,worm,1000.0,137,0.0625,6.833333333333333,2.445972222222222
1,27,worm,10.0,42,0.0,22.364583333333332,7.030833333333334
1,27,worm,10.0,137,0.0,21.341145833333332,6.784166666666667
1,27,worm,10.0,219,0.0,22.369791666666668,7.064861111111111
1,27,worm,30.0,42,0.0,19.640625,6.229027777777778
1,28,worm,10.0,42,0.0,23.291666666666668,7.301527777777777
1,28,worm,10.0,137,0.0,22.4453125,7.107222222222222
1,28,worm,10.0,219,0.0,23.088541666666668,7.268611111111111
1,28,worm,30.0,42,0.0,22.174479166666668,6.9783333333333335
1,28,worm,350.0,42,0.0,13.359375,4.225138888888889
1,28,worm,350.0,137,0.0,12.106770833333334,3.864027777777778
1,28,worm,350.0,219,0.0,13.671875,4.365138888888889
1,28,worm,500.0,42,0.0,11.25,3.5633333333333335
1,27,worm,100.0,219,0.0,16.533854166666668,5.396388888888889
1,27,worm,200.0,42,0.0,14.075520833333334,4.710138888888889
1,27,worm,200.0,137,0.0,13.7734375,4.630416666666667
1,27,worm,200.0,219,0.0,14.328125,4.833194444444445
1,27,worm,350.0,42,0.0,12.065104166666666,4.163333333333333
1,27,worm,350.0,137,0.0,11.109375,3.8820833333333336
1,27,worm,350.0,219,0.0,12.403645833333334,4.3213888888888885
1,27,worm,500.0,42,0.0,11.653645833333334,4.104305555555555
1,27,worm,500.0,137,0.0,10.598958333333334,3.7730555555555556
1,27,worm,500.0,219,0.0,11.3984375,4.070555555555556
1,27,worm,1000.0,42,0.041666666666666664,9.020833333333334,3.3643055555555557
1,27,worm,1000.0,137,0.0,8.830729166666666,3.330416666666667
1,29,worm,10.0,42,0.0,24.401041666666668,7.795694444444444
1,29,worm,10.0,137,0.0,22.880208333333332,7.420277777777778
1,29,worm,10.0,219,0.0,24.651041666666668,7.9061111111111115
1,29,worm,30.0,42,0.0,25.510416666666668,8.363472222222223
1,28,worm,30.0,137,0.0,21.205729166666668,6.739444444444445
1,28,worm,30.0,219,0.0,22.338541666666668,7.063472222222222
1,28,worm,100.0,42,0.0,19.317708333333332,6.09625
1,28,worm,100.0,137,0.0,18.216145833333332,5.829166666666667
1,28,worm,100.0,219,0.0,19.927083333333332,6.301527777777777
1,28,worm,200.0,42,0.0,16.247395833333332,5.161388888888889
1,28,worm,200.0,137,0.0,15.059895833333334,4.836944444444445
1,28,worm,200.0,219,0.0,16.104166666666668,5.149583333333333
1,29,worm,350.0,42,0.0,21.270833333333332,8.136944444444444
1,29,worm,350.0,137,0.0,20.325520833333332,7.77375
1,29,worm,350.0,219,0.0,21.552083333333332,8.346666666666666
1,29,worm,500.0,42,0.0,18.825520833333332,7.337777777777778
1,28,worm,500.0,137,0.041666666666666664,10.674479166666666,3.3825
1,28,worm,500.0,219,0.0,11.4296875,3.6631944444444446
1,28,worm,1000.0,42,0.0625,8.223958333333334,2.6018055555555555
1,28,worm,1000.0,137,0.08333333333333333,7.395833333333333,2.3454166666666665
1,28,worm,1000.0,219,0.0,8.078125,2.5681944444444444
1,28,worm,3000.0,42,0.3125,4.9375,1.552361111111111
1,28,worm,3000.0,137,0.25,4.783854166666667,1.5151388888888888
1,28,worm,3000.0,219,0.25,4.885416666666667,1.5683333333333334
1,29,worm,500.0,137,0.0,17.557291666666668,6.848194444444444
1,29,worm,500.0,219,0.0,19.606770833333332,7.7283333333333335
1,29,worm,1000.0,42,0.0,14.966145833333334,5.949861111111111
1,29,worm,1000.0,137,0.0,13.5859375,5.430138888888889
1,29,worm,30.0,137,0.0,24.049479166666668,8.006944444444445
1,29,worm,30.0,219,0.0,25.8984375,8.533472222222223
1,29,worm,100.0,42,0.0,26.3984375,9.221388888888889
1,29,worm,100.0,137,0.0,23.78125,8.421666666666667
1,30,worm,100.0,219,0.0,13.747395833333334,4.2652777777777775
1,30,worm,200.0,42,0.0,10.135416666666666,3.116527777777778
1,30,worm,200.0,137,0.041666666666666664,9.401041666666666,2.9093055555555556
1,30,worm,200.0,219,0.0,10.46875,3.2275
1,29,worm,100.0,219,0.0,26.614583333333332,9.384166666666667
1,29,worm,200.0,42,0.0,23.421875,8.623888888888889
1,29,worm,200.0,137,0.0,23.763020833333332,8.752083333333333
1,29,worm,200.0,219,0.0,24.234375,9.017777777777777
1,30,worm,1000.0,219,0.16666666666666666,5.0078125,1.5795833333333333
1,30,worm,3000.0,42,0.3958333333333333,3.8072916666666665,1.208611111111111
1,30,worm,3000.0,137,0.3541666666666667,3.8333333333333335,1.2272222222222222
1,30,worm,3000.0,219,0.2708333333333333,4.2265625,1.355
1,30,worm,30.0,137,0.0,18.328125,5.764722222222222
1,30,worm,30.0,219,0.0,19.4296875,6.094722222222222
1,30,worm,100.0,42,0.0,13.377604166666666,4.1554166666666665
1,30,worm,100.0,137,0.0,12.640625,3.945972222222222
1,29,worm,1000.0,219,0.0,14.9921875,6.024444444444445
1,29,worm,3000.0,42,0.041666666666666664,8.8515625,3.586527777777778
1,29,worm,3000.0,137,0.0,9.359375,3.82875
1,29,worm,3000.0,219,0.041666666666666664,9.744791666666666,3.9606944444444445
1,30,worm,10.0,42,0.0,22.114583333333332,6.920277777777778
1,30,worm,10.0,137,0.0,21.166666666666668,6.6691666666666665
1,30,worm,10.0,219,0.0,22.213541666666668,6.9686111111111115
1,30,worm,30.0,42,0.0,19.333333333333332,6.016527777777778
1,31,worm,100.0,219,0.0,19.15625,6.137222222222222
1,31,worm,200.0,42,0.0,15.174479166666666,4.914166666666667
1,31,worm,200.0,137,0.0,14.294270833333334,4.669583333333334
1,31,worm,200.0,219,0.0,15.981770833333334,5.212361111111111
1,31,worm,500.0,137,0.0,10.635416666666666,3.517916666666667
1,31,worm,500.0,219,0.0,11.416666666666666,3.7954166666666667
1,31,worm,1000.0,42,0.041666666666666664,8.190104166666666,2.7275
1,31,worm,1000.0,137,0.041666666666666664,7.700520833333333,2.6130555555555555
1,30,worm,350.0,42,0.0625,7.700520833333333,2.3443055555555556
1,30,worm,350.0,137,0.08333333333333333,7.013020833333333,2.17875
1,30,worm,350.0,219,0.020833333333333332,8.059895833333334,2.48
1,30,worm,500.0,42,0.125,6.434895833333333,1.9794444444444443
1,30,worm,500.0,137,0.125,6.192708333333333,1.9122222222222223
1,30,worm,500.0,219,0.041666666666666664,6.606770833333333,2.049027777777778
1,30,worm,1000.0,42,0.2916666666666667,4.877604166666667,1.5126388888888889
1,30,worm,1000.0,137,0.25,5.143229166666667,1.615138888888889
1,31,worm,10.0,42,0.0,23.138020833333332,7.271527777777778
1,31,worm,10.0,137,0.0,22.317708333333332,7.079861111111111
1,31,worm,10.0,219,0.0,22.9609375,7.245833333333334
1,31,worm,30.0,42,0.0,22.028645833333332,6.9309722222222225
1,31,worm,30.0,137,0.0,20.369791666666668,6.525555555555556
1,31,worm,30.0,219,0.0,22.325520833333332,7.0559722222222225
1,31,worm,100.0,42,0.0,18.372395833333332,5.864305555555555
1,31,worm,100.0,137,0.0,17.90625,5.766111111111111
1,32,worm,10.0,42,0.0,22.9765625,7.159166666666667
1,32,worm,10.0,137,0.0,21.7265625,6.844861111111111
1,32,worm,10.0,219,0.0,22.7421875,7.159305555555555
1,32,worm,30.0,42,0.0,20.986979166666668,6.512083333333333
1,31,worm,350.0,42,0.0,13.127604166666666,4.294722222222222
1,31,worm,350.0,137,0.0,12.658854166666666,4.1386111111111115
1,31,worm,350.0,219,0.0,13.002604166666666,4.313472222222222
1,31,worm,500.0,42,0.020833333333333332,10.955729166666666,3.62875
1,32,worm,500.0,137,0.14583333333333334,5.799479166666667,1.6515277777777777
1,32,worm,500.0,219,0.0625,6.046875,1.7409722222222221
1,32,worm,1000.0,42,0.5416666666666666,3.1015625,0.8491666666666666
1,32,worm,1000.0,137,0.5833333333333334,2.8645833333333335,0.8177777777777778
1,31,worm,1000.0,219,0.0,8.7890625,2.9575
1,31,worm,3000.0,42,0.1875,5.5,1.8722222222222222
1,31,worm,3000.0,137,0.14583333333333334,5.401041666666667,1.8633333333333333
1,31,worm,3000.0,219,0.125,5.666666666666667,1.9316666666666666
1,32,worm,1000.0,219,0.5833333333333334,3.1171875,0.8765277777777778
1,32,worm,3000.0,42,0.9583333333333334,1.140625,0.32430555555555557
1,32,worm,3000.0,137,0.9583333333333334,1.1744791666666667,0.34319444444444447
1,32,worm,3000.0,219,0.9583333333333334,1.2265625,0.3566666666666667
1,32,worm,30.0,137,0.0,19.682291666666668,6.203333333333333
1,32,worm,30.0,219,0.0,21.567708333333332,6.7188888888888885
1,32,worm,100.0,42,0.0,16.239583333333332,4.953194444444445
1,32,worm,100.0,137,0.0,15.072916666666666,4.646388888888889
1,32,worm,100.0,219,0.0,16.625,5.10125
1,32,worm,200.0,42,0.0,11.505208333333334,3.450833333333333
1,32,worm,200.0,137,0.0,11.104166666666666,3.363611111111111
1,32,worm,200.0,219,0.0,12.106770833333334,3.6143055555555557
1,32,worm,350.0,42,0.0,8.40625,2.4268055555555557
1,32,worm,350.0,137,0.020833333333333332,7.9140625,2.31875
1,32,worm,350.0,219,0.0,8.463541666666666,2.464583333333333
1,32,worm,500.0,42,0.041666666666666664,5.981770833333333,1.7072222222222222
1,33,worm,500.0,137,0.0,15.955729166666666,5.736527777777778
1,33,worm,500.0,219,0.0,17.408854166666668,6.325972222222222
1,33,worm,1000.0,42,0.0,12.734375,4.574861111111111
1,33,worm,1000.0,137,0.0,11.231770833333334,4.088333333333333
1,34,worm,10.0,42,0.0,22.861979166666668,7.239722222222222
1,34,worm,10.0,137,0.0,21.817708333333332,6.980972222222222
1,34,worm,10.0,219,0.0,23.3671875,7.418055555555555
1,34,worm,30.0,42,0.0,21.7890625,6.993055555555555
1,33,worm,10.0,42,0.0,24.213541666666668,7.714861111111111
1,33,worm,10.0,137,0.0,23.299479166666668,7.522083333333334
1,33,worm,10.0,219,0.0,24.744791666666668,7.889166666666667
1,33,worm,30.0,42,0.0,25.260416666666668,8.225
1,33,worm,30.0,137,0.0,24.0703125,7.945416666666667
1,33,worm,30.0,219,0.0,26.328125,8.573333333333334
1,33,worm,100.0,42,0.0,25.4375,8.664027777777777
1,33,worm,100.0,137,0.0,24.208333333333332,8.355972222222222
1,34,worm,100.0,219,0.0,20.130208333333332,6.841388888888889
1,34,worm,200.0,42,0.0,18.700520833333332,6.648888888888889
1,34,worm,200.0,137,0.0,17.247395833333332,6.173472222222222
1,34,worm,200.0,219,0.0,18.697916666666668,6.707083333333333
1,33,worm,100.0,219,0.0,26.700520833333332,9.164444444444445
1,33,worm,200.0,42,0.0,22.893229166666668,8.05263888888889
1,33,worm,200.0,137,0.0,21.6796875,7.690138888888889
1,33,worm,200.0,219,0.0,23.5078125,8.329027777777778
1,33,worm,350.0,42,0.0,19.953125,7.081388888888889
1,33,worm,350.0,137,0.0,18.731770833333332,6.742916666666667
1,33,worm,350.0,219,0.0,20.020833333333332,7.2243055555555555
1,33,worm,500.0,42,0.0,17.375,6.239444444444445
1,33,worm,1000.0,219,0.0,12.552083333333334,4.538611111111111
1,33,worm,3000.0,42,0.08333333333333333,7.395833333333333,2.6577777777777776
1,33,worm,3000.0,137,0.020833333333333332,7.244791666666667,2.6431944444444446
1,33,worm,3000.0,219,0.08333333333333333,7.3984375,2.692222222222222
1,35,worm,10.0,42,0.0,22.802083333333332,7.1561111111111115
1,35,worm,10.0,137,0.0,22.020833333333332,6.976388888888889
1,35,worm,10.0,219,0.0,22.760416666666668,7.160277777777778
1,35,worm,30.0,42,0.0,20.8828125,6.5633333333333335
1,35,worm,30.0,137,0.0,19.708333333333332,6.2780555555555555
1,35,worm,30.0,219,0.0,21.401041666666668,6.760833333333333
1,35,worm,100.0,42,0.0,17.424479166666668,5.552361111111111
1,35,worm,100.0,137,0.0,16.809895833333332,5.40625
1,34,worm,30.0,137,0.0,20.5625,6.705277777777778
1,34,worm,30.0,219,0.0,22.731770833333332,7.310694444444445
1,34,worm,100.0,42,0.0,19.971354166666668,6.737222222222222
1,34,worm,100.0,137,0.0,19.104166666666668,6.48375
1,34,worm,350.0,42,0.0,17.138020833333332,6.452638888888889
1,34,worm,350.0,137,0.0,16.229166666666668,6.114444444444445
1,34,worm,350.0,219,0.0,17.174479166666668,6.521388888888889
1,34,worm,500.0,42,0.0,15.744791666666666,6.150277777777778
1,35,worm,500.0,137,0.0,11.200520833333334,3.786111111111111
1,35,worm,500.0,219,0.0,12.643229166666666,4.257361111111111
1,35,worm,1000.0,42,0.041666666666666664,9.427083333333334,3.254722222222222
1,35,worm,1000.0,137,0.0,8.833333333333334,3.10125
1,34,worm,1000.0,219,0.0,14.057291666666666,6.003055555555555
1,34,worm,3000.0,42,0.041666666666666664,9.369791666666666,4.350416666666667
1,34,worm,3000.0,137,0.0,9.604166666666666,4.53125
1,34,worm,3000.0,219,0.041666666666666664,10.338541666666666,4.819583333333333
1,34,worm,500.0,137,0.0,14.21875,5.603194444444444
1,34,worm,500.0,219,0.0,16.5234375,6.520555555555555
1,34,worm,1000.0,42,0.0,12.5546875,5.3156944444444445
1,34,worm,1000.0,137,0.0,12.200520833333334,5.212638888888889
1,36,worm,100.0,219,0.0,31.263020833333332,11.585833333333333
1,36,worm,200.0,42,0.0,27.7578125,10.744027777777777
1,36,worm,200.0,137,0.0,27.40625,10.602638888888889
1,36,worm,200.0,219,0.0,28.4375,11.070277777777777
1,35,worm,100.0,219,0.0,17.950520833333332,5.738472222222223
1,35,worm,200.0,42,0.0,15.041666666666666,4.869583333333333
1,35,worm,200.0,137,0.0,14.03125,4.5825
1,35,worm,200.0,219,0.0,16.0078125,5.207777777777777
1,35,worm,350.0,42,0.0,13.486979166666666,4.45
1,35,worm,350.0,137,0.0,12.8828125,4.260416666666667
1,35,worm,350.0,219,0.0,13.5078125,4.518611111111111
1,35,worm,500.0,42,0.020833333333333332,11.927083333333334,4.013888888888889
1,36,worm,350.0,42,0.0,24.1875,9.569861111111111
1,36,worm,350.0,137,0.0,23.588541666666668,9.328611111111112
1,36,worm,350.0,219,0.0,24.489583333333332,9.795694444444445
1,36,worm,500.0,42,0.0,20.763020833333332,8.288611111111111
1,35,worm,1000.0,219,0.020833333333333332,9.763020833333334,3.41625
1,35,worm,3000.0,42,0.14583333333333334,6.78125,2.4454166666666666
1,35,worm,3000.0,137,0.0,6.625,2.4219444444444442
1,35,worm,3000.0,219,0.08333333333333333,6.953125,2.5372222222222223
1,36,worm,10.0,42,0.0,26.09375,8.451527777777779
1,36,worm,10.0,137,0.0,24.890625,8.187777777777777
1,36,worm,10.0,219,0.0,26.466145833333332,8.610694444444444
1,36,worm,30.0,42,0.0,29.197916666666668,9.883888888888889
1,37,worm,10.0,42,0.0,28.484375,9.485
1,37,worm,10.0,137,0.0,27.052083333333332,9.149027777777778
1,37,worm,10.0,219,0.0,28.661458333333332,9.61375
1,37,worm,30.0,42,0.0,33.419270833333336,12.049583333333333
1,36,worm,30.0,137,0.0,27.427083333333332,9.42875
1,36,worm,30.0,219,0.0,29.653645833333332,10.123472222222222
1,36,worm,100.0,42,0.0,30.424479166666668,11.219027777777777
1,36,worm,100.0,137,0.0,29.322916666666668,10.836805555555555
1,37,worm,350.0,42,0.0,25.671875,11.538333333333334
1,37,worm,350.0,137,0.0,23.770833333333332,10.824305555555556
1,37,worm,350.0,219,0.0,25.6484375,11.692916666666667
1,37,worm,500.0,42,0.0,22.4453125,10.246805555555556
1,36,worm,500.0,137,0.0,20.348958333333332,8.139722222222222
1,36,worm,500.0,219,0.0,21.291666666666668,8.615277777777777
1,36,worm,1000.0,42,0.0,16.098958333333332,6.422083333333333
1,36,worm,1000.0,137,0.0,14.598958333333334,5.871388888888889
1,36,worm,1000.0,219,0.0,16.234375,6.53125
1,36,worm,3000.0,42,0.08333333333333333,9.0546875,3.6029166666666668
1,36,worm,3000.0,137,0.0,9.268229166666666,3.721388888888889
1,36,worm,3000.0,219,0.041666666666666664,9.84375,3.952361111111111
1,37,worm,30.0,137,0.0,31.765625,11.555138888888889
1,37,worm,30.0,219,0.0,34.075520833333336,12.356805555555555
1,37,worm,100.0,42,0.0,33.369791666666664,13.840694444444445
1,37,worm,100.0,137,0.0,32.106770833333336,13.351805555555556
1,37,worm,100.0,219,0.0,34.330729166666664,14.278055555555556
1,37,worm,200.0,42,0.0,29.854166666666668,13.130972222222223
1,37,worm,200.0,137,0.0,27.690104166666668,12.292777777777777
1,37,worm,200.0,219,0.0,30.205729166666668,13.366527777777778
1,38,worm,500.0,137,0.0,21.276041666666668,9.055277777777778
1,38,worm,500.0,219,0.0,22.799479166666668,9.758055555555556
1,38,worm,1000.0,42,0.0,17.578125,7.828333333333333
1,38,worm,1000.0,137,0.0,15.247395833333334,6.889444444444444
1,38,worm,350.0,42,0.0,23.903645833333332,9.790277777777778
1,38,worm,350.0,137,0.0,23.9453125,9.858472222222222
1,38,worm,350.0,219,0.0,25.375,10.508611111111112
1,38,worm,500.0,42,0.0,22.434895833333332,9.499583333333334
1,37,worm,500.0,137,0.0,20.377604166666668,9.425833333333333
1,37,worm,500.0,219,0.0,22.153645833333332,10.21513888888889
1,37,worm,1000.0,42,0.0,16.7578125,7.7058333333333335
1,37,worm,1000.0,137,0.0,15.177083333333334,7.065277777777778
1,38,worm,1000.0,219,0.0,17.450520833333332,7.863472222222223
1,38,worm,3000.0,42,0.041666666666666664,10.739583333333334,5.0247222222222225
1,38,worm,3000.0,137,0.0,10.9765625,5.225138888888889
1,38,worm,3000.0,219,0.041666666666666664,11.447916666666666,5.386111111111111
1,38,worm,10.0,42,0.0,24.682291666666668,7.886527777777777
1,38,worm,10.0,137,0.0,23.796875,7.701944444444444
1,38,worm,10.0,219,0.0,24.802083333333332,7.957638888888889
1,38,worm,30.0,42,0.0,26.5859375,8.747083333333334
1,37,worm,1000.0,219,0.0,16.872395833333332,7.805138888888889
1,37,worm,3000.0,42,0.041666666666666664,10.322916666666666,4.732777777777778
1,37,worm,3000.0,137,0.0,10.458333333333334,4.891944444444444
1,37,worm,3000.0,219,0.041666666666666664,11.169270833333334,5.160555555555556
1,38,worm,30.0,137,0.0,25.028645833333332,8.380416666666667
1,38,worm,30.0,219,0.0,27.213541666666668,8.985
1,38,worm,100.0,42,0.0,29.861979166666668,10.635555555555555
1,38,worm,100.0,137,0.0,27.203125,9.777916666666666
1,38,worm,100.0,219,0.0,29.8984375,10.711527777777778
1,38,worm,200.0,42,0.0,28.0390625,10.788472222222222
1,38,worm,200.0,137,0.0,26.856770833333332,10.360972222222221
1,38,worm,200.0,219,0.0,28.424479166666668,11.004861111111111
1,39,worm,500.0,137,0.0,11.223958333333334,4.125277777777778
1,39,worm,500.0,219,0.0,13.096354166666666,4.77125
1,39,worm,1000.0,42,0.020833333333333332,10.619791666666666,4.072916666666667
1,39,worm,1000.0,137,0.0,10.2734375,3.9894444444444446
1,39,worm,1000.0,219,0.0,11.731770833333334,4.562916666666666
1,39,worm,3000.0,42,0.0625,8.036458333333334,3.339583333333333
1,39,worm,3000.0,137,0.0,8.786458333333334,3.68625
1,39,worm,3000.0,219,0.041666666666666664,9.247395833333334,3.8793055555555553
1,39,worm,10.0,42,0.0,22.213541666666668,6.9880555555555555
1,39,worm,10.0,137,0.0,21.2734375,6.760277777777778
1,39,worm,10.0,219,0.0,22.338541666666668,7.063194444444444
1,39,worm,30.0,42,0.0,19.671875,6.244166666666667
1,39,worm,100.0,219,0.0,17.065104166666668,5.587916666666667
1,39,worm,200.0,42,0.0,15.049479166666666,5.097777777777778
1,39,worm,200.0,137,0.0,14.377604166666666,4.895694444444445
1,39,worm,200.0,219,0.0,15.020833333333334,5.150416666666667
1,40,worm,30.0,137,0.0,21.151041666666668,6.833611111111111
1,40,worm,30.0,219,0.0,22.833333333333332,7.309444444444445
1,40,worm,100.0,42,0.0,20.072916666666668,6.635833333333333
1,40,worm,100.0,137,0.0,19.395833333333332,6.466666666666667
1,39,worm,30.0,137,0.0,18.981770833333332,6.0818055555555555
1,39,worm,30.0,219,0.0,20.552083333333332,6.532916666666667
1,39,worm,100.0,42,0.0,16.268229166666668,5.322638888888889
1,39,worm,100.0,137,0.0,15.830729166666666,5.216666666666667
1,39,worm,350.0,42,0.0,14.184895833333334,4.9759722222222225
1,39,worm,350.0,137,0.0,12.630208333333334,4.473472222222222
1,39,worm,350.0,219,0.0,13.921875,4.956666666666667
1,39,worm,500.0,42,0.0,13.0703125,4.730277777777777
1,41,worm,30.0,137,0.0,17.947916666666668,5.601666666666667
1,41,worm,30.0,219,0.0,19.057291666666668,5.940416666666667
1,41,worm,100.0,42,0.0,12.71875,3.8495833333333334
1,41,worm,100.0,137,0.0,11.856770833333334,3.629861111111111
1,40,worm,10.0,42,0.0,23.497395833333332,7.416666666666667
1,40,worm,10.0,137,0.0,22.166666666666668,7.074861111111111
1,40,worm,10.0,219,0.0,23.479166666666668,7.443333333333333
1,40,worm,30.0,42,0.0,22.5,7.1745833333333335
1,40,worm,100.0,219,0.0,21.408854166666668,7.094861111111111
1,40,worm,200.0,42,0.0,18.140625,6.167777777777777
1,40,worm,200.0,137,0.0,16.932291666666668,5.854027777777778
1,40,worm,200.0,219,0.0,18.330729166666668,6.34125
1,40,worm,500.0,137,0.0,12.861979166666666,4.7404166666666665
1,40,worm,500.0,219,0.0,14.6796875,5.38875
1,40,worm,1000.0,42,0.020833333333333332,11.611979166666666,4.439583333333333
1,40,worm,1000.0,137,0.0,10.763020833333334,4.164444444444444
1,40,worm,350.0,42,0.0,16.5078125,5.869305555555556
1,40,worm,350.0,137,0.0,15.549479166666666,5.536666666666667
1,40,worm,350.0,219,0.0,16.166666666666668,5.800416666666667
1,40,worm,500.0,42,0.0,14.583333333333334,5.311111111111111
1,40,worm,1000.0,219,0.0,12.700520833333334,4.925277777777778
1,40,worm,3000.0,42,0.0625,7.78125,3.158888888888889
1,40,worm,3000.0,137,0.0,8.533854166666666,3.4904166666666665
1,40,worm,3000.0,219,0.041666666666666664,9.200520833333334,3.7604166666666665
1,41,worm,350.0,42,0.08333333333333333,5.950520833333333,1.6958333333333333
1,41,worm,350.0,137,0.14583333333333334,5.565104166666667,1.5931944444444444
1,41,worm,350.0,219,0.0625,6.171875,1.7673611111111112
1,41,worm,500.0,42,0.3125,4.416666666666667,1.2295833333333333
1,41,worm,500.0,137,0.3333333333333333,3.9661458333333335,1.1254166666666667
1,41,worm,500.0,219,0.2708333333333333,4.4296875,1.256388888888889
1,41,worm,1000.0,42,0.7083333333333334,2.3515625,0.6490277777777778
1,41,worm,1000.0,137,0.8125,2.3333333333333335,0.6404166666666666
1,41,worm,10.0,42,0.0,21.994791666666668,6.837916666666667
1,41,worm,10.0,137,0.0,20.822916666666668,6.571527777777778
1,41,worm,10.0,219,0.0,22.296875,6.9575
1,41,worm,30.0,42,0.0,18.861979166666668,5.82
1,41,worm,1000.0,219,0.6666666666666666,2.6640625,0.7255555555555555
1,41,worm,3000.0,42,0.9583333333333334,1.1614583333333333,0.3194444444444444
1,41,worm,3000.0,137,0.9375,1.2005208333333333,0.3304166666666667
1,41,worm,3000.0,219,0.9375,1.1640625,0.33069444444444446
1,41,worm,100.0,219,0.0,13.315104166666666,4.0125
1,41,worm,200.0,42,0.0,8.815104166666666,2.5855555555555556
1,41,worm,200.0,137,0.020833333333333332,7.989583333333333,2.3890277777777778
1,41,worm,200.0,219,0.0,9.190104166666666,2.698888888888889
1,43,worm,10.0,42,0.0,23.377604166666668,7.370694444444444
1,43,worm,10.0,137,0.0,22.036458333333332,7.030138888888889
1,43,worm,10.0,219,0.0,23.2421875,7.364583333333333
1,43,worm,30.0,42,0.0,22.268229166666668,7.098611111111111
1,43,worm,30.0,137,0.0,21.091145833333332,6.799305555555556
1,43,worm,30.0,219,0.0,22.6953125,7.237916666666667
1,43,worm,100.0,42,0.0,19.755208333333332,6.515138888888889
1,43,worm,100.0,137,0.0,19.09375,6.364861111111111
1,42,worm,10.0,42,0.0,27.549479166666668,9.065416666666666
1,42,worm,10.0,137,0.0,26.286458333333332,8.802222222222222
1,42,worm,10.0,219,0.0,27.838541666666668,9.219444444444445
1,42,worm,30.0,42,0.0,32.994791666666664,11.653888888888888
1,43,worm,100.0,219,0.0,21.028645833333332,6.953611111111111
1,43,worm,200.0,42,0.0,17.934895833333332,6.131388888888889
1,43,worm,200.0,137,0.0,16.731770833333332,5.797638888888889
1,43,worm,200.0,219,0.0,18.515625,6.414583333333334
1,42,worm,30.0,137,0.0,30.385416666666668,10.87625
1,42,worm,30.0,219,0.0,32.723958333333336,11.636944444444444
1,42,worm,100.0,42,0.0,32.572916666666664,13.46625
1,42,worm,100.0,137,0.0,31.598958333333332,13.064027777777778
1,42,worm,100.0,219,0.0,33.96875,14.046527777777778
1,42,worm,200.0,42,0.0,29.080729166666668,12.97236111111111
1,42,worm,200.0,137,0.0,27.588541666666668,12.451527777777779
1,42,worm,200.0,219,0.0,29.588541666666668,13.335833333333333
1,42,worm,500.0,137,0.0,20.083333333333332,9.739305555555555
1,42,worm,500.0,219,0.0,21.572916666666668,10.439444444444444
1,42,worm,1000.0,42,0.0,15.791666666666666,7.801388888888889
1,42,worm,1000.0,137,0.0,14.34375,7.195833333333334
1,42,worm,350.0,42,0.0,25.057291666666668,11.755277777777778
1,42,worm,350.0,137,0.0,23.213541666666668,11.01125
1,42,worm,350.0,219,0.0,23.653645833333332,11.226111111111111
1,42,worm,500.0,42,0.0,21.520833333333332,10.335
1,42,worm,1000.0,219,0.0,16.372395833333332,8.081527777777778
1,42,worm,3000.0,42,0.041666666666666664,9.614583333333334,4.8277777777777775
1,42,worm,3000.0,137,0.0,11.403645833333334,5.733194444444444
1,42,worm,3000.0,219,0.041666666666666664,10.7734375,5.377222222222223
1,44,worm,10.0,42,0.0,22.697916666666668,7.090972222222222
1,44,worm,10.0,137,0.0,21.807291666666668,6.872222222222222
1,44,worm,10.0,219,0.0,22.611979166666668,7.104305555555555
1,44,worm,30.0,42,0.0,20.333333333333332,6.3525
1,44,worm,30.0,137,0.0,19.7265625,6.231805555555556
1,44,worm,30.0,219,0.0,20.856770833333332,6.559583333333333
1,44,worm,100.0,42,0.0,16.440104166666668,5.096527777777778
1,44,worm,100.0,137,0.0,15.4375,4.837638888888889
1,44,worm,350.0,42,0.0,10.276041666666666,3.186111111111111
1,44,worm,350.0,137,0.041666666666666664,9.721354166666666,3.0194444444444444
1,44,worm,350.0,219,0.0,10.591145833333334,3.283472222222222
1,44,worm,500.0,42,0.041666666666666664,8.541666666666666,2.640416666666667
1,43,worm,350.0,42,0.0,16.5859375,5.974444444444444
1,43,worm,350.0,137,0.0,15.5234375,5.582361111111111
1,43,worm,350.0,219,0.0,16.809895833333332,6.11375
1,43,worm,500.0,42,0.0,15.5078125,5.750555555555556
1,43,worm,500.0,137,0.0,13.940104166666666,5.215972222222222
1,43,worm,500.0,219,0.0,15.658854166666666,5.869027777777778
1,43,worm,1000.0,42,0.0,12.432291666666666,4.973055555555556
1,43,worm,1000.0,137,0.0,12.088541666666666,4.851388888888889
1,43,worm,1000.0,219,0.0,13.244791666666666,5.340277777777778
1,43,worm,3000.0,42,0.041666666666666664,8.700520833333334,3.839722222222222
1,43,worm,3000.0,137,0.0,8.9375,4.014722222222222
1,43,worm,3000.0,219,0.041666666666666664,10.104166666666666,4.463333333333333
1,44,worm,100.0,219,0.0,16.388020833333332,5.112361111111111
1,44,worm,200.0,42,0.0,12.7734375,3.9808333333333334
1,44,worm,200.0,137,0.0,11.932291666666666,3.7318055555555554
1,44,worm,200.0,219,0.0,13.294270833333334,4.129583333333334
1,45,worm,350.0,42,0.0,17.755208333333332,6.329444444444444
1,45,worm,350.0,137,0.0,16.309895833333332,5.841111111111111
1,45,worm,350.0,219,0.0,17.497395833333332,6.314444444444445
1,45,worm,500.0,42,0.0,15.161458333333334,5.505833333333333
1,45,worm,100.0,219,0.0,22.875,7.751111111111111
1,45,worm,200.0,42,0.0,20.3515625,7.033194444444445
1,45,worm,200.0,137,0.0,18.122395833333332,6.369722222222222
1,45,worm,200.0,219,0.0,20.549479166666668,7.230138888888889
1,44,worm,500.0,137,0.08333333333333333,7.9921875,2.495972222222222
1,44,worm,500.0,219,0.0,9.28125,2.8719444444444444
1,44,worm,1000.0,42,0.16666666666666666,6.197916666666667,1.91875
1,44,worm,1000.0,137,0.125,6.182291666666667,1.9208333333333334
1,46,worm,10.0,42,0.0,23.015625,7.175972222222223
1,46,worm,10.0,137,0.0,21.9140625,6.9075
1,46,worm,10.0,219,0.0,22.705729166666668,7.141944444444444
1,46,worm,30.0,42,0.0,21.2421875,6.5808333333333335
1,44,worm,1000.0,219,0.08333333333333333,6.432291666666667,2.006666666666667
1,44,worm,3000.0,42,0.4166666666666667,4.057291666666667,1.2622222222222221
1,44,worm,3000.0,137,0.3125,4.2109375,1.3284722222222223
1,44,worm,3000.0,219,0.2708333333333333,4.450520833333333,1.4040277777777779
1,45,worm,10.0,42,0.0,23.252604166666668,7.377083333333333
1,45,worm,10.0,137,0.0,22.247395833333332,7.139444444444444
1,45,worm,10.0,219,0.0,24.0546875,7.640694444444445
1,45,worm,30.0,42,0.0,23.2109375,7.483333333333333
1,45,worm,30.0,137,0.0,21.9921875,7.185555555555555
1,45,worm,30.0,219,0.0,23.859375,7.720694444444445
1,45,worm,100.0,42,0.0,21.9375,7.384305555555556
1,45,worm,100.0,137,0.0,21.002604166666668,7.1443055555555555
1,45,worm,500.0,137,0.0,13.955729166666666,5.082361111111111
1,45,worm,500.0,219,0.0,15.932291666666666,5.797638888888889
1,45,worm,1000.0,42,0.0,12.0625,4.396111111111111
1,45,worm,1000.0,137,0.0,10.2109375,3.8044444444444445
1,45,worm,1000.0,219,0.0,12.161458333333334,4.499444444444444
1,45,worm,3000.0,42,0.10416666666666667,7.453125,2.7706944444444446
1,45,worm,3000.0,137,0.0,7.239583333333333,2.7216666666666667
1,45,worm,3000.0,219,0.0625,7.598958333333333,2.84875
1,46,worm,100.0,219,0.0,16.90625,5.197638888888889
1,46,worm,200.0,42,0.0,12.25,3.7195833333333335
1,46,worm,200.0,137,0.0,11.4453125,3.5008333333333335
1,46,worm,200.0,219,0.0,12.315104166666666,3.743333333333333
1,46,worm,500.0,137,0.125,6.611979166666667,1.9552777777777777
1,46,worm,500.0,219,0.041666666666666664,7.3046875,2.1369444444444445
1,46,worm,1000.0,42,0.3125,4.315104166666667,1.2125
1,46,worm,1000.0,137,0.3541666666666667,3.828125,1.1133333333333333
1,46,worm,1000.0,219,0.3125,4.390625,1.2572222222222222
1,46,worm,3000.0,42,0.6875,2.328125,0.6377777777777778
1,46,worm,3000.0,137,0.7291666666666666,2.3255208333333335,0.6356944444444445
1,46,worm,3000.0,219,0.6666666666666666,2.1614583333333335,0.6068055555555556
1,46,worm,30.0,137,0.0,19.861979166666668,6.245138888888889
1,46,worm,30.0,219,0.0,21.1484375,6.625694444444444
1,46,worm,100.0,42,0.0,16.0546875,4.934166666666667
1,46,worm,100.0,137,0.0,15.263020833333334,4.72875
1,46,worm,350.0,42,0.0,9.0,2.665
1,46,worm,350.0,137,0.041666666666666664,8.244791666666666,2.468888888888889
1,46,worm,350.0,219,0.0,9.049479166666666,2.700972222222222
1,46,worm,500.0,42,0.041666666666666664,7.125,2.0794444444444444
1,48,worm,30.0,137,0.0,21.7578125,7.101666666666667
1,48,worm,30.0,219,0.0,23.703125,7.654861111111111
1,48,worm,100.0,42,0.0,21.296875,7.182222222222222
1,48,worm,100.0,137,0.0,20.434895833333332,6.9631944444444445
1,47,worm,10.0,42,0.0,23.028645833333332,7.184444444444445
1,47,worm,10.0,137,0.0,21.934895833333332,6.912083333333333
1,47,worm,10.0,219,0.0,22.783854166666668,7.166666666666667
1,47,worm,30.0,42,0.0,21.330729166666668,6.611666666666666
1,48,worm,100.0,219,0.0,22.005208333333332,7.458333333333333
1,48,worm,200.0,42,0.0,19.486979166666668,6.82875
1,48,worm,200.0,137,0.0,18.143229166666668,6.450833333333334
1,48,worm,200.0,219,0.0,20.125,7.141666666666667
1,48,worm,350.0,42,0.0,16.848958333333332,6.177083333333333
1,48,worm,350.0,137,0.0,15.705729166666666,5.79375
1,48,worm,350.0,219,0.0,17.479166666666668,6.458472222222222
1,48,worm,500.0,42,0.0,15.473958333333334,5.793333333333333
1,47,worm,30.0,137,0.0,19.864583333333332,6.253888888888889
1,47,worm,30.0,219,0.0,21.325520833333332,6.672916666666667
1,47,worm,100.0,42,0.0,16.065104166666668,4.935416666666667
1,47,worm,100.0,137,0.0,15.184895833333334,4.712083333333333
1,47,worm,100.0,219,0.0,16.979166666666668,5.223888888888889
1,47,worm,200.0,42,0.0,12.213541666666666,3.6993055555555556
1,47,worm,200.0,137,0.0,11.3984375,3.4852777777777777
1,47,worm,200.0,219,0.0,12.1953125,3.711527777777778
1,47,worm,350.0,42,0.0,8.861979166666666,2.6283333333333334
1,47,worm,350.0,137,0.041666666666666664,8.192708333333334,2.4525
1,47,worm,350.0,219,0.0,8.932291666666666,2.6693055555555554
1,47,worm,500.0,42,0.0625,7.0390625,2.065
1,47,worm,500.0,137,0.125,6.489583333333333,1.9266666666666667
1,47,worm,500.0,219,0.020833333333333332,7.130208333333333,2.1036111111111113
1,47,worm,1000.0,42,0.3125,4.411458333333333,1.2390277777777778
1,47,worm,1000.0,137,0.3333333333333333,3.9817708333333335,1.1493055555555556
1,47,worm,1000.0,219,0.3125,4.3828125,1.2580555555555555
1,47,worm,3000.0,42,0.6875,2.3098958333333335,0.6377777777777778
1,47,worm,3000.0,137,0.75,2.4427083333333335,0.6747222222222222
1,47,worm,3000.0,219,0.6875,2.2005208333333335,0.6279166666666667
1,48,worm,10.0,42,0.0,23.3671875,7.411527777777778
1,48,worm,10.0,137,0.0,22.223958333333332,7.124722222222222
1,48,worm,10.0,219,0.0,23.796875,7.563194444444444
1,48,worm,30.0,42,0.0,22.981770833333332,7.391111111111111
1,48,worm,500.0,137,0.0,14.036458333333334,5.282916666666667
1,48,worm,500.0,219,0.0,15.578125,5.895277777777777
1,48,worm,1000.0,42,0.020833333333333332,11.705729166666666,4.587083333333333
1,48,worm,1000.0,137,0.0,11.2109375,4.410694444444444
1,49,worm,10.0,42,0.0,21.7421875,6.813472222222222
1,49,worm,10.0,137,0.0,20.630208333333332,6.542083333333333
1,49,worm,10.0,219,0.0,21.729166666666668,6.857638888888889
1,49,worm,30.0,42,0.0,18.5234375,5.838472222222222
1,49,worm,350.0,42,0.0,10.7578125,3.6881944444444446
1,49,worm,350.0,137,0.0,9.869791666666666,3.4370833333333333
1,49,worm,350.0,219,0.0,11.1796875,3.8643055555555557
1,49,worm,500.0,42,0.020833333333333332,10.4296875,3.686111111111111
1,49,worm,100.0,219,0.0,14.625,4.731388888888889
1,49,worm,200.0,42,0.020833333333333332,12.1953125,4.052777777777778
1,49,worm,200.0,137,0.0,11.716145833333334,3.8775
1,49,worm,200.0,219,0.0,12.53125,4.182222222222222
1,48,worm,1000.0,219,0.0,13.2421875,5.213333333333333
1,48,worm,3000.0,42,0.0625,7.78125,3.1566666666666667
1,48,worm,3000.0,137,0.0,8.6015625,3.5101388888888887
1,48,worm,3000.0,219,0.041666666666666664,9.234375,3.772222222222222
1,49,worm,30.0,137,0.0,17.697916666666668,5.648194444444444
1,49,worm,30.0,219,0.0,19.072916666666668,6.022083333333334
1,49,worm,100.0,42,0.0,13.973958333333334,4.4840277777777775
1,49,worm,100.0,137,0.0,13.703125,4.414444444444444
1,49,worm,1000.0,219,0.020833333333333332,9.466145833333334,3.600277777777778
1,49,worm,3000.0,42,0.08333333333333333,7.15625,2.93125
1,49,worm,3000.0,137,0.020833333333333332,7.8828125,3.245972222222222
1,49,worm,3000.0,219,0.0625,8.505208333333334,3.4945833333333334
1,49,worm,500.0,137,0.0,9.713541666666666,3.4558333333333335
1,49,worm,500.0,219,0.0,10.502604166666666,3.738888888888889
1,49,worm,1000.0,42,0.0625,8.859375,3.3408333333333333
1,49,worm,1000.0,137,0.0,8.580729166666666,3.276666666666667
1,1,fly,30.0,137,0.0,1.7717831813576492,1.9270692186088527
1,1,fly,30.0,219,0.0,1.7502532928064845,1.884103997289973
1,1,fly,100.0,42,0.0,1.4722011144883485,1.5516740063233965
1,1,fly,100.0,137,0.0,1.449468085106383,1.5470867208672088
1,1,fly,350.0,42,0.041666666666666664,1.108852583586626,1.1411754742547426
1,1,fly,350.0,137,0.0625,1.102773556231003,1.1474000677506775
1,1,fly,350.0,219,0.020833333333333332,1.1022669706180344,1.1394958220415536
1,1,fly,500.0,42,0.2916666666666667,1.0155141843971631,1.0442496612466126
1,0,fly,10.0,42,0.0,4.645136778115503,4.730578139114725
1,0,fly,10.0,137,0.0,4.428508105369807,4.570347786811201
1,0,fly,10.0,219,0.0,4.6118287740628165,4.70411303071364
1,0,fly,30.0,42,0.0,10.095174772036474,8.677196251129178
1,0,fly,30.0,137,0.0,10.117654508611956,8.736633355916892
1,0,fly,30.0,219,0.0,10.056420972644377,8.672524277326106
1,0,fly,100.0,42,0.0,23.29021023302938,17.592620822041553
1,0,fly,100.0,137,0.0,23.750569908814587,17.91456357271906
1,0,fly,100.0,219,0.0,23.865944782168185,18.010346093044262
1,0,fly,200.0,42,0.0,34.06003039513678,24.877582994579946
1,0,fly,200.0,137,0.0,33.721947821681866,24.639735772357724
1,0,fly,200.0,219,0.0,34.48207953394124,25.21481199186992
1,0,fly,350.0,42,0.0,39.569148936170215,28.52640864950316
1,0,fly,350.0,137,0.0,39.47359422492401,28.481820234869016
1,0,fly,350.0,219,0.0,38.78641084093212,27.97875733965673
1,0,fly,500.0,42,0.0,41.10214032421479,29.486915650406505
1,1,fly,10.0,42,0.0,1.9966438703140834,2.1754319105691056
1,1,fly,10.0,137,0.0,1.9728343465045592,2.171042231255646
1,1,fly,10.0,219,0.0,1.9449721377912867,2.116305329719964
1,1,fly,30.0,42,0.0,1.8109802431610944,1.9506549232158987
1,0,fly,1000.0,219,0.0,41.442439209726444,29.594074638663052
1,0,fly,3000.0,42,0.0,38.81642603850051,27.6269619467028
1,0,fly,3000.0,137,0.0,37.96675531914894,26.99884259259259
1,0,fly,3000.0,219,0.0,38.68914640324215,27.529443315266487
1,0,fly,500.0,137,0.0,41.76950354609929,29.96111393405601
1,0,fly,500.0,219,0.0,40.792996453900706,29.276945009033422
1,0,fly,1000.0,42,0.0,41.20219098277609,29.41406955736224
1,0,fly,1000.0,137,0.0,40.93458713272543,29.21946985094851
1,1,fly,100.0,219,0.0,1.4507978723404253,1.5380956413730804
1,1,fly,200.0,42,0.0,1.2740628166160082,1.3215193089430894
1,1,fly,200.0,137,0.0,1.2534827760891591,1.316014566395664
1,1,fly,200.0,219,0.0,1.2555091185410336,1.30761630532972
1,1,fly,500.0,137,0.4375,1.0140577507598785,1.0496273712737128
1,1,fly,500.0,219,0.4166666666666667,1.0122213779128673,1.0438544489611563
1,1,fly,1000.0,42,0.9791666666666666,0.8778495440729485,0.8955228093947606
1,1,fly,1000.0,137,1.0,0.8782928064842959,0.9011545844625113
1,1,fly,1000.0,219,1.0,0.8743034447821681,0.8946476964769647
1,1,fly,3000.0,42,1.0,0.742274569402229,0.7554482836495031
1,1,fly,3000.0,137,1.0,0.7462006079027356,0.7610659439927733
1,1,fly,3000.0,219,1.0,0.7417046605876395,0.7577207542908763
1,2,fly,10.0,42,0.0,2.057497467071935,2.2449610433604335
1,2,fly,10.0,137,0.0,2.029445288753799,2.23925869467028
1,2,fly,10.0,219,0.0,1.9984802431610944,2.1856368563685638
1,2,fly,30.0,42,0.0,1.9283814589665653,2.0875112917795846
1,2,fly,30.0,137,0.0,1.9007092198581563,2.082599367660343
1,2,fly,30.0,219,0.0,1.8778495440729486,2.0304313459801264
1,2,fly,100.0,42,0.0,1.6719858156028369,1.779175135501355
1,2,fly,100.0,137,0.0,1.653812056737589,1.7811370822041555
1,2,fly,100.0,219,0.0,1.643806990881459,1.7540932700993677
1,2,fly,200.0,42,0.0,1.4801798378926037,1.552224480578139
1,2,fly,200.0,137,0.0,1.4547239108409322,1.5429793360433603
1,2,fly,200.0,219,0.0,1.4599797365754812,1.5396341463414633
1,2,fly,1000.0,219,0.625,0.9976570415400202,1.0178833559168925
1,2,fly,3000.0,42,1.0,0.7926165146909828,0.8013211382113821
1,2,fly,3000.0,137,1.0,0.7907801418439716,0.8061342592592593
1,2,fly,3000.0,219,1.0,0.7888171225937183,0.801123532068654
1,2,fly,350.0,42,0.0,1.3160460992907803,1.3565097109304427
1,2,fly,350.0,137,0.0,1.2931864235055723,1.3522752935862692
1,2,fly,350.0,219,0.0,1.2943895643363728,1.3440040650406504
1,2,fly,500.0,42,0.0,1.204470618034448,1.232003726287263
1,3,fly,10.0,42,0.0,2.763044579533941,3.0283847109304425
1,3,fly,10.0,137,0.0,2.5723150962512666,2.8379770776874436
1,3,fly,10.0,219,0.0,2.5759245187436677,2.819359756097561
1,3,fly,30.0,42,0.0,4.214982269503547,4.267657520325203
1,2,fly,500.0,137,0.0,1.1871833839918946,1.2336269196025293
1,2,fly,500.0,219,0.0,1.1887031408308004,1.2263860659439927
1,2,fly,1000.0,42,0.4791666666666667,1.0014564336372846,1.0196900406504066
1,2,fly,1000.0,137,0.5208333333333334,0.9984802431610942,1.0249689476061428
1,4,fly,10.0,42,0.0,2.2506965552178317,2.489625677506775
1,4,fly,10.0,137,0.0,2.173632218844985,2.4194472673893404
1,4,fly,10.0,219,0.0,2.121897163120567,2.3288166214995485
1,4,fly,30.0,42,0.0,2.545656028368794,2.799514453477868
1,3,fly,30.0,137,0.0,4.110562310030395,4.183928974706414
1,3,fly,30.0,219,0.0,4.149316109422492,4.222956187895212
1,3,fly,100.0,42,0.0,7.879559270516718,6.823918812104788
1,3,fly,100.0,137,0.0,7.887791286727457,6.858005871725384
1,3,fly,100.0,219,0.0,7.81072695035461,6.76122120596206
1,3,fly,200.0,42,0.0,10.201177811550151,8.29736901535682
1,3,fly,200.0,137,0.0,10.069845491388044,8.19873532068654
1,3,fly,200.0,219,0.0,10.14912613981763,8.260360207768745
1,3,fly,350.0,42,0.0,11.573011651469097,9.105803974706413
1,3,fly,350.0,137,0.0,11.671099290780141,9.212003161698284
1,3,fly,350.0,219,0.0,11.850557244174263,9.333587398373984
1,3,fly,500.0,42,0.0,12.517223910840933,9.735024277326106
1,4,fly,30.0,137,0.0,2.435030395136778,2.6916638437217704
1,4,fly,30.0,219,0.0,2.382408814589666,2.6174627371273713
1,4,fly,100.0,42,0.0,4.3528368794326235,4.350129855465221
1,4,fly,100.0,137,0.0,4.218338399189463,4.23828477868112
1,3,fly,500.0,137,0.0,12.441679331306991,9.686257904245709
1,3,fly,500.0,219,0.0,12.282738095238095,9.570150180668474
1,3,fly,1000.0,42,0.0,13.03837386018237,9.987127371273713
1,3,fly,1000.0,137,0.0,13.151722391084093,10.079635275519422
1,3,fly,1000.0,219,0.0,13.286474164133738,10.180386178861788
1,3,fly,3000.0,42,0.0,13.148682877406282,9.987226174345077
1,3,fly,3000.0,137,0.0,13.571745187436676,10.28784157633243
1,3,fly,3000.0,219,0.0,13.676038500506587,10.367363934056007
1,4,fly,350.0,42,0.0,10.979609929078014,8.960746951219512
1,4,fly,350.0,137,0.0,10.872213779128673,8.886432926829269
1,4,fly,350.0,219,0.0,10.844541540020264,8.8715842366757
1,4,fly,500.0,42,0.0,13.997340425531915,10.956710140018068
1,5,fly,30.0,137,0.0,2.139817629179331,2.369946928635953
1,5,fly,30.0,219,0.0,2.122340425531915,2.337384259259259
1,5,fly,100.0,42,0.0,2.8213652482269502,3.033522470641373
1,5,fly,100.0,137,0.0,2.573961499493415,2.774517276422764
1,4,fly,1000.0,219,0.0,22.525519250253296,16.703223803071364
1,4,fly,3000.0,42,0.0,34.542109929078016,24.69677337398374
1,4,fly,3000.0,137,0.0,33.44813829787234,23.934691169828366
1,4,fly,3000.0,219,0.0,35.32465805471124,25.250395212285458
1,5,fly,100.0,219,0.0,2.560980243161094,2.752343044263776
1,5,fly,200.0,42,0.0,3.686106889564337,3.6908310749774165
1,5,fly,200.0,137,0.0,3.409954407294833,3.433138550135501
1,5,fly,200.0,219,0.0,3.589349037487336,3.5930724932249323
1,5,fly,10.0,42,0.0,2.1736955420466058,2.3904415085817523
1,5,fly,10.0,137,0.0,2.1022669706180346,2.3266429539295395
1,5,fly,10.0,219,0.0,2.0801671732522795,2.283226061427281
1,5,fly,30.0,42,0.0,2.219541540020263,2.4578957768744356
1,4,fly,100.0,219,0.0,4.288753799392097,4.290876242095754
1,4,fly,200.0,42,0.0,7.207066869300912,6.42897470641373
1,4,fly,200.0,137,0.0,7.167743161094225,6.392361111111111
1,4,fly,200.0,219,0.0,7.145706686930091,6.354110207768744
1,4,fly,500.0,137,0.0,13.89906281661601,10.887618563685637
1,4,fly,500.0,219,0.0,14.196238601823708,11.114540989159892
1,4,fly,1000.0,42,0.0,22.12272036474164,16.381958559168925
1,4,fly,1000.0,137,0.0,22.194338905775073,16.44016768292683
1,5,fly,350.0,42,0.0,4.759118541033435,4.412954494128274
1,5,fly,350.0,137,0.0,4.708586626139818,4.391570686540199
1,5,fly,350.0,219,0.0,4.75709219858156,4.418769760614273
1,5,fly,500.0,42,0.0,5.831750253292807,5.167174796747967
1,5,fly,500.0,137,0.0,5.582003546099291,4.999336607949413
1,5,fly,500.0,219,0.0,5.743224417426545,5.118874209575429
1,5,fly,1000.0,42,0.0,7.901405775075989,6.542386517615176
1,5,fly,1000.0,137,0.0,7.756522289766971,6.456004403794038
1,6,fly,100.0,219,0.0,1.5593338399189465,1.6670477642276422
1,6,fly,200.0,42,0.0,1.3835486322188448,1.448904697380307
1,6,fly,200.0,137,0.0,1.3583459979736574,1.4457006549232159
1,6,fly,200.0,219,0.0,1.361322188449848,1.4382480803974707
1,6,fly,30.0,137,0.0,1.8568895643363728,2.0299514453477867
1,6,fly,30.0,219,0.0,1.8383991894630192,1.991601738934056
1,6,fly,100.0,42,0.0,1.5864994934143872,1.6846770551038843
1,6,fly,100.0,137,0.0,1.5610435663627154,1.6851146115627822
1,6,fly,10.0,42,0.0,2.0414133738601827,2.2248616757000903
1,6,fly,10.0,137,0.0,2.023049645390071,2.225609756097561
1,6,fly,10.0,219,0.0,1.991578014184397,2.1774220867208673
1,6,fly,30.0,42,0.0,1.8912107396149949,2.0482300135501355
1,5,fly,1000.0,219,0.0,7.449468085106385,6.212214882565492
1,5,fly,3000.0,42,0.0,10.243541033434651,8.026281616982837
1,5,fly,3000.0,137,0.0,10.147606382978724,7.978122177055104
1,5,fly,3000.0,219,0.0,10.290780141843971,8.07150519421861
1,6,fly,350.0,42,0.0,1.2127026342451874,1.2597109304426377
1,6,fly,350.0,137,0.0,1.1963652482269505,1.257861901535682
1,6,fly,350.0,219,0.0,1.1975050658561297,1.2507763098464317
1,6,fly,500.0,42,0.041666666666666664,1.1042299898682877,1.1441536811201445
1,6,fly,1000.0,219,0.875,0.933890577507599,0.9651225158084914
1,6,fly,3000.0,42,1.0,0.7726063829787235,0.7910315040650406
1,6,fly,3000.0,137,1.0,0.7757725430597772,0.7973690153568203
1,6,fly,3000.0,219,1.0,0.7710233029381967,0.7927817299006323
1,6,fly,500.0,137,0.08333333333333333,1.099354103343465,1.1489809168925023
1,6,fly,500.0,219,0.020833333333333332,1.1006838905775076,1.1410343270099368
1,6,fly,1000.0,42,0.8958333333333334,0.9346504559270518,0.9631464543812105
1,6,fly,1000.0,137,0.8541666666666666,0.938386524822695,0.9715023712737128
1,7,fly,10.0,42,0.0,2.1029635258358663,2.310086382113821
1,7,fly,10.0,137,0.0,2.053001519756839,2.2689278455284554
1,7,fly,10.0,219,0.0,2.037044072948328,2.2357300135501355
1,7,fly,30.0,42,0.0,2.0283054711246202,2.2291102077687444
1,7,fly,30.0,137,0.0,1.9605496453900708,2.154118676603433
1,7,fly,30.0,219,0.0,1.9429457953394123,2.1191847335140017
1,7,fly,100.0,42,0.0,1.8332700101317123,2.002808830171635
1,7,fly,100.0,137,0.0,1.781598277608916,1.9528991644083107
1,7,fly,100.0,219,0.0,1.7512664640324216,1.8961579719963866
1,7,fly,200.0,42,0.0,1.6293059777102332,1.770042908762421
1,7,fly,200.0,137,0.0,1.5738981762917934,1.7278963414634145
1,7,fly,200.0,219,0.0,1.542743161094225,1.6700824299909667
1,7,fly,1000.0,219,0.08333333333333333,1.1008738601823707,1.1874153116531165
1,7,fly,3000.0,42,0.8958333333333334,0.8982396149949342,0.9620031616982837
1,7,fly,3000.0,137,0.9583333333333334,0.8836119554204661,0.9483118789521229
1,7,fly,3000.0,219,0.9166666666666666,0.8851950354609929,0.9512053974706414
1,8,fly,30.0,137,0.0,2.2909701114488352,2.531391147244806
1,8,fly,30.0,219,0.0,2.2472137791286726,2.4670562330623307
1,8,fly,100.0,42,0.0,3.4627659574468086,3.624096657633243
1,8,fly,100.0,137,0.0,3.21878166160081,3.39501467931346
1,8,fly,500.0,137,0.0,8.875443262411347,7.430146228545619
1,8,fly,500.0,219,0.0,8.832826747720363,7.363792908762421
1,8,fly,1000.0,42,0.0,12.521909827760892,9.767742208672086
1,8,fly,1000.0,137,0.0,12.552114994934144,9.801956300813009
1,7,fly,350.0,42,0.0,1.4488348530901725,1.5654076332429991
1,7,fly,350.0,137,0.0,1.4089412360688958,1.5421324525745257
1,7,fly,350.0,219,0.0,1.4105243161094225,1.5231058039747065
1,7,fly,500.0,42,0.0,1.318768996960486,1.4300333107497742
1,8,fly,350.0,42,0.0,7.280965045592705,6.364766824751581
1,8,fly,350.0,137,0.0,7.093401722391083,6.2250451671183376
1,8,fly,350.0,219,0.0,7.0873860182370825,6.1993987127371275
1,8,fly,500.0,42,0.0,8.851317122593718,7.40403398825655
1,7,fly,500.0,137,0.0,1.3033181357649444,1.421705623306233
1,7,fly,500.0,219,0.0,1.2905268490374873,1.3906673441734418
1,7,fly,1000.0,42,0.125,1.1190476190476188,1.2114526874435412
1,7,fly,1000.0,137,0.16666666666666666,1.087196048632219,1.1806261291779585
1,8,fly,10.0,42,0.0,2.2279635258358663,2.4494975158084915
1,8,fly,10.0,137,0.0,2.1459599797365754,2.3754234417344176
1,8,fly,10.0,219,0.0,2.1070162107396153,2.3071505194218607
1,8,fly,30.0,42,0.0,2.3915273556231003,2.6381690379403793
1,8,fly,100.0,219,0.0,3.3342831813576495,3.4902890695573623
1,8,fly,200.0,42,0.0,5.04894883485309,4.813685636856369
1,8,fly,200.0,137,0.0,4.946238601823708,4.748941395663957
1,8,fly,200.0,219,0.0,5.023112968591692,4.784072944896115
1,9,fly,10.0,42,0.0,2.109549138804458,2.3127822944896117
1,9,fly,10.0,137,0.0,2.033181357649443,2.2450316169828364
1,9,fly,10.0,219,0.0,2.023049645390071,2.2135134372177054
1,9,fly,30.0,42,0.0,1.9953774062816618,2.1909581074977416
1,9,fly,500.0,137,0.0,1.286030901722391,1.3992067524841916
1,9,fly,500.0,219,0.0,1.2729863221884499,1.3781899277326106
1,9,fly,1000.0,42,0.125,1.1774949341438703,1.2757452574525745
1,9,fly,1000.0,137,0.10416666666666667,1.181484295845998,1.2877851174345076
1,9,fly,1000.0,219,0.0625,1.177178318135765,1.2712708897922314
1,9,fly,3000.0,42,0.2916666666666667,1.2351190476190477,1.3175813008130082
1,9,fly,3000.0,137,0.4583333333333333,1.1669832826747721,1.2348266711833784
1,9,fly,3000.0,219,0.4166666666666667,1.1708459979736574,1.2406701671183378
1,8,fly,1000.0,219,0.0,12.482206180344477,9.78123588527552
1,8,fly,3000.0,42,0.0,18.20326747720365,13.528949299909666
1,8,fly,3000.0,137,0.0,18.338652482269506,13.616587624209576
1,8,fly,3000.0,219,0.0,18.602456940222897,13.819557362240289
1,9,fly,30.0,137,0.0,1.9432624113475176,2.1392982158988256
1,9,fly,30.0,219,0.0,1.9113475177304962,2.085125903342367
1,9,fly,100.0,42,0.0,1.7462006079027355,1.9026507452574526
1,9,fly,100.0,137,0.0,1.7193515704154,1.8785569105691058
1,9,fly,100.0,219,0.0,1.7011144883485307,1.836692637759711
1,9,fly,200.0,42,0.0,1.5849164133738602,1.7165904471544715
1,9,fly,200.0,137,0.0,1.5203267477203646,1.6606537940379404
1,9,fly,200.0,219,0.0,1.5122213779128675,1.6389735772357723
1,9,fly,350.0,42,0.0,1.4250886524822697,1.5388860659439927
1,9,fly,350.0,137,0.0,1.3984929078014183,1.5309253613369467
1,9,fly,350.0,219,0.0,1.375,1.4931967028003614
1,9,fly,500.0,42,0.0,1.3300405268490374,1.4361732158988256
1,10,fly,1000.0,219,0.0,24.021466565349545,17.61010896567299
1,10,fly,3000.0,42,0.0,35.248733535967574,25.105352303523034
1,10,fly,3000.0,137,0.0,35.42635511651469,25.21630815266486
1,10,fly,3000.0,219,0.0,35.16983282674772,25.038222673893404
1,10,fly,10.0,42,0.0,2.254369300911854,2.4876919602529357
1,10,fly,10.0,137,0.0,2.203204154002026,2.4551857497741643
1,10,fly,10.0,219,0.0,2.148049645390071,2.3692270776874436
1,10,fly,30.0,42,0.0,2.6631205673758864,2.9027918925022584
1,10,fly,30.0,137,0.0,2.4780268490374873,2.7341915085817523
1,10,fly,30.0,219,0.0,2.428824721377913,2.6597363369467026
1,10,fly,100.0,42,0.0,4.743414387031408,4.602190605239386
1,10,fly,100.0,137,0.0,4.4968338399189465,4.395099367660343
1,10,fly,100.0,219,0.0,4.592261904761905,4.461255081300813
1,10,fly,200.0,42,0.0,7.8030648429584595,6.734840785907859
1,10,fly,200.0,137,0.0,7.643237082066869,6.635346093044264
1,10,fly,200.0,219,0.0,7.555027862208713,6.528398825654923
1,10,fly,350.0,42,0.0,11.488158561296862,9.185636856368564
1,10,fly,350.0,137,0.0,11.621707193515704,9.28295788166215
1,10,fly,350.0,219,0.0,11.631458966565349,9.24806628274616
1,10,fly,500.0,42,0.0,14.91862968591692,11.4321222899729
1,11,fly,10.0,42,0.0,1.9532674772036476,2.118803635953026
1,11,fly,10.0,137,0.0,1.9243920972644377,2.1082458220415536
1,11,fly,10.0,219,0.0,1.89330040526849,2.0524785456187895
1,11,fly,30.0,42,0.0,1.7306231003039514,1.8505956413730804
1,10,fly,500.0,137,0.0,15.038120567375884,11.562782294489612
1,10,fly,500.0,219,0.0,15.200291286727456,11.667555894308943
1,10,fly,1000.0,42,0.0,23.425975177304963,17.157548554652212
1,10,fly,1000.0,137,0.0,23.840298885511647,17.468693541102077
1,11,fly,30.0,137,0.0,1.7008611955420465,1.8394450090334236
1,11,fly,30.0,219,0.0,1.6940222897669706,1.8138126693766938
1,11,fly,100.0,42,0.0,1.407611448834853,1.4684253613369467
1,11,fly,100.0,137,0.0,1.3849417426545088,1.4648825654923217
1,11,fly,100.0,219,0.0,1.385195035460993,1.4557926829268293
1,11,fly,200.0,42,0.0,1.2092198581560283,1.2428014905149052
1,11,fly,200.0,137,0.0,1.190982776089159,1.2437471770551038
1,11,fly,200.0,219,0.0,1.192692502532928,1.2359981933152664
1,11,fly,350.0,42,0.16666666666666666,1.0497087132725431,1.0757254968383017
1,11,fly,350.0,137,0.20833333333333334,1.0467958459979736,1.0825852529358626
1,11,fly,350.0,219,0.1875,1.0469858156028369,1.076120709123758
1,11,fly,500.0,42,0.75,0.9658054711246201,0.988355352303523
1,11,fly,1000.0,219,1.0,0.8370060790273556,0.8557757452574526
1,11,fly,3000.0,42,1.0,0.7271403242147922,0.7385388437217706
1,11,fly,3000.0,137,1.0,0.7286600810536981,0.7428579494128275
1,11,fly,3000.0,219,1.0,0.7256205673758865,0.7410230352303523
1,11,fly,500.0,137,0.75,0.9655521783181357,0.99511630532972
1,11,fly,500.0,219,0.8125,0.96225937183384,0.9877766485998193
1,11,fly,1000.0,42,1.0,0.8425151975683892,0.8567496612466124
1,11,fly,1000.0,137,1.0,0.8422619047619048,0.8625084688346883
1,12,fly,10.0,42,0.0,2.5732016210739617,2.843651196928636
1,12,fly,10.0,137,0.0,2.4404761904761902,2.7111703929539295
1,12,fly,10.0,219,0.0,2.452317629179331,2.696222899728997
1,12,fly,30.0,42,0.0,3.840742147922999,4.013931233062331
1,12,fly,30.0,137,0.0,3.6381079027355625,3.8373701445347788
1,12,fly,30.0,219,0.0,3.6520390070921986,3.830835027100271
1,12,fly,100.0,42,0.0,7.213019250253293,6.481015695573622
1,12,fly,100.0,137,0.0,7.082256838905775,6.396948396567299
1,12,fly,100.0,219,0.0,7.16153748733536,6.418431007226739
1,12,fly,200.0,42,0.0,9.868477710233028,8.219738030713641
1,12,fly,200.0,137,0.0,9.718401722391084,8.126849028906955
1,12,fly,200.0,219,0.0,9.74056484295846,8.13431571815718
1,12,fly,350.0,42,0.0,11.661347517730496,9.346290650406504
1,12,fly,350.0,137,0.0,11.466818642350555,9.204522357723578
1,12,fly,350.0,219,0.0,11.507408814589667,9.225271002710027
1,12,fly,500.0,42,0.0,12.450481256332319,9.813756210478772
1,12,fly,1000.0,219,0.0,13.02475937183384,10.081696025293587
1,12,fly,3000.0,42,0.0,12.837639311043565,9.806162488708221
1,12,fly,3000.0,137,0.0,12.908497973657546,9.841167005420054
1,12,fly,3000.0,219,0.0,13.26057497467072,10.112903681120144
1,12,fly,500.0,137,0.0,12.386714792299898,9.769520663956639
1,12,fly,500.0,219,0.0,12.453330800405269,9.808392615176151
1,12,fly,1000.0,42,0.0,12.974924012158056,10.028963414634147
1,12,fly,1000.0,137,0.0,13.089982269503546,10.11914238934056
1,13,fly,100.0,219,0.0,1.556800911854103,1.6468495934959348
1,13,fly,200.0,42,0.0,1.3877912867274569,1.4368224932249323
1,13,fly,200.0,137,0.0,1.3678444782168186,1.4337595980126467
1,13,fly,200.0,219,0.0,1.3674645390070923,1.4235969963866306
1,13,fly,350.0,42,0.0,1.2266337386018238,1.254446138211382
1,13,fly,350.0,137,0.0,1.2112462006079028,1.2550389566395663
1,13,fly,350.0,219,0.0,1.2120694022289766,1.2473605465221318
1,13,fly,500.0,42,0.020833333333333332,1.1247467071935155,1.1454240063233965
1,13,fly,30.0,137,0.0,1.830293819655522,1.98876467931346
1,13,fly,30.0,219,0.0,1.8027482269503547,1.9430612014453479
1,13,fly,100.0,42,0.0,1.5750379939209729,1.6585507000903343
1,13,fly,100.0,137,0.0,1.547809017223911,1.6499548328816622
1,13,fly,10.0,42,0.0,2.0110815602836882,2.19409157633243
1,13,fly,10.0,137,0.0,2.000126646403242,2.202518066847335
1,13,fly,10.0,219,0.0,1.9801165146909827,2.1670759936766033
1,13,fly,30.0,42,0.0,1.853406788247214,1.995483288166215
1,13,fly,500.0,137,0.041666666666666664,1.1159447821681865,1.1500254065040652
1,13,fly,500.0,219,0.020833333333333332,1.114614994934144,1.1415565718157181
1,13,fly,1000.0,42,0.8125,0.9487082066869301,0.9610715898825655
1,13,fly,1000.0,137,0.8125,0.9482016210739616,0.9685100496838301
1,13,fly,1000.0,219,0.8333333333333334,0.9448454913880445,0.9604646567299007
1,13,fly,3000.0,42,1.0,0.7691236068895643,0.7768038617886179
1,13,fly,3000.0,137,1.0,0.7704533941236069,0.7824920957542909
1,13,fly,3000.0,219,1.0,0.76709726443769,0.7791469060523939
1,14,fly,350.0,42,0.4583333333333333,0.999936676798379,1.0144111336946702
1,14,fly,350.0,137,0.5625,0.9963272543059777,1.0200570234869015
1,14,fly,350.0,219,0.625,0.9968338399189464,1.0128726287262872
1,14,fly,500.0,42,0.9166666666666666,0.9251519756838906,0.9366248870822041
1,14,fly,500.0,137,0.8541666666666666,0.9260385005065856,0.9433576106594399
1,14,fly,500.0,219,0.9166666666666666,0.9251519756838906,0.936328477868112
1,14,fly,1000.0,42,1.0,0.8136398176291794,0.8178918247515808
1,14,fly,1000.0,137,1.0,0.8123733535967578,0.8230860433604336
1,14,fly,100.0,219,0.0,1.296162613981763,1.347264566395664
1,14,fly,200.0,42,0.020833333333333332,1.1329154002026343,1.1567016711833784
1,14,fly,200.0,137,0.020833333333333332,1.1235435663627154,1.1610066621499548
1,14,fly,200.0,219,0.020833333333333332,1.1221504559270516,1.152904810298103
1,14,fly,10.0,42,0.0,1.887031408308004,2.0417372402890694
1,14,fly,10.0,137,0.0,1.8515070921985817,2.024347899728997
1,14,fly,10.0,219,0.0,1.8335866261398177,1.9792654697380307
1,14,fly,30.0,42,0.0,1.6329154002026343,1.7386094173441735
1,14,fly,30.0,137,0.0,1.611068895643364,1.7370709123757904
1,14,fly,30.0,219,0.0,1.6040400202634248,1.7153342366757
1,14,fly,100.0,42,0.0,1.3172492401215805,1.3611393405600722
1,14,fly,100.0,137,0.0,1.2951494427558259,1.35619918699187
1,15,fly,100.0,219,0.0,1.7907801418439717,1.9443456413730804
1,15,fly,200.0,42,0.0,1.6846504559270514,1.8240317299006323
1,15,fly,200.0,137,0.0,1.6459599797365756,1.7990910117434509
1,15,fly,200.0,219,0.0,1.6212006079027355,1.752978206865402
1,14,fly,1000.0,219,1.0,0.8098404255319149,0.818555216802168
1,14,fly,3000.0,42,1.0,0.7059903748733536,0.7052845528455285
1,14,fly,3000.0,137,1.0,0.703647416413374,0.7096318879855466
1,14,fly,3000.0,219,1.0,0.7049138804457953,0.7085873983739838
1,15,fly,10.0,42,0.0,2.109612462006079,2.3174966124661247
1,15,fly,10.0,137,0.0,2.0555344478216817,2.2712003161698284
1,15,fly,10.0,219,0.0,2.048568895643364,2.251679652213189
1,15,fly,30.0,42,0.0,2.059777102330294,2.2553494805781393
1,15,fly,30.0,137,0.0,1.979229989868288,2.1849028906955734
1,15,fly,30.0,219,0.0,1.9842325227963524,2.158423667570009
1,15,fly,100.0,42,0.0,1.875949848024316,2.0525208897922314
1,15,fly,100.0,137,0.0,1.8359929078014183,2.0143687895212286
1,15,fly,350.0,42,0.0,1.4902482269503547,1.5993958897922314
1,15,fly,350.0,137,0.0,1.4714412360688955,1.5987466124661247
1,15,fly,350.0,219,0.0,1.4579533941236071,1.575146793134598
1,15,fly,500.0,42,0.0,1.3694275582573454,1.4630758807588076
1,15,fly,500.0,137,0.0,1.3507472137791288,1.4659835140018067
1,15,fly,500.0,219,0.0,1.3451747720364742,1.445997064137308
1,15,fly,1000.0,42,0.041666666666666664,1.1360182370820668,1.212694783197832
1,15,fly,1000.0,137,0.020833333333333332,1.1329787234042554,1.2192722448057813
1,16,fly,10.0,42,0.0,2.341881965552178,2.5950626693766936
1,16,fly,10.0,137,0.0,2.2590552178318135,2.5081865401987353
1,16,fly,10.0,219,0.0,2.2228976697061804,2.439179652213189
1,16,fly,30.0,42,0.0,3.0146276595744683,3.2730634598012647
1,16,fly,500.0,137,0.0,16.67508865248227,12.721798780487806
1,16,fly,500.0,219,0.0,16.632852077001015,12.686483739837398
1,16,fly,1000.0,42,0.0,23.427558257345492,17.204183604336045
1,16,fly,1000.0,137,0.0,23.791540020263426,17.471008355916894
1,16,fly,30.0,137,0.0,2.8247847011144884,3.084349593495935
1,16,fly,30.0,219,0.0,2.816489361702127,3.048992208672087
1,16,fly,100.0,42,0.0,5.778242147922999,5.4277749548328815
1,16,fly,100.0,137,0.0,5.618604356636271,5.320898261065944
1,15,fly,1000.0,219,0.041666666666666664,1.121643870314083,1.192891824751581
1,15,fly,3000.0,42,0.9791666666666666,0.8879179331306991,0.9448114272809395
1,15,fly,3000.0,137,0.9375,0.8984929078014184,0.959081413730804
1,15,fly,3000.0,219,0.9583333333333334,0.89798632218845,0.9558209123757905
1,16,fly,100.0,219,0.0,5.817882472137792,5.464642615176151
1,16,fly,200.0,42,0.0,9.290083586626139,7.8170872854561875
1,16,fly,200.0,137,0.0,9.107649442755825,7.699553974706414
1,16,fly,200.0,219,0.0,9.09371833839919,7.669517841011744
1,16,fly,350.0,42,0.0,13.127406281661601,10.355648712737127
1,16,fly,350.0,137,0.0,13.228533434650457,10.429765130984643
1,16,fly,350.0,219,0.0,13.38202887537994,10.525307700993677
1,16,fly,500.0,42,0.0,16.099480749746707,12.299881436314363
1,17,fly,350.0,42,0.0,1.2641843971631206,1.3022385953026197
1,17,fly,350.0,137,0.0,1.2458839918946303,1.299853206865402
1,17,fly,350.0,219,0.0,1.2472771023302938,1.2909609304426377
1,17,fly,500.0,42,0.0,1.1581180344478217,1.1867660343270099
1,16,fly,1000.0,219,0.0,23.846251266464037,17.492378048780488
1,16,fly,3000.0,42,0.0,31.377152988855116,22.482780036133693
1,16,fly,3000.0,137,0.0,31.429711246200608,22.51953477868112
1,16,fly,3000.0,219,0.0,32.806800911854104,23.51122120596206
1,17,fly,1000.0,219,0.7916666666666666,0.967515197568389,0.9922933604336044
1,17,fly,3000.0,42,1.0,0.7855243161094224,0.799486224028907
1,17,fly,3000.0,137,1.0,0.7866008105369807,0.8049062782294489
1,17,fly,3000.0,219,1.0,0.7833080040526849,0.8003613369467028
1,17,fly,10.0,42,0.0,2.0143743667679836,2.196462850045167
1,17,fly,10.0,137,0.0,2.000063323201621,2.2081639566395665
1,17,fly,10.0,219,0.0,1.984739108409321,2.1700118563685638
1,17,fly,30.0,42,0.0,1.8721504559270519,2.0167541779584464
1,17,fly,30.0,137,0.0,1.8427684903748733,2.002808830171635
1,17,fly,30.0,219,0.0,1.8256079027355625,1.9670844625112918
1,17,fly,100.0,42,0.0,1.609612462006079,1.7015018066847336
1,17,fly,100.0,137,0.0,1.580547112462006,1.6885868337850045
1,17,fly,100.0,219,0.0,1.5910587639311042,1.6892361111111112
1,17,fly,200.0,42,0.0,1.4259118541033435,1.4851371951219512
1,17,fly,200.0,137,0.0,1.4050151975683889,1.4811850722673894
1,17,fly,200.0,219,0.0,1.4054584599797364,1.4726880081300813
1,17,fly,500.0,137,0.0,1.1479229989868287,1.1907040424570912
1,17,fly,500.0,219,0.0,1.1450734549138806,1.181712962962963
1,17,fly,1000.0,42,0.7083333333333334,0.971757852077001,0.9935495709123758
1,17,fly,1000.0,137,0.7083333333333334,0.9701747720364743,1.0002258355916893
1,18,fly,10.0,42,0.0,2.1664133738601823,2.38598125564589
1,18,fly,10.0,137,0.0,2.120504052684904,2.3516542457091236
1,18,fly,10.0,219,0.0,2.101950354609929,2.312090672990063
1,18,fly,30.0,42,0.0,2.2341691995947315,2.4725468608852754
1,18,fly,100.0,219,0.0,2.5885258358662617,2.7744184733514
1,18,fly,200.0,42,0.0,3.9521909827760893,3.921239837398374
1,18,fly,200.0,137,0.0,3.7399316109422487,3.741023035230352
1,18,fly,200.0,219,0.0,3.8596757852077004,3.8200513775971094
1,18,fly,30.0,137,0.0,2.162550658561297,2.3936455510388437
1,18,fly,30.0,219,0.0,2.1442502532928067,2.3654161020776874
1,18,fly,100.0,42,0.0,2.832130192502533,3.033494241192412
1,18,fly,100.0,137,0.0,2.623290273556231,2.8295929313459802
1,18,fly,350.0,42,0.0,5.598087639311044,5.080863256549232
1,18,fly,350.0,137,0.0,5.613348530901722,5.114611562782295
1,18,fly,350.0,219,0.0,5.642477203647417,5.111068766937669
1,18,fly,500.0,42,0.0,7.352266970618035,6.2854420731707314
1,18,fly,1000.0,219,0.0,12.095111448834851,9.45726061427281
1,18,fly,3000.0,42,0.0,22.14912613981763,16.226710704607047
1,18,fly,3000.0,137,0.0,23.368161094224927,17.077518066847336
1,18,fly,3000.0,219,0.0,23.033054711246198,16.826078364950316
1,18,fly,500.0,137,0.0,7.379812563323202,6.328181458897922
1,18,fly,500.0,219,0.0,7.421922492401216,6.338781616982836
1,18,fly,1000.0,42,0.0,12.115754812563324,9.48512308039747
1,18,fly,1000.0,137,0.0,11.886271529888552,9.306162488708221
1,19,fly,350.0,42,0.0,7.199341438703141,6.1582119467028
1,19,fly,350.0,137,0.0,7.162867274569403,6.158014340560072
1,19,fly,350.0,219,0.0,7.167109929078014,6.148726851851852
1,19,fly,500.0,42,0.0,8.22226443768997,6.81835761065944
1,19,fly,500.0,137,0.0,7.981889564336373,6.671790311653116
1,19,fly,500.0,219,0.0,7.9570035460992905,6.63061766034327
1,19,fly,1000.0,42,0.0,9.141274062816615,7.330298667570009
1,19,fly,1000.0,137,0.0,9.197505065856129,7.404937330623306
1,19,fly,10.0,42,0.0,2.278242147922999,2.52416440831075
1,19,fly,10.0,137,0.0,2.2031408308004052,2.453520212285456
1,19,fly,10.0,219,0.0,2.161980749746707,2.3780487804878048
1,19,fly,30.0,42,0.0,2.6947188449848025,2.9372459349593494
1,19,fly,30.0,137,0.0,2.5500886524822697,2.8114131662149955
1,19,fly,30.0,219,0.0,2.5001266464032423,2.7415876242095756
1,19,fly,100.0,42,0.0,4.1571681864235055,4.113651761517615
1,19,fly,100.0,137,0.0,4.0429964539007095,4.017234078590786
1,19,fly,100.0,219,0.0,4.198961499493414,4.13013775971093
1,19,fly,200.0,42,0.0,5.791793313069909,5.256379855465221
1,19,fly,200.0,137,0.0,5.747150455927052,5.223605465221319
1,19,fly,200.0,219,0.0,5.700734549138804,5.180372064137308
1,19,fly,1000.0,219,0.0,8.981066362715298,7.236181684733514
1,19,fly,3000.0,42,0.0,10.21580547112462,7.981015695573622
1,19,fly,3000.0,137,0.0,10.15862462006079,7.975793247515808
1,19,fly,3000.0,219,0.0,9.861575481256333,7.724226513098464
1,20,fly,30.0,137,0.0,2.4723277608915906,2.7423357046070462
1,20,fly,30.0,219,0.0,2.4936676798378925,2.7467394986449865
1,20,fly,100.0,42,0.0,4.0471757852077,4.129601400180668
1,20,fly,100.0,137,0.0,3.854483282674772,3.9613821138211383
1,20,fly,10.0,42,0.0,2.2895770010131713,2.528935185185185
1,20,fly,10.0,137,0.0,2.230496453900709,2.480521680216802
1,20,fly,10.0,219,0.0,2.151405775075988,2.36328477868112
1,20,fly,30.0,42,0.0,2.6587512664640323,2.9228065718157183
1,20,fly,100.0,219,0.0,3.9463652482269502,4.033776535682024
1,20,fly,200.0,42,0.0,5.600050658561297,5.254813121047877
1,20,fly,200.0,137,0.0,5.483472644376899,5.210845754290876
1,20,fly,200.0,219,0.0,5.472011144883486,5.150589995483288
1,21,fly,10.0,42,0.0,2.281978216818642,2.5212850045167117
1,21,fly,10.0,137,0.0,2.230369807497467,2.48510896567299
1,21,fly,10.0,219,0.0,2.172112462006079,2.388394873532069
1,21,fly,30.0,42,0.0,2.8292806484295845,3.08545054200542
1,21,fly,30.0,137,0.0,2.6790780141843977,2.9230324074074074
1,21,fly,30.0,219,0.0,2.652355623100304,2.8804765130984644
1,21,fly,100.0,42,0.0,5.076747720364742,4.862127371273712
1,21,fly,100.0,137,0.0,4.94281914893617,4.772879968383017
1,20,fly,350.0,42,0.0,6.815792806484296,6.049655600722674
1,20,fly,350.0,137,0.0,6.77418946301925,6.0469032294489615
1,20,fly,350.0,219,0.0,6.820795339412361,6.047326671183378
1,20,fly,500.0,42,0.0,7.51361448834853,6.464995483288166
1,22,fly,10.0,42,0.0,2.0474924012158056,2.2381295167118336
1,22,fly,10.0,137,0.0,1.9952507598784195,2.205355126467931
1,22,fly,10.0,219,0.0,1.985372340425532,2.167993450767841
1,22,fly,30.0,42,0.0,1.8858282674772038,2.044743676603433
1,20,fly,500.0,137,0.0,7.42040273556231,6.418092253839205
1,20,fly,500.0,219,0.0,7.54008358662614,6.492025180668473
1,20,fly,1000.0,42,0.0,8.451431104356637,6.997995709123758
1,20,fly,1000.0,137,0.0,8.196555217831813,6.8267699864498645
1,20,fly,1000.0,219,0.0,8.29071681864235,6.87768179765131
1,20,fly,3000.0,42,0.0,8.199468085106384,6.615571364046974
1,20,fly,3000.0,137,0.0,8.20934650455927,6.645424006323396
1,20,fly,3000.0,219,0.0,8.207573454913879,6.6500818654019875
1,21,fly,100.0,219,0.0,5.068768996960486,4.871287827461608
1,21,fly,200.0,42,0.0,7.529255319148935,6.581018518518518
1,21,fly,200.0,137,0.0,7.530141843971631,6.600765018066848
1,21,fly,200.0,219,0.0,7.463779128672747,6.539041327913279
1,21,fly,350.0,42,0.0,9.77178318135765,8.056007226738934
1,21,fly,350.0,137,0.0,9.483725937183385,7.842804313459801
1,21,fly,350.0,219,0.0,9.615438196555218,7.939758355916893
1,21,fly,500.0,42,0.0,10.806864235055725,8.664422425474255
1,21,fly,500.0,137,0.0,10.73410587639311,8.637632678410117
1,21,fly,500.0,219,0.0,11.040716818642352,8.834406052393858
1,21,fly,1000.0,42,0.0,12.9305977710233,10.021510840108402
1,21,fly,1000.0,137,0.0,12.758295339412362,9.87576219512195
1,21,fly,1000.0,219,0.0,13.01842705167173,10.090418925022584
1,21,fly,3000.0,42,0.0,14.003736068895643,10.63527551942186
1,21,fly,3000.0,137,0.0,14.150582573454914,10.717197380307136
1,21,fly,3000.0,219,0.0,14.39387031408308,10.918289859981932
1,22,fly,350.0,42,0.0,1.2008611955420465,1.2587934733514001
1,22,fly,350.0,137,0.0,1.1888931104356637,1.2584829494128276
1,22,fly,350.0,219,0.0,1.187436676798379,1.251806684733514
1,22,fly,500.0,42,0.08333333333333333,1.0979609929078016,1.147851738934056
1,22,fly,30.0,137,0.0,1.8600557244174265,2.0343693541102077
1,22,fly,30.0,219,0.0,1.8237715298885513,1.9825259710930443
1,22,fly,100.0,42,0.0,1.5773176291793314,1.694458559168925
1,22,fly,100.0,137,0.0,1.5448961499493414,1.6757706639566397
1,23,fly,350.0,42,0.020833333333333332,1.1107522796352585,1.1427139792231256
1,23,fly,350.0,137,0.0625,1.1065096251266464,1.1500254065040652
1,23,fly,350.0,219,0.020833333333333332,1.1029002026342452,1.1409778681120144
1,23,fly,500.0,42,0.2916666666666667,1.0172872340425532,1.045703477868112
1,22,fly,100.0,219,0.0,1.5344478216818642,1.6497854561878953
1,22,fly,200.0,42,0.0,1.363031914893617,1.4431741192411924
1,22,fly,200.0,137,0.0,1.3394756838905775,1.434959349593496
1,22,fly,200.0,219,0.0,1.3442882472137792,1.4315294715447155
1,22,fly,500.0,137,0.0625,1.0931484295846,1.1533000225835592
1,22,fly,500.0,219,0.0625,1.0938449848024316,1.1453675474254743
1,22,fly,1000.0,42,0.875,0.9388297872340425,0.9791948961156278
1,22,fly,1000.0,137,0.8333333333333334,0.9419326241134751,0.9864639792231256
1,23,fly,10.0,42,0.0,1.976760385005066,2.1485433604336044
1,23,fly,10.0,137,0.0,1.9460486322188448,2.1418670957542907
1,23,fly,10.0,219,0.0,1.9157168186423503,2.077969738030714
1,23,fly,30.0,42,0.0,1.7812183383991895,1.9164690605239385
1,22,fly,1000.0,219,0.8958333333333334,0.9368667679837892,0.9782633242999097
1,22,fly,3000.0,42,1.0,0.7852710233029382,0.8112437895212286
1,22,fly,3000.0,137,1.0,0.7876139817629179,0.8183717253839206
1,22,fly,3000.0,219,1.0,0.7831180344478218,0.8123447380307136
1,23,fly,30.0,137,0.0,1.747530395136778,1.8977105916892503
1,23,fly,30.0,219,0.0,1.7265704154002026,1.851244918699187
1,23,fly,100.0,42,0.0,1.4644756838905775,1.5418783875338753
1,23,fly,100.0,137,0.0,1.442692502532928,1.5387590334236676
1,23,fly,100.0,219,0.0,1.442882472137791,1.5286105465221318
1,23,fly,200.0,42,0.0,1.2742527862208715,1.321237014453478
1,23,fly,200.0,137,0.0,1.254242654508612,1.3160710252935863
1,23,fly,200.0,219,0.0,1.2556357649442755,1.3079409439927732
1,24,fly,30.0,137,0.0,2.0467325227963524,2.2731622628726287
1,24,fly,30.0,219,0.0,2.022796352583587,2.2143462059620598
1,24,fly,100.0,42,0.0,2.239045086119554,2.4480860433604335
1,24,fly,100.0,137,0.0,2.11968085106383,2.339741418247516
1,23,fly,500.0,137,0.4166666666666667,1.0157041540020264,1.0514058265582655
1,23,fly,500.0,219,0.4166666666666667,1.0134878419452888,1.0454070686540198
1,23,fly,1000.0,42,0.9791666666666666,0.8774062816616008,0.8946900406504065
1,23,fly,1000.0,137,1.0,0.8774696048632219,0.9003218157181572
1,23,fly,1000.0,219,1.0,0.8736068895643364,0.8940266485998193
1,23,fly,3000.0,42,1.0,0.7409447821681865,0.7543332204155375
1,23,fly,3000.0,137,1.0,0.7445542046605876,0.7601343721770552
1,23,fly,3000.0,219,1.0,0.7407548125633232,0.7567327235772358
1,24,fly,10.0,42,0.0,2.1261398176291793,2.3342649051490514
1,24,fly,10.0,137,0.0,2.0718085106382977,2.2992321589882567
1,24,fly,10.0,219,0.0,2.034321175278622,2.2244664634146343
1,24,fly,30.0,42,0.0,2.1121453900709217,2.3357046070460705
1,24,fly,100.0,219,0.0,2.100937183383992,2.294207317073171
1,24,fly,200.0,42,0.0,2.805724417426545,2.936864837398374
1,24,fly,200.0,137,0.0,2.545656028368794,2.6907322719060525
1,24,fly,200.0,219,0.0,2.7230876393110433,2.8466011743450768
1,25,fly,10.0,42,0.0,1.9744807497467072,2.143193879855465
1,25,fly,10.0,137,0.0,1.9425025329280647,2.129559056007227
1,25,fly,10.0,219,0.0,1.9159067882472136,2.075654923215899
1,25,fly,30.0,42,0.0,1.8069275582573454,1.936455510388437
1,24,fly,350.0,42,0.0,3.9176165146909825,3.7525265356820237
1,24,fly,350.0,137,0.0,3.6999113475177303,3.5881605691056913
1,24,fly,350.0,219,0.0,3.839222391084093,3.7158141373080396
1,24,fly,500.0,42,0.0,4.865058257345491,4.4281701671183376
1,24,fly,500.0,137,0.0,4.859992401215806,4.43823396567299
1,24,fly,500.0,219,0.0,4.969731509625126,4.545562330623306
1,24,fly,1000.0,42,0.0,8.003166160081053,6.608739837398374
1,24,fly,1000.0,137,0.0,7.956433637284701,6.586565605239386
1,25,fly,500.0,137,0.0625,1.1082193515704153,1.1401733288166216
1,25,fly,500.0,219,0.020833333333333332,1.1050531914893618,1.130490627822945
1,25,fly,1000.0,42,0.875,0.9445288753799392,0.9585591689250226
1,25,fly,1000.0,137,0.8333333333333334,0.9451621073961499,0.9664492999096658
1,24,fly,1000.0,219,0.0,7.880952380952382,6.517205849141825
1,24,fly,3000.0,42,0.0,13.518490374873354,10.301645776874436
1,24,fly,3000.0,137,0.0,13.797429078014185,10.484022131887986
1,24,fly,3000.0,219,0.0,14.008042046605878,10.662234643179765
1,25,fly,30.0,137,0.0,1.7667173252279635,1.9097504516711834
1,25,fly,30.0,219,0.0,1.7624113475177305,1.8855013550135502
1,25,fly,100.0,42,0.0,1.5388171225937182,1.6084857723577235
1,25,fly,100.0,137,0.0,1.5124746707193515,1.598972448057814
1,25,fly,100.0,219,0.0,1.5184270516717326,1.5955002258355917
1,25,fly,200.0,42,0.0,1.365754812563323,1.4052196251129179
1,25,fly,200.0,137,0.0,1.3472644376899696,1.4038363821138211
1,25,fly,200.0,219,0.0,1.3456180344478217,1.3924034552845528
1,25,fly,350.0,42,0.0,1.2147922998986829,1.239597448057814
1,25,fly,350.0,137,0.0,1.1988348530901722,1.239625677506775
1,25,fly,350.0,219,0.0,1.1994047619047619,1.2315379403794038
1,25,fly,500.0,42,0.020833333333333332,1.116388044579534,1.1352614046973803
1,25,fly,1000.0,219,0.8541666666666666,0.9419326241134751,0.9587850045167118
1,25,fly,3000.0,42,1.0,0.7700101317122593,0.7804313459801264
1,25,fly,3000.0,137,1.0,0.7721631205673759,0.7867829719963866
1,25,fly,3000.0,219,1.0,0.7673505572441742,0.7824356368563685
1,26,fly,350.0,42,0.0,10.834853090172238,8.776069896115628
1,26,fly,350.0,137,0.0,10.88804457953394,8.829988143631436
1,26,fly,350.0,219,0.0,10.92857142857143,8.861647470641373
1,26,fly,500.0,42,0.0,11.563069908814589,9.226103771454381
1,26,fly,10.0,42,0.0,2.558320668693009,2.8266288392050587
1,26,fly,10.0,137,0.0,2.4223024316109423,2.6843383017163505
1,26,fly,10.0,219,0.0,2.4526975683890577,2.700711382113821
1,26,fly,30.0,42,0.0,3.7156788247213774,3.9253048780487805
1,26,fly,30.0,137,0.0,3.597707700101317,3.800728319783198
1,26,fly,30.0,219,0.0,3.590868794326241,3.7897329494128273
1,26,fly,100.0,42,0.0,6.801671732522796,6.185199299909666
1,26,fly,100.0,137,0.0,6.857586119554205,6.247671070460704
1,27,fly,10.0,42,0.0,2.9171732522796354,3.2178607723577235
1,27,fly,10.0,137,0.0,2.72581053698075,3.0127314814814814
1,27,fly,10.0,219,0.0,2.7676671732522795,3.033578929539295
1,27,fly,30.0,42,0.0,4.976697061803445,4.976880081300813
1,26,fly,100.0,219,0.0,6.927558257345491,6.290946815718157
1,26,fly,200.0,42,0.0,9.447505065856129,7.972052845528455
1,26,fly,200.0,137,0.0,9.180534447821682,7.785498532068654
1,26,fly,200.0,219,0.0,9.317882472137791,7.85474537037037
1,26,fly,500.0,137,0.0,11.504685916919959,9.173540537488709
1,26,fly,500.0,219,0.0,11.677621580547111,9.283861224028907
1,26,fly,1000.0,42,0.0,12.114045086119555,9.457698170731707
1,26,fly,1000.0,137,0.0,12.047998986828775,9.419362579042456
1,26,fly,1000.0,219,0.0,12.01076494427558,9.370511517615176
1,26,fly,3000.0,42,0.0,11.94756838905775,9.202927393857271
1,26,fly,3000.0,137,0.0,11.672302431610943,9.003740401987352
1,26,fly,3000.0,219,0.0,11.993224417426546,9.251411472448059
1,28,fly,10.0,42,0.0,3.253229483282675,3.5329719963866304
1,28,fly,10.0,137,0.0,3.051355116514691,3.325457317073171
1,28,fly,10.0,219,0.0,3.0470491388044585,3.308195009033424
1,28,fly,30.0,42,0.0,5.336372847011146,5.28834970641373
1,27,fly,30.0,137,0.0,4.833523302938197,4.8539972899729
1,27,fly,30.0,219,0.0,4.933067375886524,4.915396341463414
1,27,fly,100.0,42,0.0,11.758928571428571,9.702052280939476
1,27,fly,100.0,137,0.0,11.646783181357648,9.64821872177055
1,27,fly,100.0,219,0.0,11.724164133738602,9.681077800361336
1,27,fly,200.0,42,0.0,19.124176798378926,14.62816169828365
1,27,fly,200.0,137,0.0,19.163057244174265,14.677083333333334
1,27,fly,200.0,219,0.0,19.11334853090172,14.620737353206865
1,27,fly,350.0,42,0.0,27.339855623100306,20.145169941282745
1,27,fly,350.0,137,0.0,27.2040273556231,20.057164634146343
1,27,fly,350.0,219,0.0,27.24455420466059,20.10694726738934
1,27,fly,500.0,42,0.0,32.59492147922999,23.68037206413731
1,28,fly,350.0,42,0.0,10.659321175278622,8.73365514905149
1,28,fly,350.0,137,0.0,10.513741134751774,8.651154584462512
1,28,fly,350.0,219,0.0,10.460043059777101,8.58816056910569
1,28,fly,500.0,42,0.0,10.345618034447822,8.424147470641373
1,27,fly,500.0,137,0.0,31.931484295846,23.186624887082203
1,27,fly,500.0,219,0.0,32.89627659574469,23.9150434733514
1,27,fly,1000.0,42,0.0,38.22581053698075,27.308420844625115
1,27,fly,1000.0,137,0.0,39.167616514690984,27.98632283197832
1,28,fly,30.0,137,0.0,5.138297872340425,5.125465785907859
1,28,fly,30.0,219,0.0,5.312753292806485,5.27659214092141
1,28,fly,100.0,42,0.0,8.911220871327254,7.775110094850948
1,28,fly,100.0,137,0.0,8.9233789260385,7.803480691056911
1,27,fly,1000.0,219,0.0,37.69604863221885,26.98221544715447
1,27,fly,3000.0,42,0.0,40.45181104356636,28.67889001806685
1,27,fly,3000.0,137,0.0,39.74708713272543,28.1743450767841
1,27,fly,3000.0,219,0.0,42.24556737588652,29.941593270099368
1,28,fly,100.0,219,0.0,8.93040780141844,7.764326445347787
1,28,fly,200.0,42,0.0,10.446491894630194,8.707712285456187
1,28,fly,200.0,137,0.0,10.333523302938197,8.648867999096657
1,28,fly,200.0,219,0.0,10.283054711246201,8.582317073170731
1,29,fly,30.0,137,0.0,7.886398176291794,7.143631436314363
1,29,fly,30.0,219,0.0,7.960612968591692,7.184211269196025
1,29,fly,100.0,42,0.0,19.85214032421479,15.183957204155375
1,29,fly,100.0,137,0.0,19.90754812563323,15.239089317976513
1,28,fly,500.0,137,0.0,10.267350557244173,8.403215334236675
1,28,fly,500.0,219,0.0,10.409511144883485,8.47655544263776
1,28,fly,1000.0,42,0.0,9.289387031408308,7.5593665311653115
1,28,fly,1000.0,137,0.0,8.991704660587638,7.3428607723577235
1,28,fly,1000.0,219,0.0,9.150709219858156,7.459123757904246
1,28,fly,3000.0,42,0.0,7.490311550151976,6.0996499548328815
1,28,fly,3000.0,137,0.0,7.459789766970618,6.111548667570009
1,28,fly,3000.0,219,0.0,7.343148429584599,6.019125451671183
1,29,fly,10.0,42,0.0,3.8115501519756836,4.037262872628726
1,29,fly,10.0,137,0.0,3.666033434650456,3.9010134372177054
1,29,fly,10.0,219,0.0,3.7981256332320164,4.006069331526649
1,29,fly,30.0,42,0.0,8.174328774062817,7.3679144083107495
1,29,fly,1000.0,219,0.0,44.70307750759878,31.69481142728094
1,29,fly,3000.0,42,0.0,46.87949594731509,33.15877653568202
1,29,fly,3000.0,137,0.0,43.9669452887538,31.071491079494127
1,29,fly,3000.0,219,0.0,45.15811803444782,31.917951106594398
1,29,fly,100.0,219,0.0,20.129939209726444,15.424486224028907
1,29,fly,200.0,42,0.0,32.236512158054715,23.569529132791327
1,29,fly,200.0,137,0.0,31.95630699088146,23.359558491418248
1,29,fly,200.0,219,0.0,32.27349290780142,23.597927958446252
1,29,fly,350.0,42,0.0,40.339285714285715,28.939109078590786
1,29,fly,350.0,137,0.0,39.76184143870314,28.5576304200542
1,29,fly,350.0,219,0.0,40.19984802431611,28.85720133242999
1,29,fly,500.0,42,0.0,42.32472137791287,30.20237691960253
1,30,fly,10.0,42,0.0,2.265070921985816,2.4988143631436315
1,30,fly,10.0,137,0.0,2.187183383991895,2.430541440831075
1,30,fly,10.0,219,0.0,2.1355749746707193,2.337765356820235
1,30,fly,30.0,42,0.0,2.4884118541033433,2.754008581752484
1,30,fly,350.0,42,0.0,8.44870820668693,7.261912827461608
1,30,fly,350.0,137,0.0,8.377152988855117,7.258398261065944
1,30,fly,350.0,219,0.0,8.351887031408308,7.196872177055104
1,30,fly,500.0,42,0.0,10.561866767983789,8.669913053297199
1,29,fly,500.0,137,0.0,43.74639057750759,31.19459970641373
1,29,fly,500.0,219,0.0,42.721757852077,30.498348577235774
1,29,fly,1000.0,42,0.0,43.99772036474164,31.209264905149052
1,29,fly,1000.0,137,0.0,44.704027355623104,31.70500225835592
1,30,fly,500.0,137,0.0,10.464222391084093,8.617632113821138
1,30,fly,500.0,219,0.0,10.546922492401217,8.658169602529359
1,30,fly,1000.0,42,0.0,15.660460992907801,12.010190831074977
1,30,fly,1000.0,137,0.0,15.685980243161092,12.016542457091237
1,30,fly,30.0,137,0.0,2.3660081053698074,2.6214289747064137
1,30,fly,30.0,219,0.0,2.403115501519757,2.6330453929539295
1,30,fly,100.0,42,0.0,3.936866767983789,4.066833220415537
1,30,fly,100.0,137,0.0,3.7050405268490376,3.863679990966576
1,30,fly,100.0,219,0.0,3.7327127659574466,3.8762138663053296
1,30,fly,200.0,42,0.0,5.847644376899695,5.50512364498645
1,30,fly,200.0,137,0.0,5.699024822695034,5.419969512195122
1,30,fly,200.0,219,0.0,5.842958459979736,5.48877879403794
1,31,fly,350.0,42,0.0,11.75994174265451,9.41405544263776
1,31,fly,350.0,137,0.0,11.686866767983789,9.403003613369467
1,31,fly,350.0,219,0.0,11.749683383991893,9.425587172538393
1,31,fly,500.0,42,0.0,14.04546605876393,10.931727077687443
1,30,fly,1000.0,219,0.0,16.093528368794328,12.33859812556459
1,30,fly,3000.0,42,0.0,24.846504559270517,18.11132283197832
1,30,fly,3000.0,137,0.0,25.368351063829788,18.492970867208673
1,30,fly,3000.0,219,0.0,25.922935663627147,18.88212793586269
1,31,fly,10.0,42,0.0,2.348277608915907,2.6010614272809396
1,31,fly,10.0,137,0.0,2.2529761904761902,2.504177958446251
1,31,fly,10.0,219,0.0,2.2185283687943262,2.4362014453477867
1,31,fly,30.0,42,0.0,3.022353090172239,3.2756464543812105
1,31,fly,30.0,137,0.0,2.817502532928065,3.0841943315266485
1,31,fly,30.0,219,0.0,2.8070542046605875,3.0544546070460705
1,31,fly,100.0,42,0.0,5.608029381965552,5.336142163504968
1,31,fly,100.0,137,0.0,5.512284701114488,5.242505081300813
1,31,fly,100.0,219,0.0,5.602140324214791,5.328576671183378
1,31,fly,200.0,42,0.0,8.716122087132725,7.466844512195122
1,31,fly,200.0,137,0.0,8.59029888551165,7.386080058717254
1,31,fly,200.0,219,0.0,8.553571428571429,7.314843044263776
1,32,fly,100.0,219,0.0,2.524822695035461,2.7153342366757003
1,32,fly,200.0,42,0.0,3.6731256332320164,3.694387985546522
1,32,fly,200.0,137,0.0,3.3787360688956434,3.437810523938573
1,32,fly,200.0,219,0.0,3.6094224924012153,3.6219088753387534
1,32,fly,500.0,137,0.0,5.694908814589666,5.119989272809395
1,32,fly,500.0,219,0.0,5.577697568389058,4.997191169828365
1,32,fly,1000.0,42,0.0,7.6979483282674765,6.434620596205962
1,32,fly,1000.0,137,0.0,7.461182877406281,6.289422425474255
1,31,fly,500.0,137,0.0,14.007535460992907,10.912742773261066
1,31,fly,500.0,219,0.0,13.849860688956435,10.787206413730804
1,31,fly,1000.0,42,0.0,17.747720364741642,13.30837850045167
1,31,fly,1000.0,137,0.0,17.803381458966566,13.366347673893406
1,32,fly,10.0,42,0.0,2.1502026342451876,2.3610687669376693
1,32,fly,10.0,137,0.0,2.1051165146909825,2.3283084914182477
1,32,fly,10.0,219,0.0,2.0813069908814588,2.2871499548328815
1,32,fly,30.0,42,0.0,2.2151722391084094,2.4456865401987353
1,31,fly,1000.0,219,0.0,18.187120060790274,13.676885727190605
1,31,fly,3000.0,42,0.0,22.075037993920972,16.149362014453477
1,31,fly,3000.0,137,0.0,22.621897163120565,16.528737579042456
1,31,fly,3000.0,219,0.0,23.451051165146907,17.159482271906054
1,32,fly,30.0,137,0.0,2.149632725430598,2.3797707768744356
1,32,fly,30.0,219,0.0,2.1205040526849035,2.339797877145438
1,32,fly,100.0,42,0.0,2.7555724417426544,2.975680329719964
1,32,fly,100.0,137,0.0,2.551545086119554,2.7701275971093042
1,32,fly,350.0,42,0.0,4.774062816616008,4.462595980126468
1,32,fly,350.0,137,0.0,4.6453267477203655,4.369805781391147
1,32,fly,350.0,219,0.0,4.800911854103343,4.5199441056910565
1,32,fly,500.0,42,0.0,5.709599797365755,5.119664634146342
1,33,fly,500.0,137,0.0,29.762474670719346,21.76905487804878
1,33,fly,500.0,219,0.0,29.1637537993921,21.338089995483287
1,33,fly,1000.0,42,0.0,35.0600937183384,25.200810185185187
1,33,fly,1000.0,137,0.0,35.373416919959475,25.423413504968384
1,32,fly,1000.0,219,0.0,7.3537234042553195,6.173596996386631
1,32,fly,3000.0,42,0.0,9.560410334346505,7.5620765582655824
1,32,fly,3000.0,137,0.0,9.478976697061803,7.531362917795844
1,32,fly,3000.0,219,0.0,9.577950861195541,7.584998870822042
1,33,fly,10.0,42,0.0,2.8323201621073957,3.125804539295393
1,33,fly,10.0,137,0.0,2.6457700101317125,2.914577687443541
1,33,fly,10.0,219,0.0,2.7225810536980752,2.981961382113821
1,33,fly,30.0,42,0.0,4.7087765957446805,4.76832091237579
1,34,fly,10.0,42,0.0,4.702064336372847,4.778201219512195
1,34,fly,10.0,137,0.0,4.548188956433637,4.673709914182475
1,34,fly,10.0,219,0.0,4.654888551165147,4.748659101174345
1,34,fly,30.0,42,0.0,9.94509878419453,8.569289182475158
1,33,fly,30.0,137,0.0,4.508485309017224,4.579155374887082
1,33,fly,30.0,219,0.0,4.612335359675785,4.653243563685637
1,33,fly,100.0,42,0.0,10.709409827760892,8.984812556458898
1,33,fly,100.0,137,0.0,10.781598277608916,9.059620596205962
1,33,fly,1000.0,219,0.0,35.645390070921984,25.630053071364046
1,33,fly,3000.0,42,0.0,37.410017730496456,26.609530261969287
1,33,fly,3000.0,137,0.0,37.92166919959473,26.986195799457995
1,33,fly,3000.0,219,0.0,38.01665400202634,27.043797990063233
1,33,fly,100.0,219,0.0,10.73936170212766,8.98436088527552
1,33,fly,200.0,42,0.0,17.30838399189463,13.358019986449865
1,33,fly,200.0,137,0.0,17.405965045592705,13.466435185185185
1,33,fly,200.0,219,0.0,17.303508105369808,13.369043586269196
1,33,fly,350.0,42,0.0,24.321175278622082,18.07956470189702
1,33,fly,350.0,137,0.0,24.69864488348531,18.361986224028907
1,33,fly,350.0,219,0.0,24.633611955420463,18.33159722222222
1,33,fly,500.0,42,0.0,29.085233029381964,21.28247798102981
1,34,fly,100.0,219,0.0,21.797302431610944,16.54296522131888
1,34,fly,200.0,42,0.0,30.220554711246198,22.165692750677508
1,34,fly,200.0,137,0.0,29.749873353596758,21.832952235772357
1,34,fly,200.0,219,0.0,30.263044579533943,22.23365514905149
1,34,fly,30.0,137,0.0,9.921225937183383,8.580341011743451
1,34,fly,30.0,219,0.0,9.958839918946301,8.580213979223126
1,34,fly,100.0,42,0.0,21.52412613981763,16.30856199186992
1,34,fly,100.0,137,0.0,22.133421985815602,16.77909044715447
1,34,fly,350.0,42,0.0,33.69028622087133,24.38578364950316
1,34,fly,350.0,137,0.0,34.37632978723404,24.8925869467028
1,34,fly,350.0,219,0.0,34.125443262411345,24.707048893405602
1,34,fly,500.0,42,0.0,35.3266210739615,25.448410682023486
1,35,fly,100.0,219,0.0,1.3578394123606887,1.4257424345076783
1,35,fly,200.0,42,0.0,1.2018743667679839,1.2349395889792232
1,35,fly,200.0,137,0.0,1.184017223910841,1.2362946025293586
1,35,fly,200.0,219,0.0,1.1861068895643363,1.2282209801264679
1,35,fly,10.0,42,0.0,1.9318642350557245,2.098803071364047
1,35,fly,10.0,137,0.0,1.8959599797365752,2.0748221544715446
1,35,fly,10.0,219,0.0,1.863855116514691,2.017064701897019
1,35,fly,30.0,42,0.0,1.688639817629179,1.809521793134598
1,34,fly,1000.0,219,0.0,36.20263424518743,25.93703421409214
1,34,fly,3000.0,42,0.0,33.70687689969605,24.07451163053297
1,34,fly,3000.0,137,0.0,34.27488601823708,24.456470189701896
1,34,fly,3000.0,219,0.0,34.95668693009119,24.956103206865404
1,34,fly,500.0,137,0.0,35.5261524822695,25.5883722899729
1,34,fly,500.0,219,0.0,36.10112715298885,26.02368450767841
1,34,fly,1000.0,42,0.0,34.924898682877405,25.007226738934055
1,34,fly,1000.0,137,0.0,35.40856129685917,25.379262646793133
1,36,fly,30.0,137,0.0,1.9345238095238095,2.1210761065943995
1,36,fly,30.0,219,0.0,1.8917173252279635,2.062104787714544
1,36,fly,100.0,42,0.0,1.8214285714285714,2.0001834914182477
1,36,fly,100.0,137,0.0,1.7458839918946303,1.9192920054200542
1,35,fly,30.0,137,0.0,1.6636271529888553,1.8011094173441735
1,35,fly,30.0,219,0.0,1.6521023302938198,1.7682079945799458
1,35,fly,100.0,42,0.0,1.3793059777102332,1.4389538166214995
1,35,fly,100.0,137,0.0,1.3573961499493414,1.4342677280939475
1,36,fly,10.0,42,0.0,2.087322695035461,2.287502822944896
1,36,fly,10.0,137,0.0,2.020390070921986,2.229858288166215
1,36,fly,10.0,219,0.0,2.0031028368794326,2.188163392050587
1,36,fly,30.0,42,0.0,1.982079533941236,2.1728065718157183
1,35,fly,350.0,42,0.14583333333333334,1.061676798378926,1.085789295392954
1,35,fly,350.0,137,0.125,1.0587006079027355,1.0933124435411021
1,35,fly,350.0,219,0.16666666666666666,1.0583206686930091,1.0854081978319783
1,35,fly,500.0,42,0.6041666666666666,0.9857522796352584,1.005688233965673
1,35,fly,500.0,137,0.6041666666666666,0.9839159067882473,1.0115740740740742
1,35,fly,500.0,219,0.6875,0.9818895643363729,1.0040368112014453
1,35,fly,1000.0,42,1.0,0.8631585612968591,0.8754799006323396
1,35,fly,1000.0,137,1.0,0.8653115501519757,0.8821985094850948
1,35,fly,1000.0,219,1.0,0.8600557244174265,0.8745765582655827
1,35,fly,3000.0,42,1.0,0.7356889564336373,0.7427309168925023
1,35,fly,3000.0,137,1.0,0.7382852077001013,0.7481227416440831
1,35,fly,3000.0,219,1.0,0.7349924012158056,0.7452009936766034
1,36,fly,1000.0,219,0.0,1.6233535967578518,1.7065831074977416
1,36,fly,3000.0,42,0.020833333333333332,2.032231509625127,2.015300361336947
1,36,fly,3000.0,137,0.041666666666666664,1.897353090172239,1.8896934281842819
1,36,fly,3000.0,219,0.041666666666666664,1.975303951367781,1.9613256549232159
1,36,fly,100.0,219,0.0,1.7077001013171227,1.855761630532972
1,36,fly,200.0,42,0.0,1.6860435663627154,1.829225948509485
1,36,fly,200.0,137,0.0,1.5997973657548126,1.7499858852755195
1,36,fly,200.0,219,0.0,1.6265197568389056,1.7689560749774165
1,37,fly,100.0,219,0.0,1.536854103343465,1.6289944670280037
1,37,fly,200.0,42,0.0,1.379242654508612,1.433180894308943
1,37,fly,200.0,137,0.0,1.3565096251266464,1.4290311653116532
1,37,fly,200.0,219,0.0,1.3584093211752786,1.4210845754290877
1,36,fly,500.0,137,0.0,1.5516084093211753,1.6898571589882565
1,36,fly,500.0,219,0.0,1.5262791286727457,1.6452264001806685
1,36,fly,1000.0,42,0.0,1.7712132725430596,1.8538420280036134
1,36,fly,1000.0,137,0.0,1.6161347517730495,1.7226315492321589
1,36,fly,350.0,42,0.0,1.6583080040526845,1.7882650180668473
1,36,fly,350.0,137,0.0,1.5527482269503545,1.6994834010840107
1,36,fly,350.0,219,0.0,1.5601570415400203,1.693258807588076
1,36,fly,500.0,42,0.0,1.6190476190476188,1.7526959123757904
1,37,fly,500.0,137,0.0625,1.1119554204660587,1.1568428184281843
1,37,fly,500.0,219,0.020833333333333332,1.1091058763931105,1.147752935862692
1,37,fly,1000.0,42,0.8541666666666666,0.9476317122593718,0.974974593495935
1,37,fly,1000.0,137,0.8125,0.9482649442755825,0.9813544489611563
1,37,fly,10.0,42,0.0,1.9939209726443767,2.1724537037037037
1,37,fly,10.0,137,0.0,1.9782168186423508,2.1686991869918697
1,37,fly,10.0,219,0.0,1.9444655521783183,2.1133130081300813
1,37,fly,30.0,42,0.0,1.8279508611955422,1.9644873532068654
1,37,fly,30.0,137,0.0,1.79362968591692,1.9423695799457994
1,37,fly,30.0,219,0.0,1.7778622087132725,1.9112748419150858
1,37,fly,100.0,42,0.0,1.5592071935157044,1.6434479448961157
1,37,fly,100.0,137,0.0,1.5287487335359675,1.6332994579945799
1,38,fly,100.0,219,0.0,1.5004432624113475,1.5915904471544715
1,38,fly,200.0,42,0.0,1.3221884498480245,1.3715277777777777
1,38,fly,200.0,137,0.0,1.3008485309017224,1.3664464769647697
1,38,fly,200.0,219,0.0,1.3032548125633232,1.3590362466124661
1,37,fly,350.0,42,0.0,1.2211879432624113,1.259301603432701
1,37,fly,350.0,137,0.0,1.2032674772036474,1.2584688346883468
1,37,fly,350.0,219,0.0,1.2052304964539007,1.2500564588979224
1,37,fly,500.0,42,0.020833333333333332,1.1168946301925025,1.1497431120144534
1,37,fly,1000.0,219,0.8541666666666666,0.9440856129685916,0.9737889566395664
1,37,fly,3000.0,42,1.0,0.7810283687943262,0.7986111111111112
1,37,fly,3000.0,137,1.0,0.782611448834853,0.8045816395663956
1,37,fly,3000.0,219,1.0,0.7772922998986829,0.7994579945799458
1,38,fly,10.0,42,0.0,2.0015830800405268,2.1779866757000903
1,38,fly,10.0,137,0.0,1.9962639311043564,2.1974508807588076
1,38,fly,10.0,219,0.0,1.9630825734549138,2.139961607949413
1,38,fly,30.0,42,0.0,1.8336499493414387,1.977148261065944
1,38,fly,30.0,137,0.0,1.8069275582573454,1.9657576784101174
1,38,fly,30.0,219,0.0,1.779191995947315,1.916285569105691
1,38,fly,100.0,42,0.0,1.5272922998986829,1.6109276196928637
1,38,fly,100.0,137,0.0,1.4986068895643363,1.602148261065944
1,38,fly,500.0,137,0.1875,1.0476190476190477,1.0839967253839204
1,38,fly,500.0,219,0.1875,1.0485055724417427,1.0772781165311653
1,38,fly,1000.0,42,0.9791666666666666,0.896403242147923,0.9140272131887985
1,38,fly,1000.0,137,0.9166666666666666,0.8970364741641337,0.919263775971093
1,39,fly,30.0,137,0.0,3.0233029381965557,3.255024841915086
1,39,fly,30.0,219,0.0,3.0573074974670718,3.2612917795844627
1,39,fly,100.0,42,0.0,5.801735055724417,5.3512308039747065
1,39,fly,100.0,137,0.0,5.630192502532928,5.252004290876242
1,38,fly,350.0,42,0.0,1.1545086119554204,1.1860179539295392
1,38,fly,350.0,137,0.0,1.1443135764944277,1.1897301264679314
1,38,fly,350.0,219,0.0,1.1416540020263424,1.1800333107497742
1,38,fly,500.0,42,0.16666666666666666,1.0508485309017226,1.0768123306233062
1,38,fly,1000.0,219,0.9791666666666666,0.8946935157041539,0.91357554200542
1,38,fly,3000.0,42,1.0,0.7472137791286727,0.7590193089430894
1,38,fly,3000.0,137,1.0,0.7507598784194528,0.7652015582655827
1,38,fly,3000.0,219,1.0,0.7465805471124621,0.7608965672990063
1,39,fly,500.0,137,0.0,10.247910334346505,8.226442524841914
1,39,fly,500.0,219,0.0,10.506332320162107,8.398331639566395
1,39,fly,1000.0,42,0.0,11.375696555217834,8.881026987353208
1,39,fly,1000.0,137,0.0,11.389817629179332,8.917654697380307
1,39,fly,10.0,42,0.0,2.3755065856129685,2.627230126467931
1,39,fly,10.0,137,0.0,2.3042679837892606,2.564828929539295
1,39,fly,10.0,219,0.0,2.2596884498480243,2.47949130532972
1,39,fly,30.0,42,0.0,3.223530901722391,3.4371471318879854
1,39,fly,100.0,219,0.0,5.675278622087133,5.266415424570912
1,39,fly,200.0,42,0.0,7.991704660587639,6.822112127371274
1,39,fly,200.0,137,0.0,7.914956940222897,6.769252484191509
1,39,fly,200.0,219,0.0,8.023682877406282,6.859008017163505
1,40,fly,350.0,42,0.020833333333333332,1.1252532928064845,1.1456780713640469
1,40,fly,350.0,137,0.0625,1.1168313069908815,1.1497995709123758
1,40,fly,350.0,219,0.020833333333333332,1.114804964539007,1.1410202122854562
1,40,fly,500.0,42,0.25,1.0297619047619047,1.0448565943992774
1,39,fly,350.0,42,0.0,9.63848784194529,7.879347335140018
1,39,fly,350.0,137,0.0,9.549328774062817,7.8112155600722675
1,39,fly,350.0,219,0.0,9.413500506585613,7.693738708220415
1,39,fly,500.0,42,0.0,10.389627659574467,8.298992208672086
1,40,fly,500.0,137,0.3541666666666667,1.02653242147923,1.0514340560072268
1,40,fly,500.0,219,0.3333333333333333,1.027418946301925,1.045068315266486
1,40,fly,1000.0,42,1.0,0.8803824721377914,0.8930245031616982
1,40,fly,1000.0,137,1.0,0.8822188449848025,0.8987409665763324
1,39,fly,1000.0,219,0.0,11.223024316109424,8.758130081300813
1,39,fly,3000.0,42,0.0,11.749113475177305,9.0537065266486
1,39,fly,3000.0,137,0.0,11.863348530901723,9.144337172538393
1,39,fly,3000.0,219,0.0,11.985752279635259,9.228446815718158
1,40,fly,10.0,42,0.0,1.9524442755825735,2.1151479223125564
1,40,fly,10.0,137,0.0,1.9409194528875382,2.127117208672087
1,40,fly,10.0,219,0.0,1.9107142857142856,2.067157859078591
1,40,fly,30.0,42,0.0,1.7746960486322187,1.8968072493224932
1,40,fly,30.0,137,0.0,1.7417046605876394,1.8805329719963866
1,40,fly,30.0,219,0.0,1.732079533941236,1.8520776874435412
1,40,fly,100.0,42,0.0,1.4768237082066868,1.5372628726287263
1,40,fly,100.0,137,0.0,1.451177811550152,1.5317581300813008
1,40,fly,100.0,219,0.0,1.4541540020263426,1.524757226738934
1,40,fly,200.0,42,0.0,1.2848277608915908,1.3163533197831978
1,40,fly,200.0,137,0.0,1.2642477203647415,1.314038504968383
1,40,fly,200.0,219,0.0,1.2655141843971631,1.3058519647696476
1,41,fly,30.0,137,0.0,7.844098277608917,7.142629290876242
1,41,fly,30.0,219,0.0,7.849987335359676,7.130914069557362
1,41,fly,100.0,42,0.0,19.245757345491388,14.825203252032521
1,41,fly,100.0,137,0.0,19.051165146909828,14.670265921409214
1,40,fly,1000.0,219,1.0,0.8793059777102331,0.8919094399277326
1,40,fly,3000.0,42,1.0,0.7391717325227963,0.7463442863595302
1,40,fly,3000.0,137,1.0,0.7411980749746707,0.751806684733514
1,40,fly,3000.0,219,1.0,0.7388551165146909,0.7490825429087624
1,41,fly,500.0,137,0.0,41.80420466058764,29.924218044263775
1,41,fly,500.0,219,0.0,42.04223657548126,30.10034157633243
1,41,fly,1000.0,42,0.0,43.73486575481255,31.083615627822944
1,41,fly,1000.0,137,0.0,43.891907294832826,31.188205736224027
1,42,fly,10.0,42,0.0,2.098530901722391,2.2961974932249323
1,42,fly,10.0,137,0.0,2.0487588652482267,2.263112579042457
1,42,fly,10.0,219,0.0,2.023176291793313,2.211495031616983
1,42,fly,30.0,42,0.0,1.9968971631205674,2.184917005420054
1,41,fly,10.0,42,0.0,3.7876773049645394,4.030939476061428
1,41,fly,10.0,137,0.0,3.630382472137791,3.8727416440831073
1,41,fly,10.0,219,0.0,3.722834346504559,3.949116418247516
1,41,fly,30.0,42,0.0,7.899569402228977,7.169080284552845
1,41,fly,100.0,219,0.0,19.20105116514691,14.798032407407407
1,41,fly,200.0,42,0.0,30.243477710233027,22.216011743450768
1,41,fly,200.0,137,0.0,30.583903242147922,22.458530939476063
1,41,fly,200.0,219,0.0,30.74056484295846,22.578181458897923
1,41,fly,350.0,42,0.0,38.762411347517734,27.912164069557363
1,41,fly,350.0,137,0.0,38.31902228976697,27.607469512195124
1,41,fly,350.0,219,0.0,39.72555724417426,28.601259033423666
1,41,fly,500.0,42,0.0,41.99613728470111,30.066028681120144
1,42,fly,1000.0,219,0.0,1.7838145896656534,1.8467987804878048
1,42,fly,3000.0,42,0.020833333333333332,2.669706180344478,2.5263804200542004
1,42,fly,3000.0,137,0.020833333333333332,2.4312310030395134,2.3320630081300813
1,42,fly,3000.0,219,0.0,2.539956940222898,2.4159044715447155
1,42,fly,30.0,137,0.0,1.9632725430597773,2.1573650632339656
1,42,fly,30.0,219,0.0,1.9324974670719353,2.113552958446251
1,42,fly,100.0,42,0.0,1.830293819655522,2.0055894308943087
1,42,fly,100.0,137,0.0,1.7539260385005067,1.926363482384824
1,41,fly,1000.0,219,0.0,44.880445795339405,31.904104561878952
1,41,fly,3000.0,42,0.0,43.487145390070914,30.787418134598013
1,41,fly,3000.0,137,0.0,42.87803951367781,30.342790198735322
1,41,fly,3000.0,219,0.0,44.78596757852077,31.718227755194217
1,42,fly,100.0,219,0.0,1.7459473150962512,1.9079861111111112
1,42,fly,200.0,42,0.0,1.7216945288753802,1.8693964543812105
1,42,fly,200.0,137,0.0,1.6049898682877408,1.7557305781391148
1,42,fly,200.0,219,0.0,1.6341818642350558,1.774390243902439
1,42,fly,350.0,42,0.0,1.6465932117527864,1.7782576784101174
1,42,fly,350.0,137,0.0,1.5511651469098275,1.703322606142728
1,42,fly,350.0,219,0.0,1.5757345491388044,1.7016006097560976
1,42,fly,500.0,42,0.0,1.606889564336373,1.7271623757904246
1,42,fly,500.0,137,0.0,1.5347644376899696,1.6696731029810299
1,42,fly,500.0,219,0.0,1.5424265450861194,1.6579296522131888
1,42,fly,1000.0,42,0.020833333333333332,1.8436550151975684,1.9177393857271907
1,42,fly,1000.0,137,0.0,1.718401722391084,1.8083079268292683
1,43,fly,30.0,137,0.0,1.9518743667679839,2.147654132791328
1,43,fly,30.0,219,0.0,1.9172998986828773,2.091533988256549
1,43,fly,100.0,42,0.0,1.8795592705167172,2.068188233965673
1,43,fly,100.0,137,0.0,1.8077507598784195,1.9895409891598916
1,43,fly,100.0,219,0.0,1.785144376899696,1.954367095754291
1,43,fly,200.0,42,0.0,1.8608156028368796,2.0149757226738934
1,43,fly,200.0,137,0.0,1.7206813576494426,1.8777382565492322
1,43,fly,200.0,219,0.0,1.7239108409321175,1.8699469286359531
1,43,fly,10.0,42,0.0,2.077887537993921,2.2776507452574526
1,43,fly,10.0,137,0.0,2.028368794326241,2.240458446251129
1,43,fly,10.0,219,0.0,2.006205673758865,2.1930329719963866
1,43,fly,30.0,42,0.0,2.0115248226950353,2.2104364272809396
1,44,fly,10.0,42,0.0,2.075797872340426,2.272075429087624
1,44,fly,10.0,137,0.0,2.0190602836879434,2.2360405374887082
1,44,fly,10.0,219,0.0,1.9974670719351568,2.1773091689250226
1,44,fly,30.0,42,0.0,1.9479483282674772,2.137717366757001
1,43,fly,350.0,42,0.0,1.9081180344478217,2.0528737579042455
1,43,fly,350.0,137,0.0,1.7684270516717324,1.9169207317073171
1,43,fly,350.0,219,0.0,1.8011651469098278,1.9404640921409213
1,43,fly,500.0,42,0.0,2.0116514690982776,2.1337511291779583
1,43,fly,500.0,137,0.0,1.8798758865248226,2.010374322493225
1,43,fly,500.0,219,0.0,1.8590425531914896,1.9662658084914182
1,43,fly,1000.0,42,0.0,2.3883611955420467,2.4071815718157183
1,43,fly,1000.0,137,0.0,2.2323328267477205,2.254417908762421
1,44,fly,500.0,137,0.0,1.2586119554204662,1.3742519196025293
1,44,fly,500.0,219,0.0,1.252659574468085,1.3523740966576332
1,44,fly,1000.0,42,0.20833333333333334,1.1638804457953393,1.2583841463414633
1,44,fly,1000.0,137,0.25,1.2004812563323204,1.2910315040650406
1,45,fly,10.0,42,0.0,1.9930977710233027,2.170971657633243
1,45,fly,10.0,137,0.0,1.9844858156028369,2.182079945799458
1,45,fly,10.0,219,0.0,1.9450987841945289,2.115162037037037
1,45,fly,30.0,42,0.0,1.8131965552178315,1.9484530261969286
1,43,fly,1000.0,219,0.0,2.4349670719351573,2.4250084688346885
1,43,fly,3000.0,42,0.0,3.3717071935157037,3.105112353206865
1,43,fly,3000.0,137,0.0,3.2032041540020266,2.955496273712737
1,43,fly,3000.0,219,0.0,3.3557497467071933,3.066720302619693
1,44,fly,30.0,137,0.0,1.8892477203647415,2.079974028906956
1,44,fly,30.0,219,0.0,1.8297239108409322,1.9873108626919602
1,44,fly,100.0,42,0.0,1.668566362715299,1.8120059846431797
1,44,fly,100.0,137,0.0,1.6051165146909827,1.7586946702800361
1,44,fly,100.0,219,0.0,1.5761778115501521,1.7102388211382114
1,44,fly,200.0,42,0.0,1.5133611955420465,1.632226738934056
1,44,fly,200.0,137,0.0,1.4132472137791288,1.547975948509485
1,44,fly,200.0,219,0.0,1.4354736575481255,1.5527749548328817
1,44,fly,350.0,42,0.0,1.3463145896656534,1.458516824751581
1,44,fly,350.0,137,0.0,1.3102836879432624,1.422947719060524
1,44,fly,350.0,219,0.0,1.3513804457953393,1.457839317976513
1,44,fly,500.0,42,0.041666666666666664,1.2721631205673758,1.376905487804878
1,44,fly,1000.0,219,0.2708333333333333,1.1800278622087133,1.2629855465221318
1,44,fly,3000.0,42,0.3333333333333333,1.1641337386018238,1.2375366982836495
1,44,fly,3000.0,137,0.5,1.1324088145896656,1.205397470641373
1,44,fly,3000.0,219,0.5,1.1268996960486322,1.1901817976513098
1,45,fly,350.0,42,0.020833333333333332,1.141274062816616,1.166525519421861
1,45,fly,350.0,137,0.0,1.1324088145896656,1.170802280939476
1,45,fly,350.0,219,0.0,1.1294326241134753,1.1622205284552845
1,45,fly,500.0,42,0.1875,1.0393237082066868,1.05835027100271
1,45,fly,30.0,137,0.0,1.7814083080040526,1.9367801490514904
1,45,fly,30.0,219,0.0,1.7586752786220872,1.8940266485998194
1,45,fly,100.0,42,0.0,1.5039260385005067,1.580496273712737
1,45,fly,100.0,137,0.0,1.4768870314083078,1.5768970189701896
1,46,fly,10.0,42,0.0,2.1385511651469096,2.3533338979223126
1,46,fly,10.0,137,0.0,2.104293313069909,2.3228602077687444
1,46,fly,10.0,219,0.0,2.066805977710233,2.2683491418247517
1,46,fly,30.0,42,0.0,2.1975050658561295,2.4291581978319785
1,46,fly,30.0,137,0.0,2.1212639311043566,2.354759485094851
1,46,fly,30.0,219,0.0,2.0777608915906787,2.2950542005420056
1,46,fly,100.0,42,0.0,2.7270770010131713,2.9415650406504064
1,46,fly,100.0,137,0.0,2.441869300911854,2.656786359530262
1,45,fly,100.0,219,0.0,1.479483282674772,1.5664521228545618
1,45,fly,200.0,42,0.0,1.3087006079027355,1.3508497064137308
1,45,fly,200.0,137,0.0,1.2855876393110435,1.3445827687443541
1,45,fly,200.0,219,0.0,1.2874240121580547,1.3371019647696476
1,45,fly,500.0,137,0.2708333333333333,1.0376773049645391,1.064476061427281
1,45,fly,500.0,219,0.22916666666666666,1.0386904761904763,1.0585761065943993
1,45,fly,1000.0,42,0.9791666666666666,0.8795592705167173,0.8913025067750677
1,45,fly,1000.0,137,0.9791666666666666,0.8820288753799392,0.8981904923215899
1,45,fly,1000.0,219,1.0,0.880129179331307,0.8912460478771455
1,45,fly,3000.0,42,1.0,0.7293566362715298,0.7325542005420054
1,45,fly,3000.0,137,1.0,0.7313196555217831,0.7382706639566395
1,45,fly,3000.0,219,1.0,0.7310030395136778,0.7357864724480578
1,47,fly,30.0,137,0.0,1.6971251266464034,1.8389227642276422
1,47,fly,30.0,219,0.0,1.6861702127659577,1.805739046973803
1,47,fly,100.0,42,0.0,1.403178824721378,1.4630053071364046
1,47,fly,100.0,137,0.0,1.3799392097264436,1.4584885953026197
1,46,fly,100.0,219,0.0,2.459663120567376,2.6593552393857274
1,46,fly,200.0,42,0.0,3.594224924012158,3.61622064137308
1,46,fly,200.0,137,0.0,3.4522543059777107,3.479900632339657
1,46,fly,200.0,219,0.0,3.603533434650456,3.6079917570009035
1,46,fly,350.0,42,0.0,5.095808004052684,4.7016429539295395
1,46,fly,350.0,137,0.0,5.076494427558257,4.702885049683831
1,46,fly,350.0,219,0.0,5.139501013171226,4.738425925925926
1,46,fly,500.0,42,0.0,6.652228976697063,5.7745596205962055
1,47,fly,10.0,42,0.0,1.9559903748733536,2.1246189024390243
1,47,fly,10.0,137,0.0,1.9208459979736574,2.104124322493225
1,47,fly,10.0,219,0.0,1.8925405268490376,2.0501778455284554
1,47,fly,30.0,42,0.0,1.728533434650456,1.854886517615176
1,46,fly,1000.0,219,0.0,10.472644376899696,8.355140582655826
1,46,fly,3000.0,42,0.0,17.600620567375884,13.121104336043361
1,46,fly,3000.0,137,0.0,17.675785207700102,13.172256097560975
1,46,fly,3000.0,219,0.0,17.909321175278624,13.329691734417343
1,46,fly,500.0,137,0.0,6.669516210739615,5.802789069557362
1,46,fly,500.0,219,0.0,6.573771529888551,5.712821815718157
1,46,fly,1000.0,42,0.0,10.44528875379939,8.319980803974707
1,46,fly,1000.0,137,0.0,10.120504052684904,8.101132000903343
1,47,fly,100.0,219,0.0,1.3806357649442755,1.4500056458897923
1,47,fly,200.0,42,0.0,1.2077001013171227,1.2372544037940378
1,47,fly,200.0,137,0.0,1.1895896656534954,1.2387364498644986
1,47,fly,200.0,219,0.0,1.1914260385005067,1.2310156955736224
1,47,fly,350.0,42,0.14583333333333334,1.0509118541033435,1.0705877371273713
1,47,fly,350.0,137,0.22916666666666666,1.0483156028368794,1.0770946251129179
1,47,fly,350.0,219,0.16666666666666666,1.0483789260385006,1.0704465898825655
1,47,fly,500.0,42,0.75,0.9670086119554204,0.980592253839205
1,47,fly,500.0,137,0.7083333333333334,0.9656788247213779,0.9886376467931346
1,47,fly,500.0,219,0.7916666666666666,0.9633358662613981,0.9801688121047877
1,47,fly,1000.0,42,1.0,0.8377026342451875,0.8441028681120144
1,47,fly,1000.0,137,1.0,0.8353596757852078,0.8489583333333334
1,48,fly,100.0,219,0.0,7.901912360688956,6.985800587172538
1,48,fly,200.0,42,0.0,11.514501013171227,9.357455397470641
1,48,fly,200.0,137,0.0,11.246010638297873,9.176222335140018
1,48,fly,200.0,219,0.0,11.432814083080041,9.29539295392954
1,47,fly,1000.0,219,1.0,0.8323201621073961,0.8429031165311653
1,47,fly,3000.0,42,1.0,0.7128292806484297,0.7146990740740741
1,47,fly,3000.0,137,1.0,0.712322695035461,0.7193710478771455
1,47,fly,3000.0,219,1.0,0.7137791286727456,0.7181712962962963
1,48,fly,10.0,42,0.0,2.5861195542046604,2.8650773486901535
1,48,fly,10.0,137,0.0,2.440539513677811,2.707006549232159
1,48,fly,10.0,219,0.0,2.466881965552178,2.7108598690153567
1,48,fly,30.0,42,0.0,3.8472011144883482,4.031193541102078
1,48,fly,30.0,137,0.0,3.726000506585613,3.9216632791327912
1,48,fly,30.0,219,0.0,3.721061296859169,3.903765808491418
1,48,fly,100.0,42,0.0,7.890514184397163,6.992011065943993
1,48,fly,100.0,137,0.0,7.813956433637284,6.951092479674797
1,49,fly,100.0,219,0.0,2.6912360688956434,2.8721347109304425
1,49,fly,200.0,42,0.0,3.5923252279635256,3.6274277326106596
1,49,fly,200.0,137,0.0,3.438386524822695,3.5030346657633245
1,49,fly,200.0,219,0.0,3.4883485309017224,3.5384202800361337
1,48,fly,350.0,42,0.0,14.657104863221884,11.395409891598916
1,48,fly,350.0,137,0.0,14.618477710233028,11.348803071364047
1,48,fly,350.0,219,0.0,14.995820668693009,11.629079155374887
1,48,fly,500.0,42,0.0,16.735625633232015,12.75906165311653
1,48,fly,1000.0,219,0.0,19.619490881458965,14.645678071364047
1,48,fly,3000.0,42,0.0,21.400139311043564,15.671056345980126
1,48,fly,3000.0,137,0.0,21.899949341438703,16.034312895212285
1,48,fly,3000.0,219,0.0,21.586056231003038,15.828026196928636
1,48,fly,500.0,137,0.0,16.49689716312057,12.579225948509485
1,48,fly,500.0,219,0.0,16.5201367781155,12.606622628726287
1,48,fly,1000.0,42,0.0,19.59428824721378,14.582669941282747
1,48,fly,1000.0,137,0.0,19.299772036474163,14.392262308039747
1,49,fly,10.0,42,0.0,2.195098784194529,2.419602529358627
1,49,fly,10.0,137,0.0,2.145516717325228,2.377032520325203
1,49,fly,10.0,219,0.0,2.12322695035461,2.3334603658536586
1,49,fly,30.0,42,0.0,2.2989488348530904,2.541553748870822
1,49,fly,30.0,137,0.0,2.199468085106383,2.4361167570009035
1,49,fly,30.0,219,0.0,2.195225430597771,2.4156927506775068
1,49,fly,100.0,42,0.0,2.8957066869300916,3.1002286585365852
1,49,fly,100.0,137,0.0,2.650962512664641,2.8783451897018972
1,49,fly,1000.0,219,0.0,5.662867274569401,4.935396906052394
1,49,fly,3000.0,42,0.0,6.325861195542046,5.298738143631437
1,49,fly,3000.0,137,0.0,6.3518237082066875,5.31396793134598
1,49,fly,3000.0,219,0.0,6.25113981762918,5.2433801942186085
1,49,fly,350.0,42,0.0,4.29128672745694,4.1026846205962055
1,49,fly,350.0,137,0.0,4.234359169199595,4.044560185185185
1,49,fly,350.0,219,0.0,4.32313829787234,4.143391485998193
1,49,fly,500.0,42,0.0,4.781534954407295,4.404612691960253
1,49,fly,500.0,137,0.0,4.694655521783182,4.3382452574525745
1,49,fly,500.0,219,0.0,4.841312056737589,4.457190040650406
1,49,fly,1000.0,42,0.0,5.698961499493414,4.984967818428184
1,49,fly,1000.0,137,0.0,5.595364741641338,4.920011856368563
1,0,mouse,350.0,42,0.0,0.9331944444444443,0.9278333333333333
1,0,mouse,350.0,137,0.020833333333333332,0.9241666666666667,0.9253194444444445
1,0,mouse,350.0,219,0.0625,0.9040277777777778,0.9254305555555555
1,0,mouse,500.0,42,0.14583333333333334,0.8249999999999998,0.8231666666666667
1,0,mouse,10.0,42,0.0,1.4887500000000002,1.4804444444444445
1,0,mouse,10.0,137,0.0,1.4666666666666666,1.468
1,0,mouse,10.0,219,0.0,1.4605555555555558,1.4710138888888888
1,0,mouse,30.0,42,0.0,1.4334722222222223,1.4249166666666666
1,0,mouse,30.0,137,0.0,1.4147222222222222,1.41475
1,0,mouse,30.0,219,0.0,1.4043055555555555,1.417638888888889
1,0,mouse,100.0,42,0.0,1.2743055555555556,1.2613055555555555
1,0,mouse,100.0,137,0.0,1.2526388888888889,1.251763888888889
1,0,mouse,100.0,219,0.0,1.2330555555555556,1.2520555555555555
1,0,mouse,200.0,42,0.0,1.1029166666666665,1.0913194444444445
1,0,mouse,200.0,137,0.0,1.0906944444444446,1.084875
1,0,mouse,200.0,219,0.0,1.0669444444444445,1.0857083333333333
1,0,mouse,500.0,137,0.125,0.8230555555555555,0.8216388888888889
1,0,mouse,500.0,219,0.2916666666666667,0.8027777777777777,0.8224861111111111
1,0,mouse,1000.0,42,0.875,0.6525,0.656125
1,0,mouse,1000.0,137,0.9791666666666666,0.6477777777777778,0.65125
1,1,mouse,1000.0,219,0.8958333333333334,0.6316666666666667,0.644
1,1,mouse,3000.0,42,1.0,0.4926388888888889,0.49277777777777776
1,1,mouse,3000.0,137,1.0,0.4813888888888889,0.48730555555555555
1,1,mouse,3000.0,219,1.0,0.47652777777777783,0.4887916666666667
1,0,mouse,1000.0,219,0.8958333333333334,0.6356944444444445,0.6491805555555555
1,0,mouse,3000.0,42,1.0,0.49041666666666667,0.4914722222222222
1,0,mouse,3000.0,137,1.0,0.4786111111111111,0.4856111111111111
1,0,mouse,3000.0,219,1.0,0.47513888888888883,0.48715277777777777
1,2,mouse,10.0,42,0.0,1.4883333333333333,1.4801666666666666
1,2,mouse,10.0,137,0.0,1.4680555555555557,1.4675833333333332
1,2,mouse,10.0,219,0.0,1.46,1.471
1,2,mouse,30.0,42,0.0,1.434027777777778,1.4272916666666666
1,1,mouse,10.0,42,0.0,1.4684722222222224,1.4597638888888889
1,1,mouse,10.0,137,0.0,1.4480555555555554,1.4484722222222222
1,1,mouse,10.0,219,0.0,1.437083333333333,1.4496666666666667
1,1,mouse,30.0,42,0.0,1.386388888888889,1.378875
1,1,mouse,350.0,42,0.020833333333333332,0.8979166666666668,0.8939583333333333
1,1,mouse,350.0,137,0.020833333333333332,0.8947222222222223,0.8918055555555555
1,1,mouse,350.0,219,0.08333333333333333,0.8708333333333335,0.8918055555555555
1,1,mouse,500.0,42,0.25,0.8043055555555556,0.8025
1,1,mouse,30.0,137,0.0,1.37,1.3704722222222223
1,1,mouse,30.0,219,0.0,1.3516666666666666,1.3712777777777778
1,1,mouse,100.0,42,0.0,1.2061111111111111,1.1952222222222222
1,1,mouse,100.0,137,0.0,1.1948611111111112,1.1879444444444445
1,1,mouse,100.0,219,0.0,1.1659722222222222,1.1878472222222223
1,1,mouse,200.0,42,0.0,1.0472222222222223,1.0379722222222223
1,1,mouse,200.0,137,0.0,1.0381944444444444,1.03175
1,1,mouse,200.0,219,0.0,1.0154166666666666,1.032861111111111
1,1,mouse,500.0,137,0.2708333333333333,0.7999999999999999,0.8002638888888889
1,1,mouse,500.0,219,0.3958333333333333,0.78125,0.8010972222222222
1,1,mouse,1000.0,42,0.9166666666666666,0.6484722222222222,0.6514861111111111
1,1,mouse,1000.0,137,0.9791666666666666,0.643611111111111,0.6470138888888889
1,2,mouse,30.0,137,0.0,1.4191666666666667,1.4173472222222223
1,2,mouse,30.0,219,0.0,1.402638888888889,1.418986111111111
1,2,mouse,100.0,42,0.0,1.29,1.2774305555555556
1,2,mouse,100.0,137,0.0,1.2722222222222221,1.26725
1,2,mouse,1000.0,219,0.8541666666666666,0.661111111111111,0.6774027777777778
1,2,mouse,3000.0,42,1.0,0.5025,0.5005555555555555
1,2,mouse,3000.0,137,1.0,0.48874999999999996,0.49551388888888886
1,2,mouse,3000.0,219,1.0,0.4847222222222222,0.49625
1,2,mouse,100.0,219,0.0,1.2481944444444444,1.2685416666666667
1,2,mouse,200.0,42,0.0,1.127361111111111,1.1191666666666666
1,2,mouse,200.0,137,0.0,1.12125,1.1138472222222222
1,2,mouse,200.0,219,0.0,1.095,1.1156805555555556
1,3,mouse,30.0,137,0.0,1.3575,1.3570416666666667
1,3,mouse,30.0,219,0.0,1.3383333333333336,1.3575
1,3,mouse,100.0,42,0.0,1.1636111111111112,1.1529722222222223
1,3,mouse,100.0,137,0.0,1.1558333333333335,1.1475277777777777
1,2,mouse,350.0,42,0.0,0.9702777777777779,0.9642916666666667
1,2,mouse,350.0,137,0.0,0.9623611111111111,0.9600277777777778
1,2,mouse,350.0,219,0.020833333333333332,0.9355555555555556,0.9594305555555556
1,2,mouse,500.0,42,0.041666666666666664,0.8640277777777778,0.8606666666666667
1,2,mouse,500.0,137,0.08333333333333333,0.8598611111111113,0.8587916666666666
1,2,mouse,500.0,219,0.14583333333333334,0.8370833333333333,0.8587361111111111
1,2,mouse,1000.0,42,0.8125,0.6840277777777778,0.6823888888888889
1,2,mouse,1000.0,137,0.9166666666666666,0.6769444444444446,0.6789861111111111
1,3,mouse,10.0,42,0.0,1.4655555555555555,1.456
1,3,mouse,10.0,137,0.0,1.4437499999999999,1.4448055555555555
1,3,mouse,10.0,219,0.0,1.4329166666666666,1.4459861111111112
1,3,mouse,30.0,42,0.0,1.3736111111111111,1.3659722222222221
1,3,mouse,100.0,219,0.0,1.128611111111111,1.148
1,3,mouse,200.0,42,0.0,0.9911111111111112,0.9823055555555555
1,3,mouse,200.0,137,0.0,0.9805555555555555,0.9771944444444445
1,3,mouse,200.0,219,0.0,0.9551388888888889,0.9764027777777777
1,3,mouse,350.0,42,0.10416666666666667,0.8381944444444445,0.8362916666666667
1,3,mouse,350.0,137,0.08333333333333333,0.8352777777777778,0.8344722222222222
1,3,mouse,350.0,219,0.22916666666666666,0.8144444444444444,0.8349722222222222
1,3,mouse,500.0,42,0.4791666666666667,0.7548611111111111,0.7531388888888889
1,4,mouse,10.0,42,0.0,1.4883333333333333,1.4802638888888888
1,4,mouse,10.0,137,0.0,1.4677777777777778,1.4675416666666667
1,4,mouse,10.0,219,0.0,1.4598611111111113,1.4709166666666667
1,4,mouse,30.0,42,0.0,1.4341666666666668,1.4272777777777779
1,3,mouse,1000.0,219,0.9791666666666666,0.5983333333333333,0.6106527777777778
1,3,mouse,3000.0,42,1.0,0.4769444444444444,0.4807361111111111
1,3,mouse,3000.0,137,1.0,0.4694444444444445,0.47506944444444443
1,3,mouse,3000.0,219,1.0,0.46694444444444444,0.4762222222222222
1,3,mouse,500.0,137,0.5416666666666666,0.7469444444444444,0.7490416666666667
1,3,mouse,500.0,219,0.6041666666666666,0.727638888888889,0.7479166666666667
1,3,mouse,1000.0,42,1.0,0.6163888888888889,0.617125
1,3,mouse,1000.0,137,1.0,0.605,0.6107361111111111
1,4,mouse,100.0,219,0.0,1.2515277777777778,1.270375
1,4,mouse,200.0,42,0.0,1.1325,1.124375
1,4,mouse,200.0,137,0.0,1.124861111111111,1.1188055555555556
1,4,mouse,200.0,219,0.0,1.1009722222222222,1.1207222222222222
1,4,mouse,500.0,137,0.041666666666666664,0.8702777777777778,0.8691944444444445
1,4,mouse,500.0,219,0.10416666666666667,0.84875,0.8697638888888889
1,4,mouse,1000.0,42,0.75,0.6954166666666666,0.6943055555555555
1,4,mouse,1000.0,137,0.8333333333333334,0.6895833333333332,0.6915694444444445
1,4,mouse,30.0,137,0.0,1.4191666666666665,1.417361111111111
1,4,mouse,30.0,219,0.0,1.4031944444444442,1.4190972222222222
1,4,mouse,100.0,42,0.0,1.2920833333333333,1.2795972222222223
1,4,mouse,100.0,137,0.0,1.272638888888889,1.2689305555555555
1,4,mouse,350.0,42,0.0,0.9794444444444445,0.9728333333333333
1,4,mouse,350.0,137,0.0,0.9701388888888888,0.9681944444444445
1,4,mouse,350.0,219,0.020833333333333332,0.9455555555555556,0.9679583333333334
1,4,mouse,500.0,42,0.020833333333333332,0.8748611111111111,0.8708333333333333
1,4,mouse,1000.0,219,0.7916666666666666,0.6695833333333333,0.6890972222222222
1,4,mouse,3000.0,42,1.0,0.5108333333333334,0.5097777777777778
1,4,mouse,3000.0,137,1.0,0.49750000000000005,0.5042222222222222
1,4,mouse,3000.0,219,1.0,0.4931944444444445,0.5047638888888889
1,6,mouse,30.0,137,0.0,1.4065277777777778,1.4052777777777778
1,6,mouse,30.0,219,0.0,1.3909722222222223,1.4065833333333333
1,6,mouse,100.0,42,0.0,1.2637500000000002,1.2525833333333334
1,6,mouse,100.0,137,0.0,1.2474999999999998,1.2436666666666667
1,5,mouse,10.0,42,0.0,1.437083333333333,1.4318055555555556
1,5,mouse,10.0,137,0.0,1.42375,1.4218333333333333
1,5,mouse,10.0,219,0.0,1.4076388888888889,1.423361111111111
1,5,mouse,30.0,42,0.0,1.3269444444444445,1.316888888888889
1,6,mouse,100.0,219,0.0,1.2273611111111111,1.2443333333333333
1,6,mouse,200.0,42,0.0,1.1050000000000002,1.0954444444444444
1,6,mouse,200.0,137,0.0,1.0970833333333334,1.0886944444444444
1,6,mouse,200.0,219,0.0,1.0718055555555557,1.0905694444444445
1,5,mouse,30.0,137,0.0,1.3077777777777777,1.305763888888889
1,5,mouse,30.0,219,0.0,1.2886111111111112,1.3073472222222222
1,5,mouse,100.0,42,0.0,1.0898611111111112,1.0809444444444445
1,5,mouse,100.0,137,0.0,1.0808333333333333,1.0735555555555556
1,5,mouse,100.0,219,0.0,1.0583333333333333,1.0761805555555555
1,5,mouse,200.0,42,0.0,0.9194444444444444,0.9143194444444445
1,5,mouse,200.0,137,0.020833333333333332,0.9162500000000001,0.9126388888888889
1,5,mouse,200.0,219,0.08333333333333333,0.8876388888888888,0.9115138888888888
1,5,mouse,500.0,137,0.7291666666666666,0.7087499999999999,0.7085833333333333
1,5,mouse,500.0,219,0.7708333333333334,0.6866666666666666,0.7061944444444445
1,5,mouse,1000.0,42,1.0,0.5926388888888888,0.5924722222222222
1,5,mouse,1000.0,137,1.0,0.581111111111111,0.5857916666666667
1,5,mouse,350.0,42,0.3333333333333333,0.7870833333333334,0.785375
1,5,mouse,350.0,137,0.3125,0.7805555555555556,0.7821944444444444
1,5,mouse,350.0,219,0.4375,0.7615277777777778,0.7826388888888889
1,5,mouse,500.0,42,0.7083333333333334,0.7131944444444445,0.7115972222222222
1,5,mouse,1000.0,219,1.0,0.5738888888888889,0.5856666666666667
1,5,mouse,3000.0,42,1.0,0.4677777777777778,0.4727222222222222
1,5,mouse,3000.0,137,1.0,0.4602777777777778,0.4671388888888889
1,5,mouse,3000.0,219,1.0,0.46236111111111106,0.4689861111111111
1,6,mouse,10.0,42,0.0,1.4830555555555556,1.4750833333333333
1,6,mouse,10.0,137,0.0,1.4622222222222223,1.463
1,6,mouse,10.0,219,0.0,1.4556944444444444,1.4661805555555556
1,6,mouse,30.0,42,0.0,1.4213888888888888,1.4137916666666666
1,7,mouse,10.0,42,0.0,1.4749999999999999,1.4671805555555555
1,7,mouse,10.0,137,0.0,1.4544444444444444,1.455861111111111
1,7,mouse,10.0,219,0.0,1.4455555555555553,1.4570694444444445
1,7,mouse,30.0,42,0.0,1.401111111111111,1.3928888888888888
1,6,mouse,350.0,42,0.0,0.9493055555555556,0.9446111111111111
1,6,mouse,350.0,137,0.020833333333333332,0.9436111111111112,0.9411666666666667
1,6,mouse,350.0,219,0.020833333333333332,0.9163888888888888,0.9416944444444444
1,6,mouse,500.0,42,0.041666666666666664,0.8494444444444444,0.8464861111111112
1,7,mouse,100.0,219,0.0,1.1702777777777778,1.1917916666666666
1,7,mouse,200.0,42,0.0,1.0340277777777778,1.0236805555555555
1,7,mouse,200.0,137,0.0,1.0209722222222222,1.0181666666666667
1,7,mouse,200.0,219,0.0,0.9995833333333334,1.0184166666666667
1,6,mouse,500.0,137,0.0625,0.8441666666666666,0.8441111111111111
1,6,mouse,500.0,219,0.20833333333333334,0.8265277777777778,0.8455277777777778
1,6,mouse,1000.0,42,0.8541666666666666,0.6795833333333333,0.6814027777777778
1,6,mouse,1000.0,137,0.9583333333333334,0.6761111111111111,0.67725
1,6,mouse,1000.0,219,0.8333333333333334,0.66,0.6747083333333334
1,6,mouse,3000.0,42,1.0,0.507361111111111,0.5085694444444444
1,6,mouse,3000.0,137,1.0,0.49541666666666667,0.5030277777777777
1,6,mouse,3000.0,219,1.0,0.49194444444444446,0.5040277777777777
1,7,mouse,1000.0,219,0.9791666666666666,0.6044444444444445,0.6170416666666667
1,7,mouse,3000.0,42,1.0,0.4763888888888889,0.4801111111111111
1,7,mouse,3000.0,137,1.0,0.4681944444444445,0.4741944444444444
1,7,mouse,3000.0,219,1.0,0.46597222222222223,0.47552777777777777
1,7,mouse,30.0,137,0.0,1.3830555555555557,1.3836527777777778
1,7,mouse,30.0,219,0.0,1.3688888888888888,1.3852222222222221
1,7,mouse,100.0,42,0.0,1.2108333333333334,1.1997222222222221
1,7,mouse,100.0,137,0.0,1.1997222222222221,1.1919166666666667
1,7,mouse,350.0,42,0.020833333333333332,0.8704166666666667,0.8655138888888889
1,7,mouse,350.0,137,0.041666666666666664,0.8649999999999999,0.8632361111111111
1,7,mouse,350.0,219,0.14583333333333334,0.8434722222222222,0.8640972222222222
1,7,mouse,500.0,42,0.3958333333333333,0.7743055555555557,0.7729305555555556
1,8,mouse,30.0,137,0.0,1.345,1.3444305555555556
1,8,mouse,30.0,219,0.0,1.3245833333333334,1.34575
1,8,mouse,100.0,42,0.0,1.133611111111111,1.1253194444444445
1,8,mouse,100.0,137,0.0,1.1263888888888889,1.1195694444444444
1,7,mouse,500.0,137,0.3958333333333333,0.7681944444444445,0.7685833333333333
1,7,mouse,500.0,219,0.5208333333333334,0.748611111111111,0.7689583333333333
1,7,mouse,1000.0,42,0.9791666666666666,0.6227777777777778,0.6231944444444445
1,7,mouse,1000.0,137,1.0,0.6124999999999999,0.617375
1,8,mouse,10.0,42,0.0,1.4593055555555552,1.4516111111111112
1,8,mouse,10.0,137,0.0,1.4402777777777775,1.4404722222222222
1,8,mouse,10.0,219,0.0,1.4281944444444445,1.4418055555555556
1,8,mouse,30.0,42,0.0,1.3625,1.354875
1,8,mouse,350.0,42,0.25,0.7981944444444444,0.7983472222222222
1,8,mouse,350.0,137,0.25,0.7969444444444443,0.7960277777777778
1,8,mouse,350.0,219,0.4166666666666667,0.7751388888888888,0.7951111111111111
1,8,mouse,500.0,42,0.7083333333333334,0.7145833333333335,0.7151666666666666
1,8,mouse,100.0,219,0.0,1.1016666666666668,1.1213333333333333
1,8,mouse,200.0,42,0.0,0.9504166666666668,0.9447638888888888
1,8,mouse,200.0,137,0.020833333333333332,0.9447222222222221,0.9415416666666667
1,8,mouse,200.0,219,0.020833333333333332,0.9154166666666667,0.9410138888888889
1,8,mouse,1000.0,219,1.0,0.5677777777777777,0.5786666666666667
1,8,mouse,3000.0,42,1.0,0.4586111111111111,0.4596527777777778
1,8,mouse,3000.0,137,1.0,0.4483333333333333,0.45531944444444444
1,8,mouse,3000.0,219,1.0,0.4473611111111111,0.45634722222222224
1,8,mouse,500.0,137,0.75,0.7116666666666666,0.7125694444444445
1,8,mouse,500.0,219,0.7916666666666666,0.6887500000000001,0.7102361111111111
1,8,mouse,1000.0,42,1.0,0.5844444444444444,0.585875
1,8,mouse,1000.0,137,1.0,0.575,0.5792361111111111
1,9,mouse,10.0,42,0.0,1.4791666666666667,1.4718333333333333
1,9,mouse,10.0,137,0.0,1.4598611111111108,1.459861111111111
1,9,mouse,10.0,219,0.0,1.450972222222222,1.4619861111111112
1,9,mouse,30.0,42,0.0,1.4105555555555556,1.4032083333333334
1,9,mouse,1000.0,219,0.9583333333333334,0.6169444444444444,0.6291944444444444
1,9,mouse,3000.0,42,1.0,0.48125,0.4800833333333333
1,9,mouse,3000.0,137,1.0,0.4672222222222222,0.47423611111111114
1,9,mouse,3000.0,219,1.0,0.46374999999999994,0.4752638888888889
1,9,mouse,30.0,137,0.0,1.3954166666666665,1.39475
1,9,mouse,30.0,219,0.0,1.3795833333333334,1.3955972222222222
1,9,mouse,100.0,42,0.0,1.2323611111111112,1.2225972222222221
1,9,mouse,100.0,137,0.0,1.2206944444444445,1.2156805555555557
1,10,mouse,100.0,219,0.0,1.1158333333333335,1.1359722222222222
1,10,mouse,200.0,42,0.0,0.9908333333333333,0.983
1,10,mouse,200.0,137,0.0,0.9793055555555555,0.97725
1,10,mouse,200.0,219,0.0,0.9568055555555556,0.9777222222222223
1,9,mouse,100.0,219,0.0,1.1930555555555555,1.2147916666666667
1,9,mouse,200.0,42,0.0,1.0591666666666666,1.0520694444444445
1,9,mouse,200.0,137,0.0,1.0508333333333333,1.04575
1,9,mouse,200.0,219,0.0,1.03,1.0471666666666666
1,9,mouse,350.0,42,0.0,0.8991666666666666,0.8932361111111111
1,9,mouse,350.0,137,0.020833333333333332,0.8938888888888888,0.8909722222222223
1,9,mouse,350.0,219,0.08333333333333333,0.86875,0.8913611111111112
1,9,mouse,500.0,42,0.2916666666666667,0.7943055555555555,0.7948611111111111
1,9,mouse,500.0,137,0.2916666666666667,0.7920833333333333,0.7925
1,9,mouse,500.0,219,0.4166666666666667,0.7712500000000001,0.7916944444444445
1,9,mouse,1000.0,42,0.9583333333333334,0.6358333333333334,0.636375
1,9,mouse,1000.0,137,1.0,0.6281944444444444,0.6311527777777778
1,10,mouse,10.0,42,0.0,1.4520833333333332,1.445638888888889
1,10,mouse,10.0,137,0.0,1.43625,1.4345416666666666
1,10,mouse,10.0,219,0.0,1.4219444444444445,1.4361666666666666
1,10,mouse,30.0,42,0.0,1.3566666666666667,1.3484583333333333
1,10,mouse,30.0,137,0.0,1.3370833333333334,1.3371805555555556
1,10,mouse,30.0,219,0.0,1.318611111111111,1.3381666666666667
1,10,mouse,100.0,42,0.0,1.1483333333333332,1.1400277777777779
1,10,mouse,100.0,137,0.0,1.1430555555555557,1.1352777777777778
1,10,mouse,350.0,42,0.0625,0.8508333333333334,0.8462222222222222
1,10,mouse,350.0,137,0.08333333333333333,0.8429166666666666,0.8440555555555556
1,10,mouse,350.0,219,0.1875,0.8238888888888889,0.8443333333333334
1,10,mouse,500.0,42,0.4375,0.7668055555555555,0.7649305555555556
1,11,mouse,10.0,42,0.0,1.4666666666666668,1.4579027777777778
1,11,mouse,10.0,137,0.0,1.4458333333333335,1.4468194444444444
1,11,mouse,10.0,219,0.0,1.4347222222222225,1.447875
1,11,mouse,30.0,42,0.0,1.3769444444444445,1.3694444444444445
1,11,mouse,350.0,42,0.14583333333333334,0.8244444444444445,0.8225833333333333
1,11,mouse,350.0,137,0.125,0.8229166666666666,0.8213611111111111
1,11,mouse,350.0,219,0.3125,0.8009722222222223,0.8215694444444445
1,11,mouse,500.0,42,0.6666666666666666,0.7395833333333334,0.7380277777777777
1,10,mouse,500.0,137,0.4375,0.7606944444444445,0.7610277777777777
1,10,mouse,500.0,219,0.5416666666666666,0.7405555555555555,0.7603472222222222
1,10,mouse,1000.0,42,0.9583333333333334,0.6275000000000001,0.627625
1,10,mouse,1000.0,137,1.0,0.6170833333333333,0.6218888888888889
1,10,mouse,1000.0,219,0.9791666666666666,0.6072222222222222,0.6206388888888889
1,10,mouse,3000.0,42,1.0,0.48430555555555554,0.48444444444444446
1,10,mouse,3000.0,137,1.0,0.4731944444444445,0.47880555555555554
1,10,mouse,3000.0,219,1.0,0.4695833333333333,0.47970833333333335
1,11,mouse,30.0,137,0.0,1.3604166666666668,1.3602083333333332
1,11,mouse,30.0,219,0.0,1.3412499999999998,1.3608333333333333
1,11,mouse,100.0,42,0.0,1.1645833333333335,1.1531527777777777
1,11,mouse,100.0,137,0.0,1.1563888888888887,1.147625
1,11,mouse,100.0,219,0.0,1.128611111111111,1.1480694444444444
1,11,mouse,200.0,42,0.0,0.981388888888889,0.9746388888888889
1,11,mouse,200.0,137,0.0,0.9733333333333333,0.9703055555555555
1,11,mouse,200.0,219,0.0,0.9465277777777779,0.9692083333333333
1,12,mouse,500.0,137,0.08333333333333333,0.8533333333333332,0.8516527777777778
1,12,mouse,500.0,219,0.14583333333333334,0.8305555555555556,0.8519583333333334
1,12,mouse,1000.0,42,0.8541666666666666,0.6768055555555555,0.67625
1,12,mouse,1000.0,137,0.9375,0.6711111111111112,0.673
1,11,mouse,500.0,137,0.6041666666666666,0.7323611111111111,0.7343472222222223
1,11,mouse,500.0,219,0.7291666666666666,0.7120833333333333,0.7318194444444445
1,11,mouse,1000.0,42,1.0,0.6022222222222222,0.6019583333333334
1,11,mouse,1000.0,137,1.0,0.5915277777777778,0.595625
1,11,mouse,1000.0,219,1.0,0.5829166666666666,0.5951527777777778
1,11,mouse,3000.0,42,1.0,0.4677777777777778,0.47169444444444447
1,11,mouse,3000.0,137,1.0,0.45999999999999996,0.46643055555555557
1,11,mouse,3000.0,219,1.0,0.4611111111111111,0.468
1,12,mouse,1000.0,219,0.875,0.6549999999999999,0.6710416666666666
1,12,mouse,3000.0,42,1.0,0.49819444444444444,0.4979722222222222
1,12,mouse,3000.0,137,1.0,0.4865277777777777,0.49301388888888886
1,12,mouse,3000.0,219,1.0,0.4811111111111111,0.49341666666666667
1,12,mouse,10.0,42,0.0,1.4881944444444446,1.4796944444444444
1,12,mouse,10.0,137,0.0,1.4673611111111111,1.4671666666666667
1,12,mouse,10.0,219,0.0,1.4595833333333335,1.4705555555555556
1,12,mouse,30.0,42,0.0,1.4324999999999999,1.4256527777777779
1,12,mouse,30.0,137,0.0,1.4179166666666667,1.416013888888889
1,12,mouse,30.0,219,0.0,1.401527777777778,1.4176666666666666
1,12,mouse,100.0,42,0.0,1.2861111111111112,1.273625
1,12,mouse,100.0,137,0.0,1.2675,1.263486111111111
1,12,mouse,100.0,219,0.0,1.2441666666666666,1.2646111111111111
1,12,mouse,200.0,42,0.0,1.1229166666666666,1.1135833333333334
1,12,mouse,200.0,137,0.0,1.1168055555555556,1.1077222222222223
1,12,mouse,200.0,219,0.0,1.0902777777777777,1.110263888888889
1,12,mouse,350.0,42,0.0,0.9618055555555555,0.9569305555555555
1,12,mouse,350.0,137,0.0,0.9563888888888888,0.9536805555555555
1,12,mouse,350.0,219,0.020833333333333332,0.9280555555555555,0.9529166666666666
1,12,mouse,500.0,42,0.0625,0.8573611111111111,0.8534027777777777
1,13,mouse,10.0,42,0.0,1.4615277777777778,1.4538888888888888
1,13,mouse,10.0,137,0.0,1.4425000000000001,1.4430138888888888
1,13,mouse,10.0,219,0.0,1.4309722222222223,1.4442916666666668
1,13,mouse,30.0,42,0.0,1.3658333333333335,1.3594583333333334
1,13,mouse,500.0,137,0.7708333333333334,0.7025,0.7023333333333334
1,13,mouse,500.0,219,0.7916666666666666,0.6809722222222222,0.6999583333333333
1,13,mouse,1000.0,42,1.0,0.57625,0.5757083333333334
1,13,mouse,1000.0,137,1.0,0.5630555555555555,0.5688333333333333
1,13,mouse,30.0,137,0.0,1.3509722222222222,1.3496388888888888
1,13,mouse,30.0,219,0.0,1.3305555555555557,1.350486111111111
1,13,mouse,100.0,42,0.0,1.1376388888888889,1.1287083333333334
1,13,mouse,100.0,137,0.0,1.1304166666666668,1.123513888888889
1,14,mouse,30.0,137,0.0,1.3279166666666666,1.3269861111111112
1,14,mouse,30.0,219,0.0,1.3098611111111111,1.3276527777777778
1,14,mouse,100.0,42,0.0,1.1268055555555556,1.1174444444444445
1,14,mouse,100.0,137,0.0,1.1201388888888888,1.1114583333333334
1,13,mouse,100.0,219,0.0,1.105138888888889,1.1250277777777777
1,13,mouse,200.0,42,0.0,0.9466666666666668,0.9415277777777777
1,13,mouse,200.0,137,0.020833333333333332,0.9405555555555555,0.9387361111111111
1,13,mouse,200.0,219,0.020833333333333332,0.9134722222222221,0.9387083333333334
1,13,mouse,350.0,42,0.2916666666666667,0.7898611111111111,0.7901111111111111
1,13,mouse,350.0,137,0.2708333333333333,0.7865277777777777,0.7870833333333334
1,13,mouse,350.0,219,0.4375,0.7670833333333333,0.7877777777777778
1,13,mouse,500.0,42,0.7083333333333334,0.7055555555555554,0.705125
1,13,mouse,1000.0,219,1.0,0.5551388888888888,0.5688055555555556
1,13,mouse,3000.0,42,1.0,0.4533333333333333,0.45652777777777775
1,13,mouse,3000.0,137,1.0,0.44527777777777783,0.4528888888888889
1,13,mouse,3000.0,219,1.0,0.4461111111111111,0.45381944444444444
1,14,mouse,10.0,42,0.0,1.4483333333333335,1.4419305555555555
1,14,mouse,10.0,137,0.0,1.432361111111111,1.4313888888888888
1,14,mouse,10.0,219,0.0,1.417638888888889,1.4326527777777778
1,14,mouse,30.0,42,0.0,1.346111111111111,1.3374722222222222
1,14,mouse,350.0,42,0.16666666666666666,0.8252777777777777,0.8235138888888889
1,14,mouse,350.0,137,0.125,0.8233333333333333,0.8224305555555556
1,14,mouse,350.0,219,0.3125,0.8015277777777777,0.8224722222222223
1,14,mouse,500.0,42,0.5208333333333334,0.7508333333333334,0.7476388888888889
1,14,mouse,100.0,219,0.0,1.0918055555555555,1.1130555555555555
1,14,mouse,200.0,42,0.0,0.9636111111111111,0.9566527777777778
1,14,mouse,200.0,137,0.020833333333333332,0.9554166666666667,0.9529166666666666
1,14,mouse,200.0,219,0.020833333333333332,0.9286111111111112,0.9524861111111111
1,14,mouse,500.0,137,0.5625,0.7423611111111112,0.74375
1,14,mouse,500.0,219,0.625,0.7226388888888889,0.7421111111111112
1,14,mouse,1000.0,42,0.9791666666666666,0.6190277777777777,0.618625
1,14,mouse,1000.0,137,1.0,0.6065277777777778,0.6126111111111111
1,14,mouse,1000.0,219,0.9791666666666666,0.5997222222222223,0.6126111111111111
1,14,mouse,3000.0,42,1.0,0.4809722222222222,0.48430555555555554
1,14,mouse,3000.0,137,1.0,0.47194444444444444,0.4789861111111111
1,14,mouse,3000.0,219,1.0,0.47152777777777777,0.4804027777777778
1,15,mouse,30.0,137,0.0,1.404027777777778,1.4022222222222223
1,15,mouse,30.0,219,0.0,1.3866666666666667,1.4031944444444444
1,15,mouse,100.0,42,0.0,1.2518055555555556,1.2405694444444444
1,15,mouse,100.0,137,0.0,1.2365277777777777,1.2321527777777779
1,15,mouse,350.0,42,0.0,0.9270833333333334,0.920875
1,15,mouse,350.0,137,0.020833333333333332,0.9193055555555555,0.918625
1,15,mouse,350.0,219,0.08333333333333333,0.8959722222222221,0.918625
1,15,mouse,500.0,42,0.14583333333333334,0.8238888888888889,0.821875
1,15,mouse,10.0,42,0.0,1.4819444444444443,1.4742638888888888
1,15,mouse,10.0,137,0.0,1.4615277777777778,1.4621527777777779
1,15,mouse,10.0,219,0.0,1.4543055555555557,1.4652222222222222
1,15,mouse,30.0,42,0.0,1.4179166666666667,1.410611111111111
1,15,mouse,100.0,219,0.0,1.2138888888888888,1.2330972222222223
1,15,mouse,200.0,42,0.0,1.0855555555555554,1.0758611111111112
1,15,mouse,200.0,137,0.0,1.0754166666666667,1.0695555555555556
1,15,mouse,200.0,219,0.0,1.05375,1.0707777777777778
1,15,mouse,500.0,137,0.125,0.822361111111111,0.8207222222222222
1,15,mouse,500.0,219,0.3125,0.8006944444444445,0.8211944444444444
1,15,mouse,1000.0,42,0.875,0.6580555555555555,0.6618333333333334
1,15,mouse,1000.0,137,0.9583333333333334,0.6544444444444445,0.65675
1,15,mouse,1000.0,219,0.8958333333333334,0.6401388888888889,0.6544444444444445
1,15,mouse,3000.0,42,1.0,0.49638888888888894,0.49840277777777775
1,15,mouse,3000.0,137,1.0,0.48736111111111113,0.49259722222222224
1,15,mouse,3000.0,219,1.0,0.4822222222222223,0.4941527777777778
1,17,mouse,10.0,42,0.0,1.4520833333333332,1.4455277777777777
1,17,mouse,10.0,137,0.0,1.4361111111111111,1.4344583333333334
1,17,mouse,10.0,219,0.0,1.4218055555555555,1.436
1,17,mouse,30.0,42,0.0,1.3526388888888887,1.343125
1,17,mouse,30.0,137,0.0,1.3312499999999998,1.3319305555555556
1,17,mouse,30.0,219,0.0,1.3143055555555556,1.3329722222222222
1,17,mouse,100.0,42,0.0,1.1251388888888887,1.1161805555555555
1,17,mouse,100.0,137,0.0,1.119861111111111,1.1102361111111112
1,16,mouse,10.0,42,0.0,1.4779166666666665,1.4705
1,16,mouse,10.0,137,0.0,1.4581944444444446,1.458736111111111
1,16,mouse,10.0,219,0.0,1.448611111111111,1.460513888888889
1,16,mouse,30.0,42,0.0,1.4076388888888889,1.4005972222222223
1,16,mouse,100.0,219,0.0,1.1915277777777777,1.2120277777777777
1,16,mouse,200.0,42,0.0,1.0598611111111111,1.0526527777777779
1,16,mouse,200.0,137,0.0,1.051111111111111,1.0459722222222223
1,16,mouse,200.0,219,0.0,1.03,1.0475833333333333
1,16,mouse,30.0,137,0.0,1.3925,1.3922777777777777
1,16,mouse,30.0,219,0.0,1.3763888888888889,1.3930972222222222
1,16,mouse,100.0,42,0.0,1.229861111111111,1.2192361111111112
1,16,mouse,100.0,137,0.0,1.2179166666666668,1.212513888888889
1,16,mouse,500.0,137,0.25,0.8004166666666667,0.8005
1,16,mouse,500.0,219,0.375,0.7790277777777778,0.7995555555555556
1,16,mouse,1000.0,42,0.9583333333333334,0.6454166666666666,0.6460694444444445
1,16,mouse,1000.0,137,0.9791666666666666,0.6386111111111111,0.6410694444444445
1,16,mouse,350.0,42,0.0,0.9036111111111111,0.8981527777777778
1,16,mouse,350.0,137,0.020833333333333332,0.9005555555555556,0.8965
1,16,mouse,350.0,219,0.08333333333333333,0.8741666666666669,0.8962638888888889
1,16,mouse,500.0,42,0.25,0.8033333333333333,0.8021805555555556
1,16,mouse,1000.0,219,0.8958333333333334,0.6256944444444444,0.6389722222222223
1,16,mouse,3000.0,42,1.0,0.4872222222222222,0.48631944444444447
1,16,mouse,3000.0,137,1.0,0.47513888888888883,0.4807222222222222
1,16,mouse,3000.0,219,1.0,0.4702777777777778,0.48186111111111113
1,18,mouse,10.0,42,0.0,1.4904166666666667,1.4824861111111112
1,18,mouse,10.0,137,0.0,1.4694444444444443,1.4702916666666668
1,18,mouse,10.0,219,0.0,1.462361111111111,1.4730694444444445
1,18,mouse,30.0,42,0.0,1.4402777777777775,1.4324305555555557
1,17,mouse,500.0,137,0.6458333333333334,0.7226388888888889,0.7242361111111111
1,17,mouse,500.0,219,0.7708333333333334,0.7008333333333333,0.7217083333333333
1,17,mouse,1000.0,42,1.0,0.5994444444444444,0.5989305555555555
1,17,mouse,1000.0,137,1.0,0.58625,0.5920833333333333
1,17,mouse,100.0,219,0.0,1.0929166666666668,1.1126111111111112
1,17,mouse,200.0,42,0.0,0.9518055555555556,0.9454027777777778
1,17,mouse,200.0,137,0.020833333333333332,0.9445833333333334,0.9422638888888889
1,17,mouse,200.0,219,0.020833333333333332,0.9169444444444445,0.9418611111111111
1,17,mouse,350.0,42,0.22916666666666666,0.8066666666666666,0.8065555555555556
1,17,mouse,350.0,137,0.22916666666666666,0.8061111111111111,0.8047777777777778
1,17,mouse,350.0,219,0.3541666666666667,0.7833333333333333,0.8041944444444444
1,17,mouse,500.0,42,0.7083333333333334,0.7263888888888889,0.7267777777777777
1,18,mouse,30.0,137,0.0,1.4223611111111112,1.4219861111111112
1,18,mouse,30.0,219,0.0,1.4116666666666664,1.4245833333333333
1,18,mouse,100.0,42,0.0,1.29625,1.285111111111111
1,18,mouse,100.0,137,0.0,1.2738888888888888,1.2755555555555556
1,18,mouse,350.0,42,0.0,0.9781944444444445,0.9700416666666667
1,18,mouse,350.0,137,0.020833333333333332,0.9677777777777777,0.9651944444444445
1,18,mouse,350.0,219,0.0,0.9427777777777777,0.9637638888888889
1,18,mouse,500.0,42,0.020833333333333332,0.8673611111111109,0.8629027777777778
1,18,mouse,100.0,219,0.0,1.2590277777777779,1.2755833333333333
1,18,mouse,200.0,42,0.0,1.1388888888888888,1.128375
1,18,mouse,200.0,137,0.0,1.1294444444444445,1.120611111111111
1,18,mouse,200.0,219,0.0,1.105,1.1214305555555555
1,17,mouse,1000.0,219,1.0,0.5802777777777778,0.5923194444444444
1,17,mouse,3000.0,42,1.0,0.46833333333333327,0.46925
1,17,mouse,3000.0,137,1.0,0.45708333333333334,0.4640138888888889
1,17,mouse,3000.0,219,1.0,0.4552777777777777,0.4650972222222222
1,18,mouse,500.0,137,0.0625,0.859861111111111,0.8601944444444445
1,18,mouse,500.0,219,0.14583333333333334,0.8419444444444443,0.8619027777777778
1,18,mouse,1000.0,42,0.8125,0.6862499999999999,0.687375
1,18,mouse,1000.0,137,0.9166666666666666,0.6813888888888888,0.6823611111111111
1,19,mouse,10.0,42,0.0,1.4343055555555555,1.428
1,19,mouse,10.0,137,0.0,1.4191666666666667,1.4178472222222223
1,19,mouse,10.0,219,0.0,1.4043055555555555,1.420013888888889
1,19,mouse,30.0,42,0.0,1.3106944444444444,1.3004166666666668
1,18,mouse,1000.0,219,0.8333333333333334,0.6672222222222222,0.6806527777777778
1,18,mouse,3000.0,42,1.0,0.5079166666666667,0.5095972222222223
1,18,mouse,3000.0,137,1.0,0.49874999999999997,0.5044027777777778
1,18,mouse,3000.0,219,1.0,0.4930555555555555,0.5047361111111112
1,19,mouse,100.0,219,0.0,0.9995833333333333,1.019236111111111
1,19,mouse,200.0,42,0.10416666666666667,0.8333333333333334,0.8320416666666667
1,19,mouse,200.0,137,0.10416666666666667,0.8309722222222223,0.830625
1,19,mouse,200.0,219,0.22916666666666666,0.8094444444444445,0.8304583333333333
1,19,mouse,30.0,137,0.0,1.2905555555555555,1.2892083333333333
1,19,mouse,30.0,219,0.0,1.272638888888889,1.2904305555555555
1,19,mouse,100.0,42,0.0,1.0347222222222223,1.0244444444444445
1,19,mouse,100.0,137,0.0,1.021388888888889,1.0187916666666668
1,19,mouse,350.0,42,0.75,0.6972222222222221,0.6970416666666667
1,19,mouse,350.0,137,0.8333333333333334,0.6940277777777778,0.6942638888888889
1,19,mouse,350.0,219,0.7916666666666666,0.6741666666666667,0.691375
1,19,mouse,500.0,42,0.9583333333333334,0.6263888888888889,0.6264027777777778
1,20,mouse,100.0,219,0.0,1.0397222222222222,1.0570694444444444
1,20,mouse,200.0,42,0.020833333333333332,0.8902777777777778,0.8857777777777778
1,20,mouse,200.0,137,0.020833333333333332,0.8856944444444445,0.8837916666666666
1,20,mouse,200.0,219,0.08333333333333333,0.8626388888888887,0.884125
1,19,mouse,500.0,137,1.0,0.6158333333333333,0.6207777777777778
1,19,mouse,500.0,219,0.9791666666666666,0.606388888888889,0.6197916666666666
1,19,mouse,1000.0,42,1.0,0.5216666666666666,0.5218888888888888
1,19,mouse,1000.0,137,1.0,0.50875,0.5156388888888889
1,19,mouse,1000.0,219,1.0,0.5055555555555555,0.5167222222222222
1,19,mouse,3000.0,42,1.0,0.435,0.43469444444444444
1,19,mouse,3000.0,137,1.0,0.4245833333333333,0.4326388888888889
1,19,mouse,3000.0,219,1.0,0.4265277777777778,0.43316666666666664
1,20,mouse,10.0,42,0.0,1.4377777777777778,1.4313333333333333
1,20,mouse,10.0,137,0.0,1.4231944444444444,1.4211805555555554
1,20,mouse,10.0,219,0.0,1.4073611111111113,1.423
1,20,mouse,30.0,42,0.0,1.3225,1.3129305555555555
1,20,mouse,30.0,137,0.0,1.3025,1.3013611111111112
1,20,mouse,30.0,219,0.0,1.2840277777777778,1.3033472222222222
1,20,mouse,100.0,42,0.0,1.0706944444444444,1.0623472222222223
1,20,mouse,100.0,137,0.0,1.0611111111111111,1.0553611111111112
1,21,mouse,30.0,137,0.0,1.3926388888888888,1.3924305555555556
1,21,mouse,30.0,219,0.0,1.3768055555555556,1.3930972222222222
1,21,mouse,100.0,42,0.0,1.23125,1.2193611111111111
1,21,mouse,100.0,137,0.0,1.2172222222222222,1.212125
1,20,mouse,350.0,42,0.5416666666666666,0.7531944444444445,0.7527222222222222
1,20,mouse,350.0,137,0.5208333333333334,0.7484722222222221,0.7492083333333334
1,20,mouse,350.0,219,0.6458333333333334,0.7270833333333334,0.7476666666666667
1,20,mouse,500.0,42,0.875,0.6779166666666668,0.6779583333333333
1,21,mouse,500.0,137,0.25,0.7997222222222223,0.7985972222222222
1,21,mouse,500.0,219,0.4166666666666667,0.7780555555555555,0.7985277777777777
1,21,mouse,1000.0,42,0.9375,0.6431944444444445,0.6451388888888889
1,21,mouse,1000.0,137,0.9791666666666666,0.6376388888888889,0.6403611111111112
1,20,mouse,500.0,137,0.9166666666666666,0.6718055555555554,0.6745416666666667
1,20,mouse,500.0,219,0.8541666666666666,0.65625,0.6718888888888889
1,20,mouse,1000.0,42,1.0,0.5620833333333334,0.5631527777777777
1,20,mouse,1000.0,137,1.0,0.5531944444444444,0.5569166666666666
1,20,mouse,1000.0,219,1.0,0.545,0.5569166666666666
1,20,mouse,3000.0,42,1.0,0.4495833333333333,0.4521527777777778
1,20,mouse,3000.0,137,1.0,0.44111111111111106,0.4491527777777778
1,20,mouse,3000.0,219,1.0,0.44263888888888886,0.4497083333333333
1,21,mouse,10.0,42,0.0,1.4779166666666665,1.4704444444444444
1,21,mouse,10.0,137,0.0,1.4583333333333333,1.4588194444444444
1,21,mouse,10.0,219,0.0,1.448611111111111,1.460625
1,21,mouse,30.0,42,0.0,1.4077777777777776,1.4006527777777777
1,21,mouse,100.0,219,0.0,1.1905555555555556,1.2115138888888888
1,21,mouse,200.0,42,0.0,1.05875,1.051986111111111
1,21,mouse,200.0,137,0.0,1.050138888888889,1.0450833333333334
1,21,mouse,200.0,219,0.0,1.03,1.0464444444444445
1,21,mouse,350.0,42,0.0,0.9023611111111111,0.8969722222222222
1,21,mouse,350.0,137,0.020833333333333332,0.8979166666666666,0.8951388888888889
1,21,mouse,350.0,219,0.08333333333333333,0.8737499999999999,0.8950833333333333
1,21,mouse,500.0,42,0.25,0.8022222222222224,0.8010833333333334
1,22,mouse,350.0,42,0.0,0.9345833333333333,0.931375
1,22,mouse,350.0,137,0.020833333333333332,0.9306944444444444,0.928625
1,22,mouse,350.0,219,0.0625,0.9034722222222221,0.9291111111111111
1,22,mouse,500.0,42,0.10416666666666667,0.8375,0.8356805555555555
1,21,mouse,1000.0,219,0.8958333333333334,0.6256944444444444,0.6388194444444445
1,21,mouse,3000.0,42,1.0,0.4893055555555556,0.4883888888888889
1,21,mouse,3000.0,137,1.0,0.4770833333333333,0.48244444444444445
1,21,mouse,3000.0,219,1.0,0.4730555555555556,0.4841666666666667
1,22,mouse,30.0,137,0.0,1.3999999999999997,1.3993888888888888
1,22,mouse,30.0,219,0.0,1.3843055555555557,1.400263888888889
1,22,mouse,100.0,42,0.0,1.2509722222222222,1.2400972222222222
1,22,mouse,100.0,137,0.0,1.2369444444444444,1.231861111111111
1,22,mouse,10.0,42,0.0,1.4804166666666667,1.4729722222222221
1,22,mouse,10.0,137,0.0,1.4604166666666665,1.4610555555555556
1,22,mouse,10.0,219,0.0,1.4525,1.4636527777777777
1,22,mouse,30.0,42,0.0,1.4152777777777779,1.4079305555555555
1,22,mouse,1000.0,219,0.8541666666666666,0.6530555555555556,0.6682083333333333
1,22,mouse,3000.0,42,1.0,0.5047222222222222,0.5067361111111112
1,22,mouse,3000.0,137,1.0,0.49444444444444446,0.5010555555555556
1,22,mouse,3000.0,219,1.0,0.4905555555555556,0.5021805555555555
1,22,mouse,100.0,219,0.0,1.2118055555555556,1.23225
1,22,mouse,200.0,42,0.0,1.0906944444444444,1.0813055555555555
1,22,mouse,200.0,137,0.0,1.0811111111111111,1.0744166666666666
1,22,mouse,200.0,219,0.0,1.0591666666666666,1.0764166666666666
1,22,mouse,500.0,137,0.10416666666666667,0.8344444444444444,0.8339583333333334
1,22,mouse,500.0,219,0.22916666666666666,0.8136111111111112,0.8342777777777778
1,22,mouse,1000.0,42,0.875,0.6695833333333333,0.6744861111111111
1,22,mouse,1000.0,137,0.9583333333333334,0.6677777777777778,0.6697361111111111
1,23,mouse,1000.0,219,1.0,0.5822222222222222,0.5928333333333333
1,23,mouse,3000.0,42,1.0,0.46597222222222223,0.4664583333333333
1,23,mouse,3000.0,137,1.0,0.4552777777777777,0.46129166666666666
1,23,mouse,3000.0,219,1.0,0.45222222222222225,0.46205555555555555
1,23,mouse,10.0,42,0.0,1.4506944444444443,1.4439583333333332
1,23,mouse,10.0,137,0.0,1.4348611111111111,1.4332361111111112
1,23,mouse,10.0,219,0.0,1.4205555555555556,1.4348194444444444
1,23,mouse,30.0,42,0.0,1.3509722222222222,1.3415555555555556
1,23,mouse,100.0,219,0.0,1.0931944444444444,1.1141527777777778
1,23,mouse,200.0,42,0.0,0.9568055555555555,0.9507638888888889
1,23,mouse,200.0,137,0.0,0.9508333333333333,0.9477777777777778
1,23,mouse,200.0,219,0.020833333333333332,0.9216666666666667,0.9469166666666666
1,23,mouse,30.0,137,0.0,1.3305555555555557,1.3305555555555555
1,23,mouse,30.0,219,0.0,1.3125,1.3314722222222222
1,23,mouse,100.0,42,0.0,1.1259722222222222,1.1177222222222223
1,23,mouse,100.0,137,0.0,1.1202777777777777,1.1120138888888889
1,23,mouse,350.0,42,0.20833333333333334,0.8123611111111111,0.8124305555555555
1,23,mouse,350.0,137,0.20833333333333334,0.8108333333333334,0.8106666666666666
1,23,mouse,350.0,219,0.3541666666666667,0.7886111111111113,0.8106944444444445
1,23,mouse,500.0,42,0.6666666666666666,0.7326388888888888,0.7312638888888889
1,23,mouse,500.0,137,0.6458333333333334,0.7276388888888888,0.7289305555555555
1,23,mouse,500.0,219,0.75,0.7051388888888889,0.7265694444444445
1,23,mouse,1000.0,42,1.0,0.5993055555555555,0.5995833333333334
1,23,mouse,1000.0,137,1.0,0.5884722222222223,0.5933611111111111
1,24,mouse,350.0,42,0.7083333333333334,0.7279166666666667,0.7276805555555556
1,24,mouse,350.0,137,0.625,0.7233333333333333,0.7251388888888889
1,24,mouse,350.0,219,0.7708333333333334,0.7022222222222222,0.7226527777777778
1,24,mouse,500.0,42,0.8958333333333334,0.6538888888888889,0.6565277777777778
1,24,mouse,10.0,42,0.0,1.4252777777777776,1.4188333333333334
1,24,mouse,10.0,137,0.0,1.4105555555555558,1.4092361111111111
1,24,mouse,10.0,219,0.0,1.3952777777777776,1.4109305555555556
1,24,mouse,30.0,42,0.0,1.301388888888889,1.2895833333333333
1,24,mouse,30.0,137,0.0,1.2816666666666665,1.2782222222222221
1,24,mouse,30.0,219,0.0,1.2612499999999998,1.279763888888889
1,24,mouse,100.0,42,0.0,1.04,1.0329027777777777
1,24,mouse,100.0,137,0.0,1.0308333333333335,1.0267638888888888
1,24,mouse,500.0,137,0.9791666666666666,0.6486111111111111,0.6525
1,24,mouse,500.0,219,0.8958333333333334,0.6359722222222223,0.6502916666666667
1,24,mouse,1000.0,42,1.0,0.5468055555555557,0.5466388888888889
1,24,mouse,1000.0,137,1.0,0.5370833333333334,0.5409583333333333
1,25,mouse,10.0,42,0.0,1.4309722222222223,1.424013888888889
1,25,mouse,10.0,137,0.0,1.4151388888888892,1.4143055555555555
1,25,mouse,10.0,219,0.0,1.4002777777777775,1.4157222222222223
1,25,mouse,30.0,42,0.0,1.3159722222222223,1.3048333333333333
1,24,mouse,100.0,219,0.0,1.0109722222222224,1.0282777777777778
1,24,mouse,200.0,42,0.041666666666666664,0.8611111111111112,0.8577916666666666
1,24,mouse,200.0,137,0.0625,0.8568055555555555,0.8556388888888888
1,24,mouse,200.0,219,0.14583333333333334,0.8347222222222221,0.8562777777777778
1,24,mouse,1000.0,219,1.0,0.5297222222222223,0.5413472222222222
1,24,mouse,3000.0,42,1.0,0.44388888888888883,0.44469444444444445
1,24,mouse,3000.0,137,1.0,0.4345833333333333,0.44177777777777777
1,24,mouse,3000.0,219,1.0,0.43583333333333335,0.44154166666666667
1,26,mouse,10.0,42,0.0,1.4518055555555556,1.4450277777777778
1,26,mouse,10.0,137,0.0,1.4356944444444446,1.4340555555555556
1,26,mouse,10.0,219,0.0,1.42125,1.435625
1,26,mouse,30.0,42,0.0,1.3537499999999998,1.3449722222222222
1,25,mouse,30.0,137,0.0,1.2956944444444447,1.2934305555555556
1,25,mouse,30.0,219,0.0,1.2765277777777777,1.294736111111111
1,25,mouse,100.0,42,0.0,1.0773611111111112,1.0687222222222221
1,25,mouse,100.0,137,0.0,1.0680555555555555,1.0620833333333333
1,25,mouse,100.0,219,0.0,1.0461111111111112,1.0634166666666667
1,25,mouse,200.0,42,0.020833333333333332,0.908611111111111,0.9029583333333333
1,25,mouse,200.0,137,0.020833333333333332,0.9027777777777777,0.9010694444444445
1,25,mouse,200.0,219,0.08333333333333333,0.8801388888888889,0.901125
1,25,mouse,350.0,42,0.4166666666666667,0.7752777777777777,0.7735
1,25,mouse,350.0,137,0.3541666666666667,0.7698611111111111,0.7704861111111111
1,25,mouse,350.0,219,0.5,0.7512500000000001,0.7699722222222222
1,25,mouse,500.0,42,0.7083333333333334,0.7015277777777778,0.6998611111111112
1,25,mouse,500.0,137,0.7916666666666666,0.6969444444444445,0.6963611111111111
1,25,mouse,500.0,219,0.7916666666666666,0.6777777777777777,0.6937083333333334
1,25,mouse,1000.0,42,1.0,0.5834722222222223,0.5824444444444444
1,25,mouse,1000.0,137,1.0,0.5695833333333334,0.5750277777777778
1,25,mouse,1000.0,219,1.0,0.5622222222222222,0.5747916666666667
1,25,mouse,3000.0,42,1.0,0.4608333333333334,0.46558333333333335
1,25,mouse,3000.0,137,1.0,0.4547222222222222,0.4610972222222222
1,25,mouse,3000.0,219,1.0,0.45500000000000007,0.46218055555555554
1,26,mouse,500.0,137,0.6041666666666666,0.7345833333333333,0.7361944444444445
1,26,mouse,500.0,219,0.75,0.7119444444444444,0.73375
1,26,mouse,1000.0,42,1.0,0.6070833333333333,0.6064305555555556
1,26,mouse,1000.0,137,1.0,0.5938888888888889,0.59925
1,27,mouse,30.0,137,0.0,1.3522222222222222,1.3508472222222223
1,27,mouse,30.0,219,0.0,1.3322222222222222,1.3519583333333334
1,27,mouse,100.0,42,0.0,1.1383333333333334,1.1292777777777778
1,27,mouse,100.0,137,0.0,1.131111111111111,1.1235694444444444
1,26,mouse,100.0,219,0.0,1.103611111111111,1.123138888888889
1,26,mouse,200.0,42,0.0,0.9656944444444443,0.9598472222222222
1,26,mouse,200.0,137,0.0,0.9590277777777777,0.9564305555555556
1,26,mouse,200.0,219,0.020833333333333332,0.9323611111111111,0.9557916666666667
1,26,mouse,30.0,137,0.0,1.3327777777777778,1.3338611111111112
1,26,mouse,30.0,219,0.0,1.3151388888888889,1.3345
1,26,mouse,100.0,42,0.0,1.1354166666666667,1.1268055555555556
1,26,mouse,100.0,137,0.0,1.1279166666666667,1.1211527777777779
1,26,mouse,350.0,42,0.20833333333333334,0.8223611111111112,0.8206111111111111
1,26,mouse,350.0,137,0.16666666666666666,0.81875,0.8191388888888889
1,26,mouse,350.0,219,0.25,0.7980555555555556,0.8188055555555556
1,26,mouse,500.0,42,0.6041666666666666,0.741388888888889,0.7393611111111111
1,26,mouse,1000.0,219,1.0,0.5872222222222222,0.5994166666666667
1,26,mouse,3000.0,42,1.0,0.4709722222222222,0.47175
1,26,mouse,3000.0,137,1.0,0.4601388888888889,0.46634722222222225
1,26,mouse,3000.0,219,1.0,0.4565277777777778,0.4671111111111111
1,27,mouse,10.0,42,0.0,1.4631944444444442,1.4547222222222222
1,27,mouse,10.0,137,0.0,1.4431944444444447,1.4436527777777777
1,27,mouse,10.0,219,0.0,1.4316666666666666,1.4451805555555555
1,27,mouse,30.0,42,0.0,1.3684722222222223,1.3610972222222222
1,28,mouse,30.0,137,0.0,1.3616666666666666,1.3613194444444445
1,28,mouse,30.0,219,0.0,1.3425,1.3615277777777777
1,28,mouse,100.0,42,0.0,1.1812500000000001,1.1707222222222222
1,28,mouse,100.0,137,0.0,1.1709722222222223,1.1639027777777777
1,27,mouse,100.0,219,0.0,1.105138888888889,1.1252222222222221
1,27,mouse,200.0,42,0.0,0.9444444444444443,0.9397777777777778
1,27,mouse,200.0,137,0.020833333333333332,0.9401388888888889,0.9369166666666666
1,27,mouse,200.0,219,0.041666666666666664,0.9109722222222222,0.936625
1,27,mouse,350.0,42,0.2916666666666667,0.7869444444444443,0.7869166666666667
1,27,mouse,350.0,137,0.2916666666666667,0.7827777777777777,0.7839861111111112
1,27,mouse,350.0,219,0.4375,0.76375,0.7844861111111111
1,27,mouse,500.0,42,0.7291666666666666,0.7015277777777778,0.7011666666666667
1,27,mouse,500.0,137,0.7916666666666666,0.6984722222222222,0.6985833333333333
1,27,mouse,500.0,219,0.7916666666666666,0.6773611111111112,0.6963333333333334
1,27,mouse,1000.0,42,1.0,0.5718055555555556,0.5719722222222222
1,27,mouse,1000.0,137,1.0,0.5601388888888889,0.5648472222222222
1,28,mouse,100.0,219,0.0,1.1429166666666666,1.1645555555555556
1,28,mouse,200.0,42,0.0,1.0152777777777777,1.0061527777777777
1,28,mouse,200.0,137,0.0,1.0027777777777778,1.000125
1,28,mouse,200.0,219,0.0,0.9795833333333334,0.9997777777777778
1,27,mouse,1000.0,219,1.0,0.5523611111111111,0.5648888888888889
1,27,mouse,3000.0,42,1.0,0.4502777777777778,0.45368055555555553
1,27,mouse,3000.0,137,1.0,0.4419444444444444,0.45022222222222225
1,27,mouse,3000.0,219,1.0,0.44333333333333336,0.45080555555555557
1,28,mouse,10.0,42,0.0,1.4654166666666668,1.4566388888888888
1,28,mouse,10.0,137,0.0,1.4448611111111112,1.4455833333333334
1,28,mouse,10.0,219,0.0,1.4333333333333336,1.4468194444444444
1,28,mouse,30.0,42,0.0,1.378472222222222,1.3703472222222222
1,28,mouse,350.0,42,0.020833333333333332,0.8641666666666667,0.8592777777777778
1,28,mouse,350.0,137,0.041666666666666664,0.8574999999999999,0.8571805555555555
1,28,mouse,350.0,219,0.14583333333333334,0.8370833333333333,0.8583333333333333
1,28,mouse,500.0,42,0.4166666666666667,0.7745833333333333,0.7728055555555555
1,28,mouse,1000.0,219,0.9791666666666666,0.6075,0.6210555555555556
1,28,mouse,3000.0,42,1.0,0.48125,0.48133333333333334
1,28,mouse,3000.0,137,1.0,0.47000000000000003,0.47591666666666665
1,28,mouse,3000.0,219,1.0,0.46694444444444444,0.47670833333333335
1,29,mouse,10.0,42,0.0,1.4784722222222222,1.4711944444444445
1,29,mouse,10.0,137,0.0,1.458611111111111,1.4600416666666667
1,29,mouse,10.0,219,0.0,1.4495833333333337,1.461486111111111
1,29,mouse,30.0,42,0.0,1.4115277777777777,1.401513888888889
1,29,mouse,100.0,219,0.0,1.1922222222222223,1.2090694444444445
1,29,mouse,200.0,42,0.0,1.0584722222222223,1.0467083333333334
1,29,mouse,200.0,137,0.0,1.045,1.04075
1,29,mouse,200.0,219,0.0,1.0241666666666667,1.0399166666666666
1,28,mouse,500.0,137,0.4166666666666667,0.7680555555555554,0.7685694444444444
1,28,mouse,500.0,219,0.5208333333333334,0.7470833333333333,0.7687916666666667
1,28,mouse,1000.0,42,0.9583333333333334,0.6279166666666667,0.6281805555555555
1,28,mouse,1000.0,137,1.0,0.6175,0.6224583333333333
1,29,mouse,30.0,137,0.0,1.3870833333333332,1.391375
1,29,mouse,30.0,219,0.0,1.3793055555555556,1.3931111111111112
1,29,mouse,100.0,42,0.0,1.229861111111111,1.2181111111111111
1,29,mouse,100.0,137,0.0,1.2118055555555556,1.209138888888889
1,30,mouse,350.0,42,0.0,0.9493055555555556,0.9437638888888888
1,30,mouse,350.0,137,0.020833333333333332,0.9434722222222222,0.9408472222222222
1,30,mouse,350.0,219,0.020833333333333332,0.9169444444444445,0.9409444444444445
1,30,mouse,500.0,42,0.08333333333333333,0.8454166666666666,0.8413888888888889
1,29,mouse,350.0,42,0.020833333333333332,0.8994444444444444,0.8933888888888889
1,29,mouse,350.0,137,0.020833333333333332,0.8929166666666667,0.8898194444444445
1,29,mouse,350.0,219,0.0625,0.8705555555555556,0.8916527777777777
1,29,mouse,500.0,42,0.20833333333333334,0.8022222222222221,0.7990694444444445
1,29,mouse,500.0,137,0.2708333333333333,0.7940277777777777,0.7949444444444445
1,29,mouse,500.0,219,0.3958333333333333,0.7765277777777778,0.7962638888888889
1,29,mouse,1000.0,42,0.8958333333333334,0.6454166666666666,0.6470277777777778
1,29,mouse,1000.0,137,1.0,0.6377777777777778,0.6410694444444445
1,30,mouse,10.0,42,0.0,1.486527777777778,1.4784583333333334
1,30,mouse,10.0,137,0.0,1.4658333333333333,1.4659861111111112
1,30,mouse,10.0,219,0.0,1.4584722222222222,1.4693055555555556
1,30,mouse,30.0,42,0.0,1.4287500000000002,1.422013888888889
1,29,mouse,1000.0,219,0.9375,0.6272222222222222,0.6400416666666666
1,29,mouse,3000.0,42,1.0,0.49124999999999996,0.4938472222222222
1,29,mouse,3000.0,137,1.0,0.48125,0.4881111111111111
1,29,mouse,3000.0,219,1.0,0.4802777777777778,0.48920833333333336
1,30,mouse,30.0,137,0.0,1.4134722222222222,1.4123194444444445
1,30,mouse,30.0,219,0.0,1.3988888888888888,1.4140277777777779
1,30,mouse,100.0,42,0.0,1.2759722222222223,1.2649444444444444
1,30,mouse,100.0,137,0.0,1.2604166666666667,1.2553333333333334
1,30,mouse,1000.0,219,0.875,0.6497222222222222,0.6629444444444444
1,30,mouse,3000.0,42,1.0,0.49736111111111114,0.4966111111111111
1,30,mouse,3000.0,137,1.0,0.48527777777777775,0.49125
1,30,mouse,3000.0,219,1.0,0.48055555555555557,0.4924027777777778
1,30,mouse,100.0,219,0.0,1.2365277777777777,1.2549444444444444
1,30,mouse,200.0,42,0.0,1.1104166666666668,1.1021527777777778
1,30,mouse,200.0,137,0.0,1.103611111111111,1.0961944444444445
1,30,mouse,200.0,219,0.0,1.0788888888888888,1.0983055555555556
1,31,mouse,10.0,42,0.0,1.4956944444444444,1.4895277777777778
1,31,mouse,10.0,137,0.0,1.47625,1.4774583333333333
1,31,mouse,10.0,219,0.0,1.46875,1.4800277777777777
1,31,mouse,30.0,42,0.0,1.4580555555555559,1.450888888888889
1,30,mouse,500.0,137,0.10416666666666667,0.8391666666666667,0.8387222222222223
1,30,mouse,500.0,219,0.1875,0.8197222222222221,0.8392916666666667
1,30,mouse,1000.0,42,0.875,0.664861111111111,0.6686944444444445
1,30,mouse,1000.0,137,0.9583333333333334,0.6619444444444444,0.6646666666666666
1,31,mouse,30.0,137,0.0,1.43875,1.4399861111111112
1,31,mouse,30.0,219,0.0,1.430138888888889,1.4418194444444445
1,31,mouse,100.0,42,0.0,1.3284722222222223,1.3206805555555556
1,31,mouse,100.0,137,0.0,1.306527777777778,1.309388888888889
1,31,mouse,100.0,219,0.0,1.2952777777777778,1.3096805555555555
1,31,mouse,200.0,42,0.0,1.1786111111111113,1.1695833333333334
1,31,mouse,200.0,137,0.0,1.1679166666666667,1.161625
1,31,mouse,200.0,219,0.0,1.144861111111111,1.1620694444444444
1,32,mouse,500.0,137,0.8333333333333334,0.6906944444444445,0.6918472222222222
1,32,mouse,500.0,219,0.7916666666666666,0.6711111111111112,0.6895555555555556
1,32,mouse,1000.0,42,1.0,0.5756944444444444,0.5758888888888889
1,32,mouse,1000.0,137,1.0,0.5652777777777778,0.5690277777777778
1,31,mouse,350.0,42,0.0,1.0227777777777776,1.0122361111111111
1,31,mouse,350.0,137,0.0,1.011388888888889,1.006388888888889
1,31,mouse,350.0,219,0.0,0.9854166666666666,1.005375
1,31,mouse,500.0,42,0.020833333333333332,0.9131944444444445,0.9058888888888889
1,31,mouse,1000.0,219,0.75,0.6968055555555557,0.7137638888888889
1,31,mouse,3000.0,42,1.0,0.5247222222222222,0.5262916666666667
1,31,mouse,3000.0,137,1.0,0.5138888888888888,0.5202777777777777
1,31,mouse,3000.0,219,1.0,0.5098611111111111,0.5207361111111111
1,31,mouse,500.0,137,0.020833333333333332,0.9026388888888889,0.9016944444444445
1,31,mouse,500.0,219,0.0625,0.8811111111111111,0.9026527777777777
1,31,mouse,1000.0,42,0.6666666666666666,0.7206944444444444,0.7194861111111112
1,31,mouse,1000.0,137,0.6875,0.7170833333333334,0.7158611111111111
1,32,mouse,1000.0,219,1.0,0.5561111111111111,0.5687361111111111
1,32,mouse,3000.0,42,1.0,0.45625000000000004,0.45802777777777776
1,32,mouse,3000.0,137,1.0,0.44638888888888895,0.45402777777777775
1,32,mouse,3000.0,219,1.0,0.4466666666666667,0.4549861111111111
1,32,mouse,10.0,42,0.0,1.4306944444444447,1.4243333333333332
1,32,mouse,10.0,137,0.0,1.4158333333333333,1.4145
1,32,mouse,10.0,219,0.0,1.4004166666666666,1.4161805555555556
1,32,mouse,30.0,42,0.0,1.3145833333333334,1.3040555555555555
1,32,mouse,30.0,137,0.0,1.2955555555555556,1.2929166666666667
1,32,mouse,30.0,219,0.0,1.275972222222222,1.2942916666666666
1,32,mouse,100.0,42,0.0,1.0761111111111112,1.0677222222222222
1,32,mouse,100.0,137,0.0,1.0662500000000001,1.060625
1,32,mouse,350.0,42,0.4166666666666667,0.7722222222222221,0.770375
1,32,mouse,350.0,137,0.3958333333333333,0.7661111111111111,0.7670416666666666
1,32,mouse,350.0,219,0.5208333333333334,0.7454166666666667,0.7663333333333333
1,32,mouse,500.0,42,0.7708333333333334,0.6944444444444445,0.6947222222222222
1,32,mouse,100.0,219,0.0,1.0455555555555556,1.0622083333333334
1,32,mouse,200.0,42,0.0,0.9055555555555556,0.9008472222222222
1,32,mouse,200.0,137,0.020833333333333332,0.9027777777777778,0.8994444444444445
1,32,mouse,200.0,219,0.08333333333333333,0.8758333333333334,0.8987083333333333
1,33,mouse,350.0,42,0.16666666666666666,0.8240277777777777,0.8221805555555556
1,33,mouse,350.0,137,0.14583333333333334,0.8190277777777778,0.8203888888888888
1,33,mouse,350.0,219,0.25,0.7997222222222223,0.8201944444444444
1,33,mouse,500.0,42,0.6458333333333334,0.7377777777777778,0.7367638888888889
1,33,mouse,10.0,42,0.0,1.4540277777777775,1.4472777777777779
1,33,mouse,10.0,137,0.0,1.4384722222222222,1.4367083333333333
1,33,mouse,10.0,219,0.0,1.4240277777777777,1.438013888888889
1,33,mouse,30.0,42,0.0,1.3593055555555555,1.3507916666666666
1,33,mouse,30.0,137,0.0,1.3411111111111111,1.340125
1,33,mouse,30.0,219,0.0,1.3208333333333333,1.34125
1,33,mouse,100.0,42,0.0,1.1447222222222222,1.1354861111111112
1,33,mouse,100.0,137,0.0,1.1383333333333334,1.1304305555555556
1,33,mouse,100.0,219,0.0,1.1113888888888888,1.1315416666666667
1,33,mouse,200.0,42,0.0,0.9738888888888889,0.9671111111111111
1,33,mouse,200.0,137,0.0,0.9652777777777777,0.9628055555555556
1,33,mouse,200.0,219,0.020833333333333332,0.937638888888889,0.9621388888888889
1,34,mouse,30.0,137,0.0,1.4075,1.4066666666666667
1,34,mouse,30.0,219,0.0,1.3936111111111111,1.4082777777777777
1,34,mouse,100.0,42,0.0,1.2618055555555554,1.2501944444444444
1,34,mouse,100.0,137,0.0,1.2455555555555555,1.2411805555555555
1,33,mouse,500.0,137,0.6041666666666666,0.7319444444444443,0.7339305555555555
1,33,mouse,500.0,219,0.75,0.7101388888888889,0.7318055555555556
1,33,mouse,1000.0,42,1.0,0.5981944444444445,0.5988611111111111
1,33,mouse,1000.0,137,1.0,0.5876388888888889,0.5925138888888889
1,33,mouse,1000.0,219,1.0,0.5816666666666667,0.5920277777777778
1,33,mouse,3000.0,42,1.0,0.46291666666666664,0.46347222222222223
1,33,mouse,3000.0,137,1.0,0.45222222222222225,0.4590694444444444
1,33,mouse,3000.0,219,1.0,0.45083333333333336,0.45984722222222224
1,34,mouse,100.0,219,0.0,1.223888888888889,1.2417916666666666
1,34,mouse,200.0,42,0.0,1.0940277777777778,1.0845694444444445
1,34,mouse,200.0,137,0.0,1.0856944444444443,1.07775
1,34,mouse,200.0,219,0.0,1.0618055555555557,1.0795555555555556
1,34,mouse,10.0,42,0.0,1.4843055555555555,1.476
1,34,mouse,10.0,137,0.0,1.4634722222222223,1.4639305555555555
1,34,mouse,10.0,219,0.0,1.456388888888889,1.4671666666666667
1,34,mouse,30.0,42,0.0,1.4229166666666668,1.4158472222222223
1,35,mouse,10.0,42,0.0,1.4647222222222223,1.4557222222222221
1,35,mouse,10.0,137,0.0,1.4436111111111112,1.44475
1,35,mouse,10.0,219,0.0,1.4326388888888888,1.4458472222222223
1,35,mouse,30.0,42,0.0,1.3754166666666665,1.3677222222222223
1,34,mouse,350.0,42,0.0,0.9293055555555556,0.9256805555555555
1,34,mouse,350.0,137,0.020833333333333332,0.9254166666666667,0.9236111111111112
1,34,mouse,350.0,219,0.0625,0.8993055555555557,0.9232361111111111
1,34,mouse,500.0,42,0.16666666666666666,0.8263888888888888,0.8244722222222223
1,34,mouse,500.0,137,0.14583333333333334,0.8243055555555555,0.8235555555555556
1,34,mouse,500.0,219,0.3125,0.8015277777777778,0.8237083333333334
1,34,mouse,1000.0,42,0.875,0.6556944444444445,0.6591805555555555
1,34,mouse,1000.0,137,0.9791666666666666,0.6519444444444445,0.6549861111111112
1,34,mouse,1000.0,219,0.8958333333333334,0.63875,0.6525972222222223
1,34,mouse,3000.0,42,1.0,0.493888888888889,0.4945277777777778
1,34,mouse,3000.0,137,1.0,0.4833333333333334,0.4887638888888889
1,34,mouse,3000.0,219,1.0,0.47888888888888886,0.490625
1,35,mouse,500.0,137,0.4375,0.7590277777777777,0.7594027777777778
1,35,mouse,500.0,219,0.5625,0.7383333333333333,0.7587916666666666
1,35,mouse,1000.0,42,1.0,0.6206944444444443,0.6211111111111111
1,35,mouse,1000.0,137,1.0,0.6098611111111111,0.6150277777777777
1,35,mouse,30.0,137,0.0,1.35875,1.3585138888888888
1,35,mouse,30.0,219,0.0,1.3397222222222223,1.3593194444444445
1,35,mouse,100.0,42,0.0,1.1758333333333333,1.163888888888889
1,35,mouse,100.0,137,0.0,1.1647222222222222,1.1572361111111111
1,35,mouse,350.0,42,0.020833333333333332,0.8522222222222222,0.8489583333333334
1,35,mouse,350.0,137,0.0625,0.8475,0.8469444444444445
1,35,mouse,350.0,219,0.20833333333333334,0.8291666666666666,0.8483055555555555
1,35,mouse,500.0,42,0.4166666666666667,0.765,0.7628472222222222
1,35,mouse,100.0,219,0.0,1.1366666666666665,1.1578333333333333
1,35,mouse,200.0,42,0.0,1.0040277777777777,0.9964583333333333
1,35,mouse,200.0,137,0.0,0.9944444444444444,0.9912222222222222
1,35,mouse,200.0,219,0.0,0.9691666666666666,0.9905138888888889
1,35,mouse,1000.0,219,0.9791666666666666,0.6019444444444445,0.61475
1,35,mouse,3000.0,42,1.0,0.47652777777777783,0.4804027777777778
1,35,mouse,3000.0,137,1.0,0.4691666666666667,0.4745972222222222
1,35,mouse,3000.0,219,1.0,0.46611111111111114,0.47583333333333333
1,36,mouse,350.0,42,0.7291666666666666,0.6994444444444444,0.6995
1,36,mouse,350.0,137,0.8125,0.697361111111111,0.6970972222222223
1,36,mouse,350.0,219,0.7916666666666666,0.6755555555555555,0.6943611111111111
1,36,mouse,500.0,42,0.9583333333333334,0.63125,0.6322916666666667
1,36,mouse,30.0,137,0.0,1.28,1.2764583333333333
1,36,mouse,30.0,219,0.0,1.2586111111111111,1.2780833333333332
1,36,mouse,100.0,42,0.0,1.0222222222222221,1.013
1,36,mouse,100.0,137,0.0,1.0084722222222222,1.0067777777777778
1,36,mouse,10.0,42,0.0,1.4277777777777778,1.4210416666666668
1,36,mouse,10.0,137,0.0,1.4129166666666666,1.41175
1,36,mouse,10.0,219,0.0,1.397638888888889,1.4133194444444444
1,36,mouse,30.0,42,0.0,1.2995833333333333,1.2877777777777777
1,36,mouse,100.0,219,0.0,0.9877777777777778,1.0071388888888888
1,36,mouse,200.0,42,0.125,0.8300000000000001,0.8287638888888889
1,36,mouse,200.0,137,0.14583333333333334,0.8256944444444443,0.8260833333333333
1,36,mouse,200.0,219,0.25,0.8059722222222222,0.8265
1,36,mouse,500.0,137,1.0,0.6215277777777778,0.6267638888888889
1,36,mouse,500.0,219,0.9791666666666666,0.61125,0.6254166666666666
1,36,mouse,1000.0,42,1.0,0.5284722222222222,0.5304305555555555
1,36,mouse,1000.0,137,1.0,0.5186111111111111,0.5245277777777778
1,36,mouse,1000.0,219,1.0,0.5145833333333333,0.5250972222222222
1,36,mouse,3000.0,42,1.0,0.44097222222222227,0.44148611111111113
1,36,mouse,3000.0,137,1.0,0.43124999999999997,0.4393611111111111
1,36,mouse,3000.0,219,1.0,0.4345833333333333,0.4392916666666667
1,37,mouse,10.0,42,0.0,1.4083333333333332,1.4013333333333333
1,37,mouse,10.0,137,0.0,1.393888888888889,1.3932083333333334
1,37,mouse,10.0,219,0.0,1.3776388888888889,1.3939027777777777
1,37,mouse,30.0,42,0.0,1.2663888888888888,1.2564166666666667
1,37,mouse,350.0,42,0.6041666666666666,0.73875,0.736875
1,37,mouse,350.0,137,0.6041666666666666,0.7325,0.7338055555555556
1,37,mouse,350.0,219,0.75,0.7106944444444445,0.7312083333333333
1,37,mouse,500.0,42,0.8958333333333334,0.6709722222222222,0.6719722222222222
1,37,mouse,30.0,137,0.0,1.2544444444444445,1.2482222222222221
1,37,mouse,30.0,219,0.0,1.2290277777777778,1.248236111111111
1,37,mouse,100.0,42,0.0,1.0144444444444443,1.0049583333333334
1,37,mouse,100.0,137,0.0,1.0015277777777778,0.9991388888888889
1,37,mouse,100.0,219,0.0,0.9783333333333334,0.9987638888888889
1,37,mouse,200.0,42,0.041666666666666664,0.8537500000000001,0.8495694444444445
1,37,mouse,200.0,137,0.0625,0.8472222222222222,0.8472222222222222
1,37,mouse,200.0,219,0.16666666666666666,0.8266666666666667,0.8479027777777778
1,38,mouse,10.0,42,0.0,1.4538888888888888,1.4470555555555555
1,38,mouse,10.0,137,0.0,1.437916666666667,1.4362777777777778
1,38,mouse,10.0,219,0.0,1.42375,1.4377083333333334
1,38,mouse,30.0,42,0.0,1.3615277777777777,1.3534861111111112
1,37,mouse,500.0,137,0.9583333333333334,0.6655555555555556,0.6680972222222222
1,37,mouse,500.0,219,0.8541666666666666,0.6505555555555556,0.6654305555555555
1,37,mouse,1000.0,42,1.0,0.5659722222222222,0.5662222222222222
1,37,mouse,1000.0,137,1.0,0.5552777777777779,0.5601388888888889
1,37,mouse,1000.0,219,1.0,0.5483333333333332,0.5598333333333333
1,37,mouse,3000.0,42,1.0,0.45500000000000007,0.4567222222222222
1,37,mouse,3000.0,137,1.0,0.445,0.45280555555555557
1,37,mouse,3000.0,219,1.0,0.4458333333333333,0.45361111111111113
1,39,mouse,350.0,42,0.20833333333333334,0.8084722222222224,0.8078055555555556
1,39,mouse,350.0,137,0.22916666666666666,0.8059722222222222,0.806
1,39,mouse,350.0,219,0.375,0.7834722222222222,0.8055555555555556
1,39,mouse,500.0,42,0.7083333333333334,0.7161111111111111,0.7162361111111111
1,38,mouse,30.0,137,0.0,1.3433333333333335,1.3429166666666668
1,38,mouse,30.0,219,0.0,1.323611111111111,1.3443888888888889
1,38,mouse,100.0,42,0.0,1.1587500000000002,1.1500416666666666
1,38,mouse,100.0,137,0.0,1.1522222222222223,1.1446944444444445
1,38,mouse,100.0,219,0.0,1.1238888888888887,1.1452638888888889
1,38,mouse,200.0,42,0.0,0.9983333333333334,0.9898333333333333
1,38,mouse,200.0,137,0.0,0.9874999999999999,0.9837777777777778
1,38,mouse,200.0,219,0.0,0.9645833333333332,0.9842222222222222
1,38,mouse,350.0,42,0.0625,0.8531944444444445,0.8488888888888889
1,38,mouse,350.0,137,0.08333333333333333,0.8477777777777776,0.8464444444444444
1,38,mouse,350.0,219,0.1875,0.8261111111111111,0.8469166666666667
1,38,mouse,500.0,42,0.4583333333333333,0.7652777777777778,0.7645
1,39,mouse,30.0,137,0.0,1.3675,1.366125
1,39,mouse,30.0,219,0.0,1.348472222222222,1.3666111111111112
1,39,mouse,100.0,42,0.0,1.1655555555555555,1.1574027777777778
1,39,mouse,100.0,137,0.0,1.1572222222222222,1.1507222222222222
1,38,mouse,500.0,137,0.4166666666666667,0.7602777777777779,0.7614027777777778
1,38,mouse,500.0,219,0.5833333333333334,0.7397222222222223,0.7603888888888889
1,38,mouse,1000.0,42,0.9583333333333334,0.625,0.6251666666666666
1,38,mouse,1000.0,137,1.0,0.6140277777777777,0.6197222222222222
1,39,mouse,500.0,137,0.7708333333333334,0.7118055555555557,0.7140694444444444
1,39,mouse,500.0,219,0.7916666666666666,0.6895833333333332,0.7112222222222222
1,39,mouse,1000.0,42,1.0,0.5772222222222223,0.5768194444444444
1,39,mouse,1000.0,137,1.0,0.5666666666666667,0.5702777777777778
1,38,mouse,1000.0,219,0.9791666666666666,0.6052777777777778,0.618375
1,38,mouse,3000.0,42,1.0,0.4822222222222223,0.48091666666666666
1,38,mouse,3000.0,137,1.0,0.46902777777777777,0.47541666666666665
1,38,mouse,3000.0,219,1.0,0.46527777777777785,0.4762222222222222
1,39,mouse,10.0,42,0.0,1.469166666666667,1.4607083333333333
1,39,mouse,10.0,137,0.0,1.4491666666666667,1.449625
1,39,mouse,10.0,219,0.0,1.4384722222222222,1.4505972222222223
1,39,mouse,30.0,42,0.0,1.383611111111111,1.3757638888888888
1,39,mouse,100.0,219,0.0,1.13,1.1520555555555556
1,39,mouse,200.0,42,0.0,0.9758333333333332,0.9685555555555555
1,39,mouse,200.0,137,0.0,0.966388888888889,0.9644861111111112
1,39,mouse,200.0,219,0.020833333333333332,0.9394444444444444,0.9638472222222222
1,39,mouse,1000.0,219,1.0,0.5593055555555555,0.5706111111111111
1,39,mouse,3000.0,42,1.0,0.4488888888888889,0.45
1,39,mouse,3000.0,137,1.0,0.4388888888888889,0.4465972222222222
1,39,mouse,3000.0,219,1.0,0.43944444444444447,0.4472638888888889
1,40,mouse,10.0,42,0.0,1.4618055555555554,1.453625
1,40,mouse,10.0,137,0.0,1.4419444444444445,1.4425694444444443
1,40,mouse,10.0,219,0.0,1.430416666666667,1.4438194444444445
1,40,mouse,30.0,42,0.0,1.365138888888889,1.3587916666666666
1,40,mouse,30.0,137,0.0,1.3504166666666666,1.3492777777777778
1,40,mouse,30.0,219,0.0,1.3295833333333336,1.3499444444444444
1,40,mouse,100.0,42,0.0,1.1386111111111112,1.12975
1,40,mouse,100.0,137,0.0,1.1315277777777777,1.1245416666666668
1,40,mouse,1000.0,219,1.0,0.555,0.5683611111111111
1,40,mouse,3000.0,42,1.0,0.45166666666666666,0.45534722222222224
1,40,mouse,3000.0,137,1.0,0.44375000000000003,0.4517361111111111
1,40,mouse,3000.0,219,1.0,0.44458333333333333,0.45258333333333334
1,40,mouse,100.0,219,0.0,1.1059722222222221,1.1259305555555557
1,40,mouse,200.0,42,0.0,0.9486111111111112,0.9435555555555556
1,40,mouse,200.0,137,0.020833333333333332,0.9433333333333334,0.9407361111111111
1,40,mouse,200.0,219,0.020833333333333332,0.9158333333333332,0.9406111111111111
1,41,mouse,30.0,137,0.0,1.4323611111111114,1.4299722222222222
1,41,mouse,30.0,219,0.0,1.416388888888889,1.431361111111111
1,41,mouse,100.0,42,0.0,1.320138888888889,1.309611111111111
1,41,mouse,100.0,137,0.0,1.3009722222222222,1.298486111111111
1,40,mouse,350.0,42,0.2708333333333333,0.7916666666666666,0.7916111111111112
1,40,mouse,350.0,137,0.2708333333333333,0.7891666666666667,0.788875
1,40,mouse,350.0,219,0.4166666666666667,0.7687500000000002,0.7894722222222222
1,40,mouse,500.0,42,0.7083333333333334,0.7070833333333333,0.7062083333333333
1,40,mouse,500.0,137,0.7708333333333334,0.7034722222222222,0.7035138888888889
1,40,mouse,500.0,219,0.7916666666666666,0.6819444444444445,0.7011527777777777
1,40,mouse,1000.0,42,1.0,0.5759722222222222,0.57525
1,40,mouse,1000.0,137,1.0,0.5631944444444444,0.5685138888888889
1,41,mouse,10.0,42,0.0,1.4927777777777778,1.4848194444444445
1,41,mouse,10.0,137,0.0,1.4720833333333332,1.4721666666666666
1,41,mouse,10.0,219,0.0,1.463611111111111,1.474986111111111
1,41,mouse,30.0,42,0.0,1.4466666666666665,1.439736111111111
1,41,mouse,100.0,219,0.0,1.2816666666666667,1.3007777777777778
1,41,mouse,200.0,42,0.0,1.1752777777777776,1.1658194444444445
1,41,mouse,200.0,137,0.0,1.1665277777777778,1.1595555555555555
1,41,mouse,200.0,219,0.0,1.1372222222222221,1.159888888888889
1,41,mouse,350.0,42,0.0,1.0256944444444445,1.0175
1,41,mouse,350.0,137,0.0,1.0159722222222223,1.012125
1,41,mouse,350.0,219,0.0,0.9934722222222222,1.013111111111111
1,41,mouse,500.0,42,0.0,0.9162499999999999,0.9136944444444445
1,42,mouse,30.0,137,0.0,1.3772222222222223,1.3792916666666666
1,42,mouse,30.0,219,0.0,1.3640277777777776,1.3808888888888888
1,42,mouse,100.0,42,0.0,1.2033333333333334,1.1925277777777779
1,42,mouse,100.0,137,0.0,1.1925000000000001,1.1853194444444444
1,41,mouse,500.0,137,0.020833333333333332,0.9141666666666666,0.9110277777777778
1,41,mouse,500.0,219,0.0625,0.8850000000000001,0.9110833333333334
1,41,mouse,1000.0,42,0.6666666666666666,0.7265277777777778,0.725
1,41,mouse,1000.0,137,0.6666666666666666,0.7200000000000001,0.7222916666666667
1,42,mouse,100.0,219,0.0,1.1627777777777777,1.1850694444444445
1,42,mouse,200.0,42,0.0,1.027638888888889,1.017986111111111
1,42,mouse,200.0,137,0.0,1.0143055555555556,1.0121527777777777
1,42,mouse,200.0,219,0.0,0.9927777777777779,1.011611111111111
1,41,mouse,1000.0,219,0.7708333333333334,0.6997222222222224,0.72025
1,41,mouse,3000.0,42,1.0,0.5219444444444444,0.521875
1,41,mouse,3000.0,137,1.0,0.5108333333333334,0.5168611111111111
1,41,mouse,3000.0,219,1.0,0.505,0.5172777777777777
1,42,mouse,10.0,42,0.0,1.4745833333333334,1.4657222222222221
1,42,mouse,10.0,137,0.0,1.4531944444444445,1.4541111111111111
1,42,mouse,10.0,219,0.0,1.443611111111111,1.4553055555555556
1,42,mouse,30.0,42,0.0,1.3965277777777778,1.3889444444444445
1,42,mouse,500.0,137,0.3958333333333333,0.7656944444444443,0.7656666666666667
1,42,mouse,500.0,219,0.5208333333333334,0.7458333333333332,0.7654583333333334
1,42,mouse,1000.0,42,1.0,0.6211111111111111,0.6214027777777777
1,42,mouse,1000.0,137,1.0,0.61,0.6152916666666667
1,42,mouse,350.0,42,0.020833333333333332,0.866388888888889,0.8610555555555556
1,42,mouse,350.0,137,0.041666666666666664,0.8605555555555556,0.8590972222222222
1,42,mouse,350.0,219,0.14583333333333334,0.8395833333333332,0.8601805555555555
1,42,mouse,500.0,42,0.3958333333333333,0.7712499999999999,0.7693194444444444
1,42,mouse,1000.0,219,0.9791666666666666,0.6020833333333333,0.6147638888888889
1,42,mouse,3000.0,42,1.0,0.47541666666666665,0.47905555555555557
1,42,mouse,3000.0,137,1.0,0.46680555555555553,0.4733888888888889
1,42,mouse,3000.0,219,1.0,0.46555555555555556,0.4747777777777778
1,44,mouse,30.0,137,0.0,1.3381944444444445,1.3384444444444445
1,44,mouse,30.0,219,0.0,1.319861111111111,1.3394722222222222
1,44,mouse,100.0,42,0.0,1.1252777777777778,1.115888888888889
1,44,mouse,100.0,137,0.0,1.1193055555555553,1.1100694444444446
1,43,mouse,10.0,42,0.0,1.4730555555555558,1.46425
1,43,mouse,10.0,137,0.0,1.4515277777777778,1.4526666666666668
1,43,mouse,10.0,219,0.0,1.4429166666666668,1.4540416666666667
1,43,mouse,30.0,42,0.0,1.3940277777777776,1.3869305555555556
1,43,mouse,100.0,219,0.0,1.1745833333333333,1.194875
1,43,mouse,200.0,42,0.0,1.0531944444444443,1.0457777777777777
1,43,mouse,200.0,137,0.0,1.0444444444444443,1.039375
1,43,mouse,200.0,219,0.0,1.0234722222222221,1.0405
1,43,mouse,30.0,137,0.0,1.375416666666667,1.3776805555555556
1,43,mouse,30.0,219,0.0,1.3619444444444444,1.3790694444444445
1,43,mouse,100.0,42,0.0,1.2145833333333333,1.202625
1,43,mouse,100.0,137,0.0,1.20375,1.1950138888888888
1,44,mouse,100.0,219,0.0,1.091388888888889,1.1119166666666667
1,44,mouse,200.0,42,0.0,0.9376388888888889,0.9352638888888889
1,44,mouse,200.0,137,0.020833333333333332,0.9347222222222222,0.9324027777777778
1,44,mouse,200.0,219,0.041666666666666664,0.9080555555555555,0.9326805555555555
1,43,mouse,350.0,42,0.0,0.9091666666666667,0.9047083333333333
1,43,mouse,350.0,137,0.020833333333333332,0.9072222222222223,0.903125
1,43,mouse,350.0,219,0.08333333333333333,0.8794444444444446,0.9021805555555555
1,43,mouse,500.0,42,0.16666666666666666,0.8175,0.8163333333333334
1,44,mouse,10.0,42,0.0,1.4556944444444444,1.449138888888889
1,44,mouse,10.0,137,0.0,1.4390277777777778,1.4382916666666667
1,44,mouse,10.0,219,0.0,1.4256944444444446,1.4398194444444445
1,44,mouse,30.0,42,0.0,1.3572222222222223,1.3495972222222221
1,43,mouse,500.0,137,0.1875,0.8162500000000001,0.8144583333333333
1,43,mouse,500.0,219,0.3125,0.7941666666666668,0.8142361111111112
1,43,mouse,1000.0,42,0.875,0.6618055555555556,0.6660416666666666
1,43,mouse,1000.0,137,0.9583333333333334,0.6581944444444444,0.6617222222222222
1,44,mouse,350.0,42,0.2708333333333333,0.7920833333333333,0.7913333333333333
1,44,mouse,350.0,137,0.2708333333333333,0.7880555555555556,0.7886944444444445
1,44,mouse,350.0,219,0.4166666666666667,0.7687499999999999,0.7891111111111111
1,44,mouse,500.0,42,0.7083333333333334,0.7122222222222222,0.7115416666666666
1,43,mouse,1000.0,219,0.8541666666666666,0.64625,0.6596805555555556
1,43,mouse,3000.0,42,1.0,0.50375,0.5039027777777778
1,43,mouse,3000.0,137,1.0,0.4915277777777778,0.49848611111111113
1,43,mouse,3000.0,219,1.0,0.4876388888888889,0.4990833333333333
1,45,mouse,10.0,42,0.0,1.4729166666666667,1.464388888888889
1,45,mouse,10.0,137,0.0,1.4525,1.4530138888888888
1,45,mouse,10.0,219,0.0,1.4429166666666664,1.4543194444444445
1,45,mouse,30.0,42,0.0,1.3947222222222224,1.3868194444444444
1,44,mouse,500.0,137,0.7291666666666666,0.7084722222222223,0.7085694444444445
1,44,mouse,500.0,219,0.7708333333333334,0.6862499999999999,0.7063611111111111
1,44,mouse,1000.0,42,1.0,0.586388888888889,0.5863333333333334
1,44,mouse,1000.0,137,1.0,0.5734722222222223,0.5789305555555555
1,46,mouse,10.0,42,0.0,1.4808333333333332,1.4733333333333334
1,46,mouse,10.0,137,0.0,1.4615277777777778,1.4613888888888888
1,46,mouse,10.0,219,0.0,1.4529166666666669,1.4636527777777777
1,46,mouse,30.0,42,0.0,1.4143055555555557,1.4074305555555555
1,45,mouse,100.0,219,0.0,1.165,1.1873333333333334
1,45,mouse,200.0,42,0.0,1.0390277777777779,1.0289583333333334
1,45,mouse,200.0,137,0.0,1.0263888888888888,1.0228194444444445
1,45,mouse,200.0,219,0.0,1.005,1.0235555555555556
1,46,mouse,30.0,137,0.0,1.3990277777777778,1.39875
1,46,mouse,30.0,219,0.0,1.3851388888888891,1.400111111111111
1,46,mouse,100.0,42,0.0,1.2430555555555556,1.2327222222222223
1,46,mouse,100.0,137,0.0,1.2306944444444445,1.224986111111111
1,44,mouse,1000.0,219,1.0,0.5659722222222222,0.5794166666666667
1,44,mouse,3000.0,42,1.0,0.46305555555555555,0.46552777777777776
1,44,mouse,3000.0,137,1.0,0.4543055555555555,0.46094444444444443
1,44,mouse,3000.0,219,1.0,0.45625,0.46245833333333336
1,45,mouse,30.0,137,0.0,1.375277777777778,1.377375
1,45,mouse,30.0,219,0.0,1.361111111111111,1.3786805555555555
1,45,mouse,100.0,42,0.0,1.2056944444444444,1.1947083333333333
1,45,mouse,100.0,137,0.0,1.1951388888888888,1.1879583333333332
1,45,mouse,500.0,137,0.2708333333333333,0.7883333333333334,0.7896111111111112
1,45,mouse,500.0,219,0.4166666666666667,0.7690277777777776,0.7898472222222223
1,45,mouse,1000.0,42,0.9166666666666666,0.643611111111111,0.6457222222222222
1,45,mouse,1000.0,137,1.0,0.6366666666666667,0.6403472222222222
1,45,mouse,350.0,42,0.020833333333333332,0.8862500000000001,0.8817916666666666
1,45,mouse,350.0,137,0.041666666666666664,0.8805555555555555,0.8793194444444444
1,45,mouse,350.0,219,0.125,0.8568055555555555,0.8799305555555555
1,45,mouse,500.0,42,0.2916666666666667,0.7930555555555556,0.7918055555555555
1,45,mouse,1000.0,219,0.9375,0.6248611111111111,0.6387222222222222
1,45,mouse,3000.0,42,1.0,0.4913888888888889,0.49344444444444446
1,45,mouse,3000.0,137,1.0,0.48138888888888887,0.4880138888888889
1,45,mouse,3000.0,219,1.0,0.47875000000000006,0.48954166666666665
1,46,mouse,100.0,219,0.0,1.20375,1.224625
1,46,mouse,200.0,42,0.0,1.0722222222222222,1.064625
1,46,mouse,200.0,137,0.0,1.06375,1.0572916666666667
1,46,mouse,200.0,219,0.0,1.041388888888889,1.0597777777777777
1,46,mouse,350.0,42,0.0,0.9090277777777779,0.9057638888888889
1,46,mouse,350.0,137,0.020833333333333332,0.9072222222222223,0.9038611111111111
1,46,mouse,350.0,219,0.08333333333333333,0.8786111111111111,0.9030833333333333
1,46,mouse,500.0,42,0.20833333333333334,0.8079166666666667,0.8063333333333333
1,46,mouse,500.0,137,0.20833333333333334,0.8051388888888887,0.8045138888888889
1,46,mouse,500.0,219,0.375,0.7822222222222223,0.8041805555555556
1,46,mouse,1000.0,42,0.9583333333333334,0.643611111111111,0.6441388888888889
1,46,mouse,1000.0,137,0.9791666666666666,0.6375,0.6395555555555555
1,47,mouse,10.0,42,0.0,1.4808333333333337,1.473138888888889
1,47,mouse,10.0,137,0.0,1.4606944444444443,1.4612777777777777
1,47,mouse,10.0,219,0.0,1.4526388888888888,1.4638888888888888
1,47,mouse,30.0,42,0.0,1.4148611111111113,1.4074861111111112
1,47,mouse,100.0,219,0.0,1.2034722222222223,1.2225694444444444
1,47,mouse,200.0,42,0.0,1.0666666666666667,1.0597361111111112
1,47,mouse,200.0,137,0.0,1.0584722222222223,1.0525972222222222
1,47,mouse,200.0,219,0.0,1.0366666666666668,1.053763888888889
1,46,mouse,1000.0,219,0.9166666666666666,0.6244444444444445,0.6372916666666667
1,46,mouse,3000.0,42,1.0,0.4843055555555555,0.4832222222222222
1,46,mouse,3000.0,137,1.0,0.47138888888888886,0.4772222222222222
1,46,mouse,3000.0,219,1.0,0.46694444444444444,0.4785277777777778
1,47,mouse,30.0,137,0.0,1.3995833333333332,1.3989027777777778
1,47,mouse,30.0,219,0.0,1.3834722222222222,1.399513888888889
1,47,mouse,100.0,42,0.0,1.2426388888888888,1.2302916666666666
1,47,mouse,100.0,137,0.0,1.2270833333333335,1.2225694444444444
1,47,mouse,350.0,42,0.020833333333333332,0.9047222222222221,0.8998611111111111
1,47,mouse,350.0,137,0.020833333333333332,0.9,0.897625
1,47,mouse,350.0,219,0.08333333333333333,0.8765277777777777,0.8975555555555556
1,47,mouse,500.0,42,0.25,0.8022222222222223,0.8001944444444444
1,48,mouse,500.0,137,0.75,0.705,0.7057083333333334
1,48,mouse,500.0,219,0.7916666666666666,0.68375,0.7031944444444445
1,48,mouse,1000.0,42,1.0,0.5788888888888889,0.5779305555555555
1,48,mouse,1000.0,137,1.0,0.5668055555555556,0.571625
1,47,mouse,1000.0,219,0.9583333333333334,0.6211111111111111,0.6351388888888889
1,47,mouse,3000.0,42,1.0,0.4854166666666666,0.48738888888888887
1,47,mouse,3000.0,137,1.0,0.47458333333333336,0.48215277777777776
1,47,mouse,3000.0,219,1.0,0.47388888888888886,0.4832638888888889
1,48,mouse,1000.0,219,1.0,0.5598611111111111,0.5712083333333333
1,48,mouse,3000.0,42,1.0,0.45388888888888884,0.45568055555555553
1,48,mouse,3000.0,137,1.0,0.44430555555555556,0.45184722222222223
1,48,mouse,3000.0,219,1.0,0.4459722222222222,0.45275
1,47,mouse,500.0,137,0.2708333333333333,0.7975,0.7978194444444444
1,47,mouse,500.0,219,0.4166666666666667,0.7779166666666667,0.7988333333333333
1,47,mouse,1000.0,42,0.9166666666666666,0.6405555555555554,0.6417083333333333
1,47,mouse,1000.0,137,1.0,0.6327777777777778,0.6370416666666666
1,48,mouse,30.0,137,0.0,1.3480555555555556,1.346861111111111
1,48,mouse,30.0,219,0.0,1.3280555555555555,1.3480555555555556
1,48,mouse,100.0,42,0.0,1.134861111111111,1.126611111111111
1,48,mouse,100.0,137,0.0,1.1275000000000002,1.1208055555555556
1,48,mouse,10.0,42,0.0,1.4606944444444447,1.4527777777777777
1,48,mouse,10.0,137,0.0,1.4409722222222223,1.4416944444444444
1,48,mouse,10.0,219,0.0,1.4295833333333334,1.4430138888888888
1,48,mouse,30.0,42,0.0,1.3647222222222222,1.3572777777777778
1,48,mouse,100.0,219,0.0,1.1031944444444444,1.1227916666666666
1,48,mouse,200.0,42,0.0,0.9466666666666667,0.942
1,48,mouse,200.0,137,0.020833333333333332,0.9430555555555555,0.9395138888888889
1,48,mouse,200.0,219,0.020833333333333332,0.9126388888888889,0.93875
1,49,mouse,10.0,42,0.0,1.4995833333333335,1.4924305555555555
1,49,mouse,10.0,137,0.0,1.479861111111111,1.480375
1,49,mouse,10.0,219,0.0,1.4727777777777777,1.4830277777777778
1,49,mouse,30.0,42,0.0,1.4630555555555553,1.4556111111111112
1,48,mouse,350.0,42,0.2708333333333333,0.7927777777777779,0.7924583333333334
1,48,mouse,350.0,137,0.2916666666666667,0.791111111111111,0.79
1,48,mouse,350.0,219,0.4166666666666667,0.7702777777777777,0.7900416666666666
1,48,mouse,500.0,42,0.7083333333333334,0.7072222222222222,0.7080555555555555
1,49,mouse,100.0,219,0.0,1.29625,1.3117222222222222
1,49,mouse,200.0,42,0.0,1.176111111111111,1.1668194444444444
1,49,mouse,200.0,137,0.0,1.1654166666666665,1.1589027777777778
1,49,mouse,200.0,219,0.0,1.1419444444444447,1.1597777777777778
1,49,mouse,30.0,137,0.0,1.4437500000000003,1.4448055555555555
1,49,mouse,30.0,219,0.0,1.4352777777777777,1.4464305555555557
1,49,mouse,100.0,42,0.0,1.3301388888888888,1.3217777777777777
1,49,mouse,100.0,137,0.0,1.3105555555555555,1.3109166666666667
1,49,mouse,500.0,137,0.020833333333333332,0.8977777777777778,0.8971388888888889
1,49,mouse,500.0,219,0.10416666666666667,0.8759722222222223,0.8971666666666667
1,49,mouse,1000.0,42,0.7083333333333334,0.7148611111111111,0.7135277777777778
1,49,mouse,1000.0,137,0.75,0.7091666666666668,0.7101666666666666
1,49,mouse,350.0,42,0.0,1.0168055555555557,1.0071944444444445
1,49,mouse,350.0,137,0.0,1.0056944444444442,1.00225
1,49,mouse,350.0,219,0.0,0.9787500000000001,1.0008333333333332
1,49,mouse,500.0,42,0.020833333333333332,0.9069444444444444,0.8997083333333333
1,49,mouse,1000.0,219,0.75,0.6901388888888889,0.7078194444444444
1,49,mouse,3000.0,42,1.0,0.5195833333333334,0.52025
1,49,mouse,3000.0,137,1.0,0.5068055555555556,0.5144305555555555
1,49,mouse,3000.0,219,1.0,0.5040277777777779,0.5151805555555555
