match_level,ensemble_id,organism,dose_uM,seed,quiescent_fraction,command_rate_hz,network_rate_hz
2,0,worm,100.0,219,0.0,10.190104166666666,3.0416666666666665
2,0,worm,200.0,42,0.041666666666666664,6.169270833333333,1.7640277777777778
2,0,worm,200.0,137,0.125,5.859375,1.6820833333333334
2,0,worm,200.0,219,0.020833333333333332,6.3671875,1.8308333333333333
2,0,worm,1000.0,219,0.9375,1.2083333333333333,0.35736111111111113
2,0,worm,3000.0,42,1.0,0.4036458333333333,0.16708333333333333
2,0,worm,3000.0,137,1.0,0.4479166666666667,0.17333333333333334
2,0,worm,3000.0,219,1.0,0.5026041666666666,0.1802777777777778
2,0,worm,30.0,137,0.0,15.690104166666666,4.870138888888889
2,0,worm,30.0,219,0.0,17.395833333333332,5.372222222222222
2,0,worm,100.0,42,0.0,9.71875,2.8963888888888887
2,0,worm,100.0,137,0.0,9.580729166666666,2.8831944444444444
2,1,worm,500.0,137,0.22916666666666666,4.635416666666667,1.3680555555555556
2,1,worm,500.0,219,0.22916666666666666,5.205729166666667,1.5277777777777777
2,1,worm,1000.0,42,0.4375,3.59375,1.0277777777777777
2,1,worm,1000.0,137,0.4791666666666667,3.3229166666666665,0.9743055555555555
2,0,worm,10.0,42,0.0,21.015625,6.522222222222222
2,0,worm,10.0,137,0.0,19.614583333333332,6.1738888888888885
2,0,worm,10.0,219,0.0,21.091145833333332,6.6073611111111115
2,0,worm,30.0,42,0.0,16.635416666666668,5.115972222222222
2,0,worm,350.0,42,0.4166666666666667,3.6744791666666665,1.0054166666666666
2,0,worm,350.0,137,0.5,3.2786458333333335,0.9405555555555556
2,0,worm,350.0,219,0.4375,3.6979166666666665,1.0409722222222222
2,0,worm,500.0,42,0.7083333333333334,2.3776041666666665,0.6625
2,1,worm,1000.0,219,0.4166666666666667,3.6588541666666665,1.0722222222222222
2,1,worm,3000.0,42,0.6458333333333334,2.2838541666666665,0.6475
2,1,worm,3000.0,137,0.7291666666666666,2.3125,0.6655555555555556
2,1,worm,3000.0,219,0.6875,2.4296875,0.7051388888888889
2,1,worm,100.0,219,0.0,11.200520833333334,3.403611111111111
2,1,worm,200.0,42,0.020833333333333332,8.057291666666666,2.402361111111111
2,1,worm,200.0,137,0.10416666666666667,7.502604166666667,2.2618055555555556
2,1,worm,200.0,219,0.020833333333333332,8.2578125,2.4790277777777776
2,1,worm,30.0,137,0.0,15.794270833333334,4.912916666666667
2,1,worm,30.0,219,0.0,17.1015625,5.287638888888889
2,1,worm,100.0,42,0.0,10.703125,3.2455555555555557
2,1,worm,100.0,137,0.0,10.033854166666666,3.0620833333333333
2,0,worm,500.0,137,0.7708333333333334,2.2942708333333335,0.6455555555555555
2,0,worm,500.0,219,0.6666666666666666,2.5833333333333335,0.7091666666666666
2,0,worm,1000.0,42,0.9791666666666666,1.0911458333333333,0.32513888888888887
2,0,worm,1000.0,137,0.9791666666666666,1.0104166666666667,0.31569444444444444
2,1,worm,10.0,42,0.0,20.489583333333332,6.375972222222222
2,1,worm,10.0,137,0.0,19.450520833333332,6.126666666666667
2,1,worm,10.0,219,0.0,20.997395833333332,6.574166666666667
2,1,worm,30.0,42,0.0,16.692708333333332,5.136111111111111
2,1,worm,350.0,42,0.125,6.151041666666667,1.800138888888889
2,1,worm,350.0,137,0.16666666666666666,5.481770833333333,1.6406944444444445
2,1,worm,350.0,219,0.14583333333333334,6.174479166666667,1.831388888888889
2,1,worm,500.0,42,0.25,5.1171875,1.4781944444444444
2,2,worm,10.0,42,0.0,21.854166666666668,6.834722222222222
2,2,worm,10.0,137,0.0,20.690104166666668,6.545555555555556
2,2,worm,10.0,219,0.0,21.911458333333332,6.887222222222222
2,2,worm,30.0,42,0.0,18.466145833333332,5.771805555555556
2,2,worm,100.0,219,0.0,14.033854166666666,4.430555555555555
2,2,worm,200.0,42,0.020833333333333332,10.888020833333334,3.4458333333333333
2,2,worm,200.0,137,0.041666666666666664,10.5078125,3.315
2,2,worm,200.0,219,0.0,11.315104166666666,3.6061111111111113
2,2,worm,30.0,137,0.0,17.604166666666668,5.573055555555555
2,2,worm,30.0,219,0.0,19.1796875,6.028333333333333
2,2,worm,100.0,42,0.0,13.338541666666666,4.198611111111111
2,2,worm,100.0,137,0.0,12.651041666666666,4.007638888888889
2,3,worm,100.0,219,0.0,17.807291666666668,5.6947222222222225
2,3,worm,200.0,42,0.0,13.8671875,4.380833333333333
2,3,worm,200.0,137,0.0,12.596354166666666,4.019444444444445
2,3,worm,200.0,219,0.0,14.2421875,4.534583333333333
2,4,worm,10.0,42,0.0,18.8828125,5.770972222222222
2,4,worm,10.0,137,0.0,18.59375,5.721666666666667
2,4,worm,10.0,219,0.0,19.083333333333332,5.862361111111111
2,4,worm,30.0,42,0.0,12.559895833333334,3.6679166666666667
2,4,worm,30.0,137,0.0,11.981770833333334,3.529027777777778
2,4,worm,30.0,219,0.0,12.8671875,3.756111111111111
2,4,worm,100.0,42,0.20833333333333334,4.174479166666667,1.1875
2,4,worm,100.0,137,0.375,3.6875,1.1208333333333333
2,2,worm,1000.0,219,0.10416666666666667,6.567708333333333,2.2734722222222223
2,2,worm,3000.0,42,0.20833333333333334,5.533854166666667,2.00375
2,2,worm,3000.0,137,0.0625,5.653645833333333,2.060277777777778
2,2,worm,3000.0,219,0.10416666666666667,6.1328125,2.2327777777777778
2,2,worm,350.0,42,0.0625,9.0546875,2.9183333333333334
2,2,worm,350.0,137,0.041666666666666664,8.473958333333334,2.746111111111111
2,2,worm,350.0,219,0.0,8.9765625,2.9169444444444443
2,2,worm,500.0,42,0.041666666666666664,7.932291666666667,2.6041666666666665
2,3,worm,10.0,42,0.0,23.3125,7.337083333333333
2,3,worm,10.0,137,0.0,22.106770833333332,7.041527777777778
2,3,worm,10.0,219,0.0,23.088541666666668,7.307083333333333
2,3,worm,30.0,42,0.0,21.856770833333332,6.911111111111111
2,3,worm,350.0,42,0.0,10.7890625,3.3866666666666667
2,3,worm,350.0,137,0.041666666666666664,10.119791666666666,3.1822222222222223
2,3,worm,350.0,219,0.0,10.958333333333334,3.4794444444444443
2,3,worm,500.0,42,0.08333333333333333,8.572916666666666,2.6679166666666667
2,3,worm,30.0,137,0.0,20.434895833333332,6.569305555555555
2,3,worm,30.0,219,0.0,22.286458333333332,7.0801388888888885
2,3,worm,100.0,42,0.0,17.828125,5.658888888888889
2,3,worm,100.0,137,0.0,16.825520833333332,5.410277777777778
2,2,worm,500.0,137,0.041666666666666664,7.53125,2.4963888888888888
2,2,worm,500.0,219,0.0,8.1796875,2.7065277777777776
2,2,worm,1000.0,42,0.10416666666666667,6.651041666666667,2.272361111111111
2,2,worm,1000.0,137,0.08333333333333333,6.559895833333333,2.2734722222222223
2,3,worm,500.0,137,0.08333333333333333,8.1328125,2.5519444444444446
2,3,worm,500.0,219,0.0,9.268229166666666,2.9008333333333334
2,3,worm,1000.0,42,0.16666666666666666,5.731770833333333,1.771388888888889
2,3,worm,1000.0,137,0.14583333333333334,5.809895833333333,1.7997222222222222
2,3,worm,1000.0,219,0.08333333333333333,6.1875,1.9101388888888888
2,3,worm,3000.0,42,0.5416666666666666,3.4583333333333335,1.042638888888889
2,3,worm,3000.0,137,0.3541666666666667,3.6979166666666665,1.1306944444444444
2,3,worm,3000.0,219,0.3958333333333333,3.7526041666666665,1.1484722222222221
2,4,worm,350.0,42,1.0,0.7942708333333334,0.38513888888888886
2,4,worm,350.0,137,1.0,0.7135416666666666,0.36291666666666667
2,4,worm,350.0,219,1.0,0.7421875,0.39458333333333334
2,4,worm,500.0,42,1.0,0.4479166666666667,0.29791666666666666
2,4,worm,100.0,219,0.22916666666666666,4.010416666666667,1.1918055555555556
2,4,worm,200.0,42,0.9375,1.6223958333333333,0.5963888888888889
2,4,worm,200.0,137,0.9166666666666666,1.515625,0.5701388888888889
2,4,worm,200.0,219,0.8541666666666666,1.7161458333333333,0.6106944444444444
2,4,worm,500.0,137,1.0,0.4036458333333333,0.2783333333333333
2,4,worm,500.0,219,1.0,0.4192708333333333,0.30083333333333334
2,4,worm,1000.0,42,1.0,0.19791666666666666,0.19875
2,4,worm,1000.0,137,1.0,0.15885416666666666,0.18375
2,4,worm,1000.0,219,1.0,0.1953125,0.1998611111111111
2,4,worm,3000.0,42,1.0,0.08072916666666667,0.12833333333333333
2,4,worm,3000.0,137,1.0,0.059895833333333336,0.12444444444444444
2,4,worm,3000.0,219,1.0,0.08854166666666667,0.12708333333333333
2,5,worm,500.0,137,0.0,14.8125,5.867083333333333
2,5,worm,500.0,219,0.0,16.947916666666668,6.7252777777777775
2,5,worm,1000.0,42,0.020833333333333332,11.598958333333334,4.567222222222222
2,5,worm,1000.0,137,0.0,11.0859375,4.396111111111111
2,6,worm,1000.0,219,1.0,0.6614583333333334,0.24958333333333332
2,6,worm,3000.0,42,1.0,0.234375,0.14055555555555554
2,6,worm,3000.0,137,1.0,0.21614583333333334,0.13777777777777778
2,6,worm,3000.0,219,1.0,0.21614583333333334,0.1388888888888889
2,6,worm,500.0,137,0.9583333333333334,1.3515625,0.4266666666666667
2,6,worm,500.0,219,0.7916666666666666,1.5651041666666667,0.4725
2,6,worm,1000.0,42,1.0,0.5755208333333334,0.23847222222222222
2,6,worm,1000.0,137,1.0,0.59375,0.2323611111111111
2,6,worm,100.0,219,0.0,9.359375,2.7488888888888887
2,6,worm,200.0,42,0.14583333333333334,4.966145833333333,1.3770833333333334
2,6,worm,200.0,137,0.1875,4.6640625,1.3109722222222222
2,6,worm,200.0,219,0.16666666666666666,5.119791666666667,1.43375
2,5,worm,10.0,42,0.0,26.2890625,8.609583333333333
2,5,worm,10.0,137,0.0,25.390625,8.424305555555556
2,5,worm,10.0,219,0.0,26.979166666666668,8.871666666666666
2,5,worm,30.0,42,0.0,28.986979166666668,9.98625
2,5,worm,30.0,137,0.0,27.143229166666668,9.474444444444444
2,5,worm,30.0,219,0.0,29.822916666666668,10.359027777777778
2,5,worm,100.0,42,0.0,26.841145833333332,10.10375
2,5,worm,100.0,137,0.0,26.145833333333332,9.849166666666667
2,5,worm,350.0,42,0.0,19.216145833333332,7.572777777777778
2,5,worm,350.0,137,0.0,17.283854166666668,6.807361111111111
2,5,worm,350.0,219,0.0,19.723958333333332,7.838055555555556
2,5,worm,500.0,42,0.0,16.731770833333332,6.583472222222222
2,5,worm,100.0,219,0.0,27.6015625,10.442361111111111
2,5,worm,200.0,42,0.0,22.880208333333332,8.86111111111111
2,5,worm,200.0,137,0.0,21.989583333333332,8.54111111111111
2,5,worm,200.0,219,0.0,23.8984375,9.348333333333333
2,5,worm,1000.0,219,0.0,12.880208333333334,5.114722222222222
2,5,worm,3000.0,42,0.08333333333333333,7.2265625,2.828333333333333
2,5,worm,3000.0,137,0.0,7.760416666666667,3.061111111111111
2,5,worm,3000.0,219,0.041666666666666664,8.510416666666666,3.350416666666667
2,6,worm,30.0,137,0.0,16.028645833333332,4.938611111111111
2,6,worm,30.0,219,0.0,17.794270833333332,5.4615277777777775
2,6,worm,100.0,42,0.0,9.356770833333334,2.7245833333333334
2,6,worm,100.0,137,0.0,8.528645833333334,2.5213888888888887
2,6,worm,10.0,42,0.0,21.15625,6.559722222222222
2,6,worm,10.0,137,0.0,20.109375,6.324722222222222
2,6,worm,10.0,219,0.0,21.625,6.740277777777778
2,6,worm,30.0,42,0.0,16.958333333333332,5.194166666666667
2,6,worm,350.0,42,0.625,2.3697916666666665,0.6618055555555555
2,6,worm,350.0,137,0.7083333333333334,2.1588541666666665,0.6351388888888889
2,6,worm,350.0,219,0.6458333333333334,2.5885416666666665,0.7245833333333334
2,6,worm,500.0,42,0.9166666666666666,1.4322916666666667,0.44083333333333335
2,7,worm,10.0,42,0.0,24.721354166666668,7.969861111111111
2,7,worm,10.0,137,0.0,23.783854166666668,7.773888888888889
2,7,worm,10.0,219,0.0,25.3046875,8.172916666666667
2,7,worm,30.0,42,0.0,26.609375,8.860138888888889
2,7,worm,30.0,137,0.0,24.794270833333332,8.39638888888889
2,7,worm,30.0,219,0.0,26.252604166666668,8.833472222222222
2,7,worm,100.0,42,0.0,25.765625,9.188055555555556
2,7,worm,100.0,137,0.0,23.1171875,8.325833333333334
2,7,worm,100.0,219,0.0,25.893229166666668,9.307916666666667
2,7,worm,200.0,42,0.0,21.268229166666668,7.8751388888888885
2,7,worm,200.0,137,0.0,21.5,7.959444444444444
2,7,worm,200.0,219,0.0,22.270833333333332,8.328888888888889
2,8,worm,1000.0,219,0.0,15.807291666666666,8.072916666666666
2,8,worm,3000.0,42,0.041666666666666664,9.3203125,4.796388888888889
2,8,worm,3000.0,137,0.0,10.747395833333334,5.5575
2,8,worm,3000.0,219,0.020833333333333332,10.838541666666666,5.59625
2,9,worm,10.0,42,0.0,26.1796875,8.568888888888889
2,9,worm,10.0,137,0.0,24.90625,8.257361111111111
2,9,worm,10.0,219,0.0,26.546875,8.718055555555555
2,9,worm,30.0,42,0.0,28.455729166666668,9.842361111111112
2,7,worm,500.0,137,0.0,14.458333333333334,5.5475
2,7,worm,500.0,219,0.0,15.924479166666666,6.137222222222222
2,7,worm,1000.0,42,0.020833333333333332,11.072916666666666,4.233333333333333
2,7,worm,1000.0,137,0.0,10.416666666666666,4.034583333333333
2,7,worm,350.0,42,0.0,18.463541666666668,6.985833333333333
2,7,worm,350.0,137,0.0,16.8515625,6.396111111111111
2,7,worm,350.0,219,0.0,18.609375,7.116388888888889
2,7,worm,500.0,42,0.0,15.377604166666666,5.860416666666667
2,7,worm,1000.0,219,0.0,12.135416666666666,4.718194444444444
2,7,worm,3000.0,42,0.08333333333333333,6.916666666666667,2.6619444444444444
2,7,worm,3000.0,137,0.0,7.234375,2.80375
2,7,worm,3000.0,219,0.041666666666666664,8.208333333333334,3.1793055555555556
2,8,worm,10.0,42,0.0,29.158854166666668,9.774861111111111
2,8,worm,10.0,137,0.0,27.330729166666668,9.283472222222223
2,8,worm,10.0,219,0.0,29.138020833333332,9.82
2,8,worm,30.0,42,0.0,32.901041666666664,12.122777777777777
2,8,worm,30.0,137,0.0,30.359375,11.265972222222222
2,8,worm,30.0,219,0.0,34.046875,12.581666666666667
2,8,worm,100.0,42,0.0,30.729166666666668,13.333333333333334
2,8,worm,100.0,137,0.0,29.763020833333332,12.957777777777778
2,9,worm,30.0,137,0.0,26.361979166666668,9.25013888888889
2,9,worm,30.0,219,0.0,29.260416666666668,10.222777777777777
2,9,worm,100.0,42,0.0,27.2421875,10.58611111111111
2,9,worm,100.0,137,0.0,26.471354166666668,10.248888888888889
2,8,worm,100.0,219,0.0,32.578125,14.166805555555555
2,8,worm,200.0,42,0.0,26.505208333333332,12.380416666666667
2,8,worm,200.0,137,0.0,25.419270833333332,12.028055555555556
2,8,worm,200.0,219,0.0,26.0859375,12.356805555555555
2,8,worm,350.0,42,0.0,22.1015625,10.828472222222222
2,8,worm,350.0,137,0.0,21.145833333333332,10.421666666666667
2,8,worm,350.0,219,0.0,22.255208333333332,10.956666666666667
2,8,worm,500.0,42,0.0,18.877604166666668,9.46513888888889
2,8,worm,500.0,137,0.0,18.651041666666668,9.414444444444445
2,8,worm,500.0,219,0.0,19.765625,9.930416666666666
2,8,worm,1000.0,42,0.0,14.122395833333334,7.219861111111111
2,8,worm,1000.0,137,0.0,13.953125,7.2
2,9,worm,350.0,42,0.0,19.559895833333332,8.301527777777778
2,9,worm,350.0,137,0.0,18.072916666666668,7.708611111111111
2,9,worm,350.0,219,0.0,20.041666666666668,8.56638888888889
2,9,worm,500.0,42,0.0,18.005208333333332,7.714722222222222
2,9,worm,500.0,137,0.0,16.169270833333332,6.998333333333333
2,9,worm,500.0,219,0.0,17.291666666666668,7.48875
2,9,worm,1000.0,42,0.0,13.1953125,5.720555555555555
2,9,worm,1000.0,137,0.0,12.252604166666666,5.363888888888889
2,10,worm,500.0,137,0.4375,3.5807291666666665,1.0258333333333334
2,10,worm,500.0,219,0.3958333333333333,3.9010416666666665,1.1093055555555555
2,10,worm,1000.0,42,0.7083333333333334,2.2447916666666665,0.6248611111111111
2,10,worm,1000.0,137,0.7708333333333334,2.234375,0.6176388888888888
2,9,worm,100.0,219,0.0,27.455729166666668,10.745972222222223
2,9,worm,200.0,42,0.0,23.033854166666668,9.450694444444444
2,9,worm,200.0,137,0.0,22.75,9.373472222222222
2,9,worm,200.0,219,0.0,24.098958333333332,10.01875
2,9,worm,1000.0,219,0.0,13.700520833333334,6.002361111111111
2,9,worm,3000.0,42,0.0625,8.229166666666666,3.5493055555555557
2,9,worm,3000.0,137,0.0,8.971354166666666,3.9629166666666666
2,9,worm,3000.0,219,0.041666666666666664,9.9609375,4.3341666666666665
2,10,worm,30.0,137,0.0,17.239583333333332,5.353611111111111
2,10,worm,30.0,219,0.0,18.515625,5.7363888888888885
2,10,worm,100.0,42,0.0,11.28125,3.3734722222222224
2,10,worm,100.0,137,0.0,10.971354166666666,3.307638888888889
2,11,worm,100.0,219,0.0,11.401041666666666,3.4325
2,11,worm,200.0,42,0.020833333333333332,7.166666666666667,2.0741666666666667
2,11,worm,200.0,137,0.10416666666666667,6.7421875,1.9645833333333333
2,11,worm,200.0,219,0.0,7.4296875,2.1544444444444446
2,10,worm,100.0,219,0.0,11.783854166666666,3.5105555555555554
2,10,worm,200.0,42,0.020833333333333332,7.9609375,2.285138888888889
2,10,worm,200.0,137,0.020833333333333332,7.268229166666667,2.1269444444444443
2,10,worm,200.0,219,0.0,7.9453125,2.3022222222222224
2,10,worm,10.0,42,0.0,21.677083333333332,6.722777777777778
2,10,worm,10.0,137,0.0,20.5859375,6.493055555555555
2,10,worm,10.0,219,0.0,21.916666666666668,6.8405555555555555
2,10,worm,30.0,42,0.0,18.0546875,5.558472222222222
2,10,worm,350.0,42,0.14583333333333334,5.145833333333333,1.4640277777777777
2,10,worm,350.0,137,0.25,4.830729166666667,1.3725
2,10,worm,350.0,219,0.10416666666666667,5.544270833333333,1.5693055555555555
2,10,worm,500.0,42,0.375,3.9609375,1.1
2,11,worm,350.0,42,0.2708333333333333,4.440104166666667,1.2304166666666667
2,11,worm,350.0,137,0.375,3.9973958333333335,1.12875
2,11,worm,350.0,219,0.3125,4.328125,1.2316666666666667
2,11,worm,500.0,42,0.6041666666666666,2.890625,0.8081944444444444
2,10,worm,1000.0,219,0.6875,2.4453125,0.6806944444444445
2,10,worm,3000.0,42,0.9166666666666666,1.2395833333333333,0.34375
2,10,worm,3000.0,137,0.9375,1.1979166666666667,0.3376388888888889
2,10,worm,3000.0,219,0.9375,1.1953125,0.34430555555555553
2,11,worm,10.0,42,0.0,21.848958333333332,6.7965277777777775
2,11,worm,10.0,137,0.0,20.625,6.507083333333333
2,11,worm,10.0,219,0.0,21.841145833333332,6.829861111111111
2,11,worm,30.0,42,0.0,18.151041666666668,5.607638888888889
2,11,worm,30.0,137,0.0,17.372395833333332,5.406944444444444
2,11,worm,30.0,219,0.0,18.643229166666668,5.792916666666667
2,11,worm,100.0,42,0.0,11.2578125,3.3848611111111113
2,11,worm,100.0,137,0.0,10.692708333333334,3.242638888888889
2,11,worm,500.0,137,0.7083333333333334,2.6666666666666665,0.7559722222222223
2,11,worm,500.0,219,0.5,3.1510416666666665,0.8681944444444445
2,11,worm,1000.0,42,0.9375,1.328125,0.37625
2,11,worm,1000.0,137,0.8958333333333334,1.3802083333333333,0.39361111111111113
2,11,worm,1000.0,219,0.9375,1.4010416666666667,0.40694444444444444
2,11,worm,3000.0,42,1.0,0.5052083333333334,0.17902777777777779
2,11,worm,3000.0,137,1.0,0.453125,0.17694444444444443
2,11,worm,3000.0,219,1.0,0.5546875,0.19027777777777777
2,13,worm,10.0,42,0.0,21.932291666666668,6.849722222222222
2,13,worm,10.0,137,0.0,20.549479166666668,6.498611111111111
2,13,worm,10.0,219,0.0,21.731770833333332,6.834444444444444
2,13,worm,30.0,42,0.0,18.239583333333332,5.675
2,13,worm,500.0,137,0.1875,5.494791666666667,1.646111111111111
2,13,worm,500.0,219,0.14583333333333334,5.828125,1.7431944444444445
2,13,worm,1000.0,42,0.375,4.041666666666667,1.1691666666666667
2,13,worm,1000.0,137,0.375,3.9010416666666665,1.1531944444444444
2,12,worm,100.0,219,0.0,21.114583333333332,7.440555555555555
2,12,worm,200.0,42,0.0,18.541666666666668,6.845833333333333
2,12,worm,200.0,137,0.0,17.721354166666668,6.559027777777778
2,12,worm,200.0,219,0.0,18.614583333333332,6.929444444444444
2,13,worm,30.0,137,0.0,17.729166666666668,5.550277777777778
2,13,worm,30.0,219,0.0,18.893229166666668,5.913194444444445
2,13,worm,100.0,42,0.0,12.317708333333334,3.7941666666666665
2,13,worm,100.0,137,0.0,11.893229166666666,3.679027777777778
2,12,worm,10.0,42,0.0,22.848958333333332,7.289027777777778
2,12,worm,10.0,137,0.0,21.8671875,7.051944444444445
2,12,worm,10.0,219,0.0,23.700520833333332,7.555
2,12,worm,30.0,42,0.0,22.3125,7.280972222222222
2,12,worm,30.0,137,0.0,21.005208333333332,6.935277777777777
2,12,worm,30.0,219,0.0,23.263020833333332,7.6025
2,12,worm,100.0,42,0.0,20.7890625,7.227083333333334
2,12,worm,100.0,137,0.0,19.2734375,6.749722222222222
2,12,worm,350.0,42,0.0,16.494791666666668,6.394583333333333
2,12,worm,350.0,137,0.0,15.0625,5.852361111111111
2,12,worm,350.0,219,0.0,16.875,6.59
2,12,worm,500.0,42,0.0,15.075520833333334,6.018472222222222
2,12,worm,500.0,137,0.0,13.734375,5.512361111111111
2,12,worm,500.0,219,0.0,15.46875,6.233611111111111
2,12,worm,1000.0,42,0.020833333333333332,11.265625,4.721111111111111
2,12,worm,1000.0,137,0.0,11.434895833333334,4.854027777777778
2,12,worm,1000.0,219,0.0,12.6640625,5.342777777777778
2,12,worm,3000.0,42,0.0625,7.9453125,3.45375
2,12,worm,3000.0,137,0.0,8.510416666666666,3.77375
2,12,worm,3000.0,219,0.0625,9.5234375,4.173333333333333
2,13,worm,100.0,219,0.0,12.8671875,3.960138888888889
2,13,worm,200.0,42,0.0,9.471354166666666,2.8620833333333335
2,13,worm,200.0,137,0.041666666666666664,8.643229166666666,2.6230555555555557
2,13,worm,200.0,219,0.0,9.596354166666666,2.9154166666666668
2,13,worm,350.0,42,0.08333333333333333,7.015625,2.0766666666666667
2,13,worm,350.0,137,0.125,6.361979166666667,1.9380555555555556
2,13,worm,350.0,219,0.041666666666666664,7.229166666666667,2.1645833333333333
2,13,worm,500.0,42,0.1875,5.734375,1.6869444444444444
2,14,worm,10.0,42,0.0,21.716145833333332,6.7531944444444445
2,14,worm,10.0,137,0.0,20.299479166666668,6.417638888888889
2,14,worm,10.0,219,0.0,21.747395833333332,6.802638888888889
2,14,worm,30.0,42,0.0,17.856770833333332,5.529166666666667
2,14,worm,30.0,137,0.0,17.473958333333332,5.432361111111111
2,14,worm,30.0,219,0.0,18.6484375,5.787222222222222
2,14,worm,100.0,42,0.0,12.236979166666666,3.6969444444444446
2,14,worm,100.0,137,0.0,11.354166666666666,3.464722222222222
2,14,worm,350.0,42,0.0625,6.098958333333333,1.7409722222222221
2,14,worm,350.0,137,0.14583333333333334,5.440104166666667,1.5872222222222223
2,14,worm,350.0,219,0.0625,6.153645833333333,1.782361111111111
2,14,worm,500.0,42,0.2708333333333333,4.671875,1.3093055555555555
2,14,worm,100.0,219,0.0,12.15625,3.6956944444444444
2,14,worm,200.0,42,0.0,8.627604166666666,2.535972222222222
2,14,worm,200.0,137,0.041666666666666664,7.919270833333333,2.3643055555555557
2,14,worm,200.0,219,0.0,8.6015625,2.5541666666666667
2,13,worm,1000.0,219,0.3125,4.106770833333333,1.2106944444444445
2,13,worm,3000.0,42,0.5833333333333334,2.4791666666666665,0.7194444444444444
2,13,worm,3000.0,137,0.7291666666666666,2.4505208333333335,0.72375
2,13,worm,3000.0,219,0.5833333333333334,2.8385416666666665,0.8309722222222222
2,15,worm,1000.0,219,0.0,16.84375,8.699305555555556
2,15,worm,3000.0,42,0.041666666666666664,9.291666666666666,4.805138888888889
2,15,worm,3000.0,137,0.0,10.635416666666666,5.5536111111111115
2,15,worm,3000.0,219,0.020833333333333332,11.0546875,5.732638888888889
2,16,worm,10.0,42,0.0,22.604166666666668,7.115
2,16,worm,10.0,137,0.0,21.557291666666668,6.851388888888889
2,16,worm,10.0,219,0.0,22.7734375,7.196666666666666
2,16,worm,30.0,42,0.0,20.34375,6.455277777777778
2,14,worm,500.0,137,0.2708333333333333,4.346354166666667,1.2604166666666667
2,14,worm,500.0,219,0.2916666666666667,4.546875,1.3194444444444444
2,14,worm,1000.0,42,0.5625,2.9557291666666665,0.8243055555555555
2,14,worm,1000.0,137,0.6041666666666666,2.9661458333333335,0.8238888888888889
2,14,worm,1000.0,219,0.5625,3.0885416666666665,0.8668055555555556
2,14,worm,3000.0,42,0.8125,1.5677083333333333,0.43194444444444446
2,14,worm,3000.0,137,0.875,1.6197916666666667,0.4479166666666667
2,14,worm,3000.0,219,0.875,1.5494791666666667,0.4390277777777778
2,15,worm,10.0,42,0.0,30.1640625,10.216944444444444
2,15,worm,10.0,137,0.0,28.197916666666668,9.679027777777778
2,15,worm,10.0,219,0.0,30.231770833333332,10.30236111111111
2,15,worm,30.0,42,0.0,35.09375,13.200138888888889
2,15,worm,30.0,137,0.0,33.330729166666664,12.578055555555556
2,15,worm,30.0,219,0.0,37.098958333333336,13.978055555555555
2,15,worm,100.0,42,0.0,32.765625,14.545
2,15,worm,100.0,137,0.0,31.739583333333332,14.202083333333333
2,15,worm,100.0,219,0.0,34.5078125,15.421666666666667
2,15,worm,200.0,42,0.0,28.356770833333332,13.557777777777778
2,15,worm,200.0,137,0.0,27.736979166666668,13.368194444444445
2,15,worm,200.0,219,0.0,28.838541666666668,13.93763888888889
2,16,worm,100.0,219,0.0,16.708333333333332,5.470416666666667
2,16,worm,200.0,42,0.0,14.015625,4.68625
2,16,worm,200.0,137,0.0,13.486979166666666,4.522638888888889
2,16,worm,200.0,219,0.0,14.158854166666666,4.779166666666667
2,15,worm,350.0,42,0.0,24.7109375,12.347222222222221
2,15,worm,350.0,137,0.0,22.239583333333332,11.183333333333334
2,15,worm,350.0,219,0.0,24.2578125,12.23625
2,15,worm,500.0,42,0.0,20.223958333333332,10.280138888888889
2,15,worm,500.0,137,0.0,19.559895833333332,10.03125
2,15,worm,500.0,219,0.0,20.9140625,10.724444444444444
2,15,worm,1000.0,42,0.0,15.036458333333334,7.805555555555555
2,15,worm,1000.0,137,0.0,14.408854166666666,7.535833333333334
2,16,worm,500.0,137,0.0,9.723958333333334,3.432916666666667
2,16,worm,500.0,219,0.0,10.9453125,3.859722222222222
2,16,worm,1000.0,42,0.0625,8.6328125,3.109166666666667
2,16,worm,1000.0,137,0.0,8.026041666666666,2.9452777777777777
2,16,worm,1000.0,219,0.0,8.911458333333334,3.245138888888889
2,16,worm,3000.0,42,0.125,6.315104166666667,2.3738888888888887
2,16,worm,3000.0,137,0.020833333333333332,6.377604166666667,2.410277777777778
2,16,worm,3000.0,219,0.0625,7.192708333333333,2.705972222222222
2,16,worm,30.0,137,0.0,19.372395833333332,6.209583333333334
2,16,worm,30.0,219,0.0,21.057291666666668,6.698611111111111
2,16,worm,100.0,42,0.0,16.0078125,5.225555555555555
2,16,worm,100.0,137,0.0,15.388020833333334,5.057916666666666
2,17,worm,1000.0,219,0.0,15.401041666666666,7.10375
2,17,worm,3000.0,42,0.041666666666666664,9.203125,4.250555555555556
2,17,worm,3000.0,137,0.0,9.388020833333334,4.40375
2,17,worm,3000.0,219,0.041666666666666664,10.346354166666666,4.781666666666666
2,16,worm,350.0,42,0.0,11.583333333333334,3.9740277777777777
2,16,worm,350.0,137,0.0,10.684895833333334,3.704861111111111
2,16,worm,350.0,219,0.0,12.046875,4.166388888888889
2,16,worm,500.0,42,0.0,10.8515625,3.7775
2,18,worm,100.0,219,0.0,17.533854166666668,5.849027777777778
2,18,worm,200.0,42,0.0,14.541666666666666,5.027083333333334
2,18,worm,200.0,137,0.0,13.640625,4.7283333333333335
2,18,worm,200.0,219,0.0,15.015625,5.231944444444444
2,17,worm,10.0,42,0.0,28.03125,9.283194444444444
2,17,worm,10.0,137,0.0,26.229166666666668,8.820416666666667
2,17,worm,10.0,219,0.0,27.888020833333332,9.290555555555555
2,17,worm,30.0,42,0.0,32.28125,11.510416666666666
2,17,worm,30.0,137,0.0,29.768229166666668,10.70513888888889
2,17,worm,30.0,219,0.0,32.690104166666664,11.708472222222222
2,17,worm,100.0,42,0.0,29.966145833333332,12.253472222222221
2,17,worm,100.0,137,0.0,29.5859375,12.126805555555556
2,17,worm,100.0,219,0.0,32.8203125,13.48611111111111
2,17,worm,200.0,42,0.0,25.940104166666668,11.252222222222223
2,17,worm,200.0,137,0.0,25.372395833333332,11.1075
2,17,worm,200.0,219,0.0,26.864583333333332,11.783333333333333
2,18,worm,350.0,42,0.0,13.4140625,4.768888888888889
2,18,worm,350.0,137,0.0,11.763020833333334,4.240972222222222
2,18,worm,350.0,219,0.0,12.859375,4.628333333333333
2,18,worm,500.0,42,0.0,12.1640625,4.412638888888889
2,17,worm,350.0,42,0.0,22.809895833333332,10.213611111111112
2,17,worm,350.0,137,0.0,21.0234375,9.482222222222223
2,17,worm,350.0,219,0.0,22.502604166666668,10.221388888888889
2,17,worm,500.0,42,0.0,19.8125,9.004722222222222
2,17,worm,500.0,137,0.0,17.565104166666668,8.042222222222222
2,17,worm,500.0,219,0.0,19.6171875,8.973055555555556
2,17,worm,1000.0,42,0.0,15.127604166666666,6.918472222222222
2,17,worm,1000.0,137,0.0,13.200520833333334,6.160416666666666
2,18,worm,10.0,42,0.0,22.625,7.1379166666666665
2,18,worm,10.0,137,0.0,20.895833333333332,6.7025
2,18,worm,10.0,219,0.0,22.875,7.2498611111111115
2,18,worm,30.0,42,0.0,20.5546875,6.55625
2,18,worm,30.0,137,0.0,19.71875,6.355833333333333
2,18,worm,30.0,219,0.0,21.315104166666668,6.8445833333333335
2,18,worm,100.0,42,0.0,16.888020833333332,5.594444444444444
2,18,worm,100.0,137,0.0,16.028645833333332,5.388888888888889
2,18,worm,1000.0,219,0.0,10.080729166666666,3.8691666666666666
2,18,worm,3000.0,42,0.08333333333333333,7.046875,2.7776388888888888
2,18,worm,3000.0,137,0.041666666666666664,7.229166666666667,2.8870833333333334
2,18,worm,3000.0,219,0.0625,8.0234375,3.1870833333333333
2,19,worm,30.0,137,0.0,19.0703125,6.011111111111111
2,19,worm,30.0,219,0.0,19.96875,6.270694444444445
2,19,worm,100.0,42,0.0,15.1015625,4.706944444444445
2,19,worm,100.0,137,0.0,14.065104166666666,4.4191666666666665
2,18,worm,500.0,137,0.0,10.315104166666666,3.8119444444444444
2,18,worm,500.0,219,0.0,12.158854166666666,4.4688888888888885
2,18,worm,1000.0,42,0.041666666666666664,9.453125,3.5854166666666667
2,18,worm,1000.0,137,0.0,9.229166666666666,3.537361111111111
2,19,worm,1000.0,219,0.14583333333333334,5.653645833333333,1.7129166666666666
2,19,worm,3000.0,42,0.5416666666666666,3.2005208333333335,0.9441666666666667
2,19,worm,3000.0,137,0.4583333333333333,3.4088541666666665,1.01875
2,19,worm,3000.0,219,0.4583333333333333,3.3489583333333335,1.0163888888888888
2,19,worm,10.0,42,0.0,22.283854166666668,6.980833333333333
2,19,worm,10.0,137,0.0,21.450520833333332,6.772916666666666
2,19,worm,10.0,219,0.0,22.330729166666668,7.016111111111111
2,19,worm,30.0,42,0.0,19.65625,6.1386111111111115
2,20,worm,500.0,137,0.0,9.65625,3.4004166666666666
2,20,worm,500.0,219,0.0,10.9765625,3.8669444444444445
2,20,worm,1000.0,42,0.0625,8.518229166666666,3.062638888888889
2,20,worm,1000.0,137,0.020833333333333332,7.90625,2.8931944444444446
2,19,worm,100.0,219,0.0,15.018229166666666,4.693194444444444
2,19,worm,200.0,42,0.0,11.684895833333334,3.633611111111111
2,19,worm,200.0,137,0.020833333333333332,10.84375,3.3826388888888888
2,19,worm,200.0,219,0.0,12.145833333333334,3.7569444444444446
2,19,worm,350.0,42,0.041666666666666664,9.0859375,2.7868055555555555
2,19,worm,350.0,137,0.0625,8.638020833333334,2.6555555555555554
2,19,worm,350.0,219,0.0,9.682291666666666,2.9786111111111113
2,19,worm,500.0,42,0.0625,7.565104166666667,2.285972222222222
2,19,worm,500.0,137,0.08333333333333333,7.096354166666667,2.1905555555555556
2,19,worm,500.0,219,0.020833333333333332,7.919270833333333,2.4297222222222223
2,19,worm,1000.0,42,0.20833333333333334,5.21875,1.5741666666666667
2,19,worm,1000.0,137,0.1875,5.375,1.6198611111111112
2,20,worm,1000.0,219,0.0,8.8046875,3.207638888888889
2,20,worm,3000.0,42,0.125,6.299479166666667,2.3654166666666665
2,20,worm,3000.0,137,0.020833333333333332,6.455729166666667,2.432361111111111
2,20,worm,3000.0,219,0.0625,6.979166666666667,2.6218055555555555
2,20,worm,10.0,42,0.0,22.640625,7.1241666666666665
2,20,worm,10.0,137,0.0,21.583333333333332,6.855555555555555
2,20,worm,10.0,219,0.0,22.768229166666668,7.193333333333333
2,20,worm,30.0,42,0.0,20.375,6.461944444444445
2,20,worm,30.0,137,0.0,19.390625,6.214305555555556
2,20,worm,30.0,219,0.0,21.1015625,6.7075
2,20,worm,100.0,42,0.0,16.020833333333332,5.222361111111111
2,20,worm,100.0,137,0.0,15.268229166666666,5.023888888888889
2,21,worm,30.0,137,0.0,19.049479166666668,5.972916666666666
2,21,worm,30.0,219,0.0,20.486979166666668,6.409027777777778
2,21,worm,100.0,42,0.0,14.4453125,4.420416666666667
2,21,worm,100.0,137,0.0,13.578125,4.178472222222222
2,20,worm,100.0,219,0.0,16.703125,5.462361111111111
2,20,worm,200.0,42,0.0,13.927083333333334,4.648611111111111
2,20,worm,200.0,137,0.0,13.40625,4.487777777777778
2,20,worm,200.0,219,0.0,14.1484375,4.767083333333333
2,20,worm,350.0,42,0.0,11.518229166666666,3.9451388888888888
2,20,worm,350.0,137,0.0,10.572916666666666,3.6645833333333333
2,20,worm,350.0,219,0.0,11.828125,4.0808333333333335
2,20,worm,500.0,42,0.0,10.6796875,3.712361111111111
2,21,worm,350.0,42,0.020833333333333332,7.703125,2.285833333333333
2,21,worm,350.0,137,0.0625,7.291666666666667,2.169722222222222
2,21,worm,350.0,219,0.020833333333333332,7.807291666666667,2.3226388888888887
2,21,worm,500.0,42,0.125,6.177083333333333,1.7905555555555555
2,21,worm,10.0,42,0.0,22.5703125,7.038611111111111
2,21,worm,10.0,137,0.0,21.609375,6.801944444444445
2,21,worm,10.0,219,0.0,22.278645833333332,7.008055555555556
2,21,worm,30.0,42,0.0,19.838541666666668,6.1651388888888885
2,22,worm,30.0,137,0.0,17.9375,5.58625
2,22,worm,30.0,219,0.0,19.15625,5.959722222222222
2,22,worm,100.0,42,0.0,12.3125,3.7127777777777777
2,22,worm,100.0,137,0.0,11.486979166666666,3.5069444444444446
2,22,worm,500.0,137,0.3333333333333333,4.182291666666667,1.1926388888888888
2,22,worm,500.0,219,0.2708333333333333,4.481770833333333,1.2815277777777778
2,22,worm,1000.0,42,0.6458333333333334,2.625,0.7340277777777777
2,22,worm,1000.0,137,0.6458333333333334,2.75,0.7611111111111111
2,21,worm,100.0,219,0.0,15.234375,4.6475
2,21,worm,200.0,42,0.0,10.403645833333334,3.1305555555555555
2,21,worm,200.0,137,0.0,9.7890625,2.9556944444444446
2,21,worm,200.0,219,0.0,10.6953125,3.2283333333333335
2,23,worm,30.0,137,0.0,32.1484375,12.12875
2,23,worm,30.0,219,0.0,36.294270833333336,13.645833333333334
2,23,worm,100.0,42,0.0,31.567708333333332,13.838611111111112
2,23,worm,100.0,137,0.0,29.9296875,13.233611111111111
2,21,worm,500.0,137,0.125,5.401041666666667,1.6098611111111112
2,21,worm,500.0,219,0.10416666666666667,6.234375,1.8295833333333333
2,21,worm,1000.0,42,0.3541666666666667,3.8671875,1.0965277777777778
2,21,worm,1000.0,137,0.375,3.7395833333333335,1.0793055555555555
2,21,worm,1000.0,219,0.3541666666666667,4.078125,1.176111111111111
2,21,worm,3000.0,42,0.7083333333333334,2.2734375,0.6354166666666666
2,21,worm,3000.0,137,0.75,2.2942708333333335,0.6451388888888889
2,21,worm,3000.0,219,0.7291666666666666,2.2421875,0.6426388888888889
2,22,worm,10.0,42,0.0,21.9375,6.818888888888889
2,22,worm,10.0,137,0.0,21.026041666666668,6.6305555555555555
2,22,worm,10.0,219,0.0,22.192708333333332,6.930694444444445
2,22,worm,30.0,42,0.0,18.708333333333332,5.770138888888889
2,22,worm,100.0,219,0.0,12.848958333333334,3.871111111111111
2,22,worm,200.0,42,0.0,8.692708333333334,2.5394444444444444
2,22,worm,200.0,137,0.020833333333333332,7.84375,2.337222222222222
2,22,worm,200.0,219,0.0,8.9296875,2.616527777777778
2,22,worm,350.0,42,0.08333333333333333,5.815104166666667,1.6627777777777777
2,22,worm,350.0,137,0.125,5.583333333333333,1.5980555555555556
2,22,worm,350.0,219,0.0625,6.1171875,1.7616666666666667
2,22,worm,500.0,42,0.25,4.606770833333333,1.2768055555555555
2,23,worm,350.0,42,0.0,21.994791666666668,10.637777777777778
2,23,worm,350.0,137,0.0,20.9609375,10.200277777777778
2,23,worm,350.0,219,0.0,22.567708333333332,10.975694444444445
2,23,worm,500.0,42,0.0,19.0234375,9.314166666666667
2,22,worm,1000.0,219,0.5625,2.9479166666666665,0.8145833333333333
2,22,worm,3000.0,42,0.8333333333333334,1.4869791666666667,0.40791666666666665
2,22,worm,3000.0,137,0.9166666666666666,1.4921875,0.4131944444444444
2,22,worm,3000.0,219,0.9166666666666666,1.4296875,0.4048611111111111
2,23,worm,10.0,42,0.0,30.119791666666668,10.20888888888889
2,23,worm,10.0,137,0.0,28.036458333333332,9.623194444444444
2,23,worm,10.0,219,0.0,30.403645833333332,10.372777777777777
2,23,worm,30.0,42,0.0,34.263020833333336,12.878472222222221
2,23,worm,500.0,137,0.0,17.809895833333332,8.7425
2,23,worm,500.0,219,0.0,19.330729166666668,9.469444444444445
2,23,worm,1000.0,42,0.0,13.895833333333334,6.894444444444445
2,23,worm,1000.0,137,0.0,13.356770833333334,6.6866666666666665
2,24,worm,10.0,42,0.0,22.59375,7.178055555555556
2,24,worm,10.0,137,0.0,21.372395833333332,6.8677777777777775
2,24,worm,10.0,219,0.0,23.059895833333332,7.342361111111111
2,24,worm,30.0,42,0.0,21.044270833333332,6.803333333333334
2,23,worm,100.0,219,0.0,32.822916666666664,14.467777777777778
2,23,worm,200.0,42,0.0,26.697916666666668,12.43375
2,23,worm,200.0,137,0.0,25.752604166666668,12.158055555555556
2,23,worm,200.0,219,0.0,26.71875,12.599305555555556
2,25,worm,10.0,42,0.0,22.614583333333332,7.128333333333333
2,25,worm,10.0,137,0.0,20.817708333333332,6.679305555555556
2,25,worm,10.0,219,0.0,22.723958333333332,7.2068055555555555
2,25,worm,30.0,42,0.0,20.536458333333332,6.56625
2,23,worm,1000.0,219,0.0,14.854166666666666,7.3261111111111115
2,23,worm,3000.0,42,0.020833333333333332,9.427083333333334,4.654027777777777
2,23,worm,3000.0,137,0.0,10.354166666666666,5.1691666666666665
2,23,worm,3000.0,219,0.041666666666666664,10.2890625,5.097777777777778
2,25,worm,350.0,42,0.0,14.1640625,5.00125
2,25,worm,350.0,137,0.0,12.591145833333334,4.48
2,25,worm,350.0,219,0.0,13.802083333333334,4.930555555555555
2,25,worm,500.0,42,0.0,12.7734375,4.578055555555555
2,24,worm,100.0,219,0.0,19.778645833333332,6.852361111111111
2,24,worm,200.0,42,0.0,17.651041666666668,6.465694444444445
2,24,worm,200.0,137,0.0,16.5703125,6.101527777777778
2,24,worm,200.0,219,0.0,18.309895833333332,6.755138888888889
2,24,worm,30.0,137,0.0,20.2578125,6.618055555555555
2,24,worm,30.0,219,0.0,22.471354166666668,7.284861111111111
2,24,worm,100.0,42,0.0,19.317708333333332,6.614166666666667
2,24,worm,100.0,137,0.0,17.705729166666668,6.157222222222222
2,24,worm,350.0,42,0.0,16.28125,6.353194444444444
2,24,worm,350.0,137,0.0,14.705729166666666,5.7588888888888885
2,24,worm,350.0,219,0.0,16.747395833333332,6.594722222222222
2,24,worm,500.0,42,0.0,15.065104166666666,6.122916666666667
2,24,worm,500.0,137,0.0,14.0546875,5.752083333333333
2,24,worm,500.0,219,0.0,15.838541666666666,6.511805555555555
2,24,worm,1000.0,42,0.020833333333333332,11.838541666666666,5.200833333333334
2,24,worm,1000.0,137,0.0,11.4609375,5.12375
2,25,worm,30.0,137,0.0,19.638020833333332,6.341388888888889
2,25,worm,30.0,219,0.0,21.338541666666668,6.85625
2,25,worm,100.0,42,0.0,17.473958333333332,5.808611111111111
2,25,worm,100.0,137,0.0,16.7265625,5.620555555555556
2,25,worm,500.0,137,0.0,11.263020833333334,4.091805555555555
2,25,worm,500.0,219,0.0,12.361979166666666,4.454722222222222
2,25,worm,1000.0,42,0.020833333333333332,9.7734375,3.609722222222222
2,25,worm,1000.0,137,0.0,8.953125,3.3409722222222222
2,24,worm,1000.0,219,0.020833333333333332,12.765625,5.679166666666666
2,24,worm,3000.0,42,0.08333333333333333,8.830729166666666,4.219305555555556
2,24,worm,3000.0,137,0.0,9.432291666666666,4.586944444444445
2,24,worm,3000.0,219,0.041666666666666664,10.177083333333334,4.873333333333333
2,25,worm,100.0,219,0.0,18.104166666666668,6.050277777777778
2,25,worm,200.0,42,0.0,15.591145833333334,5.3775
2,25,worm,200.0,137,0.0,14.734375,5.113194444444445
2,25,worm,200.0,219,0.0,15.526041666666666,5.398055555555556
2,26,worm,10.0,42,0.0,22.0625,6.928472222222222
2,26,worm,10.0,137,0.0,20.8828125,6.635138888888889
2,26,worm,10.0,219,0.0,22.3359375,7.037222222222222
2,26,worm,30.0,42,0.0,19.5859375,6.167638888888889
2,26,worm,100.0,219,0.0,15.625,5.0744444444444445
2,26,worm,200.0,42,0.020833333333333332,12.984375,4.302638888888889
2,26,worm,200.0,137,0.0,12.463541666666666,4.134444444444444
2,26,worm,200.0,219,0.0,13.354166666666666,4.471666666666667
2,26,worm,30.0,137,0.0,18.401041666666668,5.864583333333333
2,26,worm,30.0,219,0.0,19.825520833333332,6.274166666666667
2,26,worm,100.0,42,0.0,14.6640625,4.729444444444445
2,26,worm,100.0,137,0.0,14.247395833333334,4.6194444444444445
2,25,worm,1000.0,219,0.0,10.169270833333334,3.7729166666666667
2,25,worm,3000.0,42,0.10416666666666667,6.677083333333333,2.52
2,25,worm,3000.0,137,0.020833333333333332,6.705729166666667,2.5480555555555555
2,25,worm,3000.0,219,0.0625,7.549479166666667,2.86625
2,27,worm,1000.0,219,1.0,0.2630208333333333,0.22236111111111112
2,27,worm,3000.0,42,1.0,0.1328125,0.13722222222222222
2,27,worm,3000.0,137,1.0,0.08072916666666667,0.13055555555555556
2,27,worm,3000.0,219,1.0,0.11458333333333333,0.13472222222222222
2,26,worm,350.0,42,0.0,11.255208333333334,3.8473611111111112
2,26,worm,350.0,137,0.0,10.197916666666666,3.5283333333333333
2,26,worm,350.0,219,0.0,11.765625,4.049861111111111
2,26,worm,500.0,42,0.0,10.609375,3.7105555555555556
2,28,worm,10.0,42,0.0,24.760416666666668,8.00611111111111
2,28,worm,10.0,137,0.0,23.703125,7.783333333333333
2,28,worm,10.0,219,0.0,25.479166666666668,8.236805555555556
2,28,worm,30.0,42,0.0,26.911458333333332,9.036527777777778
2,26,worm,1000.0,219,0.0,9.299479166666666,3.4566666666666666
2,26,worm,3000.0,42,0.10416666666666667,6.776041666666667,2.658888888888889
2,26,worm,3000.0,137,0.041666666666666664,7.1484375,2.830138888888889
2,26,worm,3000.0,219,0.0625,7.859375,3.0980555555555553
2,26,worm,500.0,137,0.0,9.645833333333334,3.408611111111111
2,26,worm,500.0,219,0.0,10.6875,3.7801388888888887
2,26,worm,1000.0,42,0.041666666666666664,8.893229166666666,3.2716666666666665
2,26,worm,1000.0,137,0.0,8.40625,3.138611111111111
2,27,worm,100.0,219,0.14583333333333334,5.018229166666667,1.4529166666666666
2,27,worm,200.0,42,0.8541666666666666,2.0755208333333335,0.7038888888888889
2,27,worm,200.0,137,0.7916666666666666,1.9869791666666667,0.6955555555555556
2,27,worm,200.0,219,0.8125,2.0026041666666665,0.71375
2,27,worm,10.0,42,0.0,19.385416666666668,5.920138888888889
2,27,worm,10.0,137,0.0,19.075520833333332,5.87125
2,27,worm,10.0,219,0.0,19.700520833333332,6.045555555555556
2,27,worm,30.0,42,0.0,13.546875,3.9580555555555557
2,28,worm,30.0,137,0.0,24.770833333333332,8.464444444444444
2,28,worm,30.0,219,0.0,26.84375,9.118611111111111
2,28,worm,100.0,42,0.0,25.200520833333332,9.337361111111111
2,28,worm,100.0,137,0.0,25.338541666666668,9.369444444444444
2,27,worm,30.0,137,0.0,12.760416666666666,3.7779166666666666
2,27,worm,30.0,219,0.0,13.846354166666666,4.053055555555556
2,27,worm,100.0,42,0.10416666666666667,5.028645833333333,1.4120833333333334
2,27,worm,100.0,137,0.2916666666666667,4.549479166666667,1.3495833333333334
2,27,worm,350.0,42,1.0,1.03125,0.4494444444444444
2,27,worm,350.0,137,1.0,0.9036458333333334,0.4195833333333333
2,27,worm,350.0,219,0.9791666666666666,1.046875,0.4647222222222222
2,27,worm,500.0,42,1.0,0.625,0.3413888888888889
2,27,worm,500.0,137,1.0,0.5885416666666666,0.3209722222222222
2,27,worm,500.0,219,1.0,0.5677083333333334,0.34569444444444447
2,27,worm,1000.0,42,1.0,0.25,0.21930555555555556
2,27,worm,1000.0,137,1.0,0.22395833333333334,0.20291666666666666
2,28,worm,350.0,42,0.0,19.203125,7.926388888888889
2,28,worm,350.0,137,0.0,17.841145833333332,7.372222222222222
2,28,worm,350.0,219,0.0,19.447916666666668,8.109027777777778
2,28,worm,500.0,42,0.0,16.533854166666668,6.937222222222222
2,28,worm,1000.0,219,0.0,13.606770833333334,5.9325
2,28,worm,3000.0,42,0.041666666666666664,8.346354166666666,3.658333333333333
2,28,worm,3000.0,137,0.0,8.283854166666666,3.6993055555555556
2,28,worm,3000.0,219,0.041666666666666664,9.875,4.355277777777777
2,28,worm,100.0,219,0.0,26.106770833333332,9.756388888888889
2,28,worm,200.0,42,0.0,22.9296875,9.071388888888889
2,28,worm,200.0,137,0.0,21.7734375,8.59875
2,28,worm,200.0,219,0.0,22.682291666666668,9.075277777777778
2,29,worm,500.0,137,0.4583333333333333,3.3697916666666665,0.9715277777777778
2,29,worm,500.0,219,0.3958333333333333,3.8307291666666665,1.0797222222222222
2,29,worm,1000.0,42,0.75,2.0286458333333335,0.5684722222222223
2,29,worm,1000.0,137,0.8333333333333334,2.1666666666666665,0.5994444444444444
2,28,worm,500.0,137,0.0,15.380208333333334,6.545416666666667
2,28,worm,500.0,219,0.0,17.3203125,7.340694444444445
2,28,worm,1000.0,42,0.0,12.515625,5.3886111111111115
2,28,worm,1000.0,137,0.0,11.9609375,5.225
2,29,worm,10.0,42,0.0,21.447916666666668,6.644861111111111
2,29,worm,10.0,137,0.0,20.796875,6.539166666666667
2,29,worm,10.0,219,0.0,21.919270833333332,6.836666666666667
2,29,worm,30.0,42,0.0,18.192708333333332,5.578611111111111
2,29,worm,30.0,137,0.0,17.364583333333332,5.378611111111111
2,29,worm,30.0,219,0.0,18.997395833333332,5.830416666666666
2,29,worm,100.0,42,0.0,11.8046875,3.480277777777778
2,29,worm,100.0,137,0.0,11.0078125,3.294722222222222
2,29,worm,100.0,219,0.0,11.963541666666666,3.5325
2,29,worm,200.0,42,0.020833333333333332,7.6484375,2.198888888888889
2,29,worm,200.0,137,0.0,7.278645833333333,2.1015277777777777
2,29,worm,200.0,219,0.0,7.700520833333333,2.223472222222222
2,30,worm,100.0,219,0.0,27.84375,10.104305555555555
2,30,worm,200.0,42,0.0,22.760416666666668,8.440833333333334
2,30,worm,200.0,137,0.0,21.825520833333332,8.174305555555556
2,30,worm,200.0,219,0.0,23.286458333333332,8.76
2,29,worm,350.0,42,0.1875,4.950520833333333,1.4023611111111112
2,29,worm,350.0,137,0.20833333333333334,4.658854166666667,1.3165277777777777
2,29,worm,350.0,219,0.08333333333333333,5.403645833333333,1.5119444444444445
2,29,worm,500.0,42,0.4166666666666667,3.7447916666666665,1.0359722222222223
2,29,worm,1000.0,219,0.7083333333333334,2.3333333333333335,0.6436111111111111
2,29,worm,3000.0,42,0.9375,1.21875,0.33541666666666664
2,29,worm,3000.0,137,0.9375,1.2473958333333333,0.3433333333333333
2,29,worm,3000.0,219,0.9375,1.15625,0.3347222222222222
2,30,worm,350.0,42,0.0,19.466145833333332,7.3275
2,30,worm,350.0,137,0.0,18.388020833333332,6.93375
2,30,worm,350.0,219,0.0,19.567708333333332,7.4558333333333335
2,30,worm,500.0,42,0.0,16.440104166666668,6.217361111111111
2,30,worm,10.0,42,0.0,25.4921875,8.265555555555556
2,30,worm,10.0,137,0.0,24.643229166666668,8.098888888888888
2,30,worm,10.0,219,0.0,26.278645833333332,8.535972222222222
2,30,worm,30.0,42,0.0,27.942708333333332,9.400972222222222
2,30,worm,1000.0,219,0.0,12.841145833333334,4.9158333333333335
2,30,worm,3000.0,42,0.10416666666666667,7.028645833333333,2.641388888888889
2,30,worm,3000.0,137,0.0,7.263020833333333,2.761388888888889
2,30,worm,3000.0,219,0.0625,7.802083333333333,2.965
2,30,worm,30.0,137,0.0,26.151041666666668,8.965277777777779
2,30,worm,30.0,219,0.0,28.5078125,9.69375
2,30,worm,100.0,42,0.0,26.544270833333332,9.587083333333334
2,30,worm,100.0,137,0.0,25.59375,9.276388888888889
2,31,worm,10.0,42,0.0,22.533854166666668,7.0720833333333335
2,31,worm,10.0,137,0.0,21.84375,6.9191666666666665
2,31,worm,10.0,219,0.0,22.71875,7.136666666666667
2,31,worm,30.0,42,0.0,20.330729166666668,6.372083333333333
2,31,worm,30.0,137,0.0,19.497395833333332,6.190972222222222
2,31,worm,30.0,219,0.0,20.611979166666668,6.505833333333333
2,31,worm,100.0,42,0.0,16.002604166666668,5.052361111111111
2,31,worm,100.0,137,0.0,14.609375,4.665972222222222
2,30,worm,500.0,137,0.0,15.221354166666666,5.775
2,30,worm,500.0,219,0.0,16.658854166666668,6.368611111111111
2,30,worm,1000.0,42,0.020833333333333332,11.854166666666666,4.477777777777778
2,30,worm,1000.0,137,0.0,10.75,4.118194444444445
2,32,worm,30.0,137,0.0,25.8671875,8.954583333333334
2,32,worm,30.0,219,0.0,28.346354166666668,9.741805555555555
2,32,worm,100.0,42,0.0,25.513020833333332,9.500555555555556
2,32,worm,100.0,137,0.0,25.283854166666668,9.430694444444445
2,32,worm,350.0,42,0.0,18.736979166666668,7.4054166666666665
2,32,worm,350.0,137,0.0,16.440104166666668,6.510416666666667
2,32,worm,350.0,219,0.0,19.0,7.588611111111111
2,32,worm,500.0,42,0.0,15.971354166666666,6.344722222222222
2,31,worm,350.0,42,0.0625,9.783854166666666,3.124861111111111
2,31,worm,350.0,137,0.020833333333333332,9.4453125,3.027222222222222
2,31,worm,350.0,219,0.0,10.088541666666666,3.2481944444444446
2,31,worm,500.0,42,0.0625,8.841145833333334,2.825
2,31,worm,500.0,137,0.041666666666666664,8.098958333333334,2.613472222222222
2,31,worm,500.0,219,0.0,8.546875,2.752638888888889
2,31,worm,1000.0,42,0.16666666666666666,6.2734375,2.0404166666666668
2,31,worm,1000.0,137,0.16666666666666666,6.236979166666667,2.0380555555555557
2,31,worm,100.0,219,0.0,15.8359375,5.0375
2,31,worm,200.0,42,0.0,12.674479166666666,4.0176388888888885
2,31,worm,200.0,137,0.0,11.760416666666666,3.7370833333333335
2,31,worm,200.0,219,0.0,12.708333333333334,4.076388888888889
2,31,worm,1000.0,219,0.0625,6.6640625,2.1855555555555557
2,31,worm,3000.0,42,0.2916666666666667,4.419270833333333,1.4475
2,31,worm,3000.0,137,0.2708333333333333,4.372395833333333,1.4515277777777778
2,31,worm,3000.0,219,0.20833333333333334,4.903645833333333,1.6293055555555556
2,32,worm,10.0,42,0.0,25.4375,8.282638888888888
2,32,worm,10.0,137,0.0,24.3203125,8.013472222222223
2,32,worm,10.0,219,0.0,26.614583333333332,8.6675
2,32,worm,30.0,42,0.0,27.703125,9.448333333333334
2,33,worm,10.0,42,0.0,22.5859375,7.1097222222222225
2,33,worm,10.0,137,0.0,21.466145833333332,6.8254166666666665
2,33,worm,10.0,219,0.0,22.799479166666668,7.2011111111111115
2,33,worm,30.0,42,0.0,20.421875,6.479027777777778
2,32,worm,100.0,219,0.0,26.020833333333332,9.767916666666666
2,32,worm,200.0,42,0.0,22.244791666666668,8.610694444444444
2,32,worm,200.0,137,0.0,21.299479166666668,8.248611111111112
2,32,worm,200.0,219,0.0,23.046875,8.989305555555555
2,32,worm,500.0,137,0.0,14.6484375,5.86625
2,32,worm,500.0,219,0.0,16.333333333333332,6.568333333333333
2,32,worm,1000.0,42,0.0,11.216145833333334,4.491805555555556
2,32,worm,1000.0,137,0.0,10.856770833333334,4.38375
2,32,worm,1000.0,219,0.0,12.283854166666666,4.953194444444445
2,32,worm,3000.0,42,0.0625,7.408854166666667,2.9568055555555555
2,32,worm,3000.0,137,0.020833333333333332,7.674479166666667,3.1031944444444446
2,32,worm,3000.0,219,0.041666666666666664,8.661458333333334,3.4870833333333335
2,33,worm,100.0,219,0.0,17.2265625,5.636805555555555
2,33,worm,200.0,42,0.0,14.9140625,5.01875
2,33,worm,200.0,137,0.0,13.989583333333334,4.733472222222222
2,33,worm,200.0,219,0.0,15.041666666666666,5.098611111111111
2,33,worm,350.0,42,0.0,12.8359375,4.450277777777778
2,33,worm,350.0,137,0.0,11.763020833333334,4.131388888888889
2,33,worm,350.0,219,0.0,13.104166666666666,4.580555555555556
2,33,worm,500.0,42,0.0,12.231770833333334,4.311388888888889
2,33,worm,30.0,137,0.0,19.377604166666668,6.211944444444445
2,33,worm,30.0,219,0.0,21.1015625,6.709444444444444
2,33,worm,100.0,42,0.0,16.270833333333332,5.320972222222222
2,33,worm,100.0,137,0.0,15.940104166666666,5.254166666666666
2,34,worm,350.0,42,0.6458333333333334,2.5963541666666665,0.7401388888888889
2,34,worm,350.0,137,0.6875,2.46875,0.7290277777777778
2,34,worm,350.0,219,0.6458333333333334,2.609375,0.755
2,34,worm,500.0,42,0.8333333333333334,1.9270833333333333,0.5679166666666666
2,35,worm,30.0,137,0.0,19.223958333333332,6.056527777777778
2,35,worm,30.0,219,0.0,20.005208333333332,6.2868055555555555
2,35,worm,100.0,42,0.0,15.010416666666666,4.6779166666666665
2,35,worm,100.0,137,0.0,14.033854166666666,4.404166666666667
2,33,worm,500.0,137,0.0,10.96875,3.9159722222222224
2,33,worm,500.0,219,0.0,11.8203125,4.211111111111111
2,33,worm,1000.0,42,0.041666666666666664,9.6796875,3.5755555555555554
2,33,worm,1000.0,137,0.0,8.950520833333334,3.3456944444444443
2,33,worm,1000.0,219,0.0,10.114583333333334,3.7618055555555556
2,33,worm,3000.0,42,0.08333333333333333,6.950520833333333,2.6781944444444443
2,33,worm,3000.0,137,0.020833333333333332,7.052083333333333,2.7488888888888887
2,33,worm,3000.0,219,0.041666666666666664,8.208333333333334,3.202777777777778
2,34,worm,10.0,42,0.0,19.705729166666668,6.040277777777778
2,34,worm,10.0,137,0.0,19.3515625,5.990972222222222
2,34,worm,10.0,219,0.0,20.083333333333332,6.179722222222222
2,34,worm,30.0,42,0.0,14.7578125,4.362638888888889
2,34,worm,30.0,137,0.0,13.989583333333334,4.172361111111111
2,34,worm,30.0,219,0.0,14.541666666666666,4.350833333333333
2,34,worm,100.0,42,0.020833333333333332,7.276041666666667,2.036388888888889
2,34,worm,100.0,137,0.0625,6.942708333333333,1.9884722222222222
2,34,worm,100.0,219,0.020833333333333332,7.5,2.124861111111111
2,34,worm,200.0,42,0.20833333333333334,4.2421875,1.1654166666666668
2,34,worm,200.0,137,0.375,3.84375,1.127361111111111
2,34,worm,200.0,219,0.1875,4.166666666666667,1.1883333333333332
2,35,worm,100.0,219,0.0,15.111979166666666,4.704305555555556
2,35,worm,200.0,42,0.0,11.502604166666666,3.571388888888889
2,35,worm,200.0,137,0.020833333333333332,10.723958333333334,3.332777777777778
2,35,worm,200.0,219,0.0,11.973958333333334,3.6908333333333334
2,35,worm,500.0,137,0.10416666666666667,6.6796875,2.0683333333333334
2,35,worm,500.0,219,0.020833333333333332,7.604166666666667,2.3393055555555557
2,35,worm,1000.0,42,0.22916666666666666,5.078125,1.5420833333333333
2,35,worm,1000.0,137,0.22916666666666666,5.197916666666667,1.5777777777777777
2,34,worm,500.0,137,0.8541666666666666,1.6796875,0.5309722222222222
2,34,worm,500.0,219,0.7708333333333334,1.9453125,0.5863888888888888
2,34,worm,1000.0,42,0.9791666666666666,0.9635416666666666,0.34
2,34,worm,1000.0,137,0.9583333333333334,0.9401041666666666,0.3229166666666667
2,34,worm,1000.0,219,0.9583333333333334,1.0989583333333333,0.35694444444444445
2,34,worm,3000.0,42,0.9791666666666666,0.4453125,0.18777777777777777
2,34,worm,3000.0,137,1.0,0.4869791666666667,0.18958333333333333
2,34,worm,3000.0,219,1.0,0.53125,0.1951388888888889
2,35,worm,10.0,42,0.0,22.494791666666668,7.031944444444444
2,35,worm,10.0,137,0.0,21.505208333333332,6.784027777777778
2,35,worm,10.0,219,0.0,22.578125,7.085138888888889
2,35,worm,30.0,42,0.0,19.7421875,6.1575
2,35,worm,1000.0,219,0.125,5.328125,1.6222222222222222
2,35,worm,3000.0,42,0.5625,3.1640625,0.9529166666666666
2,35,worm,3000.0,137,0.375,3.578125,1.090138888888889
2,35,worm,3000.0,219,0.4166666666666667,3.5078125,1.0731944444444443
2,35,worm,350.0,42,0.041666666666666664,8.700520833333334,2.6725
2,35,worm,350.0,137,0.08333333333333333,8.145833333333334,2.5230555555555556
2,35,worm,350.0,219,0.0,9.328125,2.8741666666666665
2,35,worm,500.0,42,0.08333333333333333,7.388020833333333,2.252083333333333
2,36,worm,1000.0,219,0.0,14.4609375,6.169583333333334
2,36,worm,3000.0,42,0.0625,8.3515625,3.585277777777778
2,36,worm,3000.0,137,0.0,9.145833333333334,3.9825
2,36,worm,3000.0,219,0.041666666666666664,9.776041666666666,4.210555555555556
2,36,worm,350.0,42,0.0,19.046875,7.764166666666667
2,36,worm,350.0,137,0.0,18.140625,7.408472222222223
2,36,worm,350.0,219,0.0,20.216145833333332,8.328611111111112
2,36,worm,500.0,42,0.0,17.440104166666668,7.23
2,37,worm,10.0,42,0.0,23.7890625,7.615694444444444
2,37,worm,10.0,137,0.0,22.518229166666668,7.306111111111111
2,37,worm,10.0,219,0.0,24.088541666666668,7.731388888888889
2,37,worm,30.0,42,0.0,24.177083333333332,7.925694444444445
2,36,worm,10.0,42,0.0,24.765625,7.984305555555555
2,36,worm,10.0,137,0.0,23.25,7.630416666666667
2,36,worm,10.0,219,0.0,25.03125,8.10125
2,36,worm,30.0,42,0.0,26.369791666666668,8.847916666666666
2,36,worm,30.0,137,0.0,24.065104166666668,8.211388888888889
2,36,worm,30.0,219,0.0,26.0546875,8.83763888888889
2,36,worm,100.0,42,0.0,24.549479166666668,9.043333333333333
2,36,worm,100.0,137,0.0,24.34375,8.951527777777779
2,36,worm,500.0,137,0.0,16.440104166666668,6.878333333333333
2,36,worm,500.0,219,0.0,17.609375,7.381805555555555
2,36,worm,1000.0,42,0.0,12.830729166666666,5.444861111111111
2,36,worm,1000.0,137,0.0,12.229166666666666,5.245138888888889
2,36,worm,100.0,219,0.0,25.184895833333332,9.355833333333333
2,36,worm,200.0,42,0.0,22.802083333333332,8.908888888888889
2,36,worm,200.0,137,0.0,21.388020833333332,8.355277777777777
2,36,worm,200.0,219,0.0,23.4296875,9.221944444444444
2,37,worm,500.0,137,0.0,14.729166666666666,5.740555555555556
2,37,worm,500.0,219,0.0,16.572916666666668,6.488611111111111
2,37,worm,1000.0,42,0.0,11.7265625,4.662361111111111
2,37,worm,1000.0,137,0.0,11.3125,4.522777777777778
2,37,worm,1000.0,219,0.0,13.03125,5.230555555555555
2,37,worm,3000.0,42,0.0625,7.606770833333333,3.0770833333333334
2,37,worm,3000.0,137,0.0,8.296875,3.3831944444444444
2,37,worm,3000.0,219,0.041666666666666664,8.763020833333334,3.5675
2,37,worm,30.0,137,0.0,22.973958333333332,7.643611111111111
2,37,worm,30.0,219,0.0,24.3046875,8.028611111111111
2,37,worm,100.0,42,0.0,22.919270833333332,8.064722222222223
2,37,worm,100.0,137,0.0,21.682291666666668,7.691527777777778
2,37,worm,100.0,219,0.0,23.4453125,8.303055555555556
2,37,worm,200.0,42,0.0,20.872395833333332,7.678333333333334
2,37,worm,200.0,137,0.0,20.2578125,7.502777777777778
2,37,worm,200.0,219,0.0,20.971354166666668,7.8005555555555555
2,38,worm,100.0,219,0.0,11.184895833333334,3.31875
2,38,worm,200.0,42,0.020833333333333332,6.544270833333333,1.8752777777777778
2,38,worm,200.0,137,0.041666666666666664,6.338541666666667,1.8133333333333332
2,38,worm,200.0,219,0.041666666666666664,6.783854166666667,1.9359722222222222
2,37,worm,350.0,42,0.0,18.020833333333332,6.895138888888889
2,37,worm,350.0,137,0.0,16.640625,6.37
2,37,worm,350.0,219,0.0,18.677083333333332,7.207777777777777
2,37,worm,500.0,42,0.0,15.84375,6.154722222222222
2,38,worm,10.0,42,0.0,21.473958333333332,6.655972222222222
2,38,worm,10.0,137,0.0,20.5234375,6.4806944444444445
2,38,worm,10.0,219,0.0,22.002604166666668,6.856805555555556
2,38,worm,30.0,42,0.0,18.002604166666668,5.521944444444444
2,38,worm,30.0,137,0.0,17.2265625,5.337083333333333
2,38,worm,30.0,219,0.0,18.440104166666668,5.703194444444445
2,38,worm,100.0,42,0.0,11.09375,3.274861111111111
2,38,worm,100.0,137,0.0,10.169270833333334,3.051388888888889
2,39,worm,30.0,137,0.0,14.497395833333334,4.3533333333333335
2,39,worm,30.0,219,0.0,15.067708333333334,4.525972222222222
2,39,worm,100.0,42,0.020833333333333332,7.221354166666667,2.0079166666666666
2,39,worm,100.0,137,0.0625,6.736979166666667,1.9233333333333333
2,39,worm,100.0,219,0.041666666666666664,7.130208333333333,2.027222222222222
2,39,worm,200.0,42,0.3125,3.7734375,1.031111111111111
2,39,worm,200.0,137,0.4791666666666667,3.3619791666666665,0.9730555555555556
2,39,worm,200.0,219,0.375,3.5416666666666665,1.01875
2,38,worm,350.0,42,0.2916666666666667,3.9739583333333335,1.0980555555555556
2,38,worm,350.0,137,0.4375,3.6015625,1.0291666666666666
2,38,worm,350.0,219,0.22916666666666666,4.419270833333333,1.2231944444444445
2,38,worm,500.0,42,0.5833333333333334,2.8802083333333335,0.7791666666666667
2,38,worm,500.0,137,0.6458333333333334,2.4973958333333335,0.7206944444444444
2,38,worm,500.0,219,0.5416666666666666,2.9505208333333335,0.8191666666666667
2,38,worm,1000.0,42,0.9375,1.3125,0.39208333333333334
2,38,worm,1000.0,137,0.9583333333333334,1.3541666666666667,0.39819444444444446
2,39,worm,1000.0,219,1.0,0.8020833333333334,0.27875
2,39,worm,3000.0,42,1.0,0.3958333333333333,0.16722222222222222
2,39,worm,3000.0,137,1.0,0.390625,0.1626388888888889
2,39,worm,3000.0,219,1.0,0.421875,0.16708333333333333
2,38,worm,1000.0,219,0.8541666666666666,1.5182291666666667,0.43875
2,38,worm,3000.0,42,0.9791666666666666,0.7109375,0.2222222222222222
2,38,worm,3000.0,137,1.0,0.5833333333333334,0.20652777777777778
2,38,worm,3000.0,219,1.0,0.7421875,0.22777777777777777
2,39,worm,10.0,42,0.0,20.442708333333332,6.277916666666667
2,39,worm,10.0,137,0.0,19.856770833333332,6.1681944444444445
2,39,worm,10.0,219,0.0,20.7421875,6.398194444444444
2,39,worm,30.0,42,0.0,15.361979166666666,4.553333333333334
2,39,worm,500.0,137,0.9791666666666666,1.1666666666666667,0.3997222222222222
2,39,worm,500.0,219,0.875,1.3958333333333333,0.4488888888888889
2,39,worm,1000.0,42,0.9791666666666666,0.640625,0.2590277777777778
2,39,worm,1000.0,137,0.9791666666666666,0.7135416666666666,0.25666666666666665
2,39,worm,350.0,42,0.7916666666666666,2.0546875,0.5975
2,39,worm,350.0,137,0.8333333333333334,1.78125,0.5618055555555556
2,39,worm,350.0,219,0.75,2.0859375,0.6175
2,39,worm,500.0,42,0.9583333333333334,1.3307291666666667,0.4365277777777778
2,40,worm,350.0,42,0.0,13.544270833333334,4.876944444444445
2,40,worm,350.0,137,0.0,11.625,4.237916666666667
2,40,worm,350.0,219,0.0,13.328125,4.824583333333333
2,40,worm,500.0,42,0.0,12.203125,4.491944444444444
2,40,worm,10.0,42,0.0,22.5546875,7.1275
2,40,worm,10.0,137,0.0,20.934895833333332,6.7122222222222225
2,40,worm,10.0,219,0.0,22.830729166666668,7.241666666666666
2,40,worm,30.0,42,0.0,20.541666666666668,6.567777777777778
2,40,worm,500.0,137,0.0,10.6328125,3.9875
2,40,worm,500.0,219,0.0,12.440104166666666,4.635416666666667
2,40,worm,1000.0,42,0.0625,9.442708333333334,3.6606944444444443
2,40,worm,1000.0,137,0.0,9.572916666666666,3.752638888888889
2,40,worm,30.0,137,0.0,19.6328125,6.340138888888889
2,40,worm,30.0,219,0.0,21.479166666666668,6.9006944444444445
2,40,worm,100.0,42,0.0,16.864583333333332,5.615277777777778
2,40,worm,100.0,137,0.0,16.205729166666668,5.45625
2,41,worm,30.0,137,0.0,20.833333333333332,6.790416666666666
2,41,worm,30.0,219,0.0,22.8046875,7.348888888888889
2,41,worm,100.0,42,0.0,19.984375,6.7034722222222225
2,41,worm,100.0,137,0.0,19.046875,6.435555555555555
2,40,worm,100.0,219,0.0,17.270833333333332,5.8093055555555555
2,40,worm,200.0,42,0.0,15.200520833333334,5.268194444444444
2,40,worm,200.0,137,0.0,13.822916666666666,4.8318055555555555
2,40,worm,200.0,219,0.0,15.291666666666666,5.365277777777778
2,40,worm,1000.0,219,0.020833333333333332,10.278645833333334,4.02
2,40,worm,3000.0,42,0.08333333333333333,7.184895833333333,2.913472222222222
2,40,worm,3000.0,137,0.020833333333333332,7.713541666666667,3.1506944444444445
2,40,worm,3000.0,219,0.0625,8.354166666666666,3.417222222222222
2,41,worm,10.0,42,0.0,22.986979166666668,7.281527777777778
2,41,worm,10.0,137,0.0,21.919270833333332,7.016944444444444
2,41,worm,10.0,219,0.0,23.4296875,7.449722222222222
2,41,worm,30.0,42,0.0,21.958333333333332,7.054861111111111
2,42,worm,10.0,42,0.0,20.213541666666668,6.212777777777778
2,42,worm,10.0,137,0.0,20.044270833333332,6.220277777777778
2,42,worm,10.0,219,0.0,20.71875,6.399444444444445
2,42,worm,30.0,42,0.0,15.5234375,4.630416666666667
2,42,worm,100.0,219,0.020833333333333332,8.158854166666666,2.3516666666666666
2,42,worm,200.0,42,0.125,4.953125,1.3543055555555557
2,42,worm,200.0,137,0.2916666666666667,4.419270833333333,1.26
2,42,worm,200.0,219,0.10416666666666667,5.1953125,1.4445833333333333
2,41,worm,100.0,219,0.0,19.989583333333332,6.760277777777778
2,41,worm,200.0,42,0.0,17.268229166666668,6.005
2,41,worm,200.0,137,0.0,16.1484375,5.683194444444444
2,41,worm,200.0,219,0.0,17.744791666666668,6.2501388888888885
2,42,worm,500.0,137,0.8333333333333334,1.9817708333333333,0.5895833333333333
2,42,worm,500.0,219,0.6666666666666666,2.2734375,0.6563888888888889
2,42,worm,1000.0,42,0.9583333333333334,1.2317708333333333,0.3726388888888889
2,42,worm,1000.0,137,0.9583333333333334,1.21875,0.36791666666666667
2,41,worm,350.0,42,0.0,15.2265625,5.4743055555555555
2,41,worm,350.0,137,0.0,13.953125,5.022222222222222
2,41,worm,350.0,219,0.0,15.369791666666666,5.560972222222222
2,41,worm,500.0,42,0.0,13.8359375,5.033472222222223
2,41,worm,500.0,137,0.0,11.786458333333334,4.355416666666667
2,41,worm,500.0,219,0.0,13.872395833333334,5.079166666666667
2,41,worm,1000.0,42,0.020833333333333332,10.611979166666666,3.9452777777777777
2,41,worm,1000.0,137,0.0,9.731770833333334,3.681111111111111
2,41,worm,1000.0,219,0.0,11.59375,4.372638888888889
2,41,worm,3000.0,42,0.08333333333333333,6.916666666666667,2.6406944444444442
2,41,worm,3000.0,137,0.0,7.221354166666667,2.7758333333333334
2,41,worm,3000.0,219,0.041666666666666664,8.080729166666666,3.107083333333333
2,42,worm,350.0,42,0.3958333333333333,3.1692708333333335,0.8702777777777778
2,42,worm,350.0,137,0.5625,2.7317708333333335,0.8002777777777778
2,42,worm,350.0,219,0.4375,3.5,0.9593055555555555
2,42,worm,500.0,42,0.6458333333333334,2.2317708333333335,0.6240277777777777
2,42,worm,30.0,137,0.0,14.567708333333334,4.397083333333334
2,42,worm,30.0,219,0.0,15.544270833333334,4.696666666666666
2,42,worm,100.0,42,0.0,8.307291666666666,2.3609722222222222
2,42,worm,100.0,137,0.041666666666666664,7.7578125,2.2283333333333335
2,43,worm,100.0,219,0.0,9.682291666666666,2.8469444444444445
2,43,worm,200.0,42,0.0625,5.841145833333333,1.6466666666666667
2,43,worm,200.0,137,0.10416666666666667,5.567708333333333,1.5727777777777778
2,43,worm,200.0,219,0.0625,6.059895833333333,1.7102777777777778
2,43,worm,350.0,42,0.3541666666666667,3.625,0.9933333333333333
2,43,worm,350.0,137,0.4583333333333333,3.0546875,0.8841666666666667
2,43,worm,350.0,219,0.3125,3.9036458333333335,1.0716666666666668
2,43,worm,500.0,42,0.625,2.5755208333333335,0.7066666666666667
2,43,worm,1000.0,219,0.875,1.4270833333333333,0.4177777777777778
2,43,worm,3000.0,42,0.9791666666666666,0.6380208333333334,0.20930555555555555
2,43,worm,3000.0,137,1.0,0.5625,0.20333333333333334
2,43,worm,3000.0,219,1.0,0.6822916666666666,0.21833333333333332
2,42,worm,1000.0,219,0.8541666666666666,1.4244791666666667,0.4151388888888889
2,42,worm,3000.0,42,0.9791666666666666,0.7369791666666666,0.22611111111111112
2,42,worm,3000.0,137,1.0,0.6380208333333334,0.21555555555555556
2,42,worm,3000.0,219,1.0,0.7630208333333334,0.23125
2,43,worm,10.0,42,0.0,20.903645833333332,6.470555555555555
2,43,worm,10.0,137,0.0,19.8203125,6.219166666666666
2,43,worm,10.0,219,0.0,21.338541666666668,6.659027777777778
2,43,worm,30.0,42,0.0,16.5078125,5.0552777777777775
2,43,worm,30.0,137,0.0,15.513020833333334,4.781666666666666
2,43,worm,30.0,219,0.0,17.294270833333332,5.305
2,43,worm,100.0,42,0.0,9.606770833333334,2.810138888888889
2,43,worm,100.0,137,0.0,8.778645833333334,2.61875
2,43,worm,500.0,137,0.7083333333333334,2.3046875,0.6640277777777778
2,43,worm,500.0,219,0.6041666666666666,2.5598958333333335,0.7263888888888889
2,43,worm,1000.0,42,0.9583333333333334,1.2369791666666667,0.37319444444444444
2,43,worm,1000.0,137,0.9791666666666666,1.1666666666666667,0.35930555555555554
2,44,worm,1000.0,219,0.020833333333333332,6.380208333333333,2.1130555555555555
2,44,worm,3000.0,42,0.2916666666666667,4.458333333333333,1.4838888888888888
2,44,worm,3000.0,137,0.2916666666666667,4.4296875,1.4870833333333333
2,44,worm,3000.0,219,0.1875,4.953125,1.6644444444444444
2,44,worm,10.0,42,0.0,22.6171875,7.095833333333333
2,44,worm,10.0,137,0.0,21.765625,6.899305555555555
2,44,worm,10.0,219,0.0,22.708333333333332,7.1425
2,44,worm,30.0,42,0.0,20.494791666666668,6.441944444444444
2,45,worm,10.0,42,0.0,21.932291666666668,6.871111111111111
2,45,worm,10.0,137,0.0,20.661458333333332,6.5656944444444445
2,45,worm,10.0,219,0.0,21.973958333333332,6.930694444444445
2,45,worm,30.0,42,0.0,18.953125,5.980416666666667
2,45,worm,30.0,137,0.0,17.802083333333332,5.7075
2,45,worm,30.0,219,0.0,19.2421875,6.099722222222222
2,45,worm,100.0,42,0.0,14.692708333333334,4.7531944444444445
2,45,worm,100.0,137,0.0,13.994791666666666,4.564861111111111
2,44,worm,30.0,137,0.0,19.377604166666668,6.161527777777778
2,44,worm,30.0,219,0.0,20.559895833333332,6.494305555555556
2,44,worm,100.0,42,0.0,15.455729166666666,4.891666666666667
2,44,worm,100.0,137,0.0,14.364583333333334,4.586388888888889
2,44,worm,100.0,219,0.0,15.596354166666666,4.965138888888889
2,44,worm,200.0,42,0.0,12.283854166666666,3.89375
2,44,worm,200.0,137,0.0,11.34375,3.6354166666666665
2,44,worm,200.0,219,0.0,12.390625,3.989027777777778
2,44,worm,350.0,42,0.041666666666666664,9.3984375,3.0094444444444446
2,44,worm,350.0,137,0.041666666666666664,9.046875,2.9130555555555557
2,44,worm,350.0,219,0.0,9.580729166666666,3.1031944444444446
2,44,worm,500.0,42,0.041666666666666664,8.3984375,2.7143055555555557
2,44,worm,500.0,137,0.0625,7.6484375,2.4825
2,44,worm,500.0,219,0.0,8.1953125,2.6794444444444445
2,44,worm,1000.0,42,0.14583333333333334,6.197916666666667,2.0277777777777777
2,44,worm,1000.0,137,0.16666666666666666,6.098958333333333,2.0225
2,46,worm,10.0,42,0.0,20.598958333333332,6.322361111111111
2,46,worm,10.0,137,0.0,20.0703125,6.238611111111111
2,46,worm,10.0,219,0.0,20.8046875,6.428194444444444
2,46,worm,30.0,42,0.0,15.828125,4.719027777777778
2,46,worm,100.0,219,0.020833333333333332,8.026041666666666,2.2872222222222223
2,46,worm,200.0,42,0.20833333333333334,4.276041666666667,1.175138888888889
2,46,worm,200.0,137,0.3541666666666667,3.9713541666666665,1.1541666666666666
2,46,worm,200.0,219,0.16666666666666666,4.171875,1.19375
2,45,worm,100.0,219,0.0,15.2421875,4.965
2,45,worm,200.0,42,0.020833333333333332,12.674479166666666,4.269027777777778
2,45,worm,200.0,137,0.0,12.091145833333334,4.072638888888889
2,45,worm,200.0,219,0.0,13.213541666666666,4.470694444444445
2,46,worm,350.0,42,0.6666666666666666,2.4479166666666665,0.7093055555555555
2,46,worm,350.0,137,0.6875,2.2994791666666665,0.6868055555555556
2,46,worm,350.0,219,0.6666666666666666,2.5286458333333335,0.7327777777777778
2,46,worm,500.0,42,0.8333333333333334,1.7395833333333333,0.5277777777777778
2,45,worm,350.0,42,0.0,11.2109375,3.8881944444444443
2,45,worm,350.0,137,0.0,10.005208333333334,3.538611111111111
2,45,worm,350.0,219,0.0,11.356770833333334,3.977638888888889
2,45,worm,500.0,42,0.020833333333333332,10.111979166666666,3.633888888888889
2,45,worm,500.0,137,0.0,9.6015625,3.4834722222222223
2,45,worm,500.0,219,0.0,10.505208333333334,3.7936111111111113
2,45,worm,1000.0,42,0.08333333333333333,8.736979166666666,3.3155555555555556
2,45,worm,1000.0,137,0.0,8.333333333333334,3.2068055555555555
2,45,worm,1000.0,219,0.041666666666666664,9.03125,3.4775
2,45,worm,3000.0,42,0.10416666666666667,6.958333333333333,2.8513888888888888
2,45,worm,3000.0,137,0.020833333333333332,7.791666666666667,3.1995833333333334
2,45,worm,3000.0,219,0.0625,8.229166666666666,3.374722222222222
2,46,worm,30.0,137,0.0,14.783854166666666,4.471111111111111
2,46,worm,30.0,219,0.0,15.588541666666666,4.6906944444444445
2,46,worm,100.0,42,0.0,7.932291666666667,2.221388888888889
2,46,worm,100.0,137,0.041666666666666664,7.484375,2.153611111111111
2,47,worm,100.0,219,0.0,18.3671875,6.059583333333333
2,47,worm,200.0,42,0.0,14.661458333333334,4.9006944444444445
2,47,worm,200.0,137,0.0,14.4609375,4.841388888888889
2,47,worm,200.0,219,0.0,14.78125,4.982916666666667
2,47,worm,350.0,42,0.020833333333333332,11.7734375,3.9769444444444444
2,47,worm,350.0,137,0.0,11.127604166666666,3.783333333333333
2,47,worm,350.0,219,0.0,12.625,4.270972222222222
2,47,worm,500.0,42,0.0,10.28125,3.4643055555555557
2,47,worm,1000.0,219,0.0,7.947916666666667,2.7056944444444446
2,47,worm,3000.0,42,0.20833333333333334,5.213541666666667,1.7668055555555555
2,47,worm,3000.0,137,0.16666666666666666,5.0703125,1.7468055555555555
2,47,worm,3000.0,219,0.14583333333333334,5.330729166666667,1.8252777777777778
2,46,worm,500.0,137,0.875,1.5182291666666667,0.48819444444444443
2,46,worm,500.0,219,0.8333333333333334,1.8567708333333333,0.5594444444444444
2,46,worm,1000.0,42,0.9791666666666666,0.7838541666666666,0.30527777777777776
2,46,worm,1000.0,137,1.0,0.8723958333333334,0.30416666666666664
2,47,worm,10.0,42,0.0,22.908854166666668,7.24625
2,47,worm,10.0,137,0.0,21.880208333333332,6.999583333333334
2,47,worm,10.0,219,0.0,23.408854166666668,7.424166666666666
2,47,worm,30.0,42,0.0,21.604166666666668,6.907638888888889
2,46,worm,1000.0,219,0.9791666666666666,1.0026041666666667,0.32958333333333334
2,46,worm,3000.0,42,1.0,0.4036458333333333,0.17847222222222223
2,46,worm,3000.0,137,1.0,0.4192708333333333,0.17694444444444443
2,46,worm,3000.0,219,1.0,0.4635416666666667,0.18180555555555555
2,47,worm,30.0,137,0.0,20.359375,6.602361111111111
2,47,worm,30.0,219,0.0,22.127604166666668,7.113333333333333
2,47,worm,100.0,42,0.0,17.830729166666668,5.857777777777778
2,47,worm,100.0,137,0.0,17.0625,5.683611111111111
2,48,worm,500.0,137,0.0,15.2421875,6.104444444444445
2,48,worm,500.0,219,0.0,17.291666666666668,6.9598611111111115
2,48,worm,1000.0,42,0.0,11.856770833333334,4.7756944444444445
2,48,worm,1000.0,137,0.0,11.559895833333334,4.699027777777777
2,47,worm,500.0,137,0.0,9.575520833333334,3.265138888888889
2,47,worm,500.0,219,0.0,10.6484375,3.6166666666666667
2,47,worm,1000.0,42,0.0625,7.708333333333333,2.595833333333333
2,47,worm,1000.0,137,0.041666666666666664,7.239583333333333,2.4876388888888887
2,48,worm,1000.0,219,0.0,13.283854166666666,5.405277777777778
2,48,worm,3000.0,42,0.0625,7.536458333333333,3.053888888888889
2,48,worm,3000.0,137,0.0,8.309895833333334,3.388888888888889
2,48,worm,3000.0,219,0.041666666666666664,8.661458333333334,3.537638888888889
2,48,worm,10.0,42,0.0,25.377604166666668,8.201805555555556
2,48,worm,10.0,137,0.0,24.440104166666668,8.021805555555556
2,48,worm,10.0,219,0.0,25.854166666666668,8.390833333333333
2,48,worm,30.0,42,0.0,27.7421875,9.355138888888888
2,48,worm,30.0,137,0.0,25.7578125,8.839444444444444
2,48,worm,30.0,219,0.0,28.380208333333332,9.6475
2,48,worm,100.0,42,0.0,26.067708333333332,9.613888888888889
2,48,worm,100.0,137,0.0,26.7109375,9.800138888888888
2,49,worm,10.0,42,0.0,22.825520833333332,7.180694444444445
2,49,worm,10.0,137,0.0,21.479166666666668,6.845555555555555
2,49,worm,10.0,219,0.0,22.7890625,7.2034722222222225
2,49,worm,30.0,42,0.0,20.7890625,6.6056944444444445
2,48,worm,100.0,219,0.0,27.4140625,10.144583333333333
2,48,worm,200.0,42,0.0,22.658854166666668,8.724444444444444
2,48,worm,200.0,137,0.0,22.348958333333332,8.63375
2,48,worm,200.0,219,0.0,23.3671875,9.109166666666667
2,48,worm,350.0,42,0.0,19.09375,7.5720833333333335
2,48,worm,350.0,137,0.0,17.75,7.047777777777778
2,48,worm,350.0,219,0.0,19.575520833333332,7.839722222222222
2,48,worm,500.0,42,0.0,16.786458333333332,6.702222222222222
2,49,worm,1000.0,219,0.0,10.236979166666666,3.9080555555555554
2,49,worm,3000.0,42,0.08333333333333333,7.1171875,2.8404166666666666
2,49,worm,3000.0,137,0.020833333333333332,7.432291666666667,2.997916666666667
2,49,worm,3000.0,219,0.0625,8.286458333333334,3.305138888888889
2,49,worm,30.0,137,0.0,20.104166666666668,6.440416666666667
2,49,worm,30.0,219,0.0,21.453125,6.849722222222222
2,49,worm,100.0,42,0.0,16.848958333333332,5.530833333333334
2,49,worm,100.0,137,0.0,16.322916666666668,5.40375
2,49,worm,100.0,219,0.0,17.697916666666668,5.814027777777778
2,49,worm,200.0,42,0.0,14.703125,4.985972222222222
2,49,worm,200.0,137,0.0,14.028645833333334,4.801805555555555
2,49,worm,200.0,219,0.0,14.942708333333334,5.124722222222222
2,49,worm,350.0,42,0.0,13.015625,4.559027777777778
2,49,worm,350.0,137,0.0,11.8125,4.1802777777777775
2,49,worm,350.0,219,0.0,13.096354166666666,4.644583333333333
2,49,worm,500.0,42,0.0,12.4453125,4.467083333333333
2,49,worm,500.0,137,0.0,10.940104166666666,3.9718055555555556
2,49,worm,500.0,219,0.0,11.919270833333334,4.315555555555555
2,49,worm,1000.0,42,0.041666666666666664,9.317708333333334,3.5254166666666666
2,49,worm,1000.0,137,0.0,9.109375,3.4795833333333333
2,0,fly,30.0,137,0.0,1.643680344478217,1.7738962285456188
2,0,fly,30.0,219,0.0,1.6379812563323204,1.7528229448961157
2,0,fly,100.0,42,0.0,1.3558763931104358,1.4067157859078592
2,0,fly,100.0,137,0.0,1.333016717325228,1.402933039747064
2,0,fly,500.0,137,0.8333333333333334,0.9437056737588652,0.9650660569105691
2,0,fly,500.0,219,0.8541666666666666,0.9410460992907801,0.9574441056910569
2,0,fly,1000.0,42,1.0,0.8249746707193516,0.832641711833785
2,0,fly,1000.0,137,1.0,0.8234549138804459,0.8387392728093948
2,1,fly,30.0,137,0.0,1.6496960486322187,1.7914690605239385
2,1,fly,30.0,219,0.0,1.6259498480243162,1.741093608852755
2,1,fly,100.0,42,0.0,1.335802938196555,1.4099480578139114
2,1,fly,100.0,137,0.0,1.3173125633232017,1.4125028229448962
2,0,fly,10.0,42,0.0,1.907484802431611,2.064476061427281
2,0,fly,10.0,137,0.0,1.8754432624113477,2.053508920505872
2,0,fly,10.0,219,0.0,1.854229989868288,2.0095133242999097
2,0,fly,30.0,42,0.0,1.6716691995947315,1.7866277100271002
2,0,fly,100.0,219,0.0,1.3345997973657548,1.3937866982836495
2,0,fly,200.0,42,0.0,1.1661600810536978,1.1950796070460705
2,0,fly,200.0,137,0.0,1.1543819655521783,1.1969568654019873
2,0,fly,200.0,219,0.0,1.1518490374873354,1.1880504742547426
2,0,fly,350.0,42,0.2708333333333333,1.021403242147923,1.040819783197832
2,0,fly,350.0,137,0.3958333333333333,1.0182370820668691,1.0467479674796747
2,0,fly,350.0,219,0.3541666666666667,1.0194402228976696,1.0406080623306233
2,0,fly,500.0,42,0.875,0.9431357649442756,0.9572606142728094
2,0,fly,1000.0,219,1.0,0.8205420466058765,0.8325146793134598
2,0,fly,3000.0,42,1.0,0.7124493414387031,0.7173949864498645
2,0,fly,3000.0,137,1.0,0.7127026342451875,0.721558830171635
2,0,fly,3000.0,219,1.0,0.713272543059777,0.7207684056007226
2,1,fly,10.0,42,0.0,1.9287613981762917,2.0951473577235773
2,1,fly,10.0,137,0.0,1.9122340425531916,2.099946364046974
2,1,fly,10.0,219,0.0,1.8673378926038502,2.030247854561879
2,1,fly,30.0,42,0.0,1.688449848024316,1.8230860433604337
2,1,fly,350.0,42,0.25,1.0317882472137792,1.0830792682926829
2,1,fly,350.0,137,0.3333333333333333,1.0309017223910841,1.0883017163504969
2,1,fly,350.0,219,0.3333333333333333,1.029951874366768,1.080030487804878
2,1,fly,500.0,42,0.7291666666666666,0.9644756838905776,1.0136348238482384
2,1,fly,100.0,219,0.0,1.3208586626139818,1.4008440605239385
2,1,fly,200.0,42,0.0,1.160081053698075,1.2129488482384825
2,1,fly,200.0,137,0.0,1.1510891590678825,1.2170280036133694
2,1,fly,200.0,219,0.0,1.148112968591692,1.2106481481481481
2,1,fly,500.0,137,0.75,0.9677684903748734,1.018899616079494
2,1,fly,500.0,219,0.7916666666666666,0.960739614994934,1.0089769647696476
2,1,fly,1000.0,42,0.9791666666666666,0.8659447821681865,0.9005758807588076
2,1,fly,1000.0,137,1.0,0.865501519756839,0.9075344399277326
2,1,fly,1000.0,219,1.0,0.8609422492401215,0.8999830623306233
2,1,fly,3000.0,42,1.0,0.7629179331306991,0.7920618789521229
2,1,fly,3000.0,137,1.0,0.7646909827760892,0.7992603884372177
2,1,fly,3000.0,219,1.0,0.7576621073961499,0.7939814814814815
2,2,fly,30.0,137,0.0,2.1728723404255317,2.408084914182475
2,2,fly,30.0,219,0.0,2.241514690982776,2.4563149277326106
2,2,fly,100.0,42,0.0,3.811043566362715,3.8044828364950316
2,2,fly,100.0,137,0.0,3.7006712259371835,3.7211777326106596
2,2,fly,10.0,42,0.0,2.192882472137791,2.4252625338753386
2,2,fly,10.0,137,0.0,2.1153115501519757,2.3477868112014453
2,2,fly,10.0,219,0.0,2.071808510638298,2.2777072041553748
2,2,fly,30.0,42,0.0,2.349480749746707,2.5884005194218607
2,2,fly,100.0,219,0.0,3.8025582573454915,3.7885190831074977
2,2,fly,200.0,42,0.0,6.208523302938197,5.545040085817525
2,2,fly,200.0,137,0.0,6.125759878419452,5.48681684733514
2,2,fly,200.0,219,0.0,6.187879939209727,5.5111788617886175
2,3,fly,100.0,219,0.0,2.507598784194529,2.674415650406504
2,3,fly,200.0,42,0.0,3.345934650455927,3.3564109078590785
2,3,fly,200.0,137,0.0,3.1070162107396153,3.1220782520325203
2,3,fly,200.0,219,0.0,3.2777988855116518,3.2882932475158086
2,4,fly,10.0,42,0.0,2.042933130699088,2.238962285456188
2,4,fly,10.0,137,0.0,1.9685283687943265,2.1625310523938572
2,4,fly,10.0,219,0.0,1.9479483282674772,2.123066282746161
2,4,fly,30.0,42,0.0,1.9202760891590678,2.109770212285456
2,2,fly,350.0,42,0.0,9.091502026342452,7.4980521680216805
2,2,fly,350.0,137,0.0,8.896593211752785,7.389326445347787
2,2,fly,350.0,219,0.0,8.941362715298887,7.409990401987353
2,2,fly,500.0,42,0.0,10.97644376899696,8.724988708220415
2,2,fly,500.0,137,0.0,10.950164640324212,8.72606142728094
2,2,fly,500.0,219,0.0,11.24164133738602,8.90869184733514
2,2,fly,1000.0,42,0.0,15.698518237082068,11.877032520325203
2,2,fly,1000.0,137,0.0,15.584536474164132,11.816014566395664
2,2,fly,1000.0,219,0.0,16.004242654508612,12.103164521228546
2,2,fly,3000.0,42,0.0,21.344478216818644,15.632494918699187
2,2,fly,3000.0,137,0.0,21.861068895643367,16.00296409214092
2,2,fly,3000.0,219,0.0,22.174455420466057,16.246203139114723
2,3,fly,10.0,42,0.0,2.1605243161094223,2.383807588075881
2,3,fly,10.0,137,0.0,2.1043566362715302,2.333446251129178
2,3,fly,10.0,219,0.0,2.067629179331307,2.2721318879855463
2,3,fly,30.0,42,0.0,2.1965552178318135,2.435989724480578
2,3,fly,30.0,137,0.0,2.1085992907801416,2.3186681345980125
2,3,fly,30.0,219,0.0,2.0792806484295845,2.290410456187895
2,3,fly,100.0,42,0.0,2.6690729483282674,2.8382029132791327
2,3,fly,100.0,137,0.0,2.455040526849037,2.6410766711833786
2,4,fly,100.0,219,0.0,1.7553191489361701,1.8978940831074977
2,4,fly,200.0,42,0.0,2.5417933130699084,2.6012308039747065
2,4,fly,200.0,137,0.0,2.4190096251266464,2.4962595980126467
2,4,fly,200.0,219,0.0,2.4506712259371835,2.505250677506775
2,3,fly,1000.0,219,0.0,4.876709726443769,4.277777777777778
2,3,fly,3000.0,42,0.0,5.270896656534954,4.513140808491419
2,3,fly,3000.0,137,0.0,5.100937183383992,4.368422538392051
2,3,fly,3000.0,219,0.0,5.182877406281662,4.43287037037037
2,3,fly,500.0,137,0.0,4.146846504559271,3.834208446251129
2,3,fly,500.0,219,0.0,4.258358662613982,3.9220867208672088
2,3,fly,1000.0,42,0.0,4.693895643363729,4.166948961156279
2,3,fly,1000.0,137,0.0,4.714349037487335,4.172016147244806
2,3,fly,350.0,42,0.0,3.909131205673759,3.707387646793135
2,3,fly,350.0,137,0.0,3.7444908814589666,3.5527890695573623
2,3,fly,350.0,219,0.0,3.881965552178318,3.6953054426377596
2,3,fly,500.0,42,0.0,4.433637284701114,4.072577913279133
2,4,fly,30.0,137,0.0,1.8479609929078011,2.0349480578139114
2,4,fly,30.0,219,0.0,1.8202254305977712,1.989597448057814
2,4,fly,100.0,42,0.0,1.9107142857142858,2.065210027100271
2,4,fly,100.0,137,0.0,1.751013171225937,1.9140272131887985
2,4,fly,350.0,42,0.0,4.417869807497468,4.054299345076784
2,4,fly,350.0,137,0.0,4.1543819655521785,3.849734643179765
2,4,fly,350.0,219,0.0,4.291666666666667,3.9523345754290875
2,4,fly,500.0,42,0.0,6.179267983789259,5.310650971093044
2,4,fly,500.0,137,0.0,6.207636778115501,5.340785907859079
2,4,fly,500.0,219,0.0,6.0464792299898695,5.194246838301717
2,4,fly,1000.0,42,0.0,11.27779888551165,8.789902326106594
2,4,fly,1000.0,137,0.0,11.288563829787234,8.800220189701896
2,5,fly,500.0,137,0.10416666666666667,1.114741641337386,1.2126524390243902
2,5,fly,500.0,219,0.08333333333333333,1.1197441742654508,1.2073876467931346
2,5,fly,1000.0,42,0.625,1.0091818642350556,1.083883807588076
2,5,fly,1000.0,137,0.7291666666666666,0.9707446808510638,1.046846770551039
2,4,fly,1000.0,219,0.0,11.327127659574467,8.841957429990966
2,4,fly,3000.0,42,0.0,23.575417933130694,17.167654697380307
2,4,fly,3000.0,137,0.0,23.293629685916915,16.95895438121048
2,4,fly,3000.0,219,0.0,24.263551165146907,17.66185354561879
2,5,fly,10.0,42,0.0,2.031978216818642,2.2311709575429086
2,5,fly,10.0,137,0.0,1.9788500506585613,2.182912714543812
2,5,fly,10.0,219,0.0,1.9668819655521783,2.1446900406504064
2,5,fly,30.0,42,0.0,1.8811423505572442,2.0569105691056913
2,6,fly,350.0,42,0.22916666666666666,1.0267857142857142,1.0368112014453479
2,6,fly,350.0,137,0.375,1.022226443768997,1.0431487127371273
2,6,fly,350.0,219,0.3333333333333333,1.02475937183384,1.0371499548328817
2,6,fly,500.0,42,0.8333333333333334,0.9442755825734549,0.9519675925925926
2,5,fly,30.0,137,0.0,1.8465045592705167,2.0302055103884373
2,5,fly,30.0,219,0.0,1.7916666666666667,1.9451784101174345
2,5,fly,100.0,42,0.0,1.5751013171225938,1.7057079945799458
2,5,fly,100.0,137,0.0,1.5398936170212767,1.678932362240289
2,5,fly,100.0,219,0.0,1.511081560283688,1.6353319783197833
2,5,fly,200.0,42,0.0,1.3583459979736574,1.462793586269196
2,5,fly,200.0,137,0.0,1.3403622087132725,1.4646990740740742
2,5,fly,200.0,219,0.0,1.3317502532928065,1.4374153116531165
2,5,fly,350.0,42,0.0,1.2380952380952381,1.3379065040650406
2,5,fly,350.0,137,0.0,1.2016843971631204,1.3103686766034326
2,5,fly,350.0,219,0.0,1.1934523809523812,1.2851315492321589
2,5,fly,500.0,42,0.10416666666666667,1.1372213779128673,1.2293078139114724
2,6,fly,500.0,137,0.8125,0.9427558257345492,0.9595613143631436
2,6,fly,500.0,219,0.875,0.9417426545086119,0.952221657633243
2,6,fly,1000.0,42,1.0,0.8187689969604864,0.8237917795844625
2,6,fly,1000.0,137,1.0,0.8178191489361702,0.8288589656729901
2,5,fly,1000.0,219,0.7291666666666666,0.9753039513677813,1.046070460704607
2,5,fly,3000.0,42,0.9375,0.8406788247213779,0.8974141824751581
2,5,fly,3000.0,137,0.9375,0.844224924012158,0.9058830171635049
2,5,fly,3000.0,219,0.8958333333333334,0.8506838905775075,0.9148740966576332
2,6,fly,10.0,42,0.0,1.9079913880445794,2.0577292231255644
2,6,fly,10.0,137,0.0,1.8803191489361701,2.0476230803974707
2,6,fly,10.0,219,0.0,1.8599290780141844,2.0090475383920507
2,6,fly,30.0,42,0.0,1.6859802431610944,1.7896059168925023
2,6,fly,30.0,137,0.0,1.6621707193515707,1.7824638663053298
2,6,fly,30.0,219,0.0,1.6637537993920972,1.7725412149954833
2,6,fly,100.0,42,0.0,1.3765197568389056,1.419503726287263
2,6,fly,100.0,137,0.0,1.3573328267477205,1.417386517615176
2,6,fly,1000.0,219,1.0,0.8154761904761904,0.8239752710027101
2,6,fly,3000.0,42,1.0,0.7070035460992908,0.7086015130984643
2,6,fly,3000.0,137,1.0,0.7056737588652483,0.7128359304426377
2,6,fly,3000.0,219,1.0,0.7072568389057751,0.7122572267389341
2,6,fly,100.0,219,0.0,1.3560030395136777,1.4056289521228547
2,6,fly,200.0,42,0.0,1.1818009118541033,1.1994834010840107
2,6,fly,200.0,137,0.0,1.1653368794326242,1.2006972673893406
2,6,fly,200.0,219,0.0,1.1666666666666667,1.1925389566395663
2,7,fly,100.0,219,0.0,2.9140704154002024,3.0365289069557364
2,7,fly,200.0,42,0.0,4.615691489361702,4.362593157181572
2,7,fly,200.0,137,0.0,4.483156028368794,4.2440294715447155
2,7,fly,200.0,219,0.0,4.588905775075988,4.33861224028907
2,7,fly,350.0,42,0.0,6.897796352583587,5.945234869015357
2,7,fly,350.0,137,0.0,6.875696555217831,5.976287262872629
2,7,fly,350.0,219,0.0,6.748860182370822,5.8315407633243
2,7,fly,500.0,42,0.0,8.684713779128673,7.151945009033423
2,7,fly,10.0,42,0.0,2.1316489361702127,2.3500875112917794
2,7,fly,10.0,137,0.0,2.066869300911854,2.29028342366757
2,7,fly,10.0,219,0.0,2.072061803444782,2.274362014453478
2,7,fly,30.0,42,0.0,2.1900329280648427,2.4237381436314362
2,8,fly,500.0,137,0.0,6.234612462006079,5.466336382113822
2,8,fly,500.0,219,0.0,6.280521783181357,5.489159891598916
2,8,fly,1000.0,42,0.0,5.653938703140831,4.914323622402891
2,8,fly,1000.0,137,0.0,5.519186930091185,4.801434056007227
2,7,fly,30.0,137,0.0,2.094794832826748,2.3253726287262872
2,7,fly,30.0,219,0.0,2.0927684903748736,2.2840023712737128
2,7,fly,100.0,42,0.0,3.06072695035461,3.2050869467028003
2,7,fly,100.0,137,0.0,2.8271909827760893,2.974000677506775
2,7,fly,500.0,137,0.0,8.567375886524824,7.085718721770551
2,7,fly,500.0,219,0.0,8.566869300911854,7.094935636856369
2,7,fly,1000.0,42,0.0,12.52127659574468,9.698791779584463
2,7,fly,1000.0,137,0.0,12.628672745694024,9.7856820234869
2,7,fly,1000.0,219,0.0,12.628672745694024,9.795872854561878
2,7,fly,3000.0,42,0.0,18.470364741641337,13.668515695573623
2,7,fly,3000.0,137,0.0,18.64076747720365,13.813135162601625
2,7,fly,3000.0,219,0.0,18.893996960486323,13.984078590785908
2,8,fly,10.0,42,0.0,2.5724417426545085,2.834490740740741
2,8,fly,10.0,137,0.0,2.479040020263424,2.752808830171635
2,8,fly,10.0,219,0.0,2.486955420466059,2.7332317073170733
2,8,fly,30.0,42,0.0,3.5908054711246202,3.782252145438121
2,8,fly,30.0,137,0.0,3.4153368794326244,3.6265949638663053
2,8,fly,30.0,219,0.0,3.4811930091185412,3.6642107046070462
2,8,fly,100.0,42,0.0,5.606193009118542,5.275293586269196
2,8,fly,100.0,137,0.0,5.455610435663627,5.175827122854562
2,8,fly,100.0,219,0.0,5.578837386018237,5.246203139114725
2,8,fly,200.0,42,0.0,6.403938703140831,5.745822041553748
2,8,fly,200.0,137,0.0,6.445668693009119,5.798526422764228
2,8,fly,200.0,219,0.0,6.37151722391084,5.706004403794038
2,9,fly,10.0,42,0.0,2.3070542046605875,2.560566282746161
2,9,fly,10.0,137,0.0,2.220428064842958,2.4655177280939475
2,9,fly,10.0,219,0.0,2.199721377912867,2.4212257226738934
2,9,fly,30.0,42,0.0,2.8270010131712255,3.0836579719963866
2,8,fly,350.0,42,0.0,6.518237082066869,5.702913279132791
2,8,fly,350.0,137,0.0,6.482522796352583,5.703477868112015
2,8,fly,350.0,219,0.0,6.519820162107396,5.731552055103885
2,8,fly,500.0,42,0.0,6.32136524822695,5.499943541102078
2,9,fly,30.0,137,0.0,2.6752152988855116,2.928410117434508
2,9,fly,30.0,219,0.0,2.638614488348531,2.866404132791328
2,9,fly,100.0,42,0.0,5.094858156028369,4.884598012646793
2,9,fly,100.0,137,0.0,5.03596757852077,4.837257226738934
2,8,fly,1000.0,219,0.0,5.377786220871326,4.679511065943993
2,8,fly,3000.0,42,0.0,4.537424012158055,3.96704211833785
2,8,fly,3000.0,137,0.0,4.4243920972644375,3.877611224028907
2,8,fly,3000.0,219,0.0,4.532294832826747,3.9571194670280034
2,9,fly,350.0,42,0.0,10.993604356636274,8.836805555555555
2,9,fly,350.0,137,0.0,10.732016210739616,8.658127258355917
2,9,fly,350.0,219,0.0,10.943135764944275,8.806924683830172
2,9,fly,500.0,42,0.0,12.920972644376898,10.067242547425474
2,10,fly,10.0,42,0.0,1.8491641337386018,1.9823283649503163
2,10,fly,10.0,137,0.0,1.8259878419452888,1.9758214769647697
2,10,fly,10.0,219,0.0,1.8095871327254305,1.9360461833785005
2,10,fly,30.0,42,0.0,1.6517223910840932,1.726640130984643
2,11,fly,10.0,42,0.0,2.2048505572441743,2.426716350496838
2,11,fly,10.0,137,0.0,2.121517223910841,2.3464741418247517
2,11,fly,10.0,219,0.0,2.1091691995947315,2.312457655826558
2,11,fly,30.0,42,0.0,2.258042046605876,2.503782746160795
2,9,fly,100.0,219,0.0,5.165590172239108,4.937104787714544
2,9,fly,200.0,42,0.0,7.932750759878419,6.838456978319783
2,9,fly,200.0,137,0.0,7.940919452887537,6.865458446251129
2,9,fly,200.0,219,0.0,7.842135258358662,6.756676264679314
2,10,fly,500.0,137,0.6458333333333334,0.9842958459979737,1.0015949638663053
2,10,fly,500.0,219,0.7083333333333334,0.9847391084093212,0.993775406504065
2,10,fly,1000.0,42,1.0,0.8520770010131713,0.8580199864498645
2,10,fly,1000.0,137,1.0,0.8521403242147922,0.8629177958446251
2,9,fly,500.0,137,0.0,12.981509625126648,10.126270325203253
2,9,fly,500.0,219,0.0,13.200734549138806,10.294348464317977
2,9,fly,1000.0,42,0.0,17.283941236068895,12.93603206865402
2,9,fly,1000.0,137,0.0,17.336436170212764,13.00365571364047
2,10,fly,30.0,137,0.0,1.6268996960486322,1.7187358852755195
2,10,fly,30.0,219,0.0,1.635195035460993,1.7194275067750677
2,10,fly,100.0,42,0.0,1.393743667679838,1.4246273712737128
2,10,fly,100.0,137,0.0,1.379179331306991,1.4233429313459802
2,9,fly,1000.0,219,0.0,17.837575987841948,13.365571364046973
2,9,fly,3000.0,42,0.0,22.519123606889565,16.430470867208673
2,9,fly,3000.0,137,0.0,23.53432117527862,17.15718157181572
2,9,fly,3000.0,219,0.0,23.291286727456946,16.994664634146343
2,10,fly,100.0,219,0.0,1.3765197568389056,1.4119241192411924
2,10,fly,200.0,42,0.0,1.2223910840932117,1.2357582429990968
2,10,fly,200.0,137,0.0,1.204533941236069,1.2349254742547426
2,10,fly,200.0,219,0.0,1.2077001013171225,1.2261037714543812
2,10,fly,350.0,42,0.125,1.0744047619047619,1.0819924345076783
2,10,fly,350.0,137,0.10416666666666667,1.068515704154002,1.0873136856368564
2,10,fly,350.0,219,0.08333333333333333,1.0678191489361701,1.0800869467028003
2,10,fly,500.0,42,0.6041666666666666,0.9875253292806484,0.9945376016260162
2,10,fly,1000.0,219,1.0,0.8472011144883487,0.8560015808491418
2,10,fly,3000.0,42,1.0,0.723404255319149,0.7275293586269196
2,10,fly,3000.0,137,1.0,0.7245440729483282,0.7326247741644083
2,10,fly,3000.0,219,1.0,0.7236575481256332,0.7300417795844625
2,11,fly,30.0,137,0.0,2.161854103343465,2.3958615627822946
2,11,fly,30.0,219,0.0,2.12854609929078,2.3469681571815717
2,11,fly,100.0,42,0.0,2.3205420466058766,2.534933943089431
2,11,fly,100.0,137,0.0,2.184143870314083,2.4011404697380305
2,11,fly,100.0,219,0.0,2.1559650455927053,2.343891147244806
2,11,fly,200.0,42,0.0,2.1159447821681865,2.280346657633243
2,11,fly,200.0,137,0.0,1.9559903748733536,2.128980352303523
2,11,fly,200.0,219,0.0,1.9601063829787233,2.1155854787714543
2,11,fly,500.0,137,0.0,1.4966438703140834,1.6250564588979224
2,11,fly,500.0,219,0.0,1.529065349544073,1.6331018518518519
2,11,fly,1000.0,42,0.125,1.1474797365754812,1.2494777551942187
2,11,fly,1000.0,137,0.14583333333333334,1.1957953394123606,1.295604674796748
2,11,fly,350.0,42,0.0,1.8380192502532928,1.975143970189702
2,11,fly,350.0,137,0.0,1.6897796352583587,1.8348294941282746
2,11,fly,350.0,219,0.0,1.748353596757852,1.8666299683830172
2,11,fly,500.0,42,0.0,1.5895390070921984,1.7102247064137308
2,12,fly,100.0,219,0.0,1.3257978723404256,1.3876044489611563
2,12,fly,200.0,42,0.0,1.1676165146909827,1.1993845980126467
2,12,fly,200.0,137,0.0,1.1556484295846,1.2013888888888888
2,12,fly,200.0,219,0.0,1.153178824721378,1.1925813008130082
2,11,fly,1000.0,219,0.16666666666666666,1.195921985815603,1.2904104561878953
2,11,fly,3000.0,42,0.75,0.9340172239108409,1.0037404019873533
2,11,fly,3000.0,137,0.8541666666666666,0.8978596757852078,0.9712483062330624
2,11,fly,3000.0,219,0.8333333333333334,0.8996960486322187,0.9711777326106594
2,12,fly,10.0,42,0.0,1.8939969604863223,2.049387420957543
2,12,fly,10.0,137,0.0,1.8617021276595744,2.0339035682023487
2,12,fly,10.0,219,0.0,1.8416286727456939,1.9938459801264679
2,12,fly,30.0,42,0.0,1.6491894630192503,1.7581724254742548
2,12,fly,30.0,137,0.0,1.6259498480243162,1.7544320234869015
2,12,fly,30.0,219,0.0,1.6161347517730498,1.7294348464317977
2,12,fly,100.0,42,0.0,1.3453647416413375,1.3981058039747065
2,12,fly,100.0,137,0.0,1.3223150962512664,1.392798667570009
2,13,fly,100.0,219,0.0,18.21016970618035,14.085634033423668
2,13,fly,200.0,42,0.0,25.98239614994934,19.305245031616984
2,13,fly,200.0,137,0.0,26.0769376899696,19.35641090785908
2,13,fly,200.0,219,0.0,26.086056231003038,19.38400519421861
2,12,fly,350.0,42,0.25,1.0303318135764945,1.0537065266485999
2,12,fly,350.0,137,0.3125,1.0272289766970617,1.0597476287262872
2,12,fly,350.0,219,0.3125,1.027418946301925,1.0531560523938572
2,12,fly,500.0,42,0.8333333333333334,0.9548505572441743,0.9746358401084011
2,12,fly,500.0,137,0.8125,0.9562436676798379,0.9812556458897922
2,12,fly,500.0,219,0.8333333333333334,0.9513677811550152,0.9732384823848238
2,12,fly,1000.0,42,1.0,0.8405521783181357,0.8513860659439928
2,12,fly,1000.0,137,1.0,0.8396023302938196,0.8570460704607046
2,12,fly,1000.0,219,1.0,0.8353596757852078,0.850609756097561
2,12,fly,3000.0,42,1.0,0.7257472137791288,0.7325542005420054
2,12,fly,3000.0,137,1.0,0.726000506585613,0.7374378952122854
2,12,fly,3000.0,219,1.0,0.7246073961499494,0.7358993902439024
2,13,fly,350.0,42,0.0,31.504812563323203,22.9683124435411
2,13,fly,350.0,137,0.0,31.05382472137791,22.64429482836495
2,13,fly,350.0,219,0.0,31.630825734549138,23.093354787714542
2,13,fly,500.0,42,0.0,34.020959979736574,24.622388775971093
2,13,fly,500.0,137,0.0,33.54014690982776,24.299528568202348
2,13,fly,500.0,219,0.0,33.729040020263426,24.426419941282745
2,13,fly,1000.0,42,0.0,34.91786980749746,25.091731594399278
2,13,fly,1000.0,137,0.0,34.03742401215805,24.463033536585368
2,13,fly,10.0,42,0.0,3.935347011144884,4.140187443541102
2,13,fly,10.0,137,0.0,3.869554204660588,4.073382452574526
2,13,fly,10.0,219,0.0,3.935220364741641,4.138225496838301
2,13,fly,30.0,42,0.0,8.125126646403242,7.273867999096658
2,13,fly,30.0,137,0.0,8.010891590678826,7.25122798102981
2,13,fly,30.0,219,0.0,8.09739108409321,7.2593298328816624
2,13,fly,100.0,42,0.0,18.001519756838906,13.915071702800361
2,13,fly,100.0,137,0.0,18.026089159067883,13.95069726738934
2,14,fly,350.0,42,0.0,14.912360688956435,11.528963414634147
2,14,fly,350.0,137,0.0,15.281788247213777,11.808674909665763
2,14,fly,350.0,219,0.0,15.417743161094224,11.893095076784101
2,14,fly,500.0,42,0.0,18.036917426545088,13.581399616079494
2,14,fly,30.0,137,0.0,3.125379939209726,3.3478856142728093
2,14,fly,30.0,219,0.0,3.1077760891590684,3.319698509485095
2,14,fly,100.0,42,0.0,6.815349544072949,6.161641824751581
2,14,fly,100.0,137,0.0,6.778178824721377,6.162799232158989
2,15,fly,30.0,137,0.0,1.9002026342451874,2.0970387308039746
2,15,fly,30.0,219,0.0,1.8827887537993921,2.0548639340560073
2,15,fly,100.0,42,0.0,2.076177811550152,2.2469794489611563
2,15,fly,100.0,137,0.0,1.91331053698075,2.0862691960252935
2,14,fly,10.0,42,0.0,2.4385131712259374,2.7088696928635954
2,14,fly,10.0,137,0.0,2.3632218844984805,2.6281475835591688
2,14,fly,10.0,219,0.0,2.278368794326241,2.5015526196928635
2,14,fly,30.0,42,0.0,3.317565856129686,3.544898938572719
2,14,fly,100.0,219,0.0,6.735182370820669,6.087977077687444
2,14,fly,200.0,42,0.0,10.812056737588653,8.821716915085817
2,14,fly,200.0,137,0.0,10.672492401215806,8.751383242999097
2,14,fly,200.0,219,0.0,10.790146909827762,8.819599706413731
2,13,fly,1000.0,219,0.0,35.75417933130699,25.6869918699187
2,13,fly,3000.0,42,0.0,33.094098277608914,23.679327574525747
2,13,fly,3000.0,137,0.0,34.09967071935157,24.369706978319783
2,13,fly,3000.0,219,0.0,33.93490374873354,24.268433830171634
2,14,fly,500.0,137,0.0,18.276659067882473,13.775025406504065
2,14,fly,500.0,219,0.0,18.571491894630192,14.008892276422765
2,14,fly,1000.0,42,0.0,24.37955927051672,17.827546296296298
2,14,fly,1000.0,137,0.0,25.000633232016213,18.284072944896117
2,15,fly,10.0,42,0.0,2.0808004052684903,2.2875310523938572
2,15,fly,10.0,137,0.0,2.002469604863222,2.210351738934056
2,15,fly,10.0,219,0.0,1.9651722391084092,2.144308943089431
2,15,fly,30.0,42,0.0,1.978596757852077,2.1775208897922314
2,14,fly,1000.0,219,0.0,24.639311043566366,18.028229448961156
2,14,fly,3000.0,42,0.0,30.736765450861196,22.039944670280036
2,14,fly,3000.0,137,0.0,30.90476190476191,22.16915085817525
2,14,fly,3000.0,219,0.0,32.039640324214794,22.966138775971093
2,15,fly,100.0,219,0.0,1.9543439716312057,2.1186201445347788
2,15,fly,200.0,42,0.0,2.7448074974670718,2.7953506097560976
2,15,fly,200.0,137,0.0,2.536727456940223,2.6100242773261066
2,15,fly,200.0,219,0.0,2.648176291793313,2.718679426377597
2,15,fly,1000.0,219,0.0,7.057180851063829,5.861859191508581
2,15,fly,3000.0,42,0.0,10.199594731509626,7.963965108401084
2,15,fly,3000.0,137,0.0,10.269883485309018,8.031786359530262
2,15,fly,3000.0,219,0.0,10.19389564336373,7.977966915085817
2,16,fly,10.0,42,0.0,2.4939209726443767,2.7602755194218607
2,16,fly,10.0,137,0.0,2.3560030395136775,2.613694105691057
2,16,fly,10.0,219,0.0,2.38266210739615,2.616291214995483
2,16,fly,30.0,42,0.0,3.2246707193515705,3.4696956865401987
2,15,fly,500.0,137,0.0,4.8745567375886525,4.3874915311653115
2,15,fly,500.0,219,0.0,5.101570415400203,4.558533762420957
2,15,fly,1000.0,42,0.0,7.298442249240122,6.048780487804878
2,15,fly,1000.0,137,0.0,7.161410840932118,5.965969399277326
2,15,fly,350.0,42,0.0,3.9532041540020266,3.715941169828365
2,15,fly,350.0,137,0.0,3.790146909827761,3.5921973803071365
2,15,fly,350.0,219,0.0,4.0032294832826745,3.764015921409214
2,15,fly,500.0,42,0.0,4.952001013171226,4.440280600722674
2,16,fly,30.0,137,0.0,3.093844984802432,3.3262053974706416
2,16,fly,30.0,219,0.0,3.086119554204661,3.327560411020777
2,16,fly,100.0,42,0.0,4.96346251266464,4.833869692863595
2,16,fly,100.0,137,0.0,4.593971631205673,4.535921973803071
2,16,fly,100.0,219,0.0,4.706433637284701,4.622050022583559
2,16,fly,200.0,42,0.0,5.291350050658561,4.955044602529359
2,16,fly,200.0,137,0.0,5.183510638297872,4.887011630532972
2,16,fly,200.0,219,0.0,5.328014184397163,4.989540989159892
2,17,fly,350.0,42,0.0,14.569212259371833,11.318371725383921
2,17,fly,350.0,137,0.0,14.79464285714286,11.486534552845528
2,17,fly,350.0,219,0.0,14.944972137791288,11.584857723577235
2,17,fly,500.0,42,0.0,16.730433130699087,12.772033084914183
2,16,fly,350.0,42,0.0,5.331180344478216,4.880490627822945
2,16,fly,350.0,137,0.0,5.2413247213779135,4.8091689250225835
2,16,fly,350.0,219,0.0,5.227077001013171,4.800036698283649
2,16,fly,500.0,42,0.0,4.996580547112462,4.5449130532972
2,17,fly,500.0,137,0.0,16.54255319148936,12.617984981933153
2,17,fly,500.0,219,0.0,16.803381458966566,12.806501242095754
2,17,fly,1000.0,42,0.0,19.586309523809522,14.594286359530262
2,17,fly,1000.0,137,0.0,19.74537740628166,14.709758920505871
2,16,fly,500.0,137,0.0,4.938069908814589,4.514820460704607
2,16,fly,500.0,219,0.0,5.041666666666667,4.603545618789521
2,16,fly,1000.0,42,0.0,4.235119047619048,3.8732497741644085
2,16,fly,1000.0,137,0.0,4.189019756838905,3.8364668021680215
2,16,fly,1000.0,219,0.0,4.190539513677812,3.8288025067750677
2,16,fly,3000.0,42,0.0,3.1257598784194527,2.891457768744354
2,16,fly,3000.0,137,0.0,3.0145643363728474,2.8027467253839204
2,16,fly,3000.0,219,0.0,3.100873860182371,2.8766937669376693
2,18,fly,30.0,137,0.0,1.7854609929078011,1.9448396567299007
2,18,fly,30.0,219,0.0,1.7584853090172239,1.8934761743450768
2,18,fly,100.0,42,0.0,1.5085486322188448,1.5914210704607046
2,18,fly,100.0,137,0.0,1.483852583586626,1.5887533875338753
2,17,fly,10.0,42,0.0,2.5471757852077004,2.8138267841011744
2,17,fly,10.0,137,0.0,2.440222897669706,2.7135416666666665
2,17,fly,10.0,219,0.0,2.467451874366768,2.7118761291779583
2,17,fly,30.0,42,0.0,3.848404255319149,4.011418812104788
2,17,fly,30.0,137,0.0,3.684080547112462,3.8836805555555554
2,17,fly,30.0,219,0.0,3.739235055724418,3.910625564588979
2,17,fly,100.0,42,0.0,8.052494934143871,7.083361562782295
2,17,fly,100.0,137,0.0,7.808257345491388,6.908409552845528
2,17,fly,100.0,219,0.0,7.831243667679838,6.900928748870822
2,17,fly,200.0,42,0.0,11.619427558257348,9.447352077687443
2,17,fly,200.0,137,0.0,11.387411347517729,9.281179426377598
2,17,fly,200.0,219,0.0,11.595174772036472,9.412629855465221
2,17,fly,1000.0,219,0.0,19.40267223910841,14.459307249322492
2,17,fly,3000.0,42,0.0,20.732649442755825,15.246428974706413
2,17,fly,3000.0,137,0.0,21.48207953394123,15.78638775971093
2,17,fly,3000.0,219,0.0,21.6012537993921,15.870469173441734
2,18,fly,10.0,42,0.0,1.9887284701114492,2.164648261065944
2,18,fly,10.0,137,0.0,1.9666286727456939,2.156885162601626
2,18,fly,10.0,219,0.0,1.9466185410334347,2.1146680216802167
2,18,fly,30.0,42,0.0,1.8094604863221884,1.9429341689250226
2,18,fly,350.0,42,0.0,1.1487462006079028,1.190040650406504
2,18,fly,350.0,137,0.0,1.1401342451874366,1.1942750677506775
2,18,fly,350.0,219,0.0,1.1384245187436675,1.1852981029810299
2,18,fly,500.0,42,0.14583333333333334,1.049582066869301,1.087186653116531
2,18,fly,1000.0,219,1.0,0.897289766970618,0.9287065266485999
2,18,fly,3000.0,42,1.0,0.7610815602836879,0.7809818202348691
2,18,fly,3000.0,137,1.0,0.7651342451874367,0.7876439701897019
2,18,fly,3000.0,219,1.0,0.7583586626139818,0.7820545392953929
2,19,fly,100.0,219,0.0,4.50113981762918,4.388056120144535
2,19,fly,200.0,42,0.0,7.446871833839919,6.514368789521228
2,19,fly,200.0,137,0.0,7.259561803444782,6.365204381210479
2,19,fly,200.0,219,0.0,7.26234802431611,6.349212398373984
2,18,fly,100.0,219,0.0,1.485498986828774,1.5820488934056007
2,18,fly,200.0,42,0.0,1.3118667679837894,1.3691282746160796
2,18,fly,200.0,137,0.0,1.2886904761904763,1.3634400406504066
2,18,fly,200.0,219,0.0,1.2947061803444784,1.3574271680216803
2,18,fly,500.0,137,0.22916666666666666,1.046289260385005,1.093383017163505
2,18,fly,500.0,219,0.20833333333333334,1.0480623100303952,1.0864244579945799
2,18,fly,1000.0,42,0.9791666666666666,0.9020390070921985,0.9294404923215899
2,18,fly,1000.0,137,0.8958333333333334,0.9041919959473151,0.9374153116531165
2,19,fly,10.0,42,0.0,2.244174265450861,2.481636743450768
2,19,fly,10.0,137,0.0,2.168566362715299,2.4166807813911473
2,19,fly,10.0,219,0.0,2.1279761904761902,2.339543812104788
2,19,fly,30.0,42,0.0,2.603153495440729,2.8405883017163505
2,19,fly,30.0,137,0.0,2.448581560283688,2.696674570912376
2,19,fly,30.0,219,0.0,2.448454913880446,2.6815294715447155
2,19,fly,100.0,42,0.0,4.717768490374874,4.579846996386631
2,19,fly,100.0,137,0.0,4.423695542046606,4.3281532294489615
2,19,fly,350.0,42,0.0,10.120124113475176,8.272343608852756
2,19,fly,350.0,137,0.0,10.063259878419453,8.220528455284553
2,19,fly,350.0,219,0.0,10.069212259371833,8.23263888888889
2,19,fly,500.0,42,0.0,12.091881965552178,9.555146228545619
2,20,fly,100.0,219,0.0,2.0878292806484295,2.2465136630532974
2,20,fly,200.0,42,0.0,3.0442629179331306,3.0967987804878048
2,20,fly,200.0,137,0.0,2.788817122593718,2.8382452574525745
2,20,fly,200.0,219,0.0,2.853533434650456,2.8933209123757906
2,19,fly,500.0,137,0.0,12.009308510638299,9.508158310749774
2,19,fly,500.0,219,0.0,11.993604356636274,9.473690153568203
2,19,fly,1000.0,42,0.0,15.557307497467074,11.79492716802168
2,19,fly,1000.0,137,0.0,15.613031914893616,11.849494692863596
2,20,fly,350.0,42,0.0,4.179647922998988,3.8981340334236676
2,20,fly,350.0,137,0.0,4.155901722391085,3.885670731707317
2,20,fly,350.0,219,0.0,4.229799898682877,3.9542118337850045
2,20,fly,500.0,42,0.0,5.416666666666667,4.77734022131888
2,19,fly,1000.0,219,0.0,15.75113981762918,11.979321928635953
2,19,fly,3000.0,42,0.0,19.222011144883485,14.186413166214995
2,19,fly,3000.0,137,0.0,19.571428571428573,14.439010275519422
2,19,fly,3000.0,219,0.0,19.724480749746707,14.581117321589883
2,20,fly,10.0,42,0.0,2.094224924012158,2.2986957994579944
2,20,fly,10.0,137,0.0,2.0687056737588656,2.2911585365853657
2,20,fly,10.0,219,0.0,2.0116514690982776,2.1998503839205057
2,20,fly,30.0,42,0.0,2.040400202634245,2.260840108401084
2,20,fly,30.0,137,0.0,1.9813829787234043,2.1858485772357725
2,20,fly,30.0,219,0.0,1.922049138804458,2.1008638211382116
2,20,fly,100.0,42,0.0,2.203457446808511,2.381732723577236
2,20,fly,100.0,137,0.0,2.0448328267477205,2.2338245257452574
2,20,fly,500.0,137,0.0,5.525075987841945,4.875084688346884
2,20,fly,500.0,219,0.0,5.468401722391083,4.8432559846431795
2,20,fly,1000.0,42,0.0,8.227393617021276,6.71704211833785
2,20,fly,1000.0,137,0.0,7.912487335359676,6.493535456187895
2,21,fly,500.0,137,0.8333333333333334,0.9456053698074974,0.967747854561879
2,21,fly,500.0,219,0.8333333333333334,0.9423125633232017,0.9605070009033424
2,21,fly,1000.0,42,1.0,0.8228850050658562,0.8310890921409214
2,21,fly,1000.0,137,1.0,0.8221884498480244,0.8375818654019873
2,22,fly,10.0,42,0.0,2.5414766970618037,2.8134739159891597
2,22,fly,10.0,137,0.0,2.444212259371834,2.7096318879855463
2,22,fly,10.0,219,0.0,2.4509878419452886,2.691353319783198
2,22,fly,30.0,42,0.0,3.791160081053698,3.9628782746160796
2,20,fly,1000.0,219,0.0,7.979103343465046,6.532040424570912
2,20,fly,3000.0,42,0.0,11.631395643363726,8.961523261065944
2,20,fly,3000.0,137,0.0,11.867337892603848,9.161331300813009
2,20,fly,3000.0,219,0.0,11.853343465045592,9.140653229448962
2,21,fly,10.0,42,0.0,1.9426291793313073,2.1053381887985547
2,21,fly,10.0,137,0.0,1.9146403242147922,2.098365514905149
2,21,fly,10.0,219,0.0,1.8889311043566364,2.047580736224029
2,21,fly,30.0,42,0.0,1.7154255319148934,1.8354928861788617
2,21,fly,30.0,137,0.0,1.6874366767983788,1.8251185636856369
2,21,fly,30.0,219,0.0,1.6766084093211753,1.7937556458897923
2,21,fly,100.0,42,0.0,1.3869047619047619,1.442016711833785
2,21,fly,100.0,137,0.0,1.36379179331307,1.4378246386630533
2,21,fly,100.0,219,0.0,1.3653748733535966,1.4282125112917796
2,21,fly,200.0,42,0.0,1.1825607902735562,1.2127088979223126
2,21,fly,200.0,137,0.0,1.170276089159068,1.2150801716350497
2,21,fly,200.0,219,0.0,1.1698961499493414,1.207373532068654
2,22,fly,500.0,137,0.0,13.076747720364741,10.232074299909666
2,22,fly,500.0,219,0.0,13.10498986828774,10.257382000903343
2,22,fly,1000.0,42,0.0,14.133611955420468,10.831230239385727
2,22,fly,1000.0,137,0.0,14.164197061803444,10.859417344173442
2,21,fly,350.0,42,0.2708333333333333,1.0276089159067883,1.047919489611563
2,21,fly,350.0,137,0.3541666666666667,1.0241261398176293,1.054271115627823
2,21,fly,350.0,219,0.3125,1.0252659574468084,1.0478912601626016
2,21,fly,500.0,42,0.875,0.9452254305977711,0.9601400180668473
2,21,fly,1000.0,219,1.0,0.818515704154002,0.8311878952122854
2,21,fly,3000.0,42,1.0,0.7109929078014184,0.7160540876242095
2,21,fly,3000.0,137,1.0,0.7110562310030395,0.719921522131888
2,21,fly,3000.0,219,1.0,0.7119427558257345,0.719653342366757
2,22,fly,30.0,137,0.0,3.6529255319148937,3.848421973803071
2,22,fly,30.0,219,0.0,3.68040780141844,3.8664182475158086
2,22,fly,100.0,42,0.0,7.349354103343465,6.597970302619693
2,22,fly,100.0,137,0.0,7.209853090172238,6.49486224028907
2,22,fly,100.0,219,0.0,7.294326241134751,6.528878726287263
2,22,fly,200.0,42,0.0,10.099797365754812,8.382283197831978
2,22,fly,200.0,137,0.0,9.87734295845998,8.226992999096657
2,22,fly,200.0,219,0.0,9.950924518743669,8.261362353206865
2,22,fly,350.0,42,0.0,12.043313069908814,9.59935354561879
2,22,fly,350.0,137,0.0,12.013931104356635,9.585803410117434
2,22,fly,350.0,219,0.0,12.193768996960486,9.685171070460704
2,22,fly,500.0,42,0.0,13.03717071935157,10.199130532971996
2,22,fly,1000.0,219,0.0,14.197378419452889,10.88746330171635
2,22,fly,3000.0,42,0.0,14.264374366767981,10.776436878952122
2,22,fly,3000.0,137,0.0,14.5177304964539,10.966039972899729
2,22,fly,3000.0,219,0.0,14.438449848024314,10.915960930442639
2,23,fly,10.0,42,0.0,1.9635258358662613,2.142262308039747
2,23,fly,10.0,137,0.0,1.9179331306990879,2.1013578364950316
2,23,fly,10.0,219,0.0,1.8908941236068895,2.056416553748871
2,23,fly,30.0,42,0.0,1.7389817629179332,1.8923893405600722
2,23,fly,1000.0,219,0.4375,1.2077634245187436,1.2870229223125564
2,23,fly,3000.0,42,0.041666666666666664,2.1151849037487334,2.041624322493225
2,23,fly,3000.0,137,0.10416666666666667,1.983789260385005,1.9276761517615175
2,23,fly,3000.0,219,0.041666666666666664,2.1294959473150965,2.051448170731707
2,23,fly,30.0,137,0.0,1.69104609929078,1.8449074074074074
2,23,fly,30.0,219,0.0,1.6705927051671734,1.7969879177958445
2,23,fly,100.0,42,0.0,1.3863348530901722,1.4846290650406504
2,23,fly,100.0,137,0.0,1.3665146909827763,1.4806204832881662
2,23,fly,350.0,42,0.14583333333333334,1.128356129685917,1.2217564363143631
2,23,fly,350.0,137,0.16666666666666666,1.0932750759878418,1.1814306684733513
2,23,fly,350.0,219,0.125,1.0932117527862208,1.1746556007226738
2,23,fly,500.0,42,0.3333333333333333,1.1067629179331306,1.194190379403794
2,23,fly,100.0,219,0.0,1.357966058763931,1.4574017615176151
2,23,fly,200.0,42,0.0,1.207130192502533,1.2901987353206865
2,23,fly,200.0,137,0.0,1.2009878419452888,1.2929087624209576
2,23,fly,200.0,219,0.0,1.1898429584599797,1.270240514905149
2,23,fly,500.0,137,0.3958333333333333,1.077001013171226,1.169362579042457
2,23,fly,500.0,219,0.3958333333333333,1.0811803444782166,1.166723125564589
2,23,fly,1000.0,42,0.3333333333333333,1.219161600810537,1.3119354110207768
2,23,fly,1000.0,137,0.3958333333333333,1.167869807497467,1.2536980578139114
2,24,fly,1000.0,219,0.10416666666666667,1.4714412360688955,1.5284552845528456
2,24,fly,3000.0,42,0.041666666666666664,2.229546605876393,2.142135275519422
2,24,fly,3000.0,137,0.0625,2.140704154002026,2.068922199638663
2,24,fly,3000.0,219,0.020833333333333332,2.25056990881459,2.1436737804878048
2,24,fly,10.0,42,0.0,2.0734549138804463,2.272315379403794
2,24,fly,10.0,137,0.0,2.0074088145896654,2.219582768744354
2,24,fly,10.0,219,0.0,1.9878419452887541,2.171268066847335
2,24,fly,30.0,42,0.0,1.9256585612968589,2.1085563459801264
2,25,fly,10.0,42,0.0,2.4911347517730493,2.7535286811201445
2,25,fly,10.0,137,0.0,2.3798758865248226,2.64038504968383
2,25,fly,10.0,219,0.0,2.4010891590678827,2.632424345076784
2,25,fly,30.0,42,0.0,3.492021276595745,3.6984953703703702
2,24,fly,30.0,137,0.0,1.8663880445795342,2.048808717253839
2,24,fly,30.0,219,0.0,1.8207320162107397,1.9781786359530262
2,24,fly,100.0,42,0.0,1.6096757852077002,1.7476004968383017
2,24,fly,100.0,137,0.0,1.5576241134751772,1.7044800135501355
2,24,fly,100.0,219,0.0,1.531788247213779,1.6589035682023487
2,24,fly,200.0,42,0.0,1.455420466058764,1.5708559168925023
2,24,fly,200.0,137,0.0,1.4044452887537993,1.5390554426377596
2,24,fly,200.0,219,0.0,1.4078014184397165,1.524362014453478
2,24,fly,350.0,42,0.0,1.3389690982776088,1.4495680894308942
2,24,fly,350.0,137,0.0,1.2978090172239107,1.4135896567299007
2,24,fly,350.0,219,0.0,1.2924265450861194,1.395311088527552
2,24,fly,500.0,42,0.041666666666666664,1.278242147922999,1.3868704832881662
2,25,fly,30.0,137,0.0,3.349987335359676,3.5625846883468837
2,25,fly,30.0,219,0.0,3.39918946301925,3.601146115627823
2,25,fly,100.0,42,0.0,6.932877406281662,6.27098859530262
2,25,fly,100.0,137,0.0,6.931927558257345,6.28295788166215
2,24,fly,500.0,137,0.0,1.3045845997973657,1.412771002710027
2,24,fly,500.0,219,0.0,1.3096504559270519,1.407054539295393
2,24,fly,1000.0,42,0.08333333333333333,1.5610435663627154,1.6326219512195121
2,24,fly,1000.0,137,0.0625,1.4009625126646401,1.4774587850045167
2,25,fly,1000.0,219,0.0,17.806357649442756,13.384442750677508
2,25,fly,3000.0,42,0.0,18.607079533941235,13.737847222222221
2,25,fly,3000.0,137,0.0,18.902925531914892,13.976259033423668
2,25,fly,3000.0,219,0.0,19.384878419452885,14.320404245709124
2,26,fly,10.0,42,0.0,2.0775075987841944,2.274714882565492
2,26,fly,10.0,137,0.0,2.0157041540020266,2.227487014453478
2,26,fly,10.0,219,0.0,1.9887284701114492,2.1704917570009035
2,26,fly,30.0,42,0.0,1.930281155015198,2.111718044263776
2,25,fly,350.0,42,0.0,12.871327254305976,10.132113821138212
2,25,fly,350.0,137,0.0,12.659067882472137,9.988948170731707
2,25,fly,350.0,219,0.0,12.864235055724416,10.146609643179765
2,25,fly,500.0,42,0.0,14.332193515704153,11.059253613369467
2,25,fly,100.0,219,0.0,6.946681864235056,6.251510275519422
2,25,fly,200.0,42,0.0,10.129875886524824,8.35888098464318
2,25,fly,200.0,137,0.0,9.957446808510637,8.262787940379404
2,25,fly,200.0,219,0.0,10.162930597771023,8.38085761065944
2,25,fly,500.0,137,0.0,14.595111448834851,11.264975722673894
2,25,fly,500.0,219,0.0,14.71979483282675,11.37058209123758
2,25,fly,1000.0,42,0.0,16.820921985815602,12.651578026196928
2,25,fly,1000.0,137,0.0,16.988411854103344,12.778991644083108
2,27,fly,10.0,42,0.0,2.0397669706180346,2.227077687443541
2,27,fly,10.0,137,0.0,1.9720744680851066,2.176659891598916
2,27,fly,10.0,219,0.0,1.9823961499493414,2.161204268292683
2,27,fly,30.0,42,0.0,1.8737968591691994,2.0373475609756095
2,26,fly,100.0,219,0.0,1.5584473150962512,1.685227529358627
2,26,fly,200.0,42,0.0,1.372530395136778,1.467550248419151
2,26,fly,200.0,137,0.0,1.3696175278622087,1.492942637759711
2,26,fly,200.0,219,0.0,1.3453647416413375,1.4501609078590787
2,26,fly,30.0,137,0.0,1.8718338399189465,2.058138550135501
2,26,fly,30.0,219,0.0,1.8264311043566366,1.9843891147244805
2,26,fly,100.0,42,0.0,1.5853596757852078,1.7154612691960254
2,26,fly,100.0,137,0.0,1.571808510638298,1.7147273035230353
2,26,fly,350.0,42,0.0,1.1895896656534954,1.27465842366757
2,26,fly,350.0,137,0.0,1.1821175278622087,1.2759852077687444
2,26,fly,350.0,219,0.0,1.1759751773049645,1.2578477868112015
2,26,fly,500.0,42,0.125,1.1033434650455927,1.1877117208672088
2,26,fly,500.0,137,0.125,1.0897922998986829,1.176419941282746
2,26,fly,500.0,219,0.125,1.0837132725430598,1.160667908762421
2,26,fly,1000.0,42,0.8541666666666666,0.945985309017224,1.013253726287263
2,26,fly,1000.0,137,0.8125,0.9437689969604864,1.0119834010840107
2,26,fly,1000.0,219,0.8125,0.9474417426545086,1.0122939250225835
2,26,fly,3000.0,42,1.0,0.8027482269503544,0.8507932475158085
2,26,fly,3000.0,137,0.9583333333333334,0.8174392097264439,0.8722052845528455
2,26,fly,3000.0,219,0.9791666666666666,0.8078774062816617,0.8607441282746161
2,27,fly,350.0,42,0.0,1.2060536980749748,1.2648769196025293
2,27,fly,350.0,137,0.0,1.195921985815603,1.2692807136404698
2,27,fly,350.0,219,0.0,1.1894630192502533,1.2560975609756098
2,27,fly,500.0,42,0.0625,1.1072695035460993,1.16063967931346
2,27,fly,30.0,137,0.0,1.8370060790273557,2.0100496838301716
2,27,fly,30.0,219,0.0,1.814019756838906,1.9684959349593496
2,27,fly,100.0,42,0.0,1.5495187436676796,1.6598492547425474
2,27,fly,100.0,137,0.0,1.528178824721378,1.6561653116531165
2,27,fly,100.0,219,0.0,1.5183004052684905,1.6333841463414633
2,27,fly,200.0,42,0.0,1.3534067882472138,1.4345500225835592
2,27,fly,200.0,137,0.0,1.3311803444782169,1.4271821364046975
2,27,fly,200.0,219,0.0,1.3361195542046602,1.423117095754291
2,28,fly,30.0,137,0.0,1.7675405268490376,1.933279697380307
2,28,fly,30.0,219,0.0,1.754305977710233,1.8978093947606143
2,28,fly,100.0,42,0.0,1.468401722391084,1.5708841463414633
2,28,fly,100.0,137,0.0,1.4436423505572442,1.5606368563685638
2,28,fly,100.0,219,0.0,1.4418059777102332,1.550191960252936
2,28,fly,200.0,42,0.0,1.2739994934143872,1.3547735998193315
2,28,fly,200.0,137,0.0,1.2689969604863223,1.370582091237579
2,28,fly,200.0,219,0.0,1.254305977710233,1.3371725383920505
2,27,fly,500.0,137,0.0625,1.1037234042553192,1.1648035230352303
2,27,fly,500.0,219,0.041666666666666664,1.1047365754812564,1.158960027100271
2,27,fly,1000.0,42,0.7916666666666666,0.954660587639311,0.9990401987353207
2,27,fly,1000.0,137,0.7916666666666666,0.9586499493414387,1.006055216802168
2,27,fly,1000.0,219,0.7916666666666666,0.9517477203647416,0.9962595980126467
2,27,fly,3000.0,42,1.0,0.7983156028368793,0.8269958220415538
2,27,fly,3000.0,137,1.0,0.8005952380952381,0.8328816621499548
2,27,fly,3000.0,219,1.0,0.795339412360689,0.8272640018066847
2,28,fly,10.0,42,0.0,1.980369807497467,2.1622911020776874
2,28,fly,10.0,137,0.0,1.9542173252279635,2.154175135501355
2,28,fly,10.0,219,0.0,1.941109422492401,2.113087172538392
2,28,fly,30.0,42,0.0,1.8196555217831814,1.9835281165311653
2,29,fly,30.0,137,0.0,2.658497973657548,2.9139001806684734
2,29,fly,30.0,219,0.0,2.6683763931104356,2.9023825654923217
2,29,fly,100.0,42,0.0,5.294072948328267,5.0237691960252935
2,29,fly,100.0,137,0.0,5.12854609929078,4.913942524841915
2,28,fly,350.0,42,0.041666666666666664,1.1218971631205674,1.1941056910569106
2,28,fly,350.0,137,0.041666666666666664,1.1142983789260386,1.1971262420957542
2,28,fly,350.0,219,0.0,1.112145390070922,1.1802873757904246
2,28,fly,500.0,42,0.25,1.0409701114488348,1.1108288166214995
2,28,fly,500.0,137,0.2916666666666667,1.040273556231003,1.115867773261066
2,28,fly,500.0,219,0.2916666666666667,1.0338779128672746,1.098972448057814
2,28,fly,1000.0,42,0.9375,0.9145770010131713,0.9752568879855466
2,28,fly,1000.0,137,0.8541666666666666,0.922112462006079,0.9850666214995484
2,28,fly,1000.0,219,0.875,0.9200861195542046,0.9831752484191508
2,28,fly,3000.0,42,1.0,0.7969224924012157,0.8444698509485095
2,28,fly,3000.0,137,0.9791666666666666,0.8065476190476191,0.8613792908762421
2,28,fly,3000.0,219,0.9791666666666666,0.8021149949341438,0.8531786359530262
2,29,fly,500.0,137,0.0,16.698328267477205,12.692567186088528
2,29,fly,500.0,219,0.0,17.023112968591693,12.932051716350497
2,29,fly,1000.0,42,0.0,25.88779128672746,18.86863425925926
2,29,fly,1000.0,137,0.0,26.264880952380953,19.144435975609756
2,29,fly,10.0,42,0.0,2.2623480243161094,2.504192073170732
2,29,fly,10.0,137,0.0,2.2255572441742655,2.477670505871725
2,29,fly,10.0,219,0.0,2.1887664640324216,2.4096093044263776
2,29,fly,30.0,42,0.0,2.8151595744680855,3.0610179539295395
2,29,fly,1000.0,219,0.0,26.192565856129686,19.08889453477868
2,29,fly,3000.0,42,0.0,36.16913627152989,25.724720528455286
2,29,fly,3000.0,137,0.0,37.16843971631206,26.45309677055104
2,29,fly,3000.0,219,0.0,37.120630699088146,26.40115458446251
2,29,fly,100.0,219,0.0,5.200544579533941,4.924274503161699
2,29,fly,200.0,42,0.0,8.70573708206687,7.373433265582656
2,29,fly,200.0,137,0.0,8.565602836879433,7.2856396793134595
2,29,fly,200.0,219,0.0,8.505192502532928,7.2106058039747065
2,29,fly,350.0,42,0.0,13.014564336372848,10.24195460704607
2,29,fly,350.0,137,0.0,12.99347771023303,10.21949808039747
2,29,fly,350.0,219,0.0,13.003356129685917,10.214896680216802
2,29,fly,500.0,42,0.0,16.605243161094222,12.609403229448962
2,30,fly,350.0,42,0.0,28.950544579533943,21.20071138211382
2,30,fly,350.0,137,0.0,29.865564842958463,21.850398035230352
2,30,fly,350.0,219,0.0,30.089665653495445,22.00947098012647
2,30,fly,500.0,42,0.0,33.78324468085106,24.432432813911472
2,30,fly,10.0,42,0.0,3.091185410334347,3.370073961156278
2,30,fly,10.0,137,0.0,2.835739614994934,3.1200598464317975
2,30,fly,10.0,219,0.0,2.926101823708207,3.1821364046973803
2,30,fly,30.0,42,0.0,5.434523809523809,5.3110179539295395
2,30,fly,30.0,137,0.0,5.289640324214792,5.223732497741644
2,30,fly,30.0,219,0.0,5.515514184397163,5.3813657407407405
2,30,fly,100.0,42,0.0,12.886968085106384,10.43114837398374
2,30,fly,100.0,137,0.0,12.840678824721378,10.413998983739837
2,31,fly,30.0,137,0.0,1.5775075987841944,1.7032096883468835
2,31,fly,30.0,219,0.0,1.5761778115501521,1.6838725158084915
2,31,fly,100.0,42,0.0,1.2701367781155015,1.3180047425474255
2,31,fly,100.0,137,0.0,1.2494300911854104,1.3125846883468835
2,30,fly,100.0,219,0.0,12.848530901722391,10.408635388437217
2,30,fly,200.0,42,0.0,20.754432624113473,15.704423554652212
2,30,fly,200.0,137,0.0,21.12455673758865,15.964261517615176
2,30,fly,200.0,219,0.0,21.01367781155015,15.8823396567299
2,31,fly,350.0,42,0.8541666666666666,0.9502912867274569,0.970288504968383
2,31,fly,350.0,137,0.8125,0.9518743667679838,0.9769365401987353
2,31,fly,350.0,219,0.8333333333333334,0.9471884498480243,0.9690181797651309
2,31,fly,500.0,42,0.9791666666666666,0.8833586626139818,0.8977105916892503
2,30,fly,500.0,137,0.0,34.022479736575484,24.629177958446252
2,30,fly,500.0,219,0.0,34.23746200607903,24.757791327913278
2,30,fly,1000.0,42,0.0,39.34029888551165,28.059959349593495
2,30,fly,1000.0,137,0.0,39.17876139817629,27.943936314363143
2,31,fly,10.0,42,0.0,1.874873353596758,2.028681120144535
2,31,fly,10.0,137,0.0,1.8444148936170215,2.013747741644083
2,31,fly,10.0,219,0.0,1.8249113475177303,1.9782209801264679
2,31,fly,30.0,42,0.0,1.6034067882472138,1.7091519873532068
2,31,fly,1000.0,219,1.0,0.7777988855116514,0.7889001806684733
2,31,fly,3000.0,42,1.0,0.688386524822695,0.6891514227642277
2,31,fly,3000.0,137,1.0,0.6890197568389058,0.6936681345980127
2,31,fly,3000.0,219,1.0,0.689209726443769,0.6933293812104788
2,30,fly,1000.0,219,0.0,39.21194275582573,27.976428410117435
2,30,fly,3000.0,42,0.0,41.688893110435664,29.51953477868112
2,30,fly,3000.0,137,0.0,40.6168946301925,28.78467987804878
2,30,fly,3000.0,219,0.0,40.997150455927056,29.0561766034327
2,31,fly,100.0,219,0.0,1.2510131712259371,1.3043558039747065
2,31,fly,200.0,42,0.125,1.0767477203647415,1.107031955736224
2,31,fly,200.0,137,0.08333333333333333,1.0747847011144882,1.1136376467931346
2,31,fly,200.0,219,0.0625,1.0747213779128673,1.1053805329719963
2,32,fly,350.0,42,0.16666666666666666,1.0421732522796354,1.08618450767841
2,32,fly,350.0,137,0.22916666666666666,1.0425531914893618,1.0934112466124661
2,32,fly,350.0,219,0.22916666666666666,1.0433130699088147,1.0856340334236676
2,32,fly,500.0,42,0.6875,0.9704280648429583,1.008737014453478
2,31,fly,500.0,137,0.9791666666666666,0.8851950354609929,0.9037375790424571
2,31,fly,500.0,219,1.0,0.8831053698074974,0.8971601174345076
2,31,fly,1000.0,42,1.0,0.7794452887537995,0.7877992321589883
2,31,fly,1000.0,137,1.0,0.7810916919959473,0.7931063685636857
2,32,fly,1000.0,219,1.0,0.8563829787234042,0.8863905826558266
2,32,fly,3000.0,42,1.0,0.7488601823708207,0.7699864498644986
2,32,fly,3000.0,137,1.0,0.7508232016210741,0.7757170280036134
2,32,fly,3000.0,219,1.0,0.7462006079027356,0.7708615627822945
2,32,fly,10.0,42,0.0,1.9285714285714286,2.0903201219512195
2,32,fly,10.0,137,0.0,1.9083080040526852,2.0936653116531163
2,32,fly,10.0,219,0.0,1.8549265450861194,2.0125056458897923
2,32,fly,30.0,42,0.0,1.698644883485309,1.8295929313459802
2,32,fly,30.0,137,0.0,1.6605876393110435,1.8005307136404698
2,32,fly,30.0,219,0.0,1.6449468085106382,1.7625338753387534
2,32,fly,100.0,42,0.0,1.3592958459979736,1.4298498193315266
2,32,fly,100.0,137,0.0,1.339918946301925,1.4339430894308942
2,33,fly,100.0,219,0.0,1.3164260385005067,1.3576812330623307
2,33,fly,200.0,42,0.0,1.1452001013171227,1.1594399277326106
2,33,fly,200.0,137,0.0,1.1333586626139818,1.1616277100271002
2,33,fly,200.0,219,0.0,1.1332953394123608,1.1542315943992774
2,32,fly,100.0,219,0.0,1.343211752786221,1.425417795844625
2,32,fly,200.0,42,0.0,1.1828774062816618,1.2315097109304427
2,32,fly,200.0,137,0.0,1.1708459979736576,1.2328082655826558
2,32,fly,200.0,219,0.0,1.1691995947315095,1.2254827235772359
2,32,fly,500.0,137,0.7083333333333334,0.973404255319149,1.0164577687443541
2,32,fly,500.0,219,0.8125,0.9694782168186423,1.0065492321589882
2,32,fly,1000.0,42,0.9791666666666666,0.8630319148936169,0.8869410569105691
2,32,fly,1000.0,137,1.0,0.8621453900709221,0.8941113369467028
2,33,fly,1000.0,219,1.0,0.8011651469098279,0.8066423893405601
2,33,fly,3000.0,42,1.0,0.697758358662614,0.6965757678410117
2,33,fly,3000.0,137,1.0,0.6964918946301925,0.7006125790424571
2,33,fly,3000.0,219,1.0,0.69693515704154,0.7002314814814815
2,33,fly,30.0,137,0.0,1.6205673758865249,1.73022527100271
2,33,fly,30.0,219,0.0,1.6203140830800404,1.7234078590785908
2,33,fly,100.0,42,0.0,1.3368161094224924,1.3700739611562782
2,33,fly,100.0,137,0.0,1.3186423505572442,1.3686342592592593
2,33,fly,10.0,42,0.0,1.8771529888551166,2.0211720867208673
2,33,fly,10.0,137,0.0,1.8525202634245186,2.0125762195121952
2,33,fly,10.0,219,0.0,1.8290273556231005,1.9681430668473352
2,33,fly,30.0,42,0.0,1.6427938196555216,1.7361957994579946
2,33,fly,350.0,42,0.4583333333333333,1.0014564336372846,1.007593721770551
2,33,fly,350.0,137,0.5833333333333334,0.9966438703140831,1.0142699864498645
2,33,fly,350.0,219,0.5416666666666666,0.999113475177305,1.0072831978319783
2,33,fly,500.0,42,0.9375,0.9213525835866262,0.9271821364046974
2,34,fly,30.0,137,0.0,5.893110435663627,5.689490176151762
2,34,fly,30.0,219,0.0,6.0123480243161085,5.783974141824752
2,34,fly,100.0,42,0.0,14.420276089159067,11.512632678410117
2,34,fly,100.0,137,0.0,14.173568895643363,11.32370709123758
2,33,fly,500.0,137,0.8958333333333334,0.9191362715298886,0.9324328139114725
2,33,fly,500.0,219,0.9166666666666666,0.9186930091185411,0.9264764001806685
2,33,fly,1000.0,42,1.0,0.8035081053698074,0.8054426377597109
2,33,fly,1000.0,137,1.0,0.8035714285714285,0.810862691960253
2,34,fly,500.0,137,0.0,38.1165780141844,27.43289859981933
2,34,fly,500.0,219,0.0,38.234992401215806,27.474240627822944
2,34,fly,1000.0,42,0.0,42.28007852077001,30.096812895212285
2,34,fly,1000.0,137,0.0,41.070035460992905,29.216195234869016
2,34,fly,10.0,42,0.0,3.1724924012158056,3.4409016485998194
2,34,fly,10.0,137,0.0,3.0191869300911853,3.310029923215899
2,34,fly,10.0,219,0.0,3.0775075987841944,3.356792005420054
2,34,fly,30.0,42,0.0,6.08314336372847,5.8432559846431795
2,34,fly,100.0,219,0.0,14.34023556231003,11.439250225835591
2,34,fly,200.0,42,0.0,23.728470111448832,17.76277382565492
2,34,fly,200.0,137,0.0,23.477456940222897,17.564603093947607
2,34,fly,200.0,219,0.0,23.534447821681866,17.609233852755196
2,35,fly,30.0,137,0.0,1.7721631205673758,1.9405205510388437
2,35,fly,30.0,219,0.0,1.7438576494427558,1.8863623532068654
2,35,fly,100.0,42,0.0,1.4780901722391082,1.5754432023486902
2,35,fly,100.0,137,0.0,1.455357142857143,1.572775519421861
2,35,fly,1000.0,219,0.9375,0.9159067882472137,0.9581639566395664
2,35,fly,3000.0,42,1.0,0.781661600810537,0.8084490740740741
2,35,fly,3000.0,137,1.0,0.7836246200607903,0.8150265356820234
2,35,fly,3000.0,219,1.0,0.7769756838905776,0.8092253839205059
2,34,fly,350.0,42,0.0,32.99886018237083,23.98801659891599
2,34,fly,350.0,137,0.0,33.15172239108409,24.101287262872628
2,34,fly,350.0,219,0.0,33.53356129685917,24.389975722673892
2,34,fly,500.0,42,0.0,36.97872340425533,26.58763832429991
2,34,fly,1000.0,219,0.0,41.54141337386018,29.5649700767841
2,34,fly,3000.0,42,0.0,43.256648936170215,30.6254375564589
2,34,fly,3000.0,137,0.0,43.08529635258358,30.482300135501355
2,34,fly,3000.0,219,0.0,44.250253292806484,31.314306684733513
2,35,fly,10.0,42,0.0,1.9967071935157044,2.1776196928635954
2,35,fly,10.0,137,0.0,1.9478850050658563,2.1464543812104786
2,35,fly,10.0,219,0.0,1.9373733535967574,2.109318541102078
2,35,fly,30.0,42,0.0,1.814336372847011,1.9749181345980127
2,35,fly,100.0,219,0.0,1.4469351570415399,1.550248419150858
2,35,fly,200.0,42,0.0,1.2898936170212767,1.361986224028907
2,35,fly,200.0,137,0.0,1.2715932117527862,1.3592903116531165
2,35,fly,200.0,219,0.0,1.2733029381965553,1.348196138211382
2,36,fly,30.0,137,0.0,8.286790780141844,7.450626693766938
2,36,fly,30.0,219,0.0,8.2205547112462,7.341265808491419
2,36,fly,100.0,42,0.0,16.447948328267476,12.848294941282747
2,36,fly,100.0,137,0.0,16.592135258358663,12.993676603432702
2,35,fly,500.0,137,0.1875,1.0545845997973657,1.114089317976513
2,35,fly,500.0,219,0.1875,1.054964539007092,1.106396793134598
2,35,fly,1000.0,42,0.9583333333333334,0.9217958459979737,0.961622064137308
2,35,fly,1000.0,137,0.8958333333333334,0.9243287740628165,0.9685100496838301
2,35,fly,350.0,42,0.0,1.1471631205673758,1.1997656955736224
2,35,fly,350.0,137,0.0,1.1367781155015197,1.2036895889792232
2,35,fly,350.0,219,0.0,1.1366514690982779,1.196632226738934
2,35,fly,500.0,42,0.125,1.0557244174265452,1.1095161472448059
2,36,fly,10.0,42,0.0,4.116008105369808,4.300304878048781
2,36,fly,10.0,137,0.0,3.991324721377913,4.195460704607046
2,36,fly,10.0,219,0.0,4.054647922998988,4.239837398373984
2,36,fly,30.0,42,0.0,8.302494934143871,7.4500621047877145
2,36,fly,500.0,137,0.0,25.189716312056742,18.55400293586269
2,36,fly,500.0,219,0.0,25.045212765957448,18.465658875338754
2,36,fly,1000.0,42,0.0,24.486195542046605,17.92140921409214
2,36,fly,1000.0,137,0.0,25.011334853090172,18.281913392050587
2,36,fly,1000.0,219,0.0,24.904191995947315,18.23126976061427
2,36,fly,3000.0,42,0.0,23.380572441742657,17.043332204155377
2,36,fly,3000.0,137,0.0,23.62481003039514,17.20916610207769
2,36,fly,3000.0,219,0.0,24.51608409321175,17.86036303071364
2,36,fly,100.0,219,0.0,16.732142857142858,13.092606707317072
2,36,fly,200.0,42,0.0,21.477646909827758,16.17356876693767
2,36,fly,200.0,137,0.0,21.567375886524825,16.23064871273713
2,36,fly,200.0,219,0.0,21.497657041540023,16.2319049232159
2,36,fly,350.0,42,0.0,23.912613981762917,17.71215842366757
2,36,fly,350.0,137,0.0,24.03071175278622,17.820672425474253
2,36,fly,350.0,219,0.0,24.395390070921987,18.081667795844623
2,36,fly,500.0,42,0.0,24.14355369807497,17.78981763775971
2,37,fly,500.0,137,0.0,10.844984802431611,8.697182700993677
2,37,fly,500.0,219,0.0,10.915083586626139,8.74047256097561
2,37,fly,1000.0,42,0.0,10.760511651469097,8.533508355916892
2,37,fly,1000.0,137,0.0,10.641717325227964,8.448453026196928
2,37,fly,10.0,42,0.0,2.961119554204661,3.2512279810298104
2,37,fly,10.0,137,0.0,2.74411094224924,3.0238821138211383
2,37,fly,10.0,219,0.0,2.7044072948328264,2.9660258581752483
2,37,fly,30.0,42,0.0,4.652292299898683,4.691790876242096
2,37,fly,30.0,137,0.0,4.452127659574468,4.532026309846432
2,37,fly,30.0,219,0.0,4.664070415400203,4.6875
2,37,fly,100.0,42,0.0,8.249746707193514,7.203873080397471
2,37,fly,100.0,137,0.0,8.238285207700102,7.235221883468835
2,37,fly,100.0,219,0.0,8.151912360688955,7.128754516711834
2,37,fly,200.0,42,0.0,10.054521276595745,8.33179482836495
2,37,fly,200.0,137,0.0,9.839855623100304,8.180315605239386
2,37,fly,200.0,219,0.0,9.996833839918947,8.278610546522131
2,37,fly,350.0,42,0.0,10.96282928064843,8.836495031616982
2,37,fly,350.0,137,0.0,10.685030395136778,8.669856594399278
2,37,fly,350.0,219,0.0,10.811043566362713,8.731382678410117
2,37,fly,500.0,42,0.0,10.883295339412362,8.697225045167118
2,38,fly,100.0,219,0.0,9.90976443768997,8.355775745257452
2,38,fly,200.0,42,0.0,16.409447821681862,12.685269873532068
2,38,fly,200.0,137,0.0,16.703394123606888,12.898613934056007
2,38,fly,200.0,219,0.0,16.528052178318134,12.757904245709124
2,38,fly,10.0,42,0.0,2.6949088145896654,2.977656391147245
2,38,fly,10.0,137,0.0,2.5117781155015195,2.7783000225835592
2,38,fly,10.0,219,0.0,2.6058130699088147,2.867970867208672
2,38,fly,30.0,42,0.0,4.346757852077001,4.435905036133694
2,37,fly,1000.0,219,0.0,10.701367781155014,8.475637985546522
2,37,fly,3000.0,42,0.0,9.620504052684904,7.598040876242096
2,37,fly,3000.0,137,0.0,9.628862715298885,7.626199751580849
2,37,fly,3000.0,219,0.0,9.62734295845998,7.611802732610659
2,38,fly,30.0,137,0.0,4.204090678824721,4.335775180668473
2,38,fly,30.0,219,0.0,4.2486702127659575,4.333559168925023
2,38,fly,100.0,42,0.0,9.957953394123608,8.40625
2,38,fly,100.0,137,0.0,9.955420466058763,8.440746386630533
2,38,fly,350.0,42,0.0,24.396086626139816,18.023783310749774
2,38,fly,350.0,137,0.0,24.754242654508612,18.295844625112917
2,38,fly,350.0,219,0.0,24.838842451874367,18.368577800361336
2,38,fly,500.0,42,0.0,29.77266970618034,21.61545844625113
2,39,fly,10.0,42,0.0,1.9578267477203646,2.124590672990063
2,39,fly,10.0,137,0.0,1.9174898682877404,2.100355691056911
2,39,fly,10.0,219,0.0,1.8916540020263426,2.049754403794038
2,39,fly,30.0,42,0.0,1.7337892603850051,1.861619241192412
2,39,fly,500.0,137,0.4791666666666667,1.0046859169199596,1.0464515582655827
2,39,fly,500.0,219,0.5625,1.0032294832826747,1.0379262646793135
2,39,fly,1000.0,42,0.9791666666666666,0.8813323201621074,0.9043162827461608
2,39,fly,1000.0,137,1.0,0.8822188449848024,0.9103714995483289
2,39,fly,1000.0,219,1.0,0.8756332320162108,0.9036105465221319
2,39,fly,3000.0,42,1.0,0.7534827760891591,0.7720471996386631
2,39,fly,3000.0,137,1.0,0.7555724417426545,0.7779471544715447
2,39,fly,3000.0,219,1.0,0.7512664640324216,0.7732469512195121
2,38,fly,500.0,137,0.0,30.54350303951368,22.168840334236677
2,38,fly,500.0,219,0.0,30.978343465045594,22.49733231707317
2,38,fly,1000.0,42,0.0,38.598024316109424,27.509922651309846
2,38,fly,1000.0,137,0.0,37.733472644376896,26.911331300813007
2,38,fly,1000.0,219,0.0,38.52222644376899,27.472575090334235
2,38,fly,3000.0,42,0.0,42.73340932117528,30.237423780487806
2,38,fly,3000.0,137,0.0,43.16698328267478,30.54028342366757
2,38,fly,3000.0,219,0.0,43.00595238095239,30.429623983739837
2,39,fly,30.0,137,0.0,1.7124493414387032,1.8563403342366758
2,39,fly,30.0,219,0.0,1.6871200607902734,1.808251467931346
2,39,fly,100.0,42,0.0,1.421859169199595,1.4912206413730804
2,39,fly,100.0,137,0.0,1.3983662613981762,1.4876637308039746
2,39,fly,100.0,219,0.0,1.3992527862208712,1.4784750451671183
2,39,fly,200.0,42,0.0,1.2381585612968593,1.2854420731707317
2,39,fly,200.0,137,0.0,1.2192882472137792,1.2816310975609757
2,39,fly,200.0,219,0.0,1.221821175278622,1.2738115401987353
2,39,fly,350.0,42,0.08333333333333333,1.0865628166160082,1.1248870822041555
2,39,fly,350.0,137,0.08333333333333333,1.0842831813576495,1.1309422990063234
2,39,fly,350.0,219,0.041666666666666664,1.0852963525835866,1.123659101174345
2,39,fly,500.0,42,0.3333333333333333,1.006079027355623,1.0398740966576332
2,40,fly,10.0,42,0.0,3.252279635258359,3.5210873983739837
2,40,fly,10.0,137,0.0,3.030838399189463,3.310862691960253
2,40,fly,10.0,219,0.0,3.0769376899696055,3.3428325429087624
2,40,fly,30.0,42,0.0,5.828267477203647,5.658381323396568
2,40,fly,30.0,137,0.0,5.657294832826747,5.512350383920506
2,40,fly,30.0,219,0.0,5.775645896656535,5.590207204155375
2,40,fly,100.0,42,0.0,11.74404761904762,9.694529132791327
2,40,fly,100.0,137,0.0,11.619744174265449,9.629234417344174
2,40,fly,350.0,42,0.0,18.256775582573457,13.866502935862693
2,40,fly,350.0,137,0.0,18.597707700101317,14.15822606142728
2,40,fly,350.0,219,0.0,18.49341438703141,14.070220754290876
2,40,fly,500.0,42,0.0,19.519250253292807,14.682573961156278
2,40,fly,500.0,137,0.0,19.506015704154002,14.697337962962964
2,40,fly,500.0,219,0.0,19.778242147923,14.875112917795844
2,40,fly,1000.0,42,0.0,19.746707193515704,14.693160004516711
2,40,fly,1000.0,137,0.0,20.25398936170213,15.072789634146341
2,40,fly,100.0,219,0.0,11.564399696048632,9.560213414634147
2,40,fly,200.0,42,0.0,15.690666160081056,12.231495596205962
2,40,fly,200.0,137,0.0,15.755699088145896,12.301278794037941
2,40,fly,200.0,219,0.0,15.779571935157042,12.334843608852756
2,41,fly,10.0,42,0.0,2.1220238095238098,2.3268970189701896
2,41,fly,10.0,137,0.0,2.0595871327254307,2.283649503161698
2,41,fly,10.0,219,0.0,2.0163373860182374,2.208036924119241
2,41,fly,30.0,42,0.0,2.1030268490374873,2.3312725835591688
2,41,fly,350.0,42,0.0,3.588842451874367,3.423992208672087
2,41,fly,350.0,137,0.0,3.3197188449848025,3.19579945799458
2,41,fly,350.0,219,0.0,3.5465425531914896,3.3935608626919604
2,41,fly,500.0,42,0.0,4.155775075987843,3.826515921409214
2,40,fly,1000.0,219,0.0,20.23644883485309,15.075414972899729
2,40,fly,3000.0,42,0.0,19.3951367781155,14.339501467931346
2,40,fly,3000.0,137,0.0,18.914703647416413,13.984177393857271
2,40,fly,3000.0,219,0.0,20.14975937183384,14.886926942186088
2,41,fly,30.0,137,0.0,2.0175405268490376,2.2285456187895214
2,41,fly,30.0,219,0.0,1.9939209726443767,2.1818964543812105
2,41,fly,100.0,42,0.0,2.281724924012158,2.458079268292683
2,41,fly,100.0,137,0.0,2.095618034447822,2.286176038843722
2,41,fly,100.0,219,0.0,2.151722391084093,2.3273628048780486
2,41,fly,200.0,42,0.0,2.7639311043566366,2.82593721770551
2,41,fly,200.0,137,0.0,2.5219731509625127,2.6053805329719966
2,41,fly,200.0,219,0.0,2.661854103343465,2.7215729448961157
2,42,fly,100.0,219,0.0,12.311170212765957,10.029993789521228
2,42,fly,200.0,42,0.0,17.254305977710235,13.30933830171635
2,42,fly,200.0,137,0.0,17.139754305977707,13.224649954832882
2,42,fly,200.0,219,0.0,17.128166160081054,13.221827009936765
2,41,fly,500.0,137,0.0,4.088842451874367,3.7763804200542004
2,41,fly,500.0,219,0.0,4.148239614994934,3.819289182475158
2,41,fly,1000.0,42,0.0,5.334219858156028,4.625536359530262
2,41,fly,1000.0,137,0.0,5.288437183383992,4.563078703703703
2,41,fly,1000.0,219,0.0,5.306420972644377,4.589939024390244
2,41,fly,3000.0,42,0.0,6.900329280648431,5.650801716350497
2,41,fly,3000.0,137,0.0,6.820921985815602,5.599297086720867
2,41,fly,3000.0,219,0.0,6.6978850050658565,5.512166892502258
2,42,fly,1000.0,219,0.0,23.839222391084093,17.522131887985548
2,42,fly,3000.0,42,0.0,23.165146909827758,16.923738143631436
2,42,fly,3000.0,137,0.0,23.298885511651466,17.008553523035232
2,42,fly,3000.0,219,0.0,23.9741641337386,17.495892615176153
2,43,fly,10.0,42,0.0,2.1662234042553195,2.388225496838302
2,43,fly,10.0,137,0.0,2.1144883485309016,2.345966011743451
2,43,fly,10.0,219,0.0,2.091881965552178,2.2952518066847336
2,43,fly,30.0,42,0.0,2.2374620060790273,2.4731820234869017
2,42,fly,10.0,42,0.0,3.2622847011144884,3.5197182700993674
2,42,fly,10.0,137,0.0,3.0791540020263426,3.358203477868112
2,42,fly,10.0,219,0.0,3.083839918946302,3.363962285456188
2,42,fly,30.0,42,0.0,5.944972137791287,5.720443766937669
2,42,fly,30.0,137,0.0,5.811803444782168,5.630434168925023
2,42,fly,30.0,219,0.0,5.896719858156028,5.669461382113822
2,42,fly,100.0,42,0.0,12.50880192502533,10.221558830171634
2,42,fly,100.0,137,0.0,12.196365248226948,9.99072662601626
2,42,fly,500.0,137,0.0,22.412044072948323,16.67794433152665
2,42,fly,500.0,219,0.0,22.841945288753795,16.999393066847336
2,42,fly,1000.0,42,0.0,23.75436930091185,17.456696025293585
2,42,fly,1000.0,137,0.0,23.932624113475175,17.602374096657634
2,42,fly,350.0,42,0.0,20.62196048632219,15.51150350045167
2,42,fly,350.0,137,0.0,20.93851317122594,15.733429313459801
2,42,fly,350.0,219,0.0,20.972074468085108,15.790128161698284
2,42,fly,500.0,42,0.0,21.88665146909828,16.29814532520325
2,43,fly,500.0,137,0.0,10.648302938196554,8.47776930894309
2,43,fly,500.0,219,0.0,11.076747720364741,8.795788166214995
2,43,fly,1000.0,42,0.0,17.853470111448836,13.336367999096657
2,43,fly,1000.0,137,0.0,17.969478216818644,13.42188911472448
2,43,fly,30.0,137,0.0,2.131205673758865,2.3668134598012647
2,43,fly,30.0,219,0.0,2.13975430597771,2.345288504968383
2,43,fly,100.0,42,0.0,3.319212259371834,3.404979674796748
2,43,fly,100.0,137,0.0,2.964982269503546,3.0800446025293584
2,44,fly,30.0,137,0.0,1.677241641337386,1.8233542231255646
2,44,fly,30.0,219,0.0,1.6583713272543061,1.7807136404697381
2,44,fly,100.0,42,0.0,1.3657548125633232,1.438840898825655
2,44,fly,100.0,137,0.0,1.3420719351570416,1.4356086269196024
2,44,fly,100.0,219,0.0,1.3491008105369808,1.4310919150858175
2,44,fly,200.0,42,0.0,1.181484295845998,1.2325259710930443
2,44,fly,200.0,137,0.0,1.1702127659574468,1.2330482158988256
2,44,fly,200.0,219,0.0,1.1664766970618035,1.2251580849141825
2,43,fly,350.0,42,0.0,8.533941236068896,7.1038702574525745
2,43,fly,350.0,137,0.0,8.236068895643363,6.901832091237579
2,43,fly,350.0,219,0.0,8.262284701114488,6.898557475158085
2,43,fly,500.0,42,0.0,10.85562310030395,8.618239046973803
2,43,fly,100.0,219,0.0,3.1096124620060785,3.1954465898825655
2,43,fly,200.0,42,0.0,5.25063323201621,4.813205736224029
2,43,fly,200.0,137,0.0,5.237462006079028,4.808293812104788
2,43,fly,200.0,219,0.0,5.228090172239108,4.795378839205059
2,44,fly,10.0,42,0.0,1.9386398176291795,2.104632452574526
2,44,fly,10.0,137,0.0,1.9125506585612968,2.1010614272809396
2,44,fly,10.0,219,0.0,1.8972264437689972,2.0636432926829267
2,44,fly,30.0,42,0.0,1.7127026342451874,1.846121273712737
2,43,fly,1000.0,219,0.0,18.03818389057751,13.487141485998194
2,43,fly,3000.0,42,0.0,29.957826747720365,21.484530261969287
2,43,fly,3000.0,137,0.0,30.71314589665654,22.021764905149052
2,43,fly,3000.0,219,0.0,31.218528368794324,22.38576953477868
2,44,fly,350.0,42,0.1875,1.040146909827761,1.0851682475158084
2,44,fly,350.0,137,0.3125,1.040146909827761,1.0920138888888888
2,44,fly,350.0,219,0.3125,1.0409067882472138,1.0849565266485999
2,44,fly,500.0,42,0.7083333333333334,0.9677684903748734,1.0082147696476964
2,45,fly,30.0,137,0.0,1.7847011144883485,1.9503726287262872
2,45,fly,30.0,219,0.0,1.7658308004052685,1.9069557362240288
2,45,fly,100.0,42,0.0,1.4654888551165148,1.5665085817524842
2,45,fly,100.0,137,0.0,1.4440222897669706,1.5633186540198736
2,44,fly,500.0,137,0.7083333333333334,0.9715678824721379,1.0149474932249323
2,44,fly,500.0,219,0.8125,0.9675151975683892,1.0050389566395663
2,44,fly,1000.0,42,0.9791666666666666,0.8619554204660588,0.8865458446251129
2,44,fly,1000.0,137,1.0,0.8606256332320162,0.8935467479674797
2,45,fly,350.0,42,0.08333333333333333,1.0847897669706181,1.1521285004516713
2,45,fly,350.0,137,0.10416666666666667,1.0811170212765957,1.1569275067750677
2,45,fly,350.0,219,0.0625,1.0835233029381965,1.1476682475158084
2,45,fly,500.0,42,0.4791666666666667,1.0057624113475179,1.0731283875338753
2,44,fly,1000.0,219,1.0,0.8549265450861195,0.88574130532972
2,44,fly,3000.0,42,1.0,0.74822695035461,0.7697464995483289
2,44,fly,3000.0,137,1.0,0.7499366767983789,0.7758440605239386
2,44,fly,3000.0,219,1.0,0.7458206686930091,0.7712567750677507
2,45,fly,10.0,42,0.0,2.0100050658561295,2.1897583559168927
2,45,fly,10.0,137,0.0,1.9611195542046609,2.163377935862692
2,45,fly,10.0,219,0.0,1.957130192502533,2.1346121273712737
2,45,fly,30.0,42,0.0,1.8487841945288757,2.0153427055103883
2,45,fly,500.0,137,0.5208333333333334,1.003419452887538,1.069994918699187
2,45,fly,500.0,219,0.5625,1.0005065856129687,1.0593100722673894
2,45,fly,1000.0,42,0.9791666666666666,0.881775582573455,0.938036359530262
2,45,fly,1000.0,137,0.9583333333333334,0.8868414387031409,0.9464487353206865
2,45,fly,100.0,219,0.0,1.43572695035461,1.543600383920506
2,45,fly,200.0,42,0.0,1.249240121580547,1.3263888888888888
2,45,fly,200.0,137,0.0,1.2447441742654508,1.3397414182475158
2,45,fly,200.0,219,0.0,1.2365754812563323,1.314673667570009
2,45,fly,1000.0,219,0.9791666666666666,0.8839285714285715,0.9375705736224029
2,45,fly,3000.0,42,0.9791666666666666,0.7924265450861195,0.8423244128274616
2,45,fly,3000.0,137,0.9583333333333334,0.8039513677811551,0.8588809846431797
2,45,fly,3000.0,219,0.9791666666666666,0.7938196555217832,0.8475186314363143
2,46,fly,500.0,137,0.9375,0.9111575481256332,0.9280854787714544
2,46,fly,500.0,219,0.9583333333333334,0.9109675785207699,0.9211128048780488
2,46,fly,1000.0,42,1.0,0.7959093211752787,0.8003331074977417
2,46,fly,1000.0,137,1.0,0.7955293819655521,0.8056543586269196
2,46,fly,10.0,42,0.0,1.9047619047619049,2.062302393857272
2,46,fly,10.0,137,0.0,1.8860182370820668,2.060693315266486
2,46,fly,10.0,219,0.0,1.859359169199595,2.0060693315266485
2,46,fly,30.0,42,0.0,1.6683130699088144,1.7733316395663956
2,47,fly,10.0,42,0.0,3.0944148936170213,3.3686624887082206
2,47,fly,10.0,137,0.0,2.8886778115501524,3.173963979223126
2,47,fly,10.0,219,0.0,2.8940602836879434,3.167894647696477
2,47,fly,30.0,42,0.0,5.497150455927051,5.355126467931346
2,46,fly,30.0,137,0.0,1.648239614994934,1.7714402664859983
2,46,fly,30.0,219,0.0,1.64387031408308,1.7538956639566397
2,46,fly,100.0,42,0.0,1.3473277608915906,1.389580510388437
2,46,fly,100.0,137,0.0,1.327190982776089,1.3865176151761518
2,46,fly,100.0,219,0.0,1.3264944275582573,1.3754657859078592
2,46,fly,200.0,42,0.0,1.1427938196555216,1.1643377371273713
2,46,fly,200.0,137,0.0,1.1324088145896656,1.1671042231255646
2,46,fly,200.0,219,0.0,1.130952380952381,1.1588753387533874
2,47,fly,350.0,42,0.0,25.944022289766973,19.151705058717255
2,47,fly,350.0,137,0.0,26.915653495440733,19.845867208672086
2,47,fly,350.0,219,0.0,26.848150962512666,19.804807475158086
2,47,fly,500.0,42,0.0,29.631775582573454,21.589035682023486
2,46,fly,350.0,42,0.5833333333333334,0.9926545086119555,1.0054765130984644
2,46,fly,350.0,137,0.6041666666666666,0.9889184397163119,1.0105154697380307
2,46,fly,350.0,219,0.6458333333333334,0.9899949341438704,1.0042626467931346
2,46,fly,500.0,42,0.9583333333333334,0.9109675785207699,0.9212680668473351
2,46,fly,1000.0,219,1.0,0.7935030395136778,0.8015187443541102
2,46,fly,3000.0,42,1.0,0.695985309017224,0.6968721770551038
2,46,fly,3000.0,137,1.0,0.6949721377912867,0.7009372177055104
2,46,fly,3000.0,219,1.0,0.695921985815603,0.7004996612466124
2,47,fly,30.0,137,0.0,5.323391590678825,5.2315097109304425
2,47,fly,30.0,219,0.0,5.4949974670719355,5.339995483288166
2,47,fly,100.0,42,0.0,12.651722391084093,10.271087398373984
2,47,fly,100.0,137,0.0,12.420086119554204,10.140032181571815
2,47,fly,100.0,219,0.0,12.474354103343467,10.147640018066847
2,47,fly,200.0,42,0.0,19.634498480243163,14.917061878952122
2,47,fly,200.0,137,0.0,19.60669959473151,14.914859981933153
2,47,fly,200.0,219,0.0,19.56256332320162,14.88572719060524
2,48,fly,10.0,42,0.0,2.442502532928065,2.700485546522132
2,48,fly,10.0,137,0.0,2.363855116514691,2.6213442863595304
2,48,fly,10.0,219,0.0,2.3416919959473153,2.5716181120144537
2,48,fly,30.0,42,0.0,3.4725810536980752,3.681176603432701
2,47,fly,1000.0,219,0.0,35.19566869300912,25.295505871725386
2,47,fly,3000.0,42,0.0,35.780521783181364,25.47947719060524
2,47,fly,3000.0,137,0.0,35.547302431610944,25.29612691960253
2,47,fly,3000.0,219,0.0,36.798758865248224,26.209900067750677
2,47,fly,500.0,137,0.0,30.139880952380953,21.956681910569106
2,47,fly,500.0,219,0.0,30.71352583586626,22.358457542908763
2,47,fly,1000.0,42,0.0,33.93325734549139,24.359643179765133
2,47,fly,1000.0,137,0.0,33.9459219858156,24.39039916440831
2,48,fly,100.0,219,0.0,7.092958459979736,6.327405149051491
2,48,fly,200.0,42,0.0,11.45687689969605,9.292090108401084
2,48,fly,200.0,137,0.0,11.25107649442756,9.156602868112014
2,48,fly,200.0,219,0.0,11.350493920972644,9.206456074977416
2,48,fly,30.0,137,0.0,3.2631712259371835,3.468340672990063
2,48,fly,30.0,219,0.0,3.316805977710233,3.5244184733514
2,48,fly,100.0,42,0.0,7.196238601823708,6.423963979223125
2,48,fly,100.0,137,0.0,7.11258865248227,6.41113369467028
2,48,fly,350.0,42,0.0,15.771909827760892,12.083220415537488
2,48,fly,350.0,137,0.0,15.942185916919959,12.237268518518519
2,48,fly,350.0,219,0.0,16.29489614994934,12.483768066847334
2,48,fly,500.0,42,0.0,19.522543059777103,14.614428071364047
2,48,fly,500.0,137,0.0,19.632788753799392,14.718411246612465
2,48,fly,500.0,219,0.0,19.725050658561297,14.782605013550135
2,48,fly,1000.0,42,0.0,26.073328267477205,18.99689476061427
2,48,fly,1000.0,137,0.0,26.305027862208714,19.171564476061427
2,48,fly,1000.0,219,0.0,26.77444275582573,19.48004177958446
2,48,fly,3000.0,42,0.0,32.95396403242148,23.535329155374885
2,48,fly,3000.0,137,0.0,32.40906788247214,23.16629968383017
2,48,fly,3000.0,219,0.0,33.00094984802431,23.59907125112918
2,49,fly,500.0,137,0.5833333333333334,0.9917046605876393,1.0573904697380307
2,49,fly,500.0,219,0.625,0.9889817629179332,1.0467903116531165
2,49,fly,1000.0,42,0.9791666666666666,0.8779761904761906,0.9342394986449865
2,49,fly,1000.0,137,0.9375,0.8897543059777103,0.9502879403794038
2,49,fly,10.0,42,0.0,1.996580547112462,2.1775208897922314
2,49,fly,10.0,137,0.0,1.958903242147923,2.158084914182475
2,49,fly,10.0,219,0.0,1.9446555217831814,2.119579945799458
2,49,fly,30.0,42,0.0,1.8229483282674774,1.9856735546522133
2,49,fly,30.0,137,0.0,1.7712132725430596,1.9357215447154472
2,49,fly,30.0,219,0.0,1.7431610942249238,1.8850214543812105
2,49,fly,100.0,42,0.0,1.4444022289766971,1.542555894308943
2,49,fly,100.0,137,0.0,1.4195162107396149,1.5311088527551941
2,49,fly,100.0,219,0.0,1.4104609929078016,1.513352529358627
2,49,fly,200.0,42,0.0,1.226760385005066,1.3002766485998194
2,49,fly,200.0,137,0.0,1.2229609929078014,1.3080679765130985
2,49,fly,200.0,219,0.0,1.213842451874367,1.289210704607046
2,49,fly,1000.0,219,1.0,0.8815222897669707,0.9355521680216802
2,49,fly,3000.0,42,0.9583333333333334,0.8053444782168188,0.8583305103884372
2,49,fly,3000.0,137,0.9583333333333334,0.8092705167173252,0.867505081300813
2,49,fly,3000.0,219,0.9791666666666666,0.803128166160081,0.8630589430894309
2,0,mouse,30.0,137,0.0,1.3358333333333332,1.3352222222222223
2,0,mouse,30.0,219,0.0,1.31625,1.336
2,0,mouse,100.0,42,0.0,1.1405555555555555,1.1308055555555556
2,0,mouse,100.0,137,0.0,1.133611111111111,1.125736111111111
2,49,fly,350.0,42,0.14583333333333334,1.068579027355623,1.1358118789521228
2,49,fly,350.0,137,0.14583333333333334,1.0668693009118542,1.1402439024390243
2,49,fly,350.0,219,0.14583333333333334,1.067692502532928,1.1283310749774165
2,49,fly,500.0,42,0.625,0.9935410334346505,1.0618224932249323
2,0,mouse,10.0,42,0.0,1.4516666666666669,1.444875
2,0,mouse,10.0,137,0.0,1.43625,1.434388888888889
2,0,mouse,10.0,219,0.0,1.4219444444444445,1.4359722222222222
2,0,mouse,30.0,42,0.0,1.354861111111111,1.345625
2,1,mouse,10.0,42,0.0,1.4387499999999998,1.4325833333333333
2,1,mouse,10.0,137,0.0,1.4233333333333331,1.4220416666666666
2,1,mouse,10.0,219,0.0,1.4088888888888889,1.4243333333333332
2,1,mouse,30.0,42,0.0,1.3280555555555555,1.3198055555555555
2,1,mouse,500.0,137,0.7291666666666666,0.7059722222222221,0.7055138888888889
2,1,mouse,500.0,219,0.7916666666666666,0.6831944444444445,0.7029444444444445
2,1,mouse,1000.0,42,1.0,0.5844444444444444,0.5843055555555555
2,1,mouse,1000.0,137,1.0,0.5723611111111112,0.5770833333333333
2,1,mouse,1000.0,219,1.0,0.5643055555555555,0.5776666666666667
2,1,mouse,3000.0,42,1.0,0.46055555555555555,0.46216666666666667
2,1,mouse,3000.0,137,1.0,0.45249999999999996,0.4582777777777778
2,1,mouse,3000.0,219,1.0,0.4509722222222223,0.4593333333333333
2,0,mouse,100.0,219,0.0,1.1068055555555556,1.126763888888889
2,0,mouse,200.0,42,0.0,0.977638888888889,0.9714444444444444
2,0,mouse,200.0,137,0.0,0.9691666666666666,0.9670555555555556
2,0,mouse,200.0,219,0.020833333333333332,0.9431944444444444,0.9670277777777778
2,0,mouse,350.0,42,0.08333333333333333,0.841388888888889,0.8384166666666667
2,0,mouse,350.0,137,0.125,0.8370833333333333,0.8365277777777778
2,0,mouse,350.0,219,0.20833333333333334,0.8154166666666667,0.8362777777777778
2,0,mouse,500.0,42,0.5,0.7598611111111112,0.7587222222222222
2,0,mouse,500.0,137,0.4791666666666667,0.7544444444444446,0.7559305555555556
2,0,mouse,500.0,219,0.5833333333333334,0.732638888888889,0.7548333333333334
2,0,mouse,1000.0,42,0.9791666666666666,0.6269444444444444,0.6257916666666666
2,0,mouse,1000.0,137,1.0,0.6161111111111112,0.6212083333333334
2,0,mouse,1000.0,219,0.9791666666666666,0.6066666666666667,0.6188472222222222
2,0,mouse,3000.0,42,1.0,0.48388888888888887,0.4826944444444444
2,0,mouse,3000.0,137,1.0,0.4709722222222222,0.47675
2,0,mouse,3000.0,219,1.0,0.46625,0.47794444444444445
2,1,mouse,100.0,219,0.0,1.0647222222222223,1.0824305555555556
2,1,mouse,200.0,42,0.0,0.9247222222222221,0.9192222222222223
2,1,mouse,200.0,137,0.020833333333333332,0.9199999999999999,0.9176527777777778
2,1,mouse,200.0,219,0.08333333333333333,0.8947222222222222,0.9170416666666666
2,1,mouse,30.0,137,0.0,1.310138888888889,1.3088055555555556
2,1,mouse,30.0,219,0.0,1.2915277777777778,1.30975
2,1,mouse,100.0,42,0.0,1.0979166666666667,1.0875277777777779
2,1,mouse,100.0,137,0.0,1.0894444444444444,1.0810694444444444
2,1,mouse,350.0,42,0.3333333333333333,0.7865277777777777,0.7855138888888888
2,1,mouse,350.0,137,0.3333333333333333,0.7809722222222222,0.782375
2,1,mouse,350.0,219,0.4375,0.7613888888888889,0.78275
2,1,mouse,500.0,42,0.7083333333333334,0.7095833333333333,0.7082777777777778
2,2,mouse,100.0,219,0.0,1.0587499999999999,1.0765972222222222
2,2,mouse,200.0,42,0.020833333333333332,0.9004166666666666,0.8962083333333334
2,2,mouse,200.0,137,0.020833333333333332,0.8966666666666668,0.8942222222222223
2,2,mouse,200.0,219,0.08333333333333333,0.8730555555555556,0.8945555555555555
2,2,mouse,10.0,42,0.0,1.4477777777777778,1.441486111111111
2,2,mouse,10.0,137,0.0,1.4322222222222223,1.4310416666666668
2,2,mouse,10.0,219,0.0,1.4170833333333333,1.4323055555555555
2,2,mouse,30.0,42,0.0,1.3406944444444442,1.3311527777777779
2,2,mouse,350.0,42,0.4583333333333333,0.7590277777777779,0.7574583333333333
2,2,mouse,350.0,137,0.5,0.7527777777777778,0.7537638888888889
2,2,mouse,350.0,219,0.5625,0.7324999999999999,0.7528611111111111
2,2,mouse,500.0,42,0.875,0.6790277777777778,0.680875
2,2,mouse,500.0,137,0.9583333333333334,0.6758333333333333,0.6772083333333333
2,2,mouse,500.0,219,0.8541666666666666,0.66,0.674625
2,2,mouse,1000.0,42,1.0,0.5633333333333334,0.5636388888888889
2,2,mouse,1000.0,137,1.0,0.5519444444444445,0.5572222222222222
2,2,mouse,30.0,137,0.0,1.3231944444444446,1.3202777777777779
2,2,mouse,30.0,219,0.0,1.3029166666666667,1.3209861111111112
2,2,mouse,100.0,42,0.0,1.0905555555555555,1.0813611111111112
2,2,mouse,100.0,137,0.0,1.08125,1.0745694444444445
2,2,mouse,1000.0,219,1.0,0.5438888888888889,0.5570972222222222
2,2,mouse,3000.0,42,1.0,0.45041666666666663,0.4542083333333333
2,2,mouse,3000.0,137,1.0,0.4427777777777779,0.45056944444444447
2,2,mouse,3000.0,219,1.0,0.44402777777777774,0.4512638888888889
2,4,mouse,10.0,42,0.0,1.425972222222222,1.4189166666666666
2,4,mouse,10.0,137,0.0,1.4104166666666664,1.4093472222222223
2,4,mouse,10.0,219,0.0,1.3952777777777776,1.4112361111111111
2,4,mouse,30.0,42,0.0,1.297777777777778,1.2857361111111112
2,3,mouse,10.0,42,0.0,1.448888888888889,1.4424583333333334
2,3,mouse,10.0,137,0.0,1.4330555555555555,1.4319722222222222
2,3,mouse,10.0,219,0.0,1.418611111111111,1.4333055555555556
2,3,mouse,30.0,42,0.0,1.345,1.3356944444444445
2,3,mouse,30.0,137,0.0,1.3275,1.325125
2,3,mouse,30.0,219,0.0,1.307361111111111,1.325236111111111
2,3,mouse,100.0,42,0.0,1.10375,1.0956527777777778
2,3,mouse,100.0,137,0.0,1.0963888888888889,1.0889722222222222
2,3,mouse,100.0,219,0.0,1.072361111111111,1.0912916666666668
2,3,mouse,200.0,42,0.0,0.9184722222222224,0.9151805555555556
2,3,mouse,200.0,137,0.020833333333333332,0.9176388888888889,0.9134722222222222
2,3,mouse,200.0,219,0.08333333333333333,0.8877777777777777,0.9124444444444444
2,4,mouse,100.0,219,0.0,0.9963888888888889,1.0149722222222222
2,4,mouse,200.0,42,0.08333333333333333,0.8494444444444444,0.8452222222222222
2,4,mouse,200.0,137,0.08333333333333333,0.8423611111111112,0.8426527777777778
2,4,mouse,200.0,219,0.1875,0.8227777777777777,0.8432361111111111
2,4,mouse,350.0,42,0.7083333333333334,0.720138888888889,0.7204861111111112
2,4,mouse,350.0,137,0.6875,0.7170833333333334,0.7179722222222222
2,4,mouse,350.0,219,0.7708333333333334,0.6958333333333332,0.7158611111111111
2,4,mouse,500.0,42,0.8958333333333334,0.6513888888888889,0.6538333333333334
2,3,mouse,350.0,42,0.3958333333333333,0.7759722222222223,0.7742916666666667
2,3,mouse,350.0,137,0.3333333333333333,0.7693055555555555,0.7711388888888889
2,3,mouse,350.0,219,0.5208333333333334,0.75,0.770875
2,3,mouse,500.0,42,0.7708333333333334,0.6943055555555556,0.6944444444444444
2,3,mouse,500.0,137,0.8333333333333334,0.6905555555555556,0.6916111111111111
2,3,mouse,500.0,219,0.7916666666666666,0.6708333333333334,0.6893472222222222
2,3,mouse,1000.0,42,1.0,0.5729166666666666,0.5724583333333333
2,3,mouse,1000.0,137,1.0,0.5611111111111112,0.5654722222222223
2,3,mouse,1000.0,219,1.0,0.5526388888888889,0.5652083333333333
2,3,mouse,3000.0,42,1.0,0.45236111111111105,0.45511111111111113
2,3,mouse,3000.0,137,1.0,0.4437499999999999,0.4514861111111111
2,3,mouse,3000.0,219,1.0,0.44458333333333333,0.4523611111111111
2,4,mouse,30.0,137,0.0,1.2779166666666666,1.2742638888888889
2,4,mouse,30.0,219,0.0,1.2568055555555555,1.2761527777777777
2,4,mouse,100.0,42,0.0,1.0286111111111111,1.0200416666666667
2,4,mouse,100.0,137,0.0,1.01625,1.0138888888888888
2,4,mouse,500.0,137,0.9791666666666666,0.646111111111111,0.6495416666666667
2,4,mouse,500.0,219,0.8958333333333334,0.6333333333333333,0.6472361111111111
2,4,mouse,1000.0,42,1.0,0.5494444444444445,0.549625
2,4,mouse,1000.0,137,1.0,0.5402777777777779,0.5436666666666666
2,5,mouse,10.0,42,0.0,1.4395833333333332,1.4339166666666667
2,5,mouse,10.0,137,0.0,1.425,1.42375
2,5,mouse,10.0,219,0.0,1.41,1.4253194444444444
2,5,mouse,30.0,42,0.0,1.3262500000000002,1.3173333333333332
2,5,mouse,500.0,137,0.9583333333333334,0.6676388888888889,0.6696111111111112
2,5,mouse,500.0,219,0.8541666666666666,0.6530555555555556,0.6679861111111111
2,5,mouse,1000.0,42,1.0,0.5594444444444444,0.5600277777777778
2,5,mouse,1000.0,137,1.0,0.5495833333333333,0.5535416666666667
2,5,mouse,1000.0,219,1.0,0.5394444444444445,0.5532638888888889
2,5,mouse,3000.0,42,1.0,0.4511111111111112,0.45384722222222224
2,5,mouse,3000.0,137,1.0,0.44305555555555554,0.45056944444444447
2,5,mouse,3000.0,219,1.0,0.4451388888888889,0.45043055555555556
2,4,mouse,1000.0,219,1.0,0.5316666666666666,0.5440833333333334
2,4,mouse,3000.0,42,1.0,0.4458333333333333,0.4486805555555556
2,4,mouse,3000.0,137,1.0,0.43875000000000003,0.44595833333333335
2,4,mouse,3000.0,219,1.0,0.44013888888888886,0.4461805555555556
2,5,mouse,350.0,42,0.5,0.7519444444444444,0.7493472222222223
2,5,mouse,350.0,137,0.5833333333333334,0.7440277777777778,0.7455694444444444
2,5,mouse,350.0,219,0.625,0.7240277777777777,0.7439722222222223
2,5,mouse,500.0,42,0.875,0.6691666666666666,0.6743333333333333
2,5,mouse,30.0,137,0.0,1.3079166666666666,1.3058611111111111
2,5,mouse,30.0,219,0.0,1.28875,1.3070833333333334
2,5,mouse,100.0,42,0.0,1.0716666666666668,1.0644305555555555
2,5,mouse,100.0,137,0.0,1.0622222222222224,1.057375
2,5,mouse,100.0,219,0.0,1.0420833333333333,1.0584166666666666
2,5,mouse,200.0,42,0.020833333333333332,0.8887499999999999,0.8840694444444445
2,5,mouse,200.0,137,0.020833333333333332,0.8840277777777779,0.8819027777777778
2,5,mouse,200.0,219,0.10416666666666667,0.8591666666666665,0.8822083333333334
2,6,mouse,10.0,42,0.0,1.4558333333333333,1.4488611111111112
2,6,mouse,10.0,137,0.0,1.4390277777777778,1.438125
2,6,mouse,10.0,219,0.0,1.4255555555555555,1.4398194444444445
2,6,mouse,30.0,42,0.0,1.362638888888889,1.3566944444444444
2,6,mouse,30.0,137,0.0,1.3456944444444445,1.3466666666666667
2,6,mouse,30.0,219,0.0,1.3283333333333334,1.3476805555555555
2,6,mouse,100.0,42,0.0,1.1602777777777777,1.1504305555555556
2,6,mouse,100.0,137,0.0,1.152777777777778,1.1446944444444445
2,6,mouse,100.0,219,0.0,1.124861111111111,1.145138888888889
2,6,mouse,200.0,42,0.0,0.9894444444444445,0.9813194444444444
2,6,mouse,200.0,137,0.0,0.9809722222222222,0.9773333333333334
2,6,mouse,200.0,219,0.0,0.9544444444444444,0.97575
2,6,mouse,1000.0,219,1.0,0.5866666666666667,0.5991805555555556
2,6,mouse,3000.0,42,1.0,0.4679166666666667,0.47026388888888887
2,6,mouse,3000.0,137,1.0,0.4593055555555556,0.46575
2,6,mouse,3000.0,219,1.0,0.4595833333333334,0.46725
2,6,mouse,500.0,137,0.5833333333333334,0.7406944444444443,0.7421666666666666
2,6,mouse,500.0,219,0.6666666666666666,0.7213888888888889,0.7403888888888889
2,6,mouse,1000.0,42,1.0,0.6063888888888889,0.6059027777777778
2,6,mouse,1000.0,137,1.0,0.5931944444444444,0.5992222222222222
2,7,mouse,10.0,42,0.0,1.4336111111111112,1.4268055555555557
2,7,mouse,10.0,137,0.0,1.4184722222222221,1.41675
2,7,mouse,10.0,219,0.0,1.402777777777778,1.418611111111111
2,7,mouse,30.0,42,0.0,1.30875,1.2976388888888888
2,6,mouse,350.0,42,0.10416666666666667,0.8343055555555555,0.8321111111111111
2,6,mouse,350.0,137,0.10416666666666667,0.8312499999999999,0.8302361111111111
2,6,mouse,350.0,219,0.25,0.8094444444444444,0.8312777777777778
2,6,mouse,500.0,42,0.5208333333333334,0.7484722222222223,0.7460555555555556
2,7,mouse,30.0,137,0.0,1.2880555555555555,1.2864027777777778
2,7,mouse,30.0,219,0.0,1.269861111111111,1.2878472222222221
2,7,mouse,100.0,42,0.0,1.0304166666666665,1.0219027777777778
2,7,mouse,100.0,137,0.0,1.0181944444444444,1.0156527777777777
2,8,mouse,500.0,137,0.7291666666666666,0.7072222222222223,0.706875
2,8,mouse,500.0,219,0.7916666666666666,0.6849999999999999,0.7044583333333333
2,8,mouse,1000.0,42,1.0,0.5940277777777777,0.5940833333333333
2,8,mouse,1000.0,137,1.0,0.5823611111111111,0.5873194444444444
2,7,mouse,100.0,219,0.0,0.9987500000000001,1.0165416666666667
2,7,mouse,200.0,42,0.125,0.8358333333333334,0.83325
2,7,mouse,200.0,137,0.125,0.8300000000000001,0.8304722222222222
2,7,mouse,200.0,219,0.22916666666666666,0.8108333333333334,0.831
2,8,mouse,1000.0,219,1.0,0.5755555555555555,0.5875
2,8,mouse,3000.0,42,1.0,0.4688888888888889,0.471125
2,8,mouse,3000.0,137,1.0,0.4601388888888889,0.46626388888888887
2,8,mouse,3000.0,219,1.0,0.4601388888888889,0.46819444444444447
2,7,mouse,350.0,42,0.7083333333333334,0.7009722222222221,0.7006666666666667
2,7,mouse,350.0,137,0.8125,0.6980555555555554,0.6982083333333333
2,7,mouse,350.0,219,0.7916666666666666,0.6763888888888889,0.6955277777777777
2,7,mouse,500.0,42,0.9583333333333334,0.63125,0.6324305555555556
2,7,mouse,1000.0,219,1.0,0.5133333333333333,0.5241944444444444
2,7,mouse,3000.0,42,1.0,0.4401388888888889,0.4405833333333333
2,7,mouse,3000.0,137,1.0,0.4298611111111111,0.4380833333333333
2,7,mouse,3000.0,219,1.0,0.43250000000000005,0.4381527777777778
2,7,mouse,500.0,137,1.0,0.6218055555555555,0.62675
2,7,mouse,500.0,219,0.9791666666666666,0.6118055555555556,0.6254305555555556
2,7,mouse,1000.0,42,1.0,0.5275,0.5295972222222223
2,7,mouse,1000.0,137,1.0,0.5176388888888889,0.5237361111111111
2,8,mouse,350.0,42,0.3333333333333333,0.7819444444444444,0.7791944444444444
2,8,mouse,350.0,137,0.3541666666666667,0.7743055555555557,0.7749861111111112
2,8,mouse,350.0,219,0.4791666666666667,0.7543055555555555,0.7755277777777778
2,8,mouse,500.0,42,0.7083333333333334,0.7120833333333333,0.7103472222222222
2,8,mouse,10.0,42,0.0,1.4131944444444446,1.4055972222222222
2,8,mouse,10.0,137,0.0,1.397638888888889,1.3969305555555556
2,8,mouse,10.0,219,0.0,1.382361111111111,1.3976944444444444
2,8,mouse,30.0,42,0.0,1.284861111111111,1.2733472222222222
2,8,mouse,30.0,137,0.0,1.2663888888888888,1.2629027777777777
2,8,mouse,30.0,219,0.0,1.2452777777777777,1.2624583333333332
2,8,mouse,100.0,42,0.0,1.0529166666666667,1.043388888888889
2,8,mouse,100.0,137,0.0,1.0420833333333333,1.0368333333333333
2,8,mouse,100.0,219,0.0,1.0209722222222222,1.037875
2,8,mouse,200.0,42,0.020833333333333332,0.8990277777777779,0.8951111111111111
2,8,mouse,200.0,137,0.020833333333333332,0.8961111111111112,0.8930833333333333
2,8,mouse,200.0,219,0.08333333333333333,0.8718055555555555,0.8929861111111111
2,9,mouse,30.0,137,0.0,1.3208333333333333,1.3189583333333332
2,9,mouse,30.0,219,0.0,1.3006944444444446,1.3192222222222223
2,9,mouse,100.0,42,0.0,1.0877777777777777,1.0787638888888889
2,9,mouse,100.0,137,0.0,1.0795833333333331,1.071736111111111
2,9,mouse,10.0,42,0.0,1.4469444444444444,1.4400416666666667
2,9,mouse,10.0,137,0.0,1.4320833333333336,1.4302222222222223
2,9,mouse,10.0,219,0.0,1.416388888888889,1.4312222222222222
2,9,mouse,30.0,42,0.0,1.3405555555555557,1.329375
2,9,mouse,100.0,219,0.0,1.0563888888888888,1.0736944444444445
2,9,mouse,200.0,42,0.0,0.898888888888889,0.8930416666666666
2,9,mouse,200.0,137,0.020833333333333332,0.8938888888888888,0.8911944444444444
2,9,mouse,200.0,219,0.08333333333333333,0.8691666666666666,0.8914305555555555
2,10,mouse,100.0,219,0.0,1.0586111111111112,1.0764027777777778
2,10,mouse,200.0,42,0.0,0.9223611111111111,0.9156805555555556
2,10,mouse,200.0,137,0.020833333333333332,0.9136111111111113,0.9131666666666667
2,10,mouse,200.0,219,0.08333333333333333,0.8908333333333335,0.9133194444444445
2,11,mouse,10.0,42,0.0,1.4316666666666666,1.4250138888888888
2,11,mouse,10.0,137,0.0,1.4166666666666667,1.4149305555555556
2,11,mouse,10.0,219,0.0,1.401527777777778,1.416875
2,11,mouse,30.0,42,0.0,1.3065277777777777,1.296125
2,9,mouse,500.0,137,0.9375,0.6699999999999999,0.6723333333333333
2,9,mouse,500.0,219,0.875,0.6545833333333333,0.6701111111111111
2,9,mouse,1000.0,42,1.0,0.5590277777777778,0.5589305555555556
2,9,mouse,1000.0,137,1.0,0.5486111111111112,0.5530833333333334
2,9,mouse,350.0,42,0.5208333333333334,0.7538888888888889,0.7535277777777778
2,9,mouse,350.0,137,0.5208333333333334,0.7493055555555556,0.7499305555555555
2,9,mouse,350.0,219,0.6458333333333334,0.7283333333333332,0.74875
2,9,mouse,500.0,42,0.875,0.674861111111111,0.67575
2,9,mouse,1000.0,219,1.0,0.5411111111111111,0.5529583333333333
2,9,mouse,3000.0,42,1.0,0.44722222222222224,0.4489166666666667
2,9,mouse,3000.0,137,1.0,0.4376388888888889,0.4457638888888889
2,9,mouse,3000.0,219,1.0,0.43930555555555556,0.4462638888888889
2,10,mouse,10.0,42,0.0,1.436111111111111,1.4294027777777778
2,10,mouse,10.0,137,0.0,1.4206944444444443,1.4190416666666668
2,10,mouse,10.0,219,0.0,1.4063888888888891,1.4210277777777778
2,10,mouse,30.0,42,0.0,1.3229166666666667,1.314
2,10,mouse,30.0,137,0.0,1.3051388888888888,1.3028055555555556
2,10,mouse,30.0,219,0.0,1.2862500000000001,1.3036388888888888
2,10,mouse,100.0,42,0.0,1.0927777777777778,1.0816388888888888
2,10,mouse,100.0,137,0.0,1.0815277777777776,1.0747777777777778
2,10,mouse,350.0,42,0.3125,0.78625,0.7827222222222222
2,10,mouse,350.0,137,0.3125,0.7791666666666667,0.7788055555555555
2,10,mouse,350.0,219,0.4791666666666667,0.7591666666666667,0.7796805555555556
2,10,mouse,500.0,42,0.7083333333333334,0.7073611111111111,0.7062083333333333
2,10,mouse,500.0,137,0.7708333333333334,0.7026388888888889,0.7028194444444444
2,10,mouse,500.0,219,0.7916666666666666,0.6829166666666667,0.7004861111111111
2,10,mouse,1000.0,42,1.0,0.5855555555555555,0.5841944444444445
2,10,mouse,1000.0,137,1.0,0.5720833333333334,0.5767083333333334
2,10,mouse,1000.0,219,1.0,0.5630555555555555,0.5763194444444445
2,10,mouse,3000.0,42,1.0,0.46055555555555555,0.46394444444444444
2,10,mouse,3000.0,137,1.0,0.45291666666666663,0.4595972222222222
2,10,mouse,3000.0,219,1.0,0.45361111111111113,0.46068055555555554
2,11,mouse,100.0,219,0.0,1.005,1.0222222222222221
2,11,mouse,200.0,42,0.08333333333333333,0.8477777777777779,0.8435277777777778
2,11,mouse,200.0,137,0.08333333333333333,0.84125,0.841375
2,11,mouse,200.0,219,0.1875,0.82125,0.8415416666666666
2,11,mouse,350.0,42,0.7083333333333334,0.713888888888889,0.7129722222222222
2,11,mouse,350.0,137,0.7291666666666666,0.7094444444444444,0.7101666666666666
2,11,mouse,350.0,219,0.7708333333333334,0.6894444444444443,0.7077916666666667
2,11,mouse,500.0,42,0.9375,0.6413888888888889,0.6436666666666667
2,11,mouse,30.0,137,0.0,1.287222222222222,1.2848472222222223
2,11,mouse,30.0,219,0.0,1.2679166666666666,1.2860694444444445
2,11,mouse,100.0,42,0.0,1.0358333333333334,1.0265972222222222
2,11,mouse,100.0,137,0.0,1.0261111111111112,1.0210138888888889
2,11,mouse,500.0,137,1.0,0.6351388888888889,0.6384166666666666
2,11,mouse,500.0,219,0.9166666666666666,0.6237499999999999,0.6367777777777778
2,11,mouse,1000.0,42,1.0,0.5368055555555555,0.5381666666666667
2,11,mouse,1000.0,137,1.0,0.5265277777777778,0.5316944444444445
2,13,mouse,30.0,137,0.0,1.3044444444444443,1.3027916666666666
2,13,mouse,30.0,219,0.0,1.2858333333333334,1.3044444444444445
2,13,mouse,100.0,42,0.0,1.0631944444444443,1.0552638888888888
2,13,mouse,100.0,137,0.0,1.05375,1.0482361111111111
2,12,mouse,350.0,42,0.7083333333333334,0.7127777777777777,0.7125277777777778
2,12,mouse,350.0,137,0.7291666666666666,0.7091666666666668,0.7098194444444444
2,12,mouse,350.0,219,0.7708333333333334,0.6891666666666666,0.7074166666666667
2,12,mouse,500.0,42,0.9166666666666666,0.6429166666666667,0.6445555555555555
2,11,mouse,1000.0,219,1.0,0.5211111111111112,0.5324444444444445
2,11,mouse,3000.0,42,1.0,0.4429166666666667,0.44422222222222224
2,11,mouse,3000.0,137,1.0,0.43333333333333335,0.44155555555555553
2,11,mouse,3000.0,219,1.0,0.4375,0.4415138888888889
2,12,mouse,100.0,219,0.0,0.9961111111111111,1.0145972222222222
2,12,mouse,200.0,42,0.08333333333333333,0.8447222222222223,0.8403055555555555
2,12,mouse,200.0,137,0.10416666666666667,0.8379166666666666,0.8373888888888888
2,12,mouse,200.0,219,0.1875,0.8193055555555556,0.8380694444444444
2,12,mouse,30.0,137,0.0,1.2802777777777778,1.2769166666666667
2,12,mouse,30.0,219,0.0,1.2593055555555555,1.278361111111111
2,12,mouse,100.0,42,0.0,1.0284722222222222,1.0199027777777778
2,12,mouse,100.0,137,0.0,1.0163888888888888,1.0139305555555556
2,13,mouse,100.0,219,0.0,1.0331944444444445,1.0496944444444445
2,13,mouse,200.0,42,0.020833333333333332,0.8754166666666666,0.8714722222222222
2,13,mouse,200.0,137,0.041666666666666664,0.87125,0.8695972222222222
2,13,mouse,200.0,219,0.125,0.8498611111111112,0.8704166666666666
2,12,mouse,10.0,42,0.0,1.4272222222222222,1.4205833333333333
2,12,mouse,10.0,137,0.0,1.412361111111111,1.4111111111111112
2,12,mouse,10.0,219,0.0,1.3968055555555556,1.412611111111111
2,12,mouse,30.0,42,0.0,1.2998611111111111,1.2881666666666667
2,13,mouse,500.0,137,0.9583333333333334,0.6543055555555556,0.6581111111111111
2,13,mouse,500.0,219,0.875,0.6419444444444444,0.6559305555555556
2,13,mouse,1000.0,42,1.0,0.5501388888888888,0.5503888888888889
2,13,mouse,1000.0,137,1.0,0.5408333333333334,0.5444444444444444
2,12,mouse,500.0,137,1.0,0.6355555555555555,0.6392222222222222
2,12,mouse,500.0,219,0.9166666666666666,0.6241666666666666,0.6372638888888889
2,12,mouse,1000.0,42,1.0,0.5394444444444444,0.5395416666666667
2,12,mouse,1000.0,137,1.0,0.5284722222222222,0.5332777777777777
2,12,mouse,1000.0,219,1.0,0.5223611111111112,0.5339444444444444
2,12,mouse,3000.0,42,1.0,0.44236111111111115,0.4438888888888889
2,12,mouse,3000.0,137,1.0,0.4330555555555556,0.44148611111111113
2,12,mouse,3000.0,219,1.0,0.4359722222222222,0.4412083333333333
2,13,mouse,10.0,42,0.0,1.4394444444444445,1.433111111111111
2,13,mouse,10.0,137,0.0,1.4254166666666668,1.4230833333333333
2,13,mouse,10.0,219,0.0,1.4090277777777775,1.4247083333333332
2,13,mouse,30.0,42,0.0,1.3241666666666667,1.3142222222222222
2,13,mouse,350.0,42,0.625,0.73875,0.736625
2,13,mouse,350.0,137,0.6041666666666666,0.7319444444444444,0.7330694444444444
2,13,mouse,350.0,219,0.7291666666666666,0.7109722222222222,0.7309861111111111
2,13,mouse,500.0,42,0.875,0.6595833333333333,0.6626944444444445
2,14,mouse,10.0,42,0.0,1.4208333333333332,1.413138888888889
2,14,mouse,10.0,137,0.0,1.4045833333333333,1.4039583333333334
2,14,mouse,10.0,219,0.0,1.3904166666666669,1.405736111111111
2,14,mouse,30.0,42,0.0,1.2875,1.2749722222222222
2,14,mouse,500.0,137,1.0,0.6202777777777778,0.6257638888888889
2,14,mouse,500.0,219,0.9791666666666666,0.6108333333333332,0.6239583333333333
2,14,mouse,1000.0,42,1.0,0.5265277777777778,0.5277777777777778
2,14,mouse,1000.0,137,1.0,0.5156944444444443,0.5217083333333333
2,15,mouse,10.0,42,0.0,1.4387499999999998,1.432625
2,15,mouse,10.0,137,0.0,1.4233333333333331,1.4220694444444444
2,15,mouse,10.0,219,0.0,1.4088888888888889,1.4243611111111112
2,15,mouse,30.0,42,0.0,1.3325,1.3230694444444444
2,13,mouse,1000.0,219,1.0,0.5326388888888889,0.54475
2,13,mouse,3000.0,42,1.0,0.44527777777777783,0.44716666666666666
2,13,mouse,3000.0,137,1.0,0.4365277777777778,0.4444166666666667
2,13,mouse,3000.0,219,1.0,0.4380555555555556,0.4439444444444444
2,14,mouse,30.0,137,0.0,1.2670833333333333,1.2640694444444445
2,14,mouse,30.0,219,0.0,1.24625,1.2653055555555555
2,14,mouse,100.0,42,0.0,1.0131944444444445,1.0029861111111111
2,14,mouse,100.0,137,0.0,0.9998611111111111,0.9972083333333334
2,14,mouse,100.0,219,0.0,0.9758333333333334,0.9965972222222222
2,14,mouse,200.0,42,0.14583333333333334,0.826388888888889,0.8246111111111111
2,14,mouse,200.0,137,0.14583333333333334,0.8216666666666667,0.822625
2,14,mouse,200.0,219,0.25,0.8023611111111112,0.8224861111111111
2,14,mouse,350.0,42,0.75,0.6975000000000001,0.6976111111111111
2,14,mouse,350.0,137,0.8333333333333334,0.6936111111111112,0.6950138888888889
2,14,mouse,350.0,219,0.7916666666666666,0.6738888888888889,0.6925555555555556
2,14,mouse,500.0,42,0.9583333333333334,0.6304166666666667,0.631
2,14,mouse,1000.0,219,1.0,0.51125,0.5219861111111112
2,14,mouse,3000.0,42,1.0,0.43500000000000005,0.43606944444444445
2,14,mouse,3000.0,137,1.0,0.42625,0.4342638888888889
2,14,mouse,3000.0,219,1.0,0.4290277777777778,0.4345833333333333
2,15,mouse,1000.0,219,1.0,0.5531944444444444,0.566125
2,15,mouse,3000.0,42,1.0,0.45361111111111113,0.458
2,15,mouse,3000.0,137,1.0,0.4469444444444444,0.4542638888888889
2,15,mouse,3000.0,219,1.0,0.4494444444444445,0.454625
2,15,mouse,30.0,137,0.0,1.3129166666666667,1.3117083333333333
2,15,mouse,30.0,219,0.0,1.2954166666666669,1.3128472222222223
2,15,mouse,100.0,42,0.0,1.106111111111111,1.0954027777777777
2,15,mouse,100.0,137,0.0,1.0958333333333334,1.0885
2,15,mouse,100.0,219,0.0,1.0697222222222222,1.0890416666666667
2,15,mouse,200.0,42,0.0,0.9272222222222223,0.9212777777777778
2,15,mouse,200.0,137,0.020833333333333332,0.918888888888889,0.9189583333333333
2,15,mouse,200.0,219,0.0625,0.8973611111111112,0.9192777777777777
2,15,mouse,350.0,42,0.3333333333333333,0.7830555555555555,0.7799722222222222
2,15,mouse,350.0,137,0.3333333333333333,0.77625,0.7760138888888889
2,15,mouse,350.0,219,0.4791666666666667,0.7565277777777778,0.7765138888888888
2,15,mouse,500.0,42,0.7083333333333334,0.7012499999999999,0.6993194444444445
2,16,mouse,10.0,42,0.0,1.4156944444444444,1.4081388888888888
2,16,mouse,10.0,137,0.0,1.400277777777778,1.3995277777777777
2,16,mouse,10.0,219,0.0,1.3847222222222222,1.400486111111111
2,16,mouse,30.0,42,0.0,1.2780555555555557,1.2673194444444444
2,16,mouse,30.0,137,0.0,1.2625,1.2574444444444444
2,16,mouse,30.0,219,0.0,1.2390277777777778,1.2572083333333333
2,16,mouse,100.0,42,0.0,1.0106944444444446,1.0017083333333334
2,16,mouse,100.0,137,0.0,0.9994444444444444,0.9964444444444445
2,15,mouse,500.0,137,0.8125,0.6966666666666667,0.6957777777777778
2,15,mouse,500.0,219,0.7916666666666666,0.6770833333333334,0.6928888888888889
2,15,mouse,1000.0,42,1.0,0.5743055555555555,0.5737222222222222
2,15,mouse,1000.0,137,1.0,0.5616666666666666,0.5665138888888889
2,17,mouse,30.0,137,0.0,1.2830555555555556,1.2794583333333334
2,17,mouse,30.0,219,0.0,1.2618055555555554,1.2804444444444445
2,17,mouse,100.0,42,0.0,1.0427777777777776,1.0346944444444444
2,17,mouse,100.0,137,0.0,1.0334722222222223,1.0284166666666668
2,16,mouse,100.0,219,0.0,0.9754166666666667,0.9958333333333333
2,16,mouse,200.0,42,0.10416666666666667,0.8308333333333332,0.8295277777777778
2,16,mouse,200.0,137,0.10416666666666667,0.8291666666666667,0.8285138888888889
2,16,mouse,200.0,219,0.22916666666666666,0.8068055555555556,0.82925
2,17,mouse,1000.0,219,1.0,0.53625,0.5478888888888889
2,17,mouse,3000.0,42,1.0,0.4466666666666666,0.44979166666666665
2,17,mouse,3000.0,137,1.0,0.4395833333333334,0.44705555555555554
2,17,mouse,3000.0,219,1.0,0.44069444444444444,0.4471111111111111
2,16,mouse,350.0,42,0.7083333333333334,0.7093055555555555,0.7089166666666666
2,16,mouse,350.0,137,0.7916666666666666,0.7055555555555554,0.7055416666666666
2,16,mouse,350.0,219,0.7916666666666666,0.6847222222222222,0.7027916666666667
2,16,mouse,500.0,42,0.9166666666666666,0.64125,0.6424444444444445
2,18,mouse,10.0,42,0.0,1.4344444444444442,1.4283333333333332
2,18,mouse,10.0,137,0.0,1.420138888888889,1.4183472222222222
2,18,mouse,10.0,219,0.0,1.405,1.4204444444444444
2,18,mouse,30.0,42,0.0,1.3154166666666667,1.304875
2,16,mouse,1000.0,219,1.0,0.5229166666666667,0.5339027777777777
2,16,mouse,3000.0,42,1.0,0.44555555555555554,0.44733333333333336
2,16,mouse,3000.0,137,1.0,0.43583333333333335,0.4441388888888889
2,16,mouse,3000.0,219,1.0,0.4405555555555556,0.4449166666666667
2,16,mouse,500.0,137,1.0,0.6320833333333333,0.63725
2,16,mouse,500.0,219,0.9583333333333334,0.6216666666666666,0.6355972222222223
2,16,mouse,1000.0,42,1.0,0.5379166666666667,0.5403472222222222
2,16,mouse,1000.0,137,1.0,0.5294444444444445,0.5339166666666667
2,17,mouse,10.0,42,0.0,1.4262500000000002,1.4194027777777778
2,17,mouse,10.0,137,0.0,1.410972222222222,1.4098333333333333
2,17,mouse,10.0,219,0.0,1.3956944444444446,1.4116666666666666
2,17,mouse,30.0,42,0.0,1.3025,1.290638888888889
2,17,mouse,100.0,219,0.0,1.0127777777777778,1.0297916666666667
2,17,mouse,200.0,42,0.020833333333333332,0.8652777777777777,0.8611111111111112
2,17,mouse,200.0,137,0.041666666666666664,0.8588888888888887,0.8584861111111111
2,17,mouse,200.0,219,0.14583333333333334,0.8375,0.8595138888888889
2,17,mouse,350.0,42,0.6666666666666666,0.7356944444444444,0.7337222222222223
2,17,mouse,350.0,137,0.6041666666666666,0.7290277777777777,0.73025
2,17,mouse,350.0,219,0.75,0.7080555555555555,0.7280138888888888
2,17,mouse,500.0,42,0.875,0.6602777777777779,0.6631111111111111
2,17,mouse,500.0,137,0.9583333333333334,0.6554166666666666,0.6588333333333334
2,17,mouse,500.0,219,0.875,0.6419444444444444,0.6563194444444445
2,17,mouse,1000.0,42,1.0,0.5527777777777778,0.5540138888888889
2,17,mouse,1000.0,137,1.0,0.5452777777777778,0.5480416666666666
2,18,mouse,30.0,137,0.0,1.295138888888889,1.2936805555555555
2,18,mouse,30.0,219,0.0,1.2769444444444444,1.2951527777777778
2,18,mouse,100.0,42,0.0,1.052638888888889,1.0452083333333333
2,18,mouse,100.0,137,0.0,1.0443055555555556,1.0388472222222223
2,18,mouse,100.0,219,0.0,1.0233333333333334,1.0397083333333332
2,18,mouse,200.0,42,0.020833333333333332,0.8716666666666666,0.866875
2,18,mouse,200.0,137,0.041666666666666664,0.8661111111111112,0.8652361111111111
2,18,mouse,200.0,219,0.14583333333333334,0.844861111111111,0.8658472222222222
2,19,mouse,10.0,42,0.0,1.4063888888888887,1.3995277777777777
2,19,mouse,10.0,137,0.0,1.3911111111111112,1.39125
2,19,mouse,10.0,219,0.0,1.375972222222222,1.392125
2,19,mouse,30.0,42,0.0,1.2579166666666666,1.2471944444444445
2,18,mouse,350.0,42,0.6041666666666666,0.7398611111111112,0.7384444444444445
2,18,mouse,350.0,137,0.6041666666666666,0.7331944444444444,0.7344583333333333
2,18,mouse,350.0,219,0.7291666666666666,0.7131944444444445,0.7322083333333333
2,18,mouse,500.0,42,0.875,0.6627777777777778,0.6670833333333334
2,18,mouse,500.0,137,0.9583333333333334,0.6598611111111111,0.6630694444444445
2,18,mouse,500.0,219,0.8541666666666666,0.6476388888888889,0.6610138888888889
2,18,mouse,1000.0,42,1.0,0.5573611111111111,0.558125
2,18,mouse,1000.0,137,1.0,0.5473611111111111,0.5515972222222222
2,18,mouse,1000.0,219,1.0,0.5404166666666667,0.5518333333333333
2,18,mouse,3000.0,42,1.0,0.44930555555555557,0.4528888888888889
2,18,mouse,3000.0,137,1.0,0.4419444444444444,0.4493333333333333
2,18,mouse,3000.0,219,1.0,0.4427777777777777,0.4499722222222222
2,20,mouse,30.0,137,0.0,1.272638888888889,1.2699305555555556
2,20,mouse,30.0,219,0.0,1.2518055555555556,1.2712916666666667
2,20,mouse,100.0,42,0.0,1.0197222222222222,1.010513888888889
2,20,mouse,100.0,137,0.0,1.0069444444444444,1.0045416666666667
2,19,mouse,100.0,219,0.020833333333333332,0.9488888888888889,0.9713194444444444
2,19,mouse,200.0,42,0.20833333333333334,0.813611111111111,0.8117361111111111
2,19,mouse,200.0,137,0.20833333333333334,0.8104166666666667,0.8102083333333333
2,19,mouse,200.0,219,0.375,0.787638888888889,0.8099027777777777
2,19,mouse,30.0,137,0.0,1.2445833333333334,1.2395416666666668
2,19,mouse,30.0,219,0.0,1.2176388888888887,1.2395
2,19,mouse,100.0,42,0.0,0.9847222222222224,0.9763472222222223
2,19,mouse,100.0,137,0.0,0.97375,0.9716805555555555
2,19,mouse,350.0,42,0.7291666666666666,0.6983333333333333,0.6974722222222223
2,19,mouse,350.0,137,0.8333333333333334,0.6930555555555555,0.695
2,19,mouse,350.0,219,0.8125,0.6726388888888889,0.692875
2,19,mouse,500.0,42,0.9583333333333334,0.6355555555555555,0.6357222222222222
2,19,mouse,500.0,137,1.0,0.6266666666666666,0.6304861111111111
2,19,mouse,500.0,219,0.9583333333333334,0.6165277777777778,0.6285
2,19,mouse,1000.0,42,1.0,0.5354166666666667,0.5360833333333334
2,19,mouse,1000.0,137,1.0,0.5252777777777778,0.530625
2,19,mouse,1000.0,219,1.0,0.5208333333333334,0.5314027777777778
2,19,mouse,3000.0,42,1.0,0.43930555555555556,0.44066666666666665
2,19,mouse,3000.0,137,1.0,0.43041666666666667,0.4376527777777778
2,19,mouse,3000.0,219,1.0,0.43194444444444446,0.4375833333333333
2,20,mouse,10.0,42,0.0,1.4236111111111114,1.4163333333333334
2,20,mouse,10.0,137,0.0,1.4081944444444445,1.4070277777777778
2,20,mouse,10.0,219,0.0,1.3927777777777777,1.4087222222222222
2,20,mouse,30.0,42,0.0,1.293611111111111,1.2810555555555556
2,20,mouse,350.0,42,0.7291666666666666,0.7008333333333333,0.7009166666666666
2,20,mouse,350.0,137,0.7916666666666666,0.69875,0.6984027777777778
2,20,mouse,350.0,219,0.7916666666666666,0.6770833333333334,0.6961805555555556
2,20,mouse,500.0,42,0.9583333333333334,0.6318055555555555,0.6330416666666666
2,20,mouse,500.0,137,1.0,0.6218055555555556,0.6277222222222222
2,20,mouse,500.0,219,0.9791666666666666,0.6126388888888888,0.6259305555555555
2,20,mouse,1000.0,42,1.0,0.5272222222222221,0.5284166666666666
2,20,mouse,1000.0,137,1.0,0.5165277777777778,0.5224722222222222
2,20,mouse,100.0,219,0.0,0.9843055555555557,1.0048333333333332
2,20,mouse,200.0,42,0.125,0.8323611111111111,0.8305
2,20,mouse,200.0,137,0.14583333333333334,0.8269444444444444,0.8274583333333333
2,20,mouse,200.0,219,0.22916666666666666,0.8079166666666667,0.82775
2,21,mouse,30.0,137,0.0,1.3041666666666665,1.3025555555555555
2,21,mouse,30.0,219,0.0,1.2858333333333334,1.3036666666666668
2,21,mouse,100.0,42,0.0,1.0815277777777776,1.0715972222222223
2,21,mouse,100.0,137,0.0,1.0712499999999998,1.064513888888889
2,20,mouse,1000.0,219,1.0,0.5118055555555555,0.5227777777777778
2,20,mouse,3000.0,42,1.0,0.43597222222222226,0.43622222222222223
2,20,mouse,3000.0,137,1.0,0.4266666666666667,0.43468055555555557
2,20,mouse,3000.0,219,1.0,0.4293055555555556,0.4348194444444444
2,22,mouse,100.0,219,0.0,0.9577777777777778,0.9788333333333333
2,22,mouse,200.0,42,0.14583333333333334,0.8268055555555556,0.8254305555555556
2,22,mouse,200.0,137,0.14583333333333334,0.8231944444444445,0.8232638888888889
2,22,mouse,200.0,219,0.25,0.8029166666666666,0.8239027777777778
2,21,mouse,350.0,42,0.375,0.7763888888888889,0.7746944444444445
2,21,mouse,350.0,137,0.3125,0.7697222222222223,0.7705138888888889
2,21,mouse,350.0,219,0.5,0.7513888888888888,0.7713333333333333
2,21,mouse,500.0,42,0.6875,0.7043055555555555,0.7022916666666666
2,21,mouse,10.0,42,0.0,1.438472222222222,1.4314722222222223
2,21,mouse,10.0,137,0.0,1.4218055555555555,1.4209166666666666
2,21,mouse,10.0,219,0.0,1.4083333333333332,1.4232777777777779
2,21,mouse,30.0,42,0.0,1.3222222222222222,1.3134861111111111
2,22,mouse,350.0,42,0.7083333333333334,0.7138888888888889,0.7129444444444445
2,22,mouse,350.0,137,0.7291666666666666,0.7094444444444443,0.7099166666666666
2,22,mouse,350.0,219,0.7708333333333334,0.6887500000000001,0.7077222222222223
2,22,mouse,500.0,42,0.9166666666666666,0.6477777777777778,0.650875
2,21,mouse,100.0,219,0.0,1.047638888888889,1.065
2,21,mouse,200.0,42,0.020833333333333332,0.9113888888888889,0.9039722222222222
2,21,mouse,200.0,137,0.020833333333333332,0.9019444444444445,0.901375
2,21,mouse,200.0,219,0.10416666666666667,0.8806944444444444,0.901375
2,22,mouse,30.0,137,0.0,1.2404166666666667,1.2354166666666666
2,22,mouse,30.0,219,0.0,1.2144444444444444,1.2355416666666668
2,22,mouse,100.0,42,0.0,0.9915277777777778,0.9845694444444445
2,22,mouse,100.0,137,0.0,0.9811111111111112,0.9789166666666667
2,21,mouse,500.0,137,0.8333333333333334,0.6991666666666666,0.6985416666666666
2,21,mouse,500.0,219,0.8125,0.6804166666666666,0.6960972222222223
2,21,mouse,1000.0,42,1.0,0.586388888888889,0.5861111111111111
2,21,mouse,1000.0,137,1.0,0.5729166666666666,0.5795555555555556
2,21,mouse,1000.0,219,1.0,0.5647222222222222,0.5785
2,21,mouse,3000.0,42,1.0,0.4643055555555555,0.4695416666666667
2,21,mouse,3000.0,137,1.0,0.4583333333333333,0.4652222222222222
2,21,mouse,3000.0,219,1.0,0.45861111111111114,0.4658611111111111
2,22,mouse,10.0,42,0.0,1.4020833333333333,1.3949305555555556
2,22,mouse,10.0,137,0.0,1.386111111111111,1.3862083333333333
2,22,mouse,10.0,219,0.0,1.3706944444444444,1.3874305555555555
2,22,mouse,30.0,42,0.0,1.253611111111111,1.243375
2,22,mouse,500.0,137,0.9791666666666666,0.6431944444444445,0.6464166666666666
2,22,mouse,500.0,219,0.8958333333333334,0.6312500000000001,0.6434444444444445
2,22,mouse,1000.0,42,1.0,0.5502777777777778,0.5515138888888889
2,22,mouse,1000.0,137,1.0,0.5420833333333334,0.5458333333333333
2,22,mouse,1000.0,219,1.0,0.5334722222222222,0.5454027777777778
2,22,mouse,3000.0,42,1.0,0.45222222222222225,0.4559722222222222
2,22,mouse,3000.0,137,1.0,0.44430555555555556,0.45219444444444445
2,22,mouse,3000.0,219,1.0,0.4465277777777778,0.4520416666666667
2,23,mouse,30.0,137,0.0,1.3,1.297388888888889
2,23,mouse,30.0,219,0.0,1.2805555555555557,1.2994444444444444
2,23,mouse,100.0,42,0.0,1.0791666666666668,1.0705277777777777
2,23,mouse,100.0,137,0.0,1.0684722222222223,1.0632083333333333
2,23,mouse,10.0,42,0.0,1.4341666666666668,1.427513888888889
2,23,mouse,10.0,137,0.0,1.4190277777777778,1.417375
2,23,mouse,10.0,219,0.0,1.4037499999999998,1.4194305555555555
2,23,mouse,30.0,42,0.0,1.3188888888888888,1.3087916666666666
2,23,mouse,350.0,42,0.3541666666666667,0.7787499999999999,0.7783472222222222
2,23,mouse,350.0,137,0.3333333333333333,0.7722222222222221,0.7750555555555556
2,23,mouse,350.0,219,0.4791666666666667,0.7556944444444446,0.7752083333333334
2,23,mouse,500.0,42,0.7291666666666666,0.7054166666666667,0.7043333333333334
2,23,mouse,500.0,137,0.7916666666666666,0.7015277777777778,0.7018472222222222
2,23,mouse,500.0,219,0.7916666666666666,0.6804166666666666,0.6996111111111111
2,23,mouse,1000.0,42,1.0,0.5855555555555556,0.5859305555555555
2,23,mouse,1000.0,137,1.0,0.5740277777777777,0.5790555555555555
2,24,mouse,10.0,42,0.0,1.4388888888888889,1.4325694444444443
2,24,mouse,10.0,137,0.0,1.4248611111111111,1.4225555555555556
2,24,mouse,10.0,219,0.0,1.4087500000000002,1.4242916666666667
2,24,mouse,30.0,42,0.0,1.3206944444444444,1.3110277777777777
2,23,mouse,100.0,219,0.0,1.0481944444444444,1.0654444444444444
2,23,mouse,200.0,42,0.0,0.9101388888888889,0.9055277777777778
2,23,mouse,200.0,137,0.020833333333333332,0.9079166666666666,0.9041527777777778
2,23,mouse,200.0,219,0.08333333333333333,0.88,0.9034583333333334
2,23,mouse,1000.0,219,1.0,0.5681944444444444,0.5790972222222223
2,23,mouse,3000.0,42,1.0,0.46319444444444446,0.46425
2,23,mouse,3000.0,137,1.0,0.45319444444444446,0.4598611111111111
2,23,mouse,3000.0,219,1.0,0.45236111111111105,0.46111111111111114
2,24,mouse,30.0,137,0.0,1.3019444444444446,1.2998194444444444
2,24,mouse,30.0,219,0.0,1.2833333333333332,1.3019722222222223
2,24,mouse,100.0,42,0.0,1.048611111111111,1.0418472222222221
2,24,mouse,100.0,137,0.0,1.0409722222222222,1.0355555555555556
2,24,mouse,100.0,219,0.0,1.019861111111111,1.0368472222222223
2,24,mouse,200.0,42,0.0625,0.8533333333333332,0.8489722222222222
2,24,mouse,200.0,137,0.08333333333333333,0.8479166666666668,0.8465833333333334
2,24,mouse,200.0,219,0.1875,0.8261111111111111,0.8470416666666667
2,24,mouse,350.0,42,0.7083333333333334,0.7086111111111112,0.7094583333333333
2,24,mouse,350.0,137,0.75,0.7066666666666667,0.7070972222222223
2,24,mouse,350.0,219,0.7916666666666666,0.6848611111111111,0.7044583333333333
2,24,mouse,500.0,42,0.9583333333333334,0.6355555555555555,0.6370833333333333
2,25,mouse,100.0,219,0.0,1.0130555555555556,1.0305
2,25,mouse,200.0,42,0.020833333333333332,0.8730555555555556,0.8677083333333333
2,25,mouse,200.0,137,0.041666666666666664,0.8668055555555556,0.8650833333333333
2,25,mouse,200.0,219,0.14583333333333334,0.8450000000000001,0.8661388888888889
2,25,mouse,350.0,42,0.5625,0.75,0.748125
2,25,mouse,350.0,137,0.5625,0.7430555555555555,0.74475
2,25,mouse,350.0,219,0.625,0.7231944444444444,0.7425555555555555
2,25,mouse,500.0,42,0.875,0.6798611111111111,0.6810555555555555
2,25,mouse,500.0,137,0.9583333333333334,0.6755555555555556,0.6769444444444445
2,25,mouse,500.0,219,0.8541666666666666,0.6595833333333333,0.67475
2,25,mouse,1000.0,42,1.0,0.5761111111111111,0.5751111111111111
2,25,mouse,1000.0,137,1.0,0.5630555555555555,0.5681805555555556
2,24,mouse,500.0,137,1.0,0.62875,0.63175
2,24,mouse,500.0,219,0.9583333333333334,0.6179166666666667,0.6297916666666666
2,24,mouse,1000.0,42,1.0,0.5268055555555556,0.5278333333333334
2,24,mouse,1000.0,137,1.0,0.5170833333333333,0.5219861111111112
2,24,mouse,1000.0,219,1.0,0.5109722222222222,0.5220277777777778
2,24,mouse,3000.0,42,1.0,0.4337499999999999,0.4343194444444444
2,24,mouse,3000.0,137,1.0,0.42416666666666664,0.43243055555555554
2,24,mouse,3000.0,219,1.0,0.4276388888888889,0.4327083333333333
2,25,mouse,10.0,42,0.0,1.4286111111111108,1.4220833333333334
2,25,mouse,10.0,137,0.0,1.4133333333333333,1.412486111111111
2,25,mouse,10.0,219,0.0,1.398888888888889,1.414013888888889
2,25,mouse,30.0,42,0.0,1.304861111111111,1.2930833333333334
2,25,mouse,30.0,137,0.0,1.2838888888888889,1.2817083333333332
2,25,mouse,30.0,219,0.0,1.2643055555555556,1.282861111111111
2,25,mouse,100.0,42,0.0,1.043611111111111,1.0353194444444445
2,25,mouse,100.0,137,0.0,1.035,1.029388888888889
2,25,mouse,1000.0,219,1.0,0.5533333333333333,0.5676527777777778
2,25,mouse,3000.0,42,1.0,0.46166666666666667,0.4651527777777778
2,25,mouse,3000.0,137,1.0,0.45375000000000004,0.46043055555555557
2,25,mouse,3000.0,219,1.0,0.45583333333333337,0.462
2,26,mouse,1000.0,219,1.0,0.5229166666666667,0.5343472222222222
2,26,mouse,3000.0,42,1.0,0.4415277777777778,0.4421388888888889
2,26,mouse,3000.0,137,1.0,0.4315277777777778,0.43966666666666665
2,26,mouse,3000.0,219,1.0,0.43416666666666665,0.43981944444444443
2,26,mouse,10.0,42,0.0,1.4213888888888888,1.4136944444444444
2,26,mouse,10.0,137,0.0,1.404861111111111,1.4044166666666666
2,26,mouse,10.0,219,0.0,1.3906944444444445,1.4061805555555555
2,26,mouse,30.0,42,0.0,1.2894444444444446,1.276861111111111
2,26,mouse,500.0,137,0.9791666666666666,0.6373611111111112,0.6401527777777778
2,26,mouse,500.0,219,0.8958333333333334,0.6251388888888889,0.6385416666666667
2,26,mouse,1000.0,42,1.0,0.5398611111111111,0.5396388888888889
2,26,mouse,1000.0,137,1.0,0.5283333333333333,0.5335277777777778
2,27,mouse,10.0,42,0.0,1.4493055555555554,1.4423472222222222
2,27,mouse,10.0,137,0.0,1.4331944444444444,1.4319305555555555
2,27,mouse,10.0,219,0.0,1.4180555555555554,1.4331527777777777
2,27,mouse,30.0,42,0.0,1.3415277777777777,1.3313055555555555
2,27,mouse,30.0,137,0.0,1.3233333333333333,1.3207777777777778
2,27,mouse,30.0,219,0.0,1.303888888888889,1.3215833333333333
2,27,mouse,100.0,42,0.0,1.0819444444444446,1.0726944444444444
2,27,mouse,100.0,137,0.0,1.07,1.0652638888888888
2,26,mouse,100.0,219,0.0,0.9862500000000001,1.0064583333333332
2,26,mouse,200.0,42,0.10416666666666667,0.8419444444444445,0.838375
2,26,mouse,200.0,137,0.10416666666666667,0.8355555555555556,0.8355416666666666
2,26,mouse,200.0,219,0.1875,0.8169444444444446,0.8363333333333334
2,26,mouse,30.0,137,0.0,1.2690277777777776,1.2662638888888889
2,26,mouse,30.0,219,0.0,1.2495833333333335,1.2676666666666667
2,26,mouse,100.0,42,0.0,1.020138888888889,1.0119722222222223
2,26,mouse,100.0,137,0.0,1.007638888888889,1.0059166666666666
2,26,mouse,350.0,42,0.7083333333333334,0.7118055555555557,0.71275
2,26,mouse,350.0,137,0.7083333333333334,0.71,0.7101111111111111
2,26,mouse,350.0,219,0.7916666666666666,0.6881944444444444,0.707625
2,26,mouse,500.0,42,0.9375,0.6430555555555556,0.6449583333333333
2,27,mouse,350.0,42,0.6875,0.7309722222222224,0.73025
2,27,mouse,350.0,137,0.6458333333333334,0.7265277777777778,0.7271111111111112
2,27,mouse,350.0,219,0.75,0.7043055555555555,0.7244583333333333
2,27,mouse,500.0,42,0.8958333333333334,0.6498611111111111,0.6521666666666667
2,27,mouse,100.0,219,0.0,1.0493055555555555,1.0674027777777777
2,27,mouse,200.0,42,0.020833333333333332,0.8802777777777777,0.8758333333333334
2,27,mouse,200.0,137,0.041666666666666664,0.8761111111111112,0.87425
2,27,mouse,200.0,219,0.10416666666666667,0.8541666666666666,0.8752222222222222
2,28,mouse,10.0,42,0.0,1.419027777777778,1.412611111111111
2,28,mouse,10.0,137,0.0,1.4036111111111111,1.4029444444444445
2,28,mouse,10.0,219,0.0,1.3893055555555556,1.4049305555555556
2,28,mouse,30.0,42,0.0,1.2831944444444445,1.2712222222222223
2,27,mouse,500.0,137,0.9791666666666666,0.6438888888888888,0.6476388888888889
2,27,mouse,500.0,219,0.8958333333333334,0.6315277777777778,0.6450694444444445
2,27,mouse,1000.0,42,1.0,0.5372222222222222,0.5374305555555555
2,27,mouse,1000.0,137,1.0,0.5263888888888889,0.5311527777777778
2,27,mouse,1000.0,219,1.0,0.5197222222222223,0.5317083333333333
2,27,mouse,3000.0,42,1.0,0.43944444444444447,0.4401527777777778
2,27,mouse,3000.0,137,1.0,0.43041666666666667,0.43809722222222225
2,27,mouse,3000.0,219,1.0,0.43263888888888885,0.4381111111111111
2,28,mouse,500.0,137,1.0,0.6126388888888888,0.6179861111111111
2,28,mouse,500.0,219,0.9791666666666666,0.6034722222222223,0.6162222222222222
2,28,mouse,1000.0,42,1.0,0.5218055555555555,0.5216111111111111
2,28,mouse,1000.0,137,1.0,0.5113888888888889,0.5169444444444444
2,29,mouse,100.0,219,0.020833333333333332,0.9295833333333334,0.9528055555555556
2,29,mouse,200.0,42,0.3541666666666667,0.779861111111111,0.7793333333333333
2,29,mouse,200.0,137,0.2916666666666667,0.7740277777777779,0.7765972222222223
2,29,mouse,200.0,219,0.4791666666666667,0.7562500000000001,0.7759305555555556
2,28,mouse,30.0,137,0.0,1.265,1.2610972222222223
2,28,mouse,30.0,219,0.0,1.2416666666666667,1.2622777777777778
2,28,mouse,100.0,42,0.0,1.0033333333333332,0.9938333333333333
2,28,mouse,100.0,137,0.0,0.9909722222222221,0.9880555555555556
2,28,mouse,100.0,219,0.0,0.9684722222222222,0.9885694444444444
2,28,mouse,200.0,42,0.20833333333333334,0.8158333333333333,0.814375
2,28,mouse,200.0,137,0.20833333333333334,0.8126388888888888,0.8127222222222222
2,28,mouse,200.0,219,0.3541666666666667,0.7908333333333334,0.812625
2,28,mouse,350.0,42,0.7916666666666666,0.6891666666666666,0.688625
2,28,mouse,350.0,137,0.8958333333333334,0.68375,0.6857916666666667
2,28,mouse,350.0,219,0.8125,0.6668055555555555,0.6840555555555555
2,28,mouse,500.0,42,0.9791666666666666,0.6244444444444445,0.6233055555555556
2,28,mouse,1000.0,219,1.0,0.5059722222222222,0.5171805555555555
2,28,mouse,3000.0,42,1.0,0.43222222222222223,0.43219444444444444
2,28,mouse,3000.0,137,1.0,0.4206944444444444,0.4296527777777778
2,28,mouse,3000.0,219,1.0,0.4248611111111111,0.4300555555555556
2,29,mouse,10.0,42,0.0,1.4102777777777777,1.4022916666666667
2,29,mouse,10.0,137,0.0,1.3943055555555555,1.393875
2,29,mouse,10.0,219,0.0,1.3791666666666664,1.3946666666666667
2,29,mouse,30.0,42,0.0,1.2586111111111111,1.247375
2,29,mouse,30.0,137,0.0,1.2451388888888888,1.2398055555555556
2,29,mouse,30.0,219,0.0,1.2181944444444444,1.2396527777777777
2,29,mouse,100.0,42,0.0,0.9631944444444445,0.9567638888888889
2,29,mouse,100.0,137,0.0,0.956111111111111,0.9536666666666667
2,29,mouse,500.0,137,1.0,0.5840277777777777,0.5897916666666667
2,29,mouse,500.0,219,1.0,0.5777777777777778,0.590125
2,29,mouse,1000.0,42,1.0,0.5054166666666666,0.5042083333333334
2,29,mouse,1000.0,137,1.0,0.49291666666666667,0.49894444444444447
2,29,mouse,350.0,42,0.875,0.6565277777777778,0.6586388888888889
2,29,mouse,350.0,137,0.9791666666666666,0.6511111111111111,0.6546805555555556
2,29,mouse,350.0,219,0.8958333333333334,0.6379166666666666,0.6525555555555556
2,29,mouse,500.0,42,1.0,0.5968055555555556,0.5966666666666667
2,30,mouse,30.0,137,0.0,1.2851388888888888,1.2825416666666667
2,30,mouse,30.0,219,0.0,1.2651388888888888,1.283875
2,30,mouse,100.0,42,0.0,1.0377777777777777,1.031013888888889
2,30,mouse,100.0,137,0.0,1.0293055555555555,1.0249861111111112
2,30,mouse,100.0,219,0.0,1.0094444444444444,1.0264444444444445
2,30,mouse,200.0,42,0.0625,0.8508333333333334,0.847
2,30,mouse,200.0,137,0.08333333333333333,0.8452777777777777,0.8444583333333333
2,30,mouse,200.0,219,0.1875,0.825138888888889,0.8453611111111111
2,29,mouse,1000.0,219,1.0,0.4879166666666666,0.49977777777777777
2,29,mouse,3000.0,42,1.0,0.42763888888888885,0.42695833333333333
2,29,mouse,3000.0,137,1.0,0.41625,0.4249583333333333
2,29,mouse,3000.0,219,1.0,0.4216666666666667,0.4254861111111111
2,30,mouse,10.0,42,0.0,1.4281944444444445,1.421486111111111
2,30,mouse,10.0,137,0.0,1.4130555555555553,1.4120416666666666
2,30,mouse,10.0,219,0.0,1.3981944444444443,1.4136111111111112
2,30,mouse,30.0,42,0.0,1.3041666666666665,1.2936944444444445
2,31,mouse,350.0,42,0.6875,0.7305555555555555,0.7302222222222222
2,31,mouse,350.0,137,0.6458333333333334,0.7263888888888889,0.7272222222222222
2,31,mouse,350.0,219,0.7708333333333334,0.7040277777777778,0.7244722222222222
2,31,mouse,500.0,42,0.875,0.6598611111111111,0.6632777777777777
2,30,mouse,350.0,42,0.7083333333333334,0.7108333333333334,0.7113333333333334
2,30,mouse,350.0,137,0.75,0.7081944444444445,0.7087361111111111
2,30,mouse,350.0,219,0.7916666666666666,0.6866666666666666,0.7060972222222223
2,30,mouse,500.0,42,0.9583333333333334,0.6372222222222222,0.6391527777777778
2,31,mouse,1000.0,219,1.0,0.5391666666666667,0.5506527777777778
2,31,mouse,3000.0,42,1.0,0.4480555555555556,0.45193055555555556
2,31,mouse,3000.0,137,1.0,0.44166666666666665,0.44872222222222224
2,31,mouse,3000.0,219,1.0,0.4424999999999999,0.4492361111111111
2,30,mouse,500.0,137,1.0,0.6305555555555555,0.6336944444444444
2,30,mouse,500.0,219,0.9375,0.6198611111111111,0.6322777777777778
2,30,mouse,1000.0,42,1.0,0.5288888888888889,0.5294861111111111
2,30,mouse,1000.0,137,1.0,0.5183333333333334,0.5233194444444444
2,32,mouse,10.0,42,0.0,1.4343055555555555,1.4277638888888888
2,32,mouse,10.0,137,0.0,1.419722222222222,1.4178472222222223
2,32,mouse,10.0,219,0.0,1.4036111111111111,1.4195277777777777
2,32,mouse,30.0,42,0.0,1.314861111111111,1.3041527777777777
2,31,mouse,10.0,42,0.0,1.4131944444444446,1.40525
2,31,mouse,10.0,137,0.0,1.3980555555555556,1.3968888888888888
2,31,mouse,10.0,219,0.0,1.3820833333333333,1.3976527777777779
2,31,mouse,30.0,42,0.0,1.2759722222222223,1.26475
2,30,mouse,1000.0,219,1.0,0.5133333333333333,0.523875
2,30,mouse,3000.0,42,1.0,0.43416666666666665,0.4347638888888889
2,30,mouse,3000.0,137,1.0,0.425,0.432875
2,30,mouse,3000.0,219,1.0,0.4280555555555556,0.4330555555555556
2,31,mouse,100.0,219,0.0,0.9848611111111113,1.0055
2,31,mouse,200.0,42,0.041666666666666664,0.8533333333333332,0.8486527777777778
2,31,mouse,200.0,137,0.08333333333333333,0.8468055555555555,0.8464166666666667
2,31,mouse,200.0,219,0.16666666666666666,0.8261111111111111,0.8471666666666666
2,31,mouse,30.0,137,0.0,1.2619444444444445,1.2555972222222223
2,31,mouse,30.0,219,0.0,1.2363888888888888,1.255375
2,31,mouse,100.0,42,0.0,1.0202777777777776,1.01125
2,31,mouse,100.0,137,0.0,1.0072222222222222,1.0052916666666667
2,31,mouse,500.0,137,0.9583333333333334,0.6547222222222222,0.6586527777777778
2,31,mouse,500.0,219,0.875,0.6425,0.6561666666666667
2,31,mouse,1000.0,42,1.0,0.5559722222222222,0.5569166666666666
2,31,mouse,1000.0,137,1.0,0.5465277777777778,0.5506944444444445
2,32,mouse,350.0,42,0.6666666666666666,0.7320833333333333,0.7306944444444444
2,32,mouse,350.0,137,0.6458333333333334,0.7270833333333333,0.7284166666666667
2,32,mouse,350.0,219,0.75,0.7051388888888889,0.7259583333333334
2,32,mouse,500.0,42,0.875,0.6569444444444444,0.6589166666666667
2,32,mouse,30.0,137,0.0,1.2956944444444447,1.2928055555555555
2,32,mouse,30.0,219,0.0,1.2758333333333332,1.294638888888889
2,32,mouse,100.0,42,0.0,1.0497222222222222,1.0439444444444443
2,32,mouse,100.0,137,0.0,1.042361111111111,1.0372916666666667
2,32,mouse,1000.0,219,1.0,0.53125,0.5424583333333334
2,32,mouse,3000.0,42,1.0,0.44222222222222224,0.44390277777777776
2,32,mouse,3000.0,137,1.0,0.4330555555555556,0.44056944444444446
2,32,mouse,3000.0,219,1.0,0.43486111111111114,0.44106944444444446
2,33,mouse,30.0,137,0.0,1.3218055555555555,1.319
2,33,mouse,30.0,219,0.0,1.3025,1.3199027777777779
2,33,mouse,100.0,42,0.0,1.0888888888888888,1.0786527777777777
2,33,mouse,100.0,137,0.0,1.0776388888888888,1.0714583333333334
2,32,mouse,100.0,219,0.0,1.0216666666666667,1.0388333333333333
2,32,mouse,200.0,42,0.041666666666666664,0.8666666666666667,0.8634861111111111
2,32,mouse,200.0,137,0.08333333333333333,0.8625000000000002,0.8614166666666667
2,32,mouse,200.0,219,0.125,0.8401388888888889,0.8615972222222222
2,32,mouse,500.0,137,0.9791666666666666,0.6518055555555556,0.6546944444444445
2,32,mouse,500.0,219,0.8958333333333334,0.6394444444444445,0.6533194444444445
2,32,mouse,1000.0,42,1.0,0.5479166666666667,0.5480138888888889
2,32,mouse,1000.0,137,1.0,0.5384722222222221,0.5426805555555556
2,33,mouse,10.0,42,0.0,1.4470833333333335,1.44075
2,33,mouse,10.0,137,0.0,1.4316666666666666,1.4304583333333334
2,33,mouse,10.0,219,0.0,1.4159722222222222,1.4315833333333334
2,33,mouse,30.0,42,0.0,1.3395833333333336,1.3298055555555555
2,34,mouse,30.0,137,0.0,1.21125,1.2059583333333332
2,34,mouse,30.0,219,0.0,1.1854166666666668,1.2056111111111112
2,34,mouse,100.0,42,0.0,0.9365277777777777,0.9324861111111111
2,34,mouse,100.0,137,0.020833333333333332,0.9334722222222221,0.9300972222222222
2,33,mouse,100.0,219,0.0,1.0554166666666667,1.0738333333333334
2,33,mouse,200.0,42,0.020833333333333332,0.8947222222222222,0.8909722222222223
2,33,mouse,200.0,137,0.020833333333333332,0.8916666666666666,0.8889722222222223
2,33,mouse,200.0,219,0.08333333333333333,0.8670833333333334,0.8890694444444445
2,33,mouse,350.0,42,0.5625,0.7512500000000001,0.7492638888888888
2,33,mouse,350.0,137,0.5416666666666666,0.7440277777777778,0.7454722222222222
2,33,mouse,350.0,219,0.6458333333333334,0.7245833333333334,0.743625
2,33,mouse,500.0,42,0.875,0.6658333333333334,0.6704722222222222
2,33,mouse,500.0,137,0.9583333333333334,0.663611111111111,0.6666111111111112
2,33,mouse,500.0,219,0.8541666666666666,0.6506944444444445,0.6649583333333333
2,33,mouse,1000.0,42,1.0,0.5525,0.5530833333333334
2,33,mouse,1000.0,137,1.0,0.5431944444444444,0.5470555555555555
2,33,mouse,1000.0,219,1.0,0.535,0.5473333333333333
2,33,mouse,3000.0,42,1.0,0.44541666666666674,0.44769444444444445
2,33,mouse,3000.0,137,1.0,0.4373611111111111,0.4447083333333333
2,33,mouse,3000.0,219,1.0,0.4384722222222222,0.44440277777777776
2,34,mouse,350.0,42,0.8958333333333334,0.6551388888888889,0.6579027777777777
2,34,mouse,350.0,137,0.9583333333333334,0.6509722222222222,0.6540972222222222
2,34,mouse,350.0,219,0.8958333333333334,0.6369444444444444,0.6516666666666666
2,34,mouse,500.0,42,1.0,0.5998611111111111,0.5996111111111111
2,34,mouse,10.0,42,0.0,1.3898611111111112,1.382375
2,34,mouse,10.0,137,0.0,1.3723611111111111,1.3730277777777777
2,34,mouse,10.0,219,0.0,1.3563888888888889,1.3739444444444444
2,34,mouse,30.0,42,0.0,1.224722222222222,1.2135
2,34,mouse,500.0,137,1.0,0.5866666666666668,0.592375
2,34,mouse,500.0,219,1.0,0.5802777777777778,0.5926388888888889
2,34,mouse,1000.0,42,1.0,0.51125,0.5105277777777778
2,34,mouse,1000.0,137,1.0,0.49847222222222226,0.5049166666666667
2,34,mouse,100.0,219,0.041666666666666664,0.9043055555555556,0.9299583333333333
2,34,mouse,200.0,42,0.3958333333333333,0.7708333333333334,0.7697638888888889
2,34,mouse,200.0,137,0.375,0.7656944444444443,0.7664861111111111
2,34,mouse,200.0,219,0.5208333333333334,0.7447222222222223,0.7657638888888889
2,35,mouse,100.0,219,0.0,1.0366666666666666,1.0541944444444444
2,35,mouse,200.0,42,0.020833333333333332,0.9044444444444446,0.8977083333333333
2,35,mouse,200.0,137,0.020833333333333332,0.8965277777777777,0.8952083333333334
2,35,mouse,200.0,219,0.10416666666666667,0.8744444444444444,0.8956111111111111
2,34,mouse,1000.0,219,1.0,0.49361111111111117,0.5054166666666666
2,34,mouse,3000.0,42,1.0,0.43069444444444444,0.430875
2,34,mouse,3000.0,137,1.0,0.42125000000000007,0.4292222222222222
2,34,mouse,3000.0,219,1.0,0.4248611111111111,0.42977777777777776
2,36,mouse,30.0,137,0.0,1.2626388888888889,1.258013888888889
2,36,mouse,30.0,219,0.0,1.24,1.2580277777777777
2,36,mouse,100.0,42,0.0,1.0023611111111113,0.9943611111111111
2,36,mouse,100.0,137,0.0,0.9909722222222221,0.9881527777777778
2,35,mouse,10.0,42,0.0,1.4319444444444442,1.4250277777777778
2,35,mouse,10.0,137,0.0,1.4158333333333335,1.4151111111111112
2,35,mouse,10.0,219,0.0,1.4026388888888885,1.4170416666666668
2,35,mouse,30.0,42,0.0,1.3125,1.3027222222222221
2,36,mouse,350.0,42,0.7708333333333334,0.6976388888888888,0.6972777777777778
2,36,mouse,350.0,137,0.8333333333333334,0.6945833333333334,0.6949861111111111
2,36,mouse,350.0,219,0.7916666666666666,0.6740277777777779,0.6918333333333333
2,36,mouse,500.0,42,0.9583333333333334,0.6329166666666667,0.6337083333333333
2,35,mouse,30.0,137,0.0,1.2929166666666667,1.291111111111111
2,35,mouse,30.0,219,0.0,1.2736111111111112,1.291986111111111
2,35,mouse,100.0,42,0.0,1.0708333333333335,1.0596944444444445
2,35,mouse,100.0,137,0.0,1.0597222222222225,1.0539583333333333
2,35,mouse,350.0,42,0.375,0.774861111111111,0.7729166666666667
2,35,mouse,350.0,137,0.3333333333333333,0.767638888888889,0.7690416666666666
2,35,mouse,350.0,219,0.5208333333333334,0.7497222222222222,0.76975
2,35,mouse,500.0,42,0.6875,0.7047222222222222,0.7027638888888889
2,35,mouse,500.0,137,0.8333333333333334,0.6998611111111112,0.6989444444444445
2,35,mouse,500.0,219,0.8125,0.6801388888888887,0.6961666666666667
2,35,mouse,1000.0,42,1.0,0.5893055555555556,0.5883194444444444
2,35,mouse,1000.0,137,1.0,0.5741666666666667,0.5815277777777778
2,35,mouse,1000.0,219,1.0,0.5663888888888889,0.5805277777777778
2,35,mouse,3000.0,42,1.0,0.46694444444444444,0.47106944444444443
2,35,mouse,3000.0,137,1.0,0.4597222222222222,0.46670833333333334
2,35,mouse,3000.0,219,1.0,0.4601388888888889,0.4674583333333333
2,36,mouse,10.0,42,0.0,1.4174999999999998,1.409736111111111
2,36,mouse,10.0,137,0.0,1.4019444444444444,1.4012083333333334
2,36,mouse,10.0,219,0.0,1.3866666666666667,1.4023611111111112
2,36,mouse,30.0,42,0.0,1.2795833333333333,1.2677777777777777
2,36,mouse,100.0,219,0.0,0.9669444444444443,0.98775
2,36,mouse,200.0,42,0.16666666666666666,0.819861111111111,0.8188888888888889
2,36,mouse,200.0,137,0.1875,0.8180555555555555,0.8167638888888888
2,36,mouse,200.0,219,0.2916666666666667,0.7956944444444444,0.8166111111111111
2,36,mouse,1000.0,219,1.0,0.518611111111111,0.5295555555555556
2,36,mouse,3000.0,42,1.0,0.4429166666666667,0.4442083333333333
2,36,mouse,3000.0,137,1.0,0.43347222222222226,0.4417916666666667
2,36,mouse,3000.0,219,1.0,0.4363888888888889,0.44140277777777776
2,37,mouse,30.0,137,0.0,1.2840277777777778,1.280861111111111
2,37,mouse,30.0,219,0.0,1.26375,1.2820972222222222
2,37,mouse,100.0,42,0.0,1.0345833333333332,1.02675
2,37,mouse,100.0,137,0.0,1.0252777777777777,1.0209166666666667
2,36,mouse,500.0,137,1.0,0.6230555555555556,0.6283472222222222
2,36,mouse,500.0,219,0.9791666666666666,0.6126388888888888,0.6266111111111111
2,36,mouse,1000.0,42,1.0,0.53375,0.5354861111111111
2,36,mouse,1000.0,137,1.0,0.52375,0.5289027777777778
2,37,mouse,350.0,42,0.7083333333333334,0.7183333333333334,0.71825
2,37,mouse,350.0,137,0.6875,0.7152777777777777,0.7158333333333333
2,37,mouse,350.0,219,0.7708333333333334,0.6941666666666665,0.7134861111111112
2,37,mouse,500.0,42,0.8958333333333334,0.6475,0.6489722222222222
2,37,mouse,10.0,42,0.0,1.4291666666666665,1.4220416666666666
2,37,mouse,10.0,137,0.0,1.4134722222222222,1.4126527777777778
2,37,mouse,10.0,219,0.0,1.3983333333333334,1.4140416666666666
2,37,mouse,30.0,42,0.0,1.3033333333333335,1.2921527777777777
2,38,mouse,500.0,137,0.6875,0.719861111111111,0.7186388888888889
2,38,mouse,500.0,219,0.75,0.7002777777777777,0.7164861111111112
2,38,mouse,1000.0,42,1.0,0.5866666666666668,0.5867222222222223
2,38,mouse,1000.0,137,1.0,0.5730555555555555,0.5795694444444445
2,37,mouse,100.0,219,0.0,1.0054166666666664,1.0224166666666668
2,37,mouse,200.0,42,0.0625,0.8518055555555555,0.8476805555555555
2,37,mouse,200.0,137,0.08333333333333333,0.8454166666666666,0.8453611111111111
2,37,mouse,200.0,219,0.16666666666666666,0.8248611111111112,0.8459027777777778
2,37,mouse,500.0,137,0.9791666666666666,0.6402777777777778,0.6443611111111112
2,37,mouse,500.0,219,0.8958333333333334,0.6290277777777779,0.6426388888888889
2,37,mouse,1000.0,42,1.0,0.5409722222222223,0.5420972222222222
2,37,mouse,1000.0,137,1.0,0.5315277777777777,0.5358333333333334
2,37,mouse,1000.0,219,1.0,0.5251388888888889,0.5364444444444444
2,37,mouse,3000.0,42,1.0,0.44263888888888897,0.444375
2,37,mouse,3000.0,137,1.0,0.43333333333333335,0.4415833333333333
2,37,mouse,3000.0,219,1.0,0.43597222222222215,0.44172222222222224
2,38,mouse,1000.0,219,1.0,0.5636111111111112,0.5789027777777778
2,38,mouse,3000.0,42,1.0,0.45902777777777776,0.46447222222222223
2,38,mouse,3000.0,137,1.0,0.45416666666666666,0.46045833333333336
2,38,mouse,3000.0,219,1.0,0.45333333333333337,0.46070833333333333
2,38,mouse,10.0,42,0.0,1.4734722222222223,1.4664305555555555
2,38,mouse,10.0,137,0.0,1.4530555555555555,1.4551666666666667
2,38,mouse,10.0,219,0.0,1.443888888888889,1.4565694444444444
2,38,mouse,30.0,42,0.0,1.394861111111111,1.3853888888888888
2,38,mouse,30.0,137,0.0,1.3734722222222222,1.3765138888888888
2,38,mouse,30.0,219,0.0,1.3623611111111114,1.3769166666666666
2,38,mouse,100.0,42,0.0,1.1768055555555554,1.1675972222222222
2,38,mouse,100.0,137,0.0,1.1659722222222222,1.15975
2,39,mouse,30.0,137,0.0,1.2681944444444444,1.2658472222222221
2,39,mouse,30.0,219,0.0,1.2469444444444446,1.2665694444444444
2,39,mouse,100.0,42,0.0,1.0029166666666667,0.9950555555555556
2,39,mouse,100.0,137,0.0,0.99125,0.9889305555555555
2,38,mouse,100.0,219,0.0,1.14375,1.160236111111111
2,38,mouse,200.0,42,0.0,0.9836111111111111,0.9740555555555556
2,38,mouse,200.0,137,0.020833333333333332,0.9713888888888889,0.9695555555555555
2,38,mouse,200.0,219,0.0,0.9476388888888888,0.967875
2,38,mouse,350.0,42,0.20833333333333334,0.8150000000000001,0.81175
2,38,mouse,350.0,137,0.1875,0.8072222222222223,0.8078611111111111
2,38,mouse,350.0,219,0.3333333333333333,0.7893055555555556,0.809625
2,38,mouse,500.0,42,0.6666666666666666,0.7248611111111112,0.7221805555555556
2,39,mouse,350.0,42,0.8125,0.6916666666666668,0.6899305555555556
2,39,mouse,350.0,137,0.8958333333333334,0.6863888888888888,0.6866388888888889
2,39,mouse,350.0,219,0.8125,0.6675,0.684125
2,39,mouse,500.0,42,0.9583333333333334,0.6266666666666667,0.62675
2,39,mouse,10.0,42,0.0,1.4230555555555557,1.415861111111111
2,39,mouse,10.0,137,0.0,1.407638888888889,1.4067222222222222
2,39,mouse,10.0,219,0.0,1.3920833333333331,1.4083611111111112
2,39,mouse,30.0,42,0.0,1.2891666666666666,1.2766527777777779
2,39,mouse,100.0,219,0.0,0.9677777777777777,0.9885972222222222
2,39,mouse,200.0,42,0.1875,0.8143055555555555,0.8129861111111111
2,39,mouse,200.0,137,0.22916666666666666,0.8122222222222222,0.8108055555555556
2,39,mouse,200.0,219,0.3333333333333333,0.7906944444444445,0.8108055555555556
2,40,mouse,30.0,137,0.0,1.3697222222222223,1.37275
2,40,mouse,30.0,219,0.0,1.35875,1.3734305555555555
2,40,mouse,100.0,42,0.0,1.1806944444444445,1.1712916666666666
2,40,mouse,100.0,137,0.0,1.1690277777777778,1.1627777777777777
2,40,mouse,500.0,137,0.5416666666666666,0.7430555555555557,0.74275
2,40,mouse,500.0,219,0.6666666666666666,0.7231944444444446,0.7423055555555556
2,40,mouse,1000.0,42,1.0,0.6102777777777778,0.6096388888888888
2,40,mouse,1000.0,137,1.0,0.5981944444444444,0.6023333333333334
2,39,mouse,500.0,137,1.0,0.61625,0.6210694444444445
2,39,mouse,500.0,219,0.9791666666666666,0.6069444444444444,0.6200416666666667
2,39,mouse,1000.0,42,1.0,0.5277777777777778,0.5304166666666666
2,39,mouse,1000.0,137,1.0,0.5180555555555556,0.5247083333333333
2,39,mouse,1000.0,219,1.0,0.5141666666666667,0.525125
2,39,mouse,3000.0,42,1.0,0.44236111111111115,0.44331944444444443
2,39,mouse,3000.0,137,1.0,0.43277777777777776,0.44093055555555555
2,39,mouse,3000.0,219,1.0,0.4366666666666667,0.44098611111111113
2,40,mouse,10.0,42,0.0,1.4727777777777777,1.4642638888888888
2,40,mouse,10.0,137,0.0,1.4515277777777778,1.4532916666666666
2,40,mouse,10.0,219,0.0,1.4412500000000001,1.4544027777777777
2,40,mouse,30.0,42,0.0,1.3906944444444445,1.3818055555555555
2,40,mouse,100.0,219,0.0,1.1472222222222221,1.1636111111111112
2,40,mouse,200.0,42,0.0,0.9977777777777779,0.9883333333333333
2,40,mouse,200.0,137,0.0,0.9884722222222222,0.9839305555555555
2,40,mouse,200.0,219,0.0,0.9622222222222222,0.9815694444444445
2,40,mouse,350.0,42,0.08333333333333333,0.8390277777777779,0.8331527777777777
2,40,mouse,350.0,137,0.10416666666666667,0.8305555555555556,0.8301805555555556
2,40,mouse,350.0,219,0.20833333333333334,0.8120833333333333,0.8323055555555555
2,40,mouse,500.0,42,0.5416666666666666,0.7466666666666667,0.7465694444444444
2,41,mouse,30.0,137,0.0,1.2486111111111111,1.2432916666666667
2,41,mouse,30.0,219,0.0,1.2241666666666664,1.2438333333333333
2,41,mouse,100.0,42,0.0,0.9797222222222222,0.9723333333333334
2,41,mouse,100.0,137,0.0,0.9694444444444444,0.9673888888888889
2,41,mouse,10.0,42,0.0,1.4108333333333334,1.4027361111111112
2,41,mouse,10.0,137,0.0,1.394861111111111,1.3942777777777777
2,41,mouse,10.0,219,0.0,1.3794444444444445,1.3949583333333333
2,41,mouse,30.0,42,0.0,1.261388888888889,1.2513888888888889
2,40,mouse,1000.0,219,0.9791666666666666,0.5876388888888889,0.6024166666666667
2,40,mouse,3000.0,42,1.0,0.4726388888888889,0.47723611111111114
2,40,mouse,3000.0,137,1.0,0.46472222222222226,0.47165277777777775
2,40,mouse,3000.0,219,1.0,0.4658333333333333,0.4731944444444444
2,41,mouse,500.0,137,1.0,0.6119444444444444,0.6171805555555555
2,41,mouse,500.0,219,1.0,0.6036111111111112,0.6164166666666666
2,41,mouse,1000.0,42,1.0,0.5270833333333333,0.5281666666666667
2,41,mouse,1000.0,137,1.0,0.51625,0.5221666666666667
2,41,mouse,1000.0,219,1.0,0.5113888888888888,0.5224027777777778
2,41,mouse,3000.0,42,1.0,0.43999999999999995,0.4405277777777778
2,41,mouse,3000.0,137,1.0,0.42972222222222217,0.43844444444444447
2,41,mouse,3000.0,219,1.0,0.43319444444444444,0.43859722222222225
2,41,mouse,100.0,219,0.020833333333333332,0.9452777777777778,0.9675972222222222
2,41,mouse,200.0,42,0.25,0.8016666666666667,0.8001666666666667
2,41,mouse,200.0,137,0.25,0.7994444444444445,0.7979861111111111
2,41,mouse,200.0,219,0.4166666666666667,0.7776388888888889,0.7979861111111111
2,41,mouse,350.0,42,0.8541666666666666,0.6833333333333332,0.6836111111111111
2,41,mouse,350.0,137,0.8958333333333334,0.6784722222222221,0.6805416666666667
2,41,mouse,350.0,219,0.8541666666666666,0.6606944444444444,0.6780972222222222
2,41,mouse,500.0,42,0.9583333333333334,0.6236111111111111,0.6229166666666667
2,42,mouse,1000.0,219,1.0,0.5444444444444444,0.5575694444444445
2,42,mouse,3000.0,42,1.0,0.4543055555555555,0.459125
2,42,mouse,3000.0,137,1.0,0.4475,0.45513888888888887
2,42,mouse,3000.0,219,1.0,0.4501388888888889,0.45561111111111113
2,42,mouse,10.0,42,0.0,1.4236111111111114,1.4169305555555556
2,42,mouse,10.0,137,0.0,1.4086111111111113,1.4076388888888889
2,42,mouse,10.0,219,0.0,1.3931944444444444,1.4091944444444444
2,42,mouse,30.0,42,0.0,1.2968055555555555,1.2857777777777777
2,43,mouse,100.0,219,0.0,1.1216666666666668,1.1419861111111111
2,43,mouse,200.0,42,0.0,0.9715277777777778,0.9637777777777777
2,43,mouse,200.0,137,0.0,0.9619444444444444,0.9598194444444444
2,43,mouse,200.0,219,0.020833333333333332,0.9365277777777777,0.9598333333333333
2,42,mouse,30.0,137,0.0,1.2773611111111112,1.274375
2,42,mouse,30.0,219,0.0,1.25625,1.2758472222222221
2,42,mouse,100.0,42,0.0,1.0416666666666667,1.0331805555555555
2,42,mouse,100.0,137,0.0,1.0329166666666667,1.027013888888889
2,42,mouse,100.0,219,0.0,1.0118055555555554,1.028375
2,42,mouse,200.0,42,0.020833333333333332,0.8702777777777778,0.8658472222222222
2,42,mouse,200.0,137,0.041666666666666664,0.8649999999999999,0.8635
2,42,mouse,200.0,219,0.14583333333333334,0.84375,0.864875
2,43,mouse,350.0,42,0.20833333333333334,0.8108333333333334,0.8089305555555556
2,43,mouse,350.0,137,0.25,0.8066666666666666,0.806625
2,43,mouse,350.0,219,0.375,0.7870833333333332,0.8069722222222222
2,43,mouse,500.0,42,0.6875,0.7230555555555555,0.7227361111111111
2,42,mouse,350.0,42,0.6041666666666666,0.7461111111111111,0.7441111111111111
2,42,mouse,350.0,137,0.5833333333333334,0.7391666666666666,0.7403611111111111
2,42,mouse,350.0,219,0.6666666666666666,0.7191666666666666,0.7377777777777778
2,42,mouse,500.0,42,0.875,0.6688888888888888,0.6738055555555555
2,42,mouse,500.0,137,0.9583333333333334,0.6675000000000001,0.66925
2,42,mouse,500.0,219,0.8541666666666666,0.6530555555555556,0.6675833333333333
2,42,mouse,1000.0,42,1.0,0.564861111111111,0.5645972222222222
2,42,mouse,1000.0,137,1.0,0.5543055555555556,0.5582916666666666
2,43,mouse,10.0,42,0.0,1.4654166666666668,1.4578472222222223
2,43,mouse,10.0,137,0.0,1.4459722222222222,1.4466805555555555
2,43,mouse,10.0,219,0.0,1.4352777777777777,1.4479583333333332
2,43,mouse,30.0,42,0.0,1.3745833333333335,1.3681388888888888
2,43,mouse,30.0,137,0.0,1.3573611111111112,1.3593333333333333
2,43,mouse,30.0,219,0.0,1.3408333333333333,1.3593472222222223
2,43,mouse,100.0,42,0.0,1.1580555555555556,1.1475972222222222
2,43,mouse,100.0,137,0.0,1.1486111111111112,1.1413472222222223
2,44,mouse,10.0,42,0.0,1.4481944444444446,1.4416805555555556
2,44,mouse,10.0,137,0.0,1.4325,1.4314444444444445
2,44,mouse,10.0,219,0.0,1.4183333333333332,1.4327777777777777
2,44,mouse,30.0,42,0.0,1.3481944444444445,1.3390277777777777
2,43,mouse,500.0,137,0.6875,0.7188888888888889,0.7188611111111111
2,43,mouse,500.0,219,0.7708333333333334,0.6968055555555556,0.7167222222222223
2,43,mouse,1000.0,42,1.0,0.5859722222222222,0.5856805555555555
2,43,mouse,1000.0,137,1.0,0.57375,0.5786527777777778
2,44,mouse,100.0,219,0.0,1.09125,1.1106666666666667
2,44,mouse,200.0,42,0.0,0.9502777777777777,0.9445
2,44,mouse,200.0,137,0.020833333333333332,0.9444444444444443,0.9414166666666667
2,44,mouse,200.0,219,0.020833333333333332,0.9152777777777779,0.941
2,43,mouse,1000.0,219,1.0,0.5659722222222222,0.5788194444444444
2,43,mouse,3000.0,42,1.0,0.4575,0.4592361111111111
2,43,mouse,3000.0,137,1.0,0.44930555555555557,0.45544444444444443
2,43,mouse,3000.0,219,1.0,0.4481944444444445,0.45629166666666665
2,44,mouse,1000.0,219,1.0,0.5776388888888889,0.5894305555555556
2,44,mouse,3000.0,42,1.0,0.4658333333333333,0.46623611111111113
2,44,mouse,3000.0,137,1.0,0.4541666666666666,0.46118055555555554
2,44,mouse,3000.0,219,1.0,0.45388888888888895,0.46229166666666666
2,44,mouse,30.0,137,0.0,1.3287499999999999,1.3276527777777778
2,44,mouse,30.0,219,0.0,1.3094444444444442,1.328513888888889
2,44,mouse,100.0,42,0.0,1.1231944444444444,1.113888888888889
2,44,mouse,100.0,137,0.0,1.1175,1.1080555555555556
2,44,mouse,350.0,42,0.22916666666666666,0.8052777777777779,0.805375
2,44,mouse,350.0,137,0.22916666666666666,0.8041666666666666,0.8037222222222222
2,44,mouse,350.0,219,0.3958333333333333,0.7826388888888888,0.802875
2,44,mouse,500.0,42,0.7083333333333334,0.725138888888889,0.7248194444444445
2,45,mouse,500.0,137,0.4791666666666667,0.7559722222222222,0.7568611111111111
2,45,mouse,500.0,219,0.5625,0.7351388888888888,0.7562222222222222
2,45,mouse,1000.0,42,1.0,0.6190277777777777,0.619375
2,45,mouse,1000.0,137,1.0,0.6080555555555556,0.6132083333333334
2,44,mouse,500.0,137,0.6458333333333334,0.7213888888888889,0.7225277777777778
2,44,mouse,500.0,219,0.7708333333333334,0.6995833333333333,0.7198194444444445
2,44,mouse,1000.0,42,1.0,0.5956944444444444,0.5963472222222223
2,44,mouse,1000.0,137,1.0,0.5840277777777778,0.5892777777777778
2,45,mouse,10.0,42,0.0,1.4606944444444447,1.4530972222222223
2,45,mouse,10.0,137,0.0,1.4415277777777777,1.4421666666666666
2,45,mouse,10.0,219,0.0,1.4312500000000001,1.4435833333333334
2,45,mouse,30.0,42,0.0,1.369027777777778,1.3630277777777777
2,45,mouse,100.0,219,0.0,1.1330555555555555,1.1523194444444445
2,45,mouse,200.0,42,0.0,1.00125,0.9918888888888889
2,45,mouse,200.0,137,0.0,0.9897222222222223,0.9871527777777778
2,45,mouse,200.0,219,0.0,0.9640277777777778,0.9860277777777777
2,45,mouse,30.0,137,0.0,1.3516666666666668,1.3535277777777779
2,45,mouse,30.0,219,0.0,1.3361111111111112,1.3537222222222223
2,45,mouse,100.0,42,0.0,1.1681944444444445,1.1577083333333333
2,45,mouse,100.0,137,0.0,1.1601388888888888,1.1517777777777778
2,46,mouse,10.0,42,0.0,1.4223611111111112,1.4148055555555556
2,46,mouse,10.0,137,0.0,1.4061111111111113,1.4053888888888888
2,46,mouse,10.0,219,0.0,1.391527777777778,1.4072361111111111
2,46,mouse,30.0,42,0.0,1.28875,1.2759583333333333
2,45,mouse,350.0,42,0.0625,0.8484722222222222,0.8459722222222222
2,45,mouse,350.0,137,0.0625,0.8436111111111112,0.8433472222222222
2,45,mouse,350.0,219,0.22916666666666666,0.8265277777777778,0.8452083333333333
2,45,mouse,500.0,42,0.4375,0.7622222222222222,0.7603888888888889
2,46,mouse,100.0,219,0.0,0.9747222222222222,0.9950277777777777
2,46,mouse,200.0,42,0.20833333333333334,0.8227777777777777,0.8212222222222222
2,46,mouse,200.0,137,0.14583333333333334,0.81875,0.8196805555555555
2,46,mouse,200.0,219,0.25,0.7990277777777778,0.819625
2,45,mouse,1000.0,219,0.9791666666666666,0.6,0.6132222222222222
2,45,mouse,3000.0,42,1.0,0.4770833333333333,0.4787638888888889
2,45,mouse,3000.0,137,1.0,0.46694444444444444,0.4731388888888889
2,45,mouse,3000.0,219,1.0,0.4648611111111111,0.4744027777777778
2,46,mouse,30.0,137,0.0,1.268888888888889,1.265486111111111
2,46,mouse,30.0,219,0.0,1.2481944444444444,1.2669444444444444
2,46,mouse,100.0,42,0.0,1.0105555555555557,1.001
2,46,mouse,100.0,137,0.0,0.9963888888888889,0.9948333333333333
2,46,mouse,1000.0,219,1.0,0.5088888888888888,0.5199583333333333
2,46,mouse,3000.0,42,1.0,0.43291666666666667,0.43393055555555554
2,46,mouse,3000.0,137,1.0,0.42375,0.432125
2,46,mouse,3000.0,219,1.0,0.42749999999999994,0.4324861111111111
2,46,mouse,350.0,42,0.75,0.6963888888888888,0.695
2,46,mouse,350.0,137,0.8333333333333334,0.6901388888888889,0.6923333333333334
2,46,mouse,350.0,219,0.7916666666666666,0.6705555555555556,0.6898472222222222
2,46,mouse,500.0,42,0.9583333333333334,0.6283333333333333,0.62825
2,48,mouse,10.0,42,0.0,1.4418055555555558,1.4355277777777777
2,48,mouse,10.0,137,0.0,1.4277777777777778,1.425875
2,48,mouse,10.0,219,0.0,1.412222222222222,1.4273333333333333
2,48,mouse,30.0,42,0.0,1.3391666666666666,1.3275555555555556
2,46,mouse,500.0,137,1.0,0.6175,0.6231805555555555
2,46,mouse,500.0,219,0.9791666666666666,0.6098611111111111,0.6214166666666666
2,46,mouse,1000.0,42,1.0,0.52375,0.5251944444444444
2,46,mouse,1000.0,137,1.0,0.5152777777777778,0.5195972222222223
2,47,mouse,10.0,42,0.0,1.4469444444444444,1.4401388888888889
2,47,mouse,10.0,137,0.0,1.4304166666666667,1.4291527777777777
2,47,mouse,10.0,219,0.0,1.416388888888889,1.4315694444444444
2,47,mouse,30.0,42,0.0,1.3434722222222222,1.3344722222222223
2,47,mouse,500.0,137,0.6041666666666666,0.7331944444444444,0.7322638888888889
2,47,mouse,500.0,219,0.6875,0.7122222222222222,0.731125
2,47,mouse,1000.0,42,1.0,0.6102777777777778,0.6095416666666666
2,47,mouse,1000.0,137,1.0,0.5977777777777779,0.6027777777777777
2,47,mouse,100.0,219,0.0,1.0876388888888888,1.1062916666666667
2,47,mouse,200.0,42,0.0,0.9541666666666666,0.9476805555555555
2,47,mouse,200.0,137,0.020833333333333332,0.9452777777777778,0.9438611111111112
2,47,mouse,200.0,219,0.020833333333333332,0.9220833333333335,0.9435277777777777
2,48,mouse,30.0,137,0.0,1.3193055555555555,1.3168055555555556
2,48,mouse,30.0,219,0.0,1.2995833333333333,1.3176666666666668
2,48,mouse,100.0,42,0.0,1.1091666666666666,1.1001944444444445
2,48,mouse,100.0,137,0.0,1.1015277777777779,1.0947777777777778
2,47,mouse,30.0,137,0.0,1.3240277777777776,1.3242916666666666
2,47,mouse,30.0,219,0.0,1.3068055555555553,1.3249722222222222
2,47,mouse,100.0,42,0.0,1.1241666666666668,1.1129027777777778
2,47,mouse,100.0,137,0.0,1.1144444444444443,1.1057222222222223
2,47,mouse,350.0,42,0.16666666666666666,0.8169444444444444,0.8126388888888889
2,47,mouse,350.0,137,0.20833333333333334,0.8097222222222222,0.8097638888888888
2,47,mouse,350.0,219,0.3125,0.791111111111111,0.8113333333333334
2,47,mouse,500.0,42,0.6458333333333334,0.7370833333333332,0.7358194444444445
2,48,mouse,100.0,219,0.0,1.0779166666666666,1.0966944444444444
2,48,mouse,200.0,42,0.0,0.9381944444444444,0.9340555555555555
2,48,mouse,200.0,137,0.020833333333333332,0.9352777777777778,0.9316805555555555
2,48,mouse,200.0,219,0.041666666666666664,0.9054166666666665,0.9311388888888888
2,47,mouse,1000.0,219,0.9791666666666666,0.5888888888888889,0.6026944444444444
2,47,mouse,3000.0,42,1.0,0.47527777777777774,0.4794305555555556
2,47,mouse,3000.0,137,1.0,0.4677777777777778,0.474375
2,47,mouse,3000.0,219,1.0,0.4679166666666667,0.476
2,48,mouse,1000.0,219,1.0,0.5755555555555555,0.5875277777777778
2,48,mouse,3000.0,42,1.0,0.46444444444444444,0.46547222222222223
2,48,mouse,3000.0,137,1.0,0.4541666666666666,0.46058333333333334
2,48,mouse,3000.0,219,1.0,0.45361111111111113,0.46176388888888886
2,49,mouse,500.0,137,1.0,0.6433333333333334,0.6462083333333334
2,49,mouse,500.0,219,0.9166666666666666,0.6313888888888889,0.6445833333333333
2,49,mouse,1000.0,42,1.0,0.555138888888889,0.5548333333333333
2,49,mouse,1000.0,137,1.0,0.5445833333333333,0.5489583333333333
2,49,mouse,100.0,219,0.020833333333333332,0.9406944444444445,0.9636388888888889
2,49,mouse,200.0,42,0.16666666666666666,0.8177777777777777,0.8155694444444445
2,49,mouse,200.0,137,0.1875,0.8158333333333333,0.8140277777777778
2,49,mouse,200.0,219,0.3333333333333333,0.7945833333333333,0.8143055555555555
2,49,mouse,350.0,42,0.7083333333333334,0.7125,0.7105694444444445
2,49,mouse,350.0,137,0.75,0.7063888888888888,0.7067777777777777
2,49,mouse,350.0,219,0.7708333333333334,0.6859722222222221,0.7046527777777778
2,49,mouse,500.0,42,0.875,0.6480555555555556,0.6514722222222222
2,49,mouse,1000.0,219,1.0,0.5366666666666666,0.5482777777777778
2,49,mouse,3000.0,42,1.0,0.45444444444444443,0.45911111111111114
2,49,mouse,3000.0,137,1.0,0.4472222222222222,0.45472222222222225
2,49,mouse,3000.0,219,1.0,0.4484722222222222,0.4548888888888889
2,48,mouse,350.0,42,0.25,0.7994444444444445,0.7991527777777778
2,48,mouse,350.0,137,0.25,0.7981944444444444,0.7970694444444445
2,48,mouse,350.0,219,0.4166666666666667,0.7763888888888889,0.7964444444444444
2,48,mouse,500.0,42,0.7083333333333334,0.7205555555555555,0.7205555555555555
2,48,mouse,500.0,137,0.7083333333333334,0.7174999999999999,0.7184722222222222
2,48,mouse,500.0,219,0.7708333333333334,0.6947222222222221,0.7157777777777777
2,48,mouse,1000.0,42,1.0,0.59375,0.5943611111111111
2,48,mouse,1000.0,137,1.0,0.5816666666666667,0.5872777777777778
2,49,mouse,10.0,42,0.0,1.3955555555555554,1.388375
2,49,mouse,10.0,137,0.0,1.3765277777777778,1.378875
2,49,mouse,10.0,219,0.0,1.3630555555555555,1.3803888888888889
2,49,mouse,30.0,42,0.0,1.2402777777777778,1.2283472222222223
2,49,mouse,30.0,137,0.0,1.2266666666666666,1.2212222222222222
2,49,mouse,30.0,219,0.0,1.2004166666666667,1.220611111111111
2,49,mouse,100.0,42,0.0,0.9747222222222223,0.9682222222222222
2,49,mouse,100.0,137,0.0,0.9668055555555556,0.9642083333333333
