match,ensemble_id,organism,dose_uM,seed,quiescent_fraction,command_rate_hz,network_rate_hz
2,0,worm,1000.0,219,1.0,0.5494791666666666,0.22847222222222222
2,0,worm,3000.0,42,1.0,0.12760416666666666,0.12958333333333333
2,0,worm,3000.0,137,1.0,0.1484375,0.1301388888888889
2,0,worm,3000.0,219,1.0,0.171875,0.13194444444444445
2,0,worm,350.0,42,0.7083333333333334,2.15625,0.6076388888888888
2,0,worm,350.0,137,0.8125,1.9114583333333333,0.5763888888888888
2,0,worm,350.0,219,0.7083333333333334,2.21875,0.6436111111111111
2,0,worm,500.0,42,0.9583333333333334,1.2838541666666667,0.4091666666666667
2,1,worm,1000.0,219,1.0,0.8385416666666666,0.28347222222222224
2,1,worm,3000.0,42,1.0,0.2916666666666667,0.1502777777777778
2,1,worm,3000.0,137,1.0,0.2942708333333333,0.14972222222222223
2,1,worm,3000.0,219,1.0,0.3125,0.15375
2,1,worm,30.0,137,0.0,15.455729166666666,4.759444444444444
2,1,worm,30.0,219,0.0,17.088541666666668,5.252777777777778
2,1,worm,100.0,42,0.0,9.3046875,2.711388888888889
2,1,worm,100.0,137,0.0,8.4765625,2.5208333333333335
2,0,worm,10.0,42,0.0,21.049479166666668,6.518194444444444
2,0,worm,10.0,137,0.0,19.932291666666668,6.264027777777778
2,0,worm,10.0,219,0.0,21.486979166666668,6.695277777777778
2,0,worm,30.0,42,0.0,16.552083333333332,5.062777777777778
2,0,worm,30.0,137,0.0,15.658854166666666,4.817083333333334
2,0,worm,30.0,219,0.0,17.552083333333332,5.374722222222222
2,0,worm,100.0,42,0.0,8.690104166666666,2.5323611111111113
2,0,worm,100.0,137,0.0,8.2109375,2.4184722222222224
2,1,worm,100.0,219,0.0,9.450520833333334,2.776666666666667
2,1,worm,200.0,42,0.08333333333333333,5.205729166666667,1.4704166666666667
2,1,worm,200.0,137,0.1875,4.830729166666667,1.3694444444444445
2,1,worm,200.0,219,0.14583333333333334,5.385416666666667,1.5138888888888888
2,1,worm,500.0,137,0.9166666666666666,1.5989583333333333,0.48180555555555554
2,1,worm,500.0,219,0.7708333333333334,1.734375,0.5156944444444445
2,1,worm,1000.0,42,0.9791666666666666,0.6953125,0.2604166666666667
2,1,worm,1000.0,137,0.9791666666666666,0.7578125,0.265
2,0,worm,500.0,137,0.9583333333333334,1.1510416666666667,0.3811111111111111
2,0,worm,500.0,219,0.8333333333333334,1.3776041666666667,0.42625
2,0,worm,1000.0,42,1.0,0.5052083333333334,0.22361111111111112
2,0,worm,1000.0,137,1.0,0.5572916666666666,0.21833333333333332
2,1,worm,10.0,42,0.0,20.744791666666668,6.430555555555555
2,1,worm,10.0,137,0.0,19.497395833333332,6.126527777777778
2,1,worm,10.0,219,0.0,21.088541666666668,6.589166666666666
2,1,worm,30.0,42,0.0,16.3828125,5.005972222222222
2,0,worm,100.0,219,0.0,9.013020833333334,2.6356944444444443
2,0,worm,200.0,42,0.20833333333333334,4.518229166666667,1.2515277777777778
2,0,worm,200.0,137,0.2708333333333333,4.302083333333333,1.209861111111111
2,0,worm,200.0,219,0.20833333333333334,4.7265625,1.3191666666666666
2,1,worm,350.0,42,0.5625,2.8307291666666665,0.7779166666666667
2,1,worm,350.0,137,0.6666666666666666,2.4635416666666665,0.71375
2,1,worm,350.0,219,0.5,3.0885416666666665,0.8484722222222222
2,1,worm,500.0,42,0.8333333333333334,1.6953125,0.4930555555555556
2,2,worm,10.0,42,0.0,20.013020833333332,6.173472222222222
2,2,worm,10.0,137,0.0,19.268229166666668,6.00875
2,2,worm,10.0,219,0.0,20.705729166666668,6.4118055555555555
2,2,worm,30.0,42,0.0,14.8359375,4.4927777777777775
2,2,worm,500.0,137,0.9166666666666666,1.734375,0.5256944444444445
2,2,worm,500.0,219,0.7291666666666666,1.9140625,0.5677777777777778
2,2,worm,1000.0,42,0.9583333333333334,1.171875,0.34958333333333336
2,2,worm,1000.0,137,0.9583333333333334,1.1015625,0.34
2,2,worm,350.0,42,0.5208333333333334,2.7526041666666665,0.7601388888888889
2,2,worm,350.0,137,0.6458333333333334,2.4635416666666665,0.7190277777777778
2,2,worm,350.0,219,0.5208333333333334,2.9765625,0.8233333333333334
2,2,worm,500.0,42,0.8333333333333334,1.8489583333333333,0.5343055555555556
2,3,worm,500.0,137,0.75,2.25,0.6447222222222222
2,3,worm,500.0,219,0.625,2.5078125,0.7058333333333333
2,3,worm,1000.0,42,0.9583333333333334,1.3020833333333333,0.37805555555555553
2,3,worm,1000.0,137,0.9583333333333334,1.3229166666666667,0.3918055555555556
2,3,worm,30.0,137,0.0,14.513020833333334,4.413055555555555
2,3,worm,30.0,219,0.0,15.854166666666666,4.8125
2,3,worm,100.0,42,0.0,8.4375,2.4245833333333335
2,3,worm,100.0,137,0.020833333333333332,7.9375,2.2865277777777777
2,2,worm,100.0,219,0.020833333333333332,7.7578125,2.235138888888889
2,2,worm,200.0,42,0.20833333333333334,4.635416666666667,1.2618055555555556
2,2,worm,200.0,137,0.3125,3.9583333333333335,1.136111111111111
2,2,worm,200.0,219,0.1875,4.734375,1.3151388888888889
2,2,worm,1000.0,219,0.9375,1.2109375,0.3665277777777778
2,2,worm,3000.0,42,0.9791666666666666,0.6041666666666666,0.20347222222222222
2,2,worm,3000.0,137,1.0,0.5286458333333334,0.19625
2,2,worm,3000.0,219,1.0,0.640625,0.21138888888888888
2,3,worm,10.0,42,0.0,20.171875,6.220138888888889
2,3,worm,10.0,137,0.0,19.46875,6.07
2,3,worm,10.0,219,0.0,20.791666666666668,6.430694444444445
2,3,worm,30.0,42,0.0,15.171875,4.595555555555555
2,2,worm,30.0,137,0.0,14.338541666666666,4.352916666666666
2,2,worm,30.0,219,0.0,15.473958333333334,4.684861111111111
2,2,worm,100.0,42,0.0,7.8125,2.2256944444444446
2,2,worm,100.0,137,0.020833333333333332,7.552083333333333,2.160416666666667
2,3,worm,350.0,42,0.4583333333333333,3.2786458333333335,0.8975
2,3,worm,350.0,137,0.5625,2.796875,0.81
2,3,worm,350.0,219,0.4375,3.5911458333333335,0.9844444444444445
2,3,worm,500.0,42,0.7291666666666666,2.3880208333333335,0.6622222222222223
2,3,worm,100.0,219,0.0,8.606770833333334,2.486111111111111
2,3,worm,200.0,42,0.16666666666666666,5.145833333333333,1.428611111111111
2,3,worm,200.0,137,0.1875,4.763020833333333,1.3491666666666666
2,3,worm,200.0,219,0.125,5.263020833333333,1.4759722222222222
2,3,worm,1000.0,219,0.9166666666666666,1.3671875,0.41083333333333333
2,3,worm,3000.0,42,0.9791666666666666,0.7734375,0.23430555555555554
2,3,worm,3000.0,137,0.9583333333333334,0.7786458333333334,0.23944444444444443
2,3,worm,3000.0,219,1.0,0.8515625,0.2540277777777778
2,4,worm,10.0,42,0.0,21.393229166666668,6.633333333333334
2,4,worm,10.0,137,0.0,20.424479166666668,6.4319444444444445
2,4,worm,10.0,219,0.0,21.723958333333332,6.774166666666667
2,4,worm,30.0,42,0.0,17.322916666666668,5.305694444444445
2,4,worm,100.0,219,0.0,9.703125,2.855138888888889
2,4,worm,200.0,42,0.16666666666666666,4.966145833333333,1.38375
2,4,worm,200.0,137,0.1875,4.791666666666667,1.3476388888888888
2,4,worm,200.0,219,0.1875,5.25,1.4691666666666667
2,5,worm,10.0,42,0.0,20.778645833333332,6.443888888888889
2,5,worm,10.0,137,0.0,20.005208333333332,6.270277777777777
2,5,worm,10.0,219,0.0,21.268229166666668,6.628472222222222
2,5,worm,30.0,42,0.0,16.125,4.924444444444444
2,5,worm,30.0,137,0.0,15.5390625,4.759722222222222
2,5,worm,30.0,219,0.0,17.291666666666668,5.282222222222222
2,5,worm,100.0,42,0.0,8.479166666666666,2.459861111111111
2,5,worm,100.0,137,0.0,7.7578125,2.276388888888889
2,4,worm,1000.0,219,1.0,0.5651041666666666,0.22777777777777777
2,4,worm,3000.0,42,1.0,0.125,0.12652777777777777
2,4,worm,3000.0,137,1.0,0.14583333333333334,0.12763888888888889
2,4,worm,3000.0,219,1.0,0.1640625,0.12944444444444445
2,5,worm,350.0,42,0.6458333333333334,2.3333333333333335,0.6547222222222222
2,5,worm,350.0,137,0.75,2.1223958333333335,0.6241666666666666
2,5,worm,350.0,219,0.6666666666666666,2.4921875,0.7023611111111111
2,5,worm,500.0,42,0.8958333333333334,1.4947916666666667,0.45263888888888887
2,4,worm,500.0,137,0.9375,1.2395833333333333,0.3997222222222222
2,4,worm,500.0,219,0.8125,1.4739583333333333,0.44166666666666665
2,4,worm,1000.0,42,1.0,0.5182291666666666,0.22333333333333333
2,4,worm,1000.0,137,1.0,0.5677083333333334,0.21833333333333332
2,4,worm,30.0,137,0.0,16.520833333333332,5.096111111111111
2,4,worm,30.0,219,0.0,18.106770833333332,5.582777777777777
2,4,worm,100.0,42,0.0,9.940104166666666,2.8930555555555557
2,4,worm,100.0,137,0.0,8.7734375,2.616111111111111
2,4,worm,350.0,42,0.6458333333333334,2.3072916666666665,0.6509722222222222
2,4,worm,350.0,137,0.7708333333333334,2.1432291666666665,0.6330555555555556
2,4,worm,350.0,219,0.6666666666666666,2.4895833333333335,0.7044444444444444
2,4,worm,500.0,42,0.9375,1.3723958333333333,0.42680555555555555
2,5,worm,100.0,219,0.0,8.713541666666666,2.519722222222222
2,5,worm,200.0,42,0.20833333333333334,4.5078125,1.24375
2,5,worm,200.0,137,0.3333333333333333,4.221354166666667,1.18625
2,5,worm,200.0,219,0.20833333333333334,4.7578125,1.3234722222222222
2,5,worm,1000.0,219,1.0,0.8307291666666666,0.2808333333333333
2,5,worm,3000.0,42,1.0,0.3776041666666667,0.16333333333333333
2,5,worm,3000.0,137,1.0,0.3541666666666667,0.15777777777777777
2,5,worm,3000.0,219,1.0,0.3697916666666667,0.16166666666666665
2,5,worm,500.0,137,0.9375,1.4114583333333333,0.44027777777777777
2,5,worm,500.0,219,0.7916666666666666,1.6484375,0.48597222222222225
2,5,worm,1000.0,42,0.9791666666666666,0.6744791666666666,0.25833333333333336
2,5,worm,1000.0,137,0.9791666666666666,0.7526041666666666,0.2634722222222222
2,6,worm,10.0,42,0.0,20.807291666666668,6.449166666666667
2,6,worm,10.0,137,0.0,19.958333333333332,6.260416666666667
2,6,worm,10.0,219,0.0,21.317708333333332,6.647638888888889
2,6,worm,30.0,42,0.0,16.1640625,4.944305555555555
2,6,worm,30.0,137,0.0,15.3515625,4.722361111111111
2,6,worm,30.0,219,0.0,17.299479166666668,5.282361111111111
2,6,worm,100.0,42,0.0,8.635416666666666,2.506527777777778
2,6,worm,100.0,137,0.0,8.0078125,2.3518055555555555
2,6,worm,100.0,219,0.0,8.848958333333334,2.58125
2,6,worm,200.0,42,0.1875,4.653645833333333,1.2886111111111112
2,6,worm,200.0,137,0.25,4.471354166666667,1.2573611111111112
2,6,worm,200.0,219,0.1875,4.893229166666667,1.3644444444444443
2,7,worm,100.0,219,0.0,9.986979166666666,2.9318055555555556
2,7,worm,200.0,42,0.0625,5.510416666666667,1.5483333333333333
2,7,worm,200.0,137,0.14583333333333334,5.1171875,1.4513888888888888
2,7,worm,200.0,219,0.10416666666666667,5.653645833333333,1.59125
2,7,worm,10.0,42,0.0,21.4140625,6.633333333333334
2,7,worm,10.0,137,0.0,20.328125,6.398472222222222
2,7,worm,10.0,219,0.0,21.890625,6.820416666666667
2,7,worm,30.0,42,0.0,17.591145833333332,5.373055555555555
2,7,worm,350.0,42,0.5208333333333334,2.9947916666666665,0.815
2,7,worm,350.0,137,0.5625,2.6197916666666665,0.7551388888888889
2,7,worm,350.0,219,0.5,3.1770833333333335,0.8752777777777778
2,7,worm,500.0,42,0.8125,1.8411458333333333,0.5263888888888889
2,6,worm,1000.0,219,1.0,0.859375,0.2902777777777778
2,6,worm,3000.0,42,1.0,0.3958333333333333,0.1676388888888889
2,6,worm,3000.0,137,1.0,0.3828125,0.16194444444444445
2,6,worm,3000.0,219,1.0,0.4114583333333333,0.1663888888888889
2,6,worm,500.0,137,0.9166666666666666,1.5234375,0.4609722222222222
2,6,worm,500.0,219,0.7708333333333334,1.7057291666666667,0.5047222222222222
2,6,worm,1000.0,42,0.9791666666666666,0.75,0.2697222222222222
2,6,worm,1000.0,137,1.0,0.765625,0.2652777777777778
2,7,worm,500.0,137,0.9375,1.7161458333333333,0.5120833333333333
2,7,worm,500.0,219,0.75,1.9088541666666667,0.5583333333333333
2,7,worm,1000.0,42,0.9791666666666666,0.8776041666666666,0.28694444444444445
2,7,worm,1000.0,137,0.9791666666666666,0.8671875,0.28708333333333336
2,6,worm,350.0,42,0.6041666666666666,2.4713541666666665,0.6859722222222222
2,6,worm,350.0,137,0.6875,2.2734375,0.6613888888888889
2,6,worm,350.0,219,0.6041666666666666,2.7083333333333335,0.7519444444444444
2,6,worm,500.0,42,0.875,1.6041666666666667,0.47444444444444445
2,7,worm,30.0,137,0.0,16.411458333333332,5.074305555555555
2,7,worm,30.0,219,0.0,18.140625,5.581111111111111
2,7,worm,100.0,42,0.0,10.057291666666666,2.9252777777777776
2,7,worm,100.0,137,0.0,9.049479166666666,2.6840277777777777
2,7,worm,1000.0,219,1.0,0.9427083333333334,0.30333333333333334
2,7,worm,3000.0,42,1.0,0.3854166666666667,0.16319444444444445
2,7,worm,3000.0,137,1.0,0.421875,0.16902777777777778
2,7,worm,3000.0,219,1.0,0.5,0.17791666666666667
2,8,worm,100.0,219,0.0,10.005208333333334,2.95375
2,8,worm,200.0,42,0.0625,5.666666666666667,1.5994444444444444
2,8,worm,200.0,137,0.125,5.388020833333333,1.5259722222222223
2,8,worm,200.0,219,0.08333333333333333,5.903645833333333,1.6668055555555557
2,8,worm,350.0,42,0.4791666666666667,3.1041666666666665,0.8551388888888889
2,8,worm,350.0,137,0.5208333333333334,2.8098958333333335,0.8076388888888889
2,8,worm,350.0,219,0.4583333333333333,3.3697916666666665,0.9270833333333334
2,8,worm,500.0,42,0.8541666666666666,1.7838541666666667,0.5222222222222223
2,9,worm,10.0,42,0.0,21.453125,6.657222222222222
2,9,worm,10.0,137,0.0,20.3359375,6.410277777777778
2,9,worm,10.0,219,0.0,21.729166666666668,6.784583333333333
2,9,worm,30.0,42,0.0,17.4921875,5.373888888888889
2,9,worm,100.0,219,0.0,10.6171875,3.131111111111111
2,9,worm,200.0,42,0.0625,5.9609375,1.675138888888889
2,9,worm,200.0,137,0.10416666666666667,5.658854166666667,1.6034722222222222
2,9,worm,200.0,219,0.08333333333333333,6.03125,1.7116666666666667
2,8,worm,10.0,42,0.0,21.088541666666668,6.542916666666667
2,8,worm,10.0,137,0.0,19.697916666666668,6.213055555555556
2,8,worm,10.0,219,0.0,21.403645833333332,6.683472222222222
2,8,worm,30.0,42,0.0,16.885416666666668,5.175277777777778
2,8,worm,30.0,137,0.0,16.078125,4.955277777777778
2,8,worm,30.0,219,0.0,17.744791666666668,5.466111111111111
2,8,worm,100.0,42,0.0,10.049479166666666,2.93625
2,8,worm,100.0,137,0.0,8.895833333333334,2.6606944444444443
2,8,worm,1000.0,219,0.9791666666666666,0.9140625,0.29986111111111113
2,8,worm,3000.0,42,1.0,0.2994791666666667,0.15486111111111112
2,8,worm,3000.0,137,1.0,0.2760416666666667,0.15013888888888888
2,8,worm,3000.0,219,1.0,0.2864583333333333,0.15208333333333332
2,8,worm,500.0,137,0.9166666666666666,1.6848958333333333,0.5131944444444444
2,8,worm,500.0,219,0.75,1.8723958333333333,0.5569444444444445
2,8,worm,1000.0,42,0.9791666666666666,0.7265625,0.27944444444444444
2,8,worm,1000.0,137,0.9791666666666666,0.8098958333333334,0.2761111111111111
2,9,worm,30.0,137,0.0,16.598958333333332,5.144722222222223
2,9,worm,30.0,219,0.0,17.986979166666668,5.567777777777778
2,9,worm,100.0,42,0.0,10.549479166666666,3.0880555555555556
2,9,worm,100.0,137,0.0,9.388020833333334,2.80375
2,9,worm,350.0,42,0.4791666666666667,3.1770833333333335,0.8677777777777778
2,9,worm,350.0,137,0.5,2.8255208333333335,0.8133333333333334
2,9,worm,350.0,219,0.4583333333333333,3.3567708333333335,0.9305555555555556
2,9,worm,500.0,42,0.8541666666666666,1.78125,0.5190277777777778
2,10,worm,10.0,42,0.0,21.1484375,6.559861111111111
2,10,worm,10.0,137,0.0,19.901041666666668,6.272638888888889
2,10,worm,10.0,219,0.0,21.588541666666668,6.731388888888889
2,10,worm,30.0,42,0.0,16.973958333333332,5.200972222222222
2,9,worm,500.0,137,0.9166666666666666,1.7135416666666667,0.5159722222222223
2,9,worm,500.0,219,0.75,1.8567708333333333,0.5527777777777778
2,9,worm,1000.0,42,0.9791666666666666,0.6953125,0.2688888888888889
2,9,worm,1000.0,137,0.9791666666666666,0.7734375,0.27
2,10,worm,30.0,137,0.0,16.2109375,4.991666666666666
2,10,worm,30.0,219,0.0,17.934895833333332,5.519444444444445
2,10,worm,100.0,42,0.0,9.690104166666666,2.8359722222222223
2,10,worm,100.0,137,0.0,8.7890625,2.6266666666666665
2,10,worm,350.0,42,0.5208333333333334,2.9166666666666665,0.7981944444444444
2,10,worm,350.0,137,0.5833333333333334,2.5833333333333335,0.7413888888888889
2,10,worm,350.0,219,0.5,3.0833333333333335,0.8498611111111111
2,10,worm,500.0,42,0.8333333333333334,1.7239583333333333,0.5
2,9,worm,1000.0,219,1.0,0.8645833333333334,0.2923611111111111
2,9,worm,3000.0,42,1.0,0.2916666666666667,0.15097222222222223
2,9,worm,3000.0,137,1.0,0.296875,0.1502777777777778
2,9,worm,3000.0,219,1.0,0.3125,0.15375
2,10,worm,500.0,137,0.9166666666666666,1.6432291666666667,0.4920833333333333
2,10,worm,500.0,219,0.75,1.7890625,0.5261111111111111
2,10,worm,1000.0,42,0.9791666666666666,0.7552083333333334,0.2679166666666667
2,10,worm,1000.0,137,1.0,0.7317708333333334,0.2579166666666667
2,11,worm,10.0,42,0.0,21.317708333333332,6.6066666666666665
2,11,worm,10.0,137,0.0,20.46875,6.448888888888889
2,11,worm,10.0,219,0.0,21.9765625,6.8436111111111115
2,11,worm,30.0,42,0.0,17.651041666666668,5.394861111111111
2,10,worm,100.0,219,0.0,9.8125,2.888611111111111
2,10,worm,200.0,42,0.10416666666666667,5.361979166666667,1.5129166666666667
2,10,worm,200.0,137,0.14583333333333334,5.190104166666667,1.4645833333333333
2,10,worm,200.0,219,0.125,5.549479166666667,1.570138888888889
2,11,worm,30.0,137,0.0,16.651041666666668,5.151527777777778
2,11,worm,30.0,219,0.0,18.2734375,5.620555555555556
2,11,worm,100.0,42,0.0,10.2421875,2.99625
2,11,worm,100.0,137,0.0,9.278645833333334,2.7608333333333333
2,10,worm,1000.0,219,1.0,0.8463541666666666,0.2841666666666667
2,10,worm,3000.0,42,1.0,0.3463541666666667,0.15805555555555556
2,10,worm,3000.0,137,1.0,0.3307291666666667,0.15263888888888888
2,10,worm,3000.0,219,1.0,0.3229166666666667,0.15527777777777776
2,11,worm,500.0,137,0.7708333333333334,2.1145833333333335,0.6148611111111111
2,11,worm,500.0,219,0.6458333333333334,2.359375,0.66875
2,11,worm,1000.0,42,0.9791666666666666,1.1223958333333333,0.3368055555555556
2,11,worm,1000.0,137,0.9583333333333334,1.078125,0.33694444444444444
2,11,worm,350.0,42,0.4375,3.40625,0.9341666666666667
2,11,worm,350.0,137,0.5416666666666666,2.8463541666666665,0.8323611111111111
2,11,worm,350.0,219,0.375,3.7109375,1.0208333333333333
2,11,worm,500.0,42,0.75,2.2473958333333335,0.6294444444444445
2,12,worm,10.0,42,0.0,20.6796875,6.386388888888889
2,12,worm,10.0,137,0.0,20.125,6.277361111111111
2,12,worm,10.0,219,0.0,21.026041666666668,6.534583333333333
2,12,worm,30.0,42,0.0,15.731770833333334,4.750277777777778
2,11,worm,1000.0,219,0.9583333333333334,1.1588541666666667,0.3547222222222222
2,11,worm,3000.0,42,0.9791666666666666,0.5182291666666666,0.18847222222222224
2,11,worm,3000.0,137,1.0,0.4895833333333333,0.18458333333333332
2,11,worm,3000.0,219,1.0,0.6171875,0.20430555555555555
2,11,worm,100.0,219,0.0,10.302083333333334,3.033472222222222
2,11,worm,200.0,42,0.0625,5.971354166666667,1.6781944444444445
2,11,worm,200.0,137,0.10416666666666667,5.536458333333333,1.5765277777777778
2,11,worm,200.0,219,0.08333333333333333,5.9921875,1.7019444444444445
2,12,worm,30.0,137,0.0,14.947916666666666,4.550694444444445
2,12,worm,30.0,219,0.0,16.111979166666668,4.907638888888889
2,12,worm,100.0,42,0.0,8.075520833333334,2.3093055555555555
2,12,worm,100.0,137,0.020833333333333332,7.692708333333333,2.1993055555555556
2,12,worm,100.0,219,0.020833333333333332,7.942708333333333,2.2875
2,12,worm,200.0,42,0.22916666666666666,4.369791666666667,1.1922222222222223
2,12,worm,200.0,137,0.3333333333333333,3.9765625,1.1194444444444445
2,12,worm,200.0,219,0.25,4.4921875,1.252361111111111
2,12,worm,350.0,42,0.625,2.3307291666666665,0.6545833333333333
2,12,worm,350.0,137,0.75,2.140625,0.63
2,12,worm,350.0,219,0.6458333333333334,2.4869791666666665,0.7036111111111111
2,12,worm,500.0,42,0.875,1.609375,0.47347222222222224
2,12,worm,1000.0,219,1.0,0.9140625,0.2966666666666667
2,12,worm,3000.0,42,1.0,0.4088541666666667,0.17069444444444445
2,12,worm,3000.0,137,0.9791666666666666,0.4947916666666667,0.18333333333333332
2,12,worm,3000.0,219,1.0,0.5130208333333334,0.18375
2,13,worm,10.0,42,0.0,21.0078125,6.519583333333333
2,13,worm,10.0,137,0.0,19.651041666666668,6.197916666666667
2,13,worm,10.0,219,0.0,21.4296875,6.689722222222223
2,13,worm,30.0,42,0.0,16.919270833333332,5.182638888888889
2,12,worm,500.0,137,0.9166666666666666,1.4869791666666667,0.45472222222222225
2,12,worm,500.0,219,0.7708333333333334,1.7083333333333333,0.5030555555555556
2,12,worm,1000.0,42,0.9791666666666666,0.8984375,0.28930555555555554
2,12,worm,1000.0,137,0.9791666666666666,0.8515625,0.28319444444444447
2,13,worm,1000.0,219,1.0,0.6510416666666666,0.2465277777777778
2,13,worm,3000.0,42,1.0,0.17708333333333334,0.13555555555555557
2,13,worm,3000.0,137,1.0,0.15364583333333334,0.13277777777777777
2,13,worm,3000.0,219,1.0,0.171875,0.1348611111111111
2,13,worm,350.0,42,0.6041666666666666,2.4921875,0.6908333333333333
2,13,worm,350.0,137,0.7083333333333334,2.2604166666666665,0.6588888888888889
2,13,worm,350.0,219,0.6041666666666666,2.7057291666666665,0.7527777777777778
2,13,worm,500.0,42,0.8958333333333334,1.46875,0.4477777777777778
2,13,worm,30.0,137,0.0,15.997395833333334,4.923611111111111
2,13,worm,30.0,219,0.0,17.5078125,5.39875
2,13,worm,100.0,42,0.0,9.364583333333334,2.7319444444444443
2,13,worm,100.0,137,0.0,8.692708333333334,2.585138888888889
2,14,worm,10.0,42,0.0,20.6796875,6.3822222222222225
2,14,worm,10.0,137,0.0,20.059895833333332,6.2572222222222225
2,14,worm,10.0,219,0.0,20.984375,6.5152777777777775
2,14,worm,30.0,42,0.0,15.747395833333334,4.751944444444445
2,13,worm,100.0,219,0.0,9.59375,2.8105555555555557
2,13,worm,200.0,42,0.14583333333333334,4.979166666666667,1.3952777777777778
2,13,worm,200.0,137,0.1875,4.828125,1.3559722222222221
2,13,worm,200.0,219,0.1875,5.244791666666667,1.4743055555555555
2,14,worm,30.0,137,0.0,14.877604166666666,4.527638888888889
2,14,worm,30.0,219,0.0,16.020833333333332,4.879861111111111
2,14,worm,100.0,42,0.0,8.111979166666666,2.3133333333333335
2,14,worm,100.0,137,0.020833333333333332,7.6953125,2.20375
2,13,worm,500.0,137,0.9375,1.3776041666666667,0.4313888888888889
2,13,worm,500.0,219,0.8125,1.5598958333333333,0.4701388888888889
2,13,worm,1000.0,42,1.0,0.5703125,0.23819444444444443
2,13,worm,1000.0,137,1.0,0.5885416666666666,0.23055555555555557
2,15,worm,10.0,42,0.0,21.104166666666668,6.548472222222222
2,15,worm,10.0,137,0.0,19.932291666666668,6.276805555555556
2,15,worm,10.0,219,0.0,21.580729166666668,6.7276388888888885
2,15,worm,30.0,42,0.0,16.901041666666668,5.174305555555556
2,14,worm,100.0,219,0.020833333333333332,8.098958333333334,2.3305555555555557
2,14,worm,200.0,42,0.20833333333333334,4.510416666666667,1.227638888888889
2,14,worm,200.0,137,0.3125,3.9296875,1.1205555555555555
2,14,worm,200.0,219,0.20833333333333334,4.627604166666667,1.2845833333333334
2,14,worm,350.0,42,0.6041666666666666,2.46875,0.6897222222222222
2,14,worm,350.0,137,0.6666666666666666,2.2682291666666665,0.665
2,14,worm,350.0,219,0.6458333333333334,2.6536458333333335,0.7456944444444444
2,14,worm,500.0,42,0.8541666666666666,1.6953125,0.4940277777777778
2,14,worm,1000.0,219,0.9583333333333334,1.0130208333333333,0.32375
2,14,worm,3000.0,42,0.9791666666666666,0.4869791666666667,0.18430555555555556
2,14,worm,3000.0,137,0.9791666666666666,0.5130208333333334,0.18805555555555556
2,14,worm,3000.0,219,1.0,0.5703125,0.19583333333333333
2,14,worm,500.0,137,0.9166666666666666,1.6067708333333333,0.4884722222222222
2,14,worm,500.0,219,0.7708333333333334,1.7734375,0.5288888888888889
2,14,worm,1000.0,42,0.9791666666666666,0.921875,0.29986111111111113
2,14,worm,1000.0,137,0.9791666666666666,0.8984375,0.29944444444444446
2,15,worm,500.0,137,0.9583333333333334,1.2526041666666667,0.4036111111111111
2,15,worm,500.0,219,0.8333333333333334,1.4895833333333333,0.4490277777777778
2,15,worm,1000.0,42,1.0,0.5338541666666666,0.22972222222222222
2,15,worm,1000.0,137,1.0,0.5651041666666666,0.22277777777777777
2,15,worm,100.0,219,0.0,9.270833333333334,2.72
2,15,worm,200.0,42,0.16666666666666666,4.8515625,1.3476388888888888
2,15,worm,200.0,137,0.20833333333333334,4.6796875,1.3083333333333333
2,15,worm,200.0,219,0.1875,5.010416666666667,1.399861111111111
2,15,worm,30.0,137,0.0,16.0078125,4.926944444444445
2,15,worm,30.0,219,0.0,17.596354166666668,5.414166666666667
2,15,worm,100.0,42,0.0,8.986979166666666,2.625138888888889
2,15,worm,100.0,137,0.0,8.510416666666666,2.5131944444444443
2,15,worm,350.0,42,0.6458333333333334,2.3125,0.6491666666666667
2,15,worm,350.0,137,0.7916666666666666,2.0703125,0.6145833333333334
2,15,worm,350.0,219,0.6666666666666666,2.4401041666666665,0.6916666666666667
2,15,worm,500.0,42,0.9375,1.3333333333333333,0.42138888888888887
2,15,worm,1000.0,219,1.0,0.5625,0.2336111111111111
2,15,worm,3000.0,42,1.0,0.14583333333333334,0.1325
2,15,worm,3000.0,137,1.0,0.14322916666666666,0.13111111111111112
2,15,worm,3000.0,219,1.0,0.16927083333333334,0.13291666666666666
2,16,worm,500.0,137,0.9375,1.3645833333333333,0.42569444444444443
2,16,worm,500.0,219,0.7916666666666666,1.5989583333333333,0.4751388888888889
2,16,worm,1000.0,42,0.9791666666666666,0.625,0.24708333333333332
2,16,worm,1000.0,137,0.9791666666666666,0.6770833333333334,0.24694444444444444
2,16,worm,30.0,137,0.0,15.502604166666666,4.779027777777777
2,16,worm,30.0,219,0.0,17.247395833333332,5.295972222222222
2,16,worm,100.0,42,0.0,8.71875,2.5433333333333334
2,16,worm,100.0,137,0.0,8.364583333333334,2.4693055555555556
2,16,worm,10.0,42,0.0,21.088541666666668,6.5320833333333335
2,16,worm,10.0,137,0.0,19.606770833333332,6.172361111111111
2,16,worm,10.0,219,0.0,21.380208333333332,6.670416666666667
2,16,worm,30.0,42,0.0,16.627604166666668,5.081111111111111
2,16,worm,100.0,219,0.0,9.052083333333334,2.6530555555555555
2,16,worm,200.0,42,0.14583333333333334,4.825520833333333,1.3379166666666666
2,16,worm,200.0,137,0.20833333333333334,4.544270833333333,1.2795833333333333
2,16,worm,200.0,219,0.16666666666666666,5.0703125,1.4119444444444444
2,17,worm,350.0,42,0.4583333333333333,3.2213541666666665,0.8868055555555555
2,17,worm,350.0,137,0.5416666666666666,2.8203125,0.8213888888888888
2,17,worm,350.0,219,0.4166666666666667,3.5442708333333335,0.9748611111111111
2,17,worm,500.0,42,0.8333333333333334,1.859375,0.5301388888888889
2,17,worm,100.0,219,0.0,11.278645833333334,3.361666666666667
2,17,worm,200.0,42,0.020833333333333332,6.2421875,1.77125
2,17,worm,200.0,137,0.10416666666666667,5.833333333333333,1.6629166666666666
2,17,worm,200.0,219,0.0625,6.4609375,1.8384722222222223
2,16,worm,350.0,42,0.6041666666666666,2.4375,0.6768055555555555
2,16,worm,350.0,137,0.75,2.2317708333333335,0.6534722222222222
2,16,worm,350.0,219,0.5625,2.6979166666666665,0.7473611111111111
2,16,worm,500.0,42,0.9166666666666666,1.5078125,0.45111111111111113
2,17,worm,10.0,42,0.0,21.880208333333332,6.776527777777778
2,17,worm,10.0,137,0.0,20.6953125,6.530555555555556
2,17,worm,10.0,219,0.0,21.979166666666668,6.862361111111111
2,17,worm,30.0,42,0.0,18.143229166666668,5.584305555555556
2,16,worm,1000.0,219,1.0,0.7838541666666666,0.2688888888888889
2,16,worm,3000.0,42,1.0,0.2682291666666667,0.14625
2,16,worm,3000.0,137,1.0,0.2708333333333333,0.14527777777777778
2,16,worm,3000.0,219,1.0,0.2604166666666667,0.14597222222222223
2,17,worm,500.0,137,0.9166666666666666,1.7265625,0.5213888888888889
2,17,worm,500.0,219,0.75,1.9322916666666667,0.5663888888888889
2,17,worm,1000.0,42,0.9791666666666666,0.6380208333333334,0.2554166666666667
2,17,worm,1000.0,137,0.9791666666666666,0.7083333333333334,0.25680555555555556
2,18,worm,10.0,42,0.0,20.666666666666668,6.387361111111111
2,18,worm,10.0,137,0.0,20.361979166666668,6.358611111111111
2,18,worm,10.0,219,0.0,21.177083333333332,6.580555555555556
2,18,worm,30.0,42,0.0,16.4375,4.9679166666666665
2,17,worm,30.0,137,0.0,17.15625,5.33625
2,17,worm,30.0,219,0.0,18.6171875,5.7693055555555555
2,17,worm,100.0,42,0.0,11.088541666666666,3.2681944444444446
2,17,worm,100.0,137,0.0,10.236979166666666,3.07625
2,18,worm,100.0,219,0.0,8.421875,2.4344444444444444
2,18,worm,200.0,42,0.1875,4.5234375,1.2329166666666667
2,18,worm,200.0,137,0.3333333333333333,4.020833333333333,1.1427777777777777
2,18,worm,200.0,219,0.25,4.5859375,1.280138888888889
2,18,worm,1000.0,219,1.0,0.8802083333333334,0.29097222222222224
2,18,worm,3000.0,42,1.0,0.3984375,0.16625
2,18,worm,3000.0,137,1.0,0.4583333333333333,0.17444444444444446
2,18,worm,3000.0,219,1.0,0.5104166666666666,0.1798611111111111
2,18,worm,500.0,137,0.9166666666666666,1.4895833333333333,0.45402777777777775
2,18,worm,500.0,219,0.7708333333333334,1.6875,0.4988888888888889
2,18,worm,1000.0,42,0.9791666666666666,0.8567708333333334,0.2838888888888889
2,18,worm,1000.0,137,0.9791666666666666,0.8125,0.2743055555555556
2,18,worm,30.0,137,0.0,15.260416666666666,4.670277777777778
2,18,worm,30.0,219,0.0,16.966145833333332,5.17
2,18,worm,100.0,42,0.0,8.515625,2.4366666666666665
2,18,worm,100.0,137,0.020833333333333332,7.796875,2.2490277777777776
2,17,worm,1000.0,219,1.0,0.8177083333333334,0.27902777777777776
2,17,worm,3000.0,42,1.0,0.22916666666666666,0.14041666666666666
2,17,worm,3000.0,137,1.0,0.16927083333333334,0.13444444444444445
2,17,worm,3000.0,219,1.0,0.18489583333333334,0.13652777777777778
2,19,worm,500.0,137,0.8541666666666666,1.984375,0.5870833333333333
2,19,worm,500.0,219,0.6875,2.21875,0.64
2,19,worm,1000.0,42,0.9791666666666666,1.0338541666666667,0.32458333333333333
2,19,worm,1000.0,137,0.9583333333333334,1.0364583333333333,0.3252777777777778
2,18,worm,350.0,42,0.6041666666666666,2.3776041666666665,0.6666666666666666
2,18,worm,350.0,137,0.7083333333333334,2.1953125,0.6411111111111111
2,18,worm,350.0,219,0.6458333333333334,2.5026041666666665,0.7105555555555556
2,18,worm,500.0,42,0.875,1.609375,0.47291666666666665
2,19,worm,30.0,137,0.0,16.723958333333332,5.168888888888889
2,19,worm,30.0,219,0.0,18.302083333333332,5.635694444444445
2,19,worm,100.0,42,0.0,10.361979166666666,3.037777777777778
2,19,worm,100.0,137,0.0,9.3984375,2.8045833333333334
2,19,worm,10.0,42,0.0,21.515625,6.666805555555555
2,19,worm,10.0,137,0.0,20.393229166666668,6.425277777777778
2,19,worm,10.0,219,0.0,21.872395833333332,6.817222222222222
2,19,worm,30.0,42,0.0,17.723958333333332,5.424722222222222
2,19,worm,100.0,219,0.0,10.549479166666666,3.112361111111111
2,19,worm,200.0,42,0.0625,5.955729166666667,1.6820833333333334
2,19,worm,200.0,137,0.10416666666666667,5.6484375,1.6090277777777777
2,19,worm,200.0,219,0.0625,6.114583333333333,1.7308333333333332
2,19,worm,350.0,42,0.4166666666666667,3.4192708333333335,0.9354166666666667
2,19,worm,350.0,137,0.5208333333333334,2.9895833333333335,0.8625
2,19,worm,350.0,219,0.375,3.7578125,1.0281944444444444
2,19,worm,500.0,42,0.75,2.0989583333333335,0.595
2,20,worm,30.0,137,0.0,15.611979166666666,4.806388888888889
2,20,worm,30.0,219,0.0,17.520833333333332,5.370833333333334
2,20,worm,100.0,42,0.0,9.059895833333334,2.645138888888889
2,20,worm,100.0,137,0.0,8.270833333333334,2.45
2,20,worm,100.0,219,0.0,9.130208333333334,2.6743055555555557
2,20,worm,200.0,42,0.14583333333333334,4.888020833333333,1.3458333333333334
2,20,worm,200.0,137,0.20833333333333334,4.588541666666667,1.2897222222222222
2,20,worm,200.0,219,0.14583333333333334,4.9765625,1.3908333333333334
2,19,worm,1000.0,219,0.9375,1.1015625,0.3451388888888889
2,19,worm,3000.0,42,0.9791666666666666,0.484375,0.1823611111111111
2,19,worm,3000.0,137,1.0,0.46875,0.1798611111111111
2,19,worm,3000.0,219,1.0,0.5520833333333334,0.1922222222222222
2,20,worm,10.0,42,0.0,21.002604166666668,6.50375
2,20,worm,10.0,137,0.0,19.786458333333332,6.222638888888889
2,20,worm,10.0,219,0.0,21.338541666666668,6.660694444444444
2,20,worm,30.0,42,0.0,16.606770833333332,5.077638888888889
2,20,worm,1000.0,219,1.0,0.6041666666666666,0.24083333333333334
2,20,worm,3000.0,42,1.0,0.1640625,0.13416666666666666
2,20,worm,3000.0,137,1.0,0.15364583333333334,0.1325
2,20,worm,3000.0,219,1.0,0.171875,0.13416666666666666
2,21,worm,30.0,137,0.0,15.203125,4.681527777777778
2,21,worm,30.0,219,0.0,16.880208333333332,5.169583333333334
2,21,worm,100.0,42,0.020833333333333332,8.609375,2.504861111111111
2,21,worm,100.0,137,0.0,8.143229166666666,2.3893055555555556
2,20,worm,350.0,42,0.6875,2.3072916666666665,0.6479166666666667
2,20,worm,350.0,137,0.7708333333333334,2.078125,0.6169444444444444
2,20,worm,350.0,219,0.7083333333333334,2.3854166666666665,0.6834722222222223
2,20,worm,500.0,42,0.9583333333333334,1.3411458333333333,0.4247222222222222
2,20,worm,500.0,137,0.9583333333333334,1.2630208333333333,0.41041666666666665
2,20,worm,500.0,219,0.8333333333333334,1.4765625,0.4572222222222222
2,20,worm,1000.0,42,1.0,0.5338541666666666,0.2323611111111111
2,20,worm,1000.0,137,1.0,0.578125,0.22736111111111112
2,21,worm,10.0,42,0.0,20.705729166666668,6.412916666666667
2,21,worm,10.0,137,0.0,19.596354166666668,6.151527777777778
2,21,worm,10.0,219,0.0,21.111979166666668,6.587361111111111
2,21,worm,30.0,42,0.0,16.236979166666668,4.961666666666667
2,22,worm,10.0,42,0.0,21.572916666666668,6.694583333333333
2,22,worm,10.0,137,0.0,20.3984375,6.43
2,22,worm,10.0,219,0.0,21.703125,6.779166666666667
2,22,worm,30.0,42,0.0,17.515625,5.383472222222222
2,21,worm,100.0,219,0.0,8.908854166666666,2.602222222222222
2,21,worm,200.0,42,0.16666666666666666,4.815104166666667,1.335
2,21,worm,200.0,137,0.1875,4.575520833333333,1.2861111111111112
2,21,worm,200.0,219,0.1875,5.015625,1.4006944444444445
2,21,worm,350.0,42,0.5625,2.5364583333333335,0.7038888888888889
2,21,worm,350.0,137,0.6666666666666666,2.3411458333333335,0.68125
2,21,worm,350.0,219,0.625,2.7005208333333335,0.7581944444444444
2,21,worm,500.0,42,0.8958333333333334,1.5572916666666667,0.4688888888888889
2,21,worm,500.0,137,0.9375,1.4817708333333333,0.46111111111111114
2,21,worm,500.0,219,0.7916666666666666,1.7057291666666667,0.5066666666666667
2,21,worm,1000.0,42,0.9791666666666666,0.6510416666666666,0.26472222222222225
2,21,worm,1000.0,137,0.9791666666666666,0.7265625,0.2633333333333333
2,21,worm,1000.0,219,1.0,0.84375,0.2861111111111111
2,21,worm,3000.0,42,1.0,0.3411458333333333,0.16111111111111112
2,21,worm,3000.0,137,1.0,0.3072916666666667,0.15472222222222223
2,21,worm,3000.0,219,1.0,0.328125,0.15875
2,22,worm,100.0,219,0.0,10.130208333333334,3.0011111111111113
2,22,worm,200.0,42,0.10416666666666667,5.3984375,1.53
2,22,worm,200.0,137,0.16666666666666666,5.161458333333333,1.4581944444444443
2,22,worm,200.0,219,0.10416666666666667,5.645833333333333,1.5977777777777777
2,22,worm,350.0,42,0.5625,2.890625,0.78375
2,22,worm,350.0,137,0.625,2.5260416666666665,0.7265277777777778
2,22,worm,350.0,219,0.5416666666666666,2.9088541666666665,0.8123611111111111
2,22,worm,500.0,42,0.8541666666666666,1.6276041666666667,0.4772222222222222
2,22,worm,30.0,137,0.0,16.611979166666668,5.154722222222222
2,22,worm,30.0,219,0.0,18.114583333333332,5.606805555555556
2,22,worm,100.0,42,0.0,10.033854166666666,2.9525
2,22,worm,100.0,137,0.0,9.075520833333334,2.726111111111111
2,22,worm,500.0,137,0.9166666666666666,1.5546875,0.4626388888888889
2,22,worm,500.0,219,0.7916666666666666,1.6770833333333333,0.49125
2,22,worm,1000.0,42,0.9791666666666666,0.6510416666666666,0.24263888888888888
2,22,worm,1000.0,137,0.9791666666666666,0.703125,0.2461111111111111
2,23,worm,10.0,42,0.0,20.572916666666668,6.379861111111111
2,23,worm,10.0,137,0.0,19.479166666666668,6.112916666666667
2,23,worm,10.0,219,0.0,20.979166666666668,6.552777777777778
2,23,worm,30.0,42,0.0,16.348958333333332,4.992916666666667
2,23,worm,30.0,137,0.0,15.205729166666666,4.685277777777777
2,23,worm,30.0,219,0.0,16.890625,5.1775
2,23,worm,100.0,42,0.0,9.0703125,2.647638888888889
2,23,worm,100.0,137,0.0,8.497395833333334,2.5155555555555558
2,22,worm,1000.0,219,1.0,0.7890625,0.2627777777777778
2,22,worm,3000.0,42,1.0,0.21614583333333334,0.13569444444444445
2,22,worm,3000.0,137,1.0,0.20052083333333334,0.13430555555555557
2,22,worm,3000.0,219,1.0,0.24739583333333334,0.1386111111111111
2,23,worm,100.0,219,0.0,9.322916666666666,2.733888888888889
2,23,worm,200.0,42,0.10416666666666667,5.395833333333333,1.5281944444444444
2,23,worm,200.0,137,0.14583333333333334,5.229166666666667,1.4748611111111112
2,23,worm,200.0,219,0.125,5.643229166666667,1.5947222222222222
2,23,worm,350.0,42,0.4375,3.3723958333333335,0.9234722222222222
2,23,worm,350.0,137,0.5625,2.8359375,0.8229166666666666
2,23,worm,350.0,219,0.4166666666666667,3.6380208333333335,0.9977777777777778
2,23,worm,500.0,42,0.7083333333333334,2.3072916666666665,0.6429166666666667
2,23,worm,500.0,137,0.7708333333333334,2.1510416666666665,0.6248611111111111
2,23,worm,500.0,219,0.6458333333333334,2.3619791666666665,0.6727777777777778
2,23,worm,1000.0,42,0.9791666666666666,1.2057291666666667,0.3591666666666667
2,23,worm,1000.0,137,0.9791666666666666,1.1015625,0.34458333333333335
2,24,worm,10.0,42,0.0,21.247395833333332,6.601944444444444
2,24,worm,10.0,137,0.0,19.966145833333332,6.304444444444444
2,24,worm,10.0,219,0.0,21.734375,6.783888888888889
2,24,worm,30.0,42,0.0,16.9453125,5.219027777777778
2,23,worm,1000.0,219,0.8958333333333334,1.3463541666666667,0.3947222222222222
2,23,worm,3000.0,42,0.9791666666666666,0.625,0.20555555555555555
2,23,worm,3000.0,137,1.0,0.5078125,0.19361111111111112
2,23,worm,3000.0,219,1.0,0.6432291666666666,0.21194444444444444
2,24,worm,350.0,42,0.5625,2.9453125,0.8025
2,24,worm,350.0,137,0.625,2.5052083333333335,0.72875
2,24,worm,350.0,219,0.5,3.1067708333333335,0.8601388888888889
2,24,worm,500.0,42,0.8333333333333334,1.734375,0.4998611111111111
2,24,worm,1000.0,219,1.0,0.796875,0.27194444444444443
2,24,worm,3000.0,42,1.0,0.23177083333333334,0.14
2,24,worm,3000.0,137,1.0,0.21614583333333334,0.13805555555555554
2,24,worm,3000.0,219,1.0,0.22135416666666666,0.1398611111111111
2,25,worm,10.0,42,0.0,21.34375,6.620833333333334
2,25,worm,10.0,137,0.0,20.364583333333332,6.408888888888889
2,25,worm,10.0,219,0.0,21.716145833333332,6.77125
2,25,worm,30.0,42,0.0,17.317708333333332,5.30125
2,24,worm,100.0,219,0.0,10.125,2.99125
2,24,worm,200.0,42,0.0625,5.505208333333333,1.5586111111111112
2,24,worm,200.0,137,0.16666666666666666,5.278645833333333,1.4938888888888888
2,24,worm,200.0,219,0.10416666666666667,5.666666666666667,1.6101388888888888
2,24,worm,30.0,137,0.0,16.3203125,5.053472222222222
2,24,worm,30.0,219,0.0,18.083333333333332,5.579583333333333
2,24,worm,100.0,42,0.0,9.841145833333334,2.9002777777777777
2,24,worm,100.0,137,0.0,9.059895833333334,2.714722222222222
2,25,worm,30.0,137,0.0,16.5,5.086666666666667
2,25,worm,30.0,219,0.0,18.114583333333332,5.580416666666666
2,25,worm,100.0,42,0.0,10.049479166666666,2.923888888888889
2,25,worm,100.0,137,0.0,8.927083333333334,2.658888888888889
2,24,worm,500.0,137,0.9166666666666666,1.6197916666666667,0.4851388888888889
2,24,worm,500.0,219,0.7708333333333334,1.78125,0.5208333333333334
2,24,worm,1000.0,42,0.9791666666666666,0.6432291666666666,0.24930555555555556
2,24,worm,1000.0,137,0.9791666666666666,0.7057291666666666,0.2526388888888889
2,25,worm,100.0,219,0.0,9.893229166666666,2.9105555555555553
2,25,worm,200.0,42,0.08333333333333333,5.3203125,1.4929166666666667
2,25,worm,200.0,137,0.14583333333333334,5.052083333333333,1.4248611111111111
2,25,worm,200.0,219,0.125,5.453125,1.54
2,26,worm,100.0,219,0.0,9.953125,2.9193055555555554
2,26,worm,200.0,42,0.16666666666666666,5.2109375,1.447638888888889
2,26,worm,200.0,137,0.14583333333333334,4.877604166666667,1.3784722222222223
2,26,worm,200.0,219,0.10416666666666667,5.3984375,1.5161111111111112
2,25,worm,350.0,42,0.5208333333333334,2.7994791666666665,0.7711111111111111
2,25,worm,350.0,137,0.625,2.453125,0.7116666666666667
2,25,worm,350.0,219,0.5208333333333334,3.0598958333333335,0.8391666666666666
2,25,worm,500.0,42,0.8541666666666666,1.6458333333333333,0.4836111111111111
2,27,worm,10.0,42,0.0,20.8828125,6.466388888888889
2,27,worm,10.0,137,0.0,20.2578125,6.351388888888889
2,27,worm,10.0,219,0.0,21.3359375,6.646527777777778
2,27,worm,30.0,42,0.0,16.7890625,5.105277777777777
2,26,worm,1000.0,219,1.0,0.6822916666666666,0.25125
2,26,worm,3000.0,42,1.0,0.20572916666666666,0.13708333333333333
2,26,worm,3000.0,137,1.0,0.21614583333333334,0.13680555555555557
2,26,worm,3000.0,219,1.0,0.21614583333333334,0.13805555555555554
2,26,worm,350.0,42,0.5625,2.5078125,0.6961111111111111
2,26,worm,350.0,137,0.6666666666666666,2.34375,0.6786111111111112
2,26,worm,350.0,219,0.6041666666666666,2.6927083333333335,0.7565277777777778
2,26,worm,500.0,42,0.8958333333333334,1.4973958333333333,0.4523611111111111
2,25,worm,1000.0,219,1.0,0.828125,0.2798611111111111
2,25,worm,3000.0,42,1.0,0.296875,0.15055555555555555
2,25,worm,3000.0,137,1.0,0.2942708333333333,0.14930555555555555
2,25,worm,3000.0,219,1.0,0.3125,0.15305555555555556
2,25,worm,500.0,137,0.9166666666666666,1.5807291666666667,0.4751388888888889
2,25,worm,500.0,219,0.7708333333333334,1.7630208333333333,0.52125
2,25,worm,1000.0,42,0.9791666666666666,0.6458333333333334,0.2548611111111111
2,25,worm,1000.0,137,0.9791666666666666,0.7291666666666666,0.25958333333333333
2,26,worm,10.0,42,0.0,21.486979166666668,6.659861111111111
2,26,worm,10.0,137,0.0,20.34375,6.411388888888889
2,26,worm,10.0,219,0.0,21.861979166666668,6.815138888888889
2,26,worm,30.0,42,0.0,17.671875,5.3997222222222225
2,26,worm,30.0,137,0.0,16.442708333333332,5.086388888888889
2,26,worm,30.0,219,0.0,18.208333333333332,5.6026388888888885
2,26,worm,100.0,42,0.0,10.03125,2.9116666666666666
2,26,worm,100.0,137,0.0,9.072916666666666,2.6819444444444445
2,26,worm,500.0,137,0.9375,1.4322916666666667,0.44222222222222224
2,26,worm,500.0,219,0.8125,1.609375,0.48055555555555557
2,26,worm,1000.0,42,0.9791666666666666,0.578125,0.23708333333333334
2,26,worm,1000.0,137,1.0,0.59375,0.23291666666666666
2,27,worm,30.0,137,0.0,15.84375,4.855138888888889
2,27,worm,30.0,219,0.0,17.653645833333332,5.3909722222222225
2,27,worm,100.0,42,0.0,8.872395833333334,2.5633333333333335
2,27,worm,100.0,137,0.0,8.294270833333334,2.4073611111111113
2,27,worm,350.0,42,0.6458333333333334,2.4817708333333335,0.6938888888888889
2,27,worm,350.0,137,0.6666666666666666,2.1875,0.6520833333333333
2,27,worm,350.0,219,0.6875,2.5260416666666665,0.7265277777777778
2,27,worm,500.0,42,0.8958333333333334,1.5364583333333333,0.46805555555555556
2,27,worm,100.0,219,0.0,9.104166666666666,2.6358333333333333
2,27,worm,200.0,42,0.14583333333333334,4.890625,1.3318055555555555
2,27,worm,200.0,137,0.2916666666666667,4.263020833333333,1.2105555555555556
2,27,worm,200.0,219,0.14583333333333334,4.953125,1.3794444444444445
2,27,worm,500.0,137,0.9375,1.4609375,0.45805555555555555
2,27,worm,500.0,219,0.8125,1.6354166666666667,0.4988888888888889
2,27,worm,1000.0,42,0.9791666666666666,0.6666666666666666,0.26625
2,27,worm,1000.0,137,0.9791666666666666,0.7682291666666666,0.2679166666666667
2,27,worm,1000.0,219,1.0,0.875,0.29125
2,27,worm,3000.0,42,1.0,0.390625,0.16694444444444445
2,27,worm,3000.0,137,1.0,0.359375,0.16069444444444445
2,27,worm,3000.0,219,1.0,0.3723958333333333,0.16416666666666666
2,28,worm,10.0,42,0.0,21.143229166666668,6.558055555555556
2,28,worm,10.0,137,0.0,19.940104166666668,6.277083333333334
2,28,worm,10.0,219,0.0,21.645833333333332,6.742916666666667
2,28,worm,30.0,42,0.0,16.971354166666668,5.193888888888889
2,28,worm,350.0,42,0.4791666666666667,3.1067708333333335,0.8540277777777778
2,28,worm,350.0,137,0.5208333333333334,2.8046875,0.8063888888888889
2,28,worm,350.0,219,0.4583333333333333,3.3463541666666665,0.9226388888888889
2,28,worm,500.0,42,0.8125,1.9088541666666667,0.5473611111111111
2,28,worm,1000.0,219,0.9791666666666666,0.9921875,0.3190277777777778
2,28,worm,3000.0,42,1.0,0.3958333333333333,0.17083333333333334
2,28,worm,3000.0,137,1.0,0.3880208333333333,0.1651388888888889
2,28,worm,3000.0,219,1.0,0.4140625,0.1688888888888889
2,29,worm,500.0,137,0.9166666666666666,1.640625,0.5006944444444444
2,29,worm,500.0,219,0.7708333333333334,1.796875,0.5429166666666667
2,29,worm,1000.0,42,0.9791666666666666,0.6197916666666666,0.25666666666666665
2,29,worm,1000.0,137,1.0,0.6744791666666666,0.25027777777777777
2,28,worm,100.0,219,0.0,9.8203125,2.883611111111111
2,28,worm,200.0,42,0.0625,5.635416666666667,1.5779166666666666
2,28,worm,200.0,137,0.125,5.2734375,1.4929166666666667
2,28,worm,200.0,219,0.08333333333333333,5.830729166666667,1.64125
2,28,worm,30.0,137,0.0,16.130208333333332,4.965138888888889
2,28,worm,30.0,219,0.0,17.846354166666668,5.484583333333333
2,28,worm,100.0,42,0.0,10.013020833333334,2.9122222222222223
2,28,worm,100.0,137,0.0,8.901041666666666,2.6458333333333335
2,29,worm,350.0,42,0.4791666666666667,3.1744791666666665,0.8693055555555556
2,29,worm,350.0,137,0.5208333333333334,2.8203125,0.8115277777777777
2,29,worm,350.0,219,0.4375,3.3802083333333335,0.9344444444444444
2,29,worm,500.0,42,0.875,1.6927083333333333,0.5011111111111111
2,28,worm,500.0,137,0.9166666666666666,1.7447916666666667,0.5281944444444444
2,28,worm,500.0,219,0.75,1.8697916666666667,0.5605555555555556
2,28,worm,1000.0,42,0.9791666666666666,0.8489583333333334,0.30069444444444443
2,28,worm,1000.0,137,1.0,0.8463541666666666,0.28347222222222224
2,29,worm,100.0,219,0.0,10.8125,3.2086111111111113
2,29,worm,200.0,42,0.041666666666666664,6.125,1.722361111111111
2,29,worm,200.0,137,0.10416666666666667,5.755208333333333,1.633888888888889
2,29,worm,200.0,219,0.08333333333333333,6.184895833333333,1.7565277777777777
2,29,worm,10.0,42,0.0,21.747395833333332,6.7375
2,29,worm,10.0,137,0.0,20.580729166666668,6.483611111111111
2,29,worm,10.0,219,0.0,21.7734375,6.799305555555556
2,29,worm,30.0,42,0.0,17.760416666666668,5.467777777777778
2,29,worm,30.0,137,0.0,16.817708333333332,5.224583333333333
2,29,worm,30.0,219,0.0,18.419270833333332,5.699166666666667
2,29,worm,100.0,42,0.0,10.9375,3.2055555555555557
2,29,worm,100.0,137,0.0,9.674479166666666,2.9008333333333334
2,29,worm,1000.0,219,1.0,0.7916666666666666,0.27652777777777776
2,29,worm,3000.0,42,1.0,0.21614583333333334,0.14097222222222222
2,29,worm,3000.0,137,1.0,0.16145833333333334,0.13555555555555557
2,29,worm,3000.0,219,1.0,0.1875,0.13972222222222222
2,30,worm,30.0,137,0.0,16.307291666666668,5.053055555555556
2,30,worm,30.0,219,0.0,17.934895833333332,5.5384722222222225
2,30,worm,100.0,42,0.0,10.442708333333334,3.0530555555555554
2,30,worm,100.0,137,0.0,9.247395833333334,2.7645833333333334
2,30,worm,10.0,42,0.0,21.2578125,6.607916666666667
2,30,worm,10.0,137,0.0,20.106770833333332,6.335277777777778
2,30,worm,10.0,219,0.0,21.658854166666668,6.755694444444444
2,30,worm,30.0,42,0.0,17.109375,5.259166666666666
2,30,worm,100.0,219,0.0,10.377604166666666,3.0694444444444446
2,30,worm,200.0,42,0.0625,6.028645833333333,1.6958333333333333
2,30,worm,200.0,137,0.10416666666666667,5.653645833333333,1.6041666666666667
2,30,worm,200.0,219,0.08333333333333333,6.0390625,1.715
2,31,worm,10.0,42,0.0,21.661458333333332,6.715694444444445
2,31,worm,10.0,137,0.0,20.434895833333332,6.439444444444445
2,31,worm,10.0,219,0.0,21.7109375,6.783611111111111
2,31,worm,30.0,42,0.0,17.5,5.385972222222223
2,30,worm,350.0,42,0.4791666666666667,3.2213541666666665,0.8844444444444445
2,30,worm,350.0,137,0.5,2.9010416666666665,0.8341666666666666
2,30,worm,350.0,219,0.4166666666666667,3.5026041666666665,0.9673611111111111
2,30,worm,500.0,42,0.8333333333333334,1.8671875,0.5398611111111111
2,31,worm,100.0,219,0.0,10.302083333333334,3.0594444444444444
2,31,worm,200.0,42,0.0625,5.744791666666667,1.6308333333333334
2,31,worm,200.0,137,0.125,5.557291666666667,1.572361111111111
2,31,worm,200.0,219,0.10416666666666667,5.861979166666667,1.6730555555555555
2,30,worm,500.0,137,0.8958333333333334,1.7708333333333333,0.5331944444444444
2,30,worm,500.0,219,0.75,1.9010416666666667,0.5641666666666667
2,30,worm,1000.0,42,0.9791666666666666,0.7291666666666666,0.2802777777777778
2,30,worm,1000.0,137,0.9791666666666666,0.8203125,0.27819444444444447
2,32,worm,10.0,42,0.0,20.9765625,6.503472222222222
2,32,worm,10.0,137,0.0,20.244791666666668,6.358333333333333
2,32,worm,10.0,219,0.0,21.588541666666668,6.7252777777777775
2,32,worm,30.0,42,0.0,17.078125,5.21
2,30,worm,1000.0,219,0.9791666666666666,0.9166666666666666,0.30041666666666667
2,30,worm,3000.0,42,1.0,0.2994791666666667,0.15444444444444444
2,30,worm,3000.0,137,1.0,0.2604166666666667,0.14833333333333334
2,30,worm,3000.0,219,1.0,0.2838541666666667,0.15138888888888888
2,31,worm,350.0,42,0.5625,2.9817708333333335,0.8181944444444444
2,31,worm,350.0,137,0.625,2.6015625,0.7558333333333334
2,31,worm,350.0,219,0.4791666666666667,3.2526041666666665,0.9002777777777777
2,31,worm,500.0,42,0.8125,1.8072916666666667,0.5184722222222222
2,31,worm,1000.0,219,1.0,0.8359375,0.2808333333333333
2,31,worm,3000.0,42,1.0,0.2760416666666667,0.14722222222222223
2,31,worm,3000.0,137,1.0,0.3072916666666667,0.14805555555555555
2,31,worm,3000.0,219,1.0,0.3125,0.14972222222222223
2,31,worm,30.0,137,0.0,16.651041666666668,5.167222222222223
2,31,worm,30.0,219,0.0,18.208333333333332,5.635
2,31,worm,100.0,42,0.0,10.458333333333334,3.0727777777777776
2,31,worm,100.0,137,0.0,9.234375,2.779861111111111
2,32,worm,350.0,42,0.5625,2.609375,0.7279166666666667
2,32,worm,350.0,137,0.6666666666666666,2.3828125,0.7001388888888889
2,32,worm,350.0,219,0.5833333333333334,2.8515625,0.7954166666666667
2,32,worm,500.0,42,0.8958333333333334,1.578125,0.4738888888888889
2,32,worm,500.0,137,0.9375,1.5208333333333333,0.47097222222222224
2,32,worm,500.0,219,0.7708333333333334,1.7369791666666667,0.5181944444444444
2,32,worm,1000.0,42,0.9791666666666666,0.6588541666666666,0.26013888888888886
2,32,worm,1000.0,137,0.9791666666666666,0.7578125,0.26430555555555557
2,31,worm,500.0,137,0.9375,1.6640625,0.4973611111111111
2,31,worm,500.0,219,0.7708333333333334,1.8489583333333333,0.5425
2,31,worm,1000.0,42,0.9791666666666666,0.7395833333333334,0.26263888888888887
2,31,worm,1000.0,137,1.0,0.7317708333333334,0.255
2,32,worm,100.0,219,0.0,9.453125,2.763333333333333
2,32,worm,200.0,42,0.16666666666666666,5.247395833333333,1.4497222222222221
2,32,worm,200.0,137,0.1875,4.833333333333333,1.3640277777777778
2,32,worm,200.0,219,0.10416666666666667,5.34375,1.4984722222222222
2,32,worm,30.0,137,0.0,16.0859375,4.9425
2,32,worm,30.0,219,0.0,17.841145833333332,5.468194444444444
2,32,worm,100.0,42,0.0,9.549479166666666,2.7718055555555554
2,32,worm,100.0,137,0.0,8.783854166666666,2.5772222222222223
2,33,worm,30.0,137,0.0,16.520833333333332,5.094722222222222
2,33,worm,30.0,219,0.0,18.252604166666668,5.617638888888889
2,33,worm,100.0,42,0.0,10.291666666666666,3.0004166666666667
2,33,worm,100.0,137,0.0,9.171875,2.731388888888889
2,33,worm,350.0,42,0.4791666666666667,3.2083333333333335,0.8768055555555555
2,33,worm,350.0,137,0.5,2.8307291666666665,0.8163888888888889
2,33,worm,350.0,219,0.4375,3.3932291666666665,0.9390277777777778
2,33,worm,500.0,42,0.8125,1.96875,0.5586111111111111
2,32,worm,1000.0,219,1.0,0.8333333333333334,0.28402777777777777
2,32,worm,3000.0,42,1.0,0.3489583333333333,0.15875
2,32,worm,3000.0,137,1.0,0.3255208333333333,0.15263888888888888
2,32,worm,3000.0,219,1.0,0.3541666666666667,0.15986111111111112
2,33,worm,10.0,42,0.0,21.380208333333332,6.627083333333333
2,33,worm,10.0,137,0.0,20.390625,6.421111111111111
2,33,worm,10.0,219,0.0,21.721354166666668,6.77125
2,33,worm,30.0,42,0.0,17.328125,5.309861111111111
2,34,worm,30.0,137,0.0,16.46875,5.094444444444444
2,34,worm,30.0,219,0.0,18.2109375,5.605416666666667
2,34,worm,100.0,42,0.0,10.080729166666666,2.9320833333333334
2,34,worm,100.0,137,0.0,9.1484375,2.702638888888889
2,34,worm,10.0,42,0.0,21.484375,6.661111111111111
2,34,worm,10.0,137,0.0,20.348958333333332,6.4125
2,34,worm,10.0,219,0.0,21.893229166666668,6.823333333333333
2,34,worm,30.0,42,0.0,17.682291666666668,5.407638888888889
2,33,worm,100.0,219,0.0,10.403645833333334,3.0554166666666664
2,33,worm,200.0,42,0.0625,5.854166666666667,1.6418055555555555
2,33,worm,200.0,137,0.125,5.421875,1.5422222222222222
2,33,worm,200.0,219,0.08333333333333333,5.986979166666667,1.687638888888889
2,33,worm,500.0,137,0.8958333333333334,1.7838541666666667,0.5363888888888889
2,33,worm,500.0,219,0.7083333333333334,1.9453125,0.5775
2,33,worm,1000.0,42,0.9791666666666666,0.8723958333333334,0.29847222222222225
2,33,worm,1000.0,137,1.0,0.84375,0.2863888888888889
2,33,worm,1000.0,219,0.9791666666666666,1.0234375,0.3236111111111111
2,33,worm,3000.0,42,1.0,0.3802083333333333,0.16625
2,33,worm,3000.0,137,1.0,0.3932291666666667,0.1663888888888889
2,33,worm,3000.0,219,1.0,0.4453125,0.1711111111111111
2,34,worm,1000.0,219,1.0,0.5625,0.23569444444444446
2,34,worm,3000.0,42,1.0,0.12239583333333333,0.1297222222222222
2,34,worm,3000.0,137,1.0,0.109375,0.12763888888888889
2,34,worm,3000.0,219,1.0,0.13802083333333334,0.12944444444444445
2,35,worm,10.0,42,0.0,21.880208333333332,6.776527777777778
2,35,worm,10.0,137,0.0,20.6953125,6.532916666666667
2,35,worm,10.0,219,0.0,21.973958333333332,6.860138888888889
2,35,worm,30.0,42,0.0,18.143229166666668,5.582638888888889
2,35,worm,100.0,219,0.0,11.239583333333334,3.350416666666667
2,35,worm,200.0,42,0.020833333333333332,6.2421875,1.7740277777777778
2,35,worm,200.0,137,0.08333333333333333,5.859375,1.6694444444444445
2,35,worm,200.0,219,0.0625,6.411458333333333,1.8272222222222223
2,34,worm,100.0,219,0.0,9.955729166666666,2.9266666666666667
2,34,worm,200.0,42,0.14583333333333334,5.2890625,1.4602777777777778
2,34,worm,200.0,137,0.20833333333333334,4.861979166666667,1.3731944444444444
2,34,worm,200.0,219,0.10416666666666667,5.380208333333333,1.5109722222222222
2,35,worm,350.0,42,0.4375,3.3385416666666665,0.9143055555555556
2,35,worm,350.0,137,0.5416666666666666,2.828125,0.8269444444444445
2,35,worm,350.0,219,0.3958333333333333,3.6614583333333335,1.0059722222222223
2,35,worm,500.0,42,0.8125,1.9401041666666667,0.5502777777777778
2,34,worm,500.0,137,0.9583333333333334,1.3020833333333333,0.4186111111111111
2,34,worm,500.0,219,0.8125,1.4947916666666667,0.4609722222222222
2,34,worm,1000.0,42,1.0,0.5052083333333334,0.22805555555555557
2,34,worm,1000.0,137,1.0,0.5520833333333334,0.22166666666666668
2,34,worm,350.0,42,0.6666666666666666,2.390625,0.6716666666666666
2,34,worm,350.0,137,0.7083333333333334,2.1536458333333335,0.6411111111111111
2,34,worm,350.0,219,0.7083333333333334,2.5130208333333335,0.7156944444444444
2,34,worm,500.0,42,0.9583333333333334,1.3958333333333333,0.4348611111111111
2,35,worm,30.0,137,0.0,17.239583333333332,5.3573611111111115
2,35,worm,30.0,219,0.0,18.549479166666668,5.749722222222222
2,35,worm,100.0,42,0.0,11.153645833333334,3.286388888888889
2,35,worm,100.0,137,0.0,10.200520833333334,3.06875
2,36,worm,100.0,219,0.0,9.161458333333334,2.689861111111111
2,36,worm,200.0,42,0.125,4.971354166666667,1.3811111111111112
2,36,worm,200.0,137,0.1875,4.783854166666667,1.3420833333333333
2,36,worm,200.0,219,0.1875,5.247395833333333,1.4677777777777778
2,36,worm,350.0,42,0.5625,2.578125,0.7123611111111111
2,36,worm,350.0,137,0.7083333333333334,2.2916666666666665,0.6676388888888889
2,36,worm,350.0,219,0.5416666666666666,2.8515625,0.78125
2,36,worm,500.0,42,0.8958333333333334,1.5286458333333333,0.45916666666666667
2,36,worm,500.0,137,0.9375,1.4583333333333333,0.4502777777777778
2,36,worm,500.0,219,0.7916666666666666,1.703125,0.5006944444444444
2,36,worm,1000.0,42,0.9791666666666666,0.6276041666666666,0.24986111111111112
2,36,worm,1000.0,137,1.0,0.6796875,0.24861111111111112
2,35,worm,500.0,137,0.8958333333333334,1.78125,0.5327777777777778
2,35,worm,500.0,219,0.7083333333333334,1.9375,0.5725
2,35,worm,1000.0,42,0.9791666666666666,0.6588541666666666,0.26375
2,35,worm,1000.0,137,0.9791666666666666,0.7552083333333334,0.2658333333333333
2,37,worm,10.0,42,0.0,20.703125,6.399305555555555
2,37,worm,10.0,137,0.0,20.408854166666668,6.375555555555556
2,37,worm,10.0,219,0.0,21.419270833333332,6.647222222222222
2,37,worm,30.0,42,0.0,16.638020833333332,5.033333333333333
2,35,worm,1000.0,219,1.0,0.8515625,0.28708333333333336
2,35,worm,3000.0,42,1.0,0.2526041666666667,0.1448611111111111
2,35,worm,3000.0,137,1.0,0.20572916666666666,0.14027777777777778
2,35,worm,3000.0,219,1.0,0.21614583333333334,0.1423611111111111
2,36,worm,10.0,42,0.0,21.096354166666668,6.538194444444445
2,36,worm,10.0,137,0.0,19.6875,6.198333333333333
2,36,worm,10.0,219,0.0,21.559895833333332,6.717222222222222
2,36,worm,30.0,42,0.0,16.627604166666668,5.089027777777778
2,36,worm,30.0,137,0.0,15.65625,4.826388888888889
2,36,worm,30.0,219,0.0,17.463541666666668,5.359583333333333
2,36,worm,100.0,42,0.0,8.984375,2.620277777777778
2,36,worm,100.0,137,0.0,8.455729166666666,2.4965277777777777
2,37,worm,30.0,137,0.0,15.466145833333334,4.758055555555556
2,37,worm,30.0,219,0.0,17.151041666666668,5.233055555555556
2,37,worm,100.0,42,0.0,9.268229166666666,2.684861111111111
2,37,worm,100.0,137,0.0,8.5390625,2.5059722222222223
2,37,worm,1000.0,219,0.9166666666666666,1.2916666666666667,0.3925
2,37,worm,3000.0,42,0.9791666666666666,0.7786458333333334,0.22930555555555557
2,37,worm,3000.0,137,0.9791666666666666,0.7265625,0.22444444444444445
2,37,worm,3000.0,219,1.0,0.8072916666666666,0.24083333333333334
2,36,worm,1000.0,219,1.0,0.7786458333333334,0.27194444444444443
2,36,worm,3000.0,42,1.0,0.2760416666666667,0.14847222222222223
2,36,worm,3000.0,137,1.0,0.2552083333333333,0.14402777777777778
2,36,worm,3000.0,219,1.0,0.2838541666666667,0.1498611111111111
2,37,worm,100.0,219,0.0,9.236979166666666,2.6881944444444446
2,37,worm,200.0,42,0.10416666666666667,5.497395833333333,1.5315277777777778
2,37,worm,200.0,137,0.14583333333333334,5.098958333333333,1.447361111111111
2,37,worm,200.0,219,0.0625,5.640625,1.59
2,38,worm,10.0,42,0.0,21.25,6.603194444444444
2,38,worm,10.0,137,0.0,20.091145833333332,6.335694444444444
2,38,worm,10.0,219,0.0,21.658854166666668,6.759027777777778
2,38,worm,30.0,42,0.0,17.046875,5.240833333333334
2,38,worm,100.0,219,0.0,10.1171875,2.9805555555555556
2,38,worm,200.0,42,0.0625,5.609375,1.5894444444444444
2,38,worm,200.0,137,0.14583333333333334,5.434895833333333,1.5347222222222223
2,38,worm,200.0,219,0.10416666666666667,5.703125,1.6233333333333333
2,39,worm,10.0,42,0.0,21.096354166666668,6.5325
2,39,worm,10.0,137,0.0,19.75,6.214166666666666
2,39,worm,10.0,219,0.0,21.513020833333332,6.703055555555555
2,39,worm,30.0,42,0.0,16.6953125,5.105833333333333
2,37,worm,350.0,42,0.4166666666666667,3.4088541666666665,0.9313888888888889
2,37,worm,350.0,137,0.5208333333333334,2.9401041666666665,0.8508333333333333
2,37,worm,350.0,219,0.3958333333333333,3.6848958333333335,1.0105555555555557
2,37,worm,500.0,42,0.7083333333333334,2.3802083333333335,0.6609722222222222
2,37,worm,500.0,137,0.7291666666666666,2.234375,0.6393055555555556
2,37,worm,500.0,219,0.6458333333333334,2.3671875,0.6809722222222222
2,37,worm,1000.0,42,0.9583333333333334,1.2421875,0.3663888888888889
2,37,worm,1000.0,137,0.9583333333333334,1.2161458333333333,0.36777777777777776
2,38,worm,30.0,137,0.0,16.299479166666668,5.045
2,38,worm,30.0,219,0.0,17.8828125,5.524166666666667
2,38,worm,100.0,42,0.0,9.864583333333334,2.906388888888889
2,38,worm,100.0,137,0.0,8.908854166666666,2.6770833333333335
2,39,worm,30.0,137,0.0,15.71875,4.84
2,39,worm,30.0,219,0.0,17.575520833333332,5.391111111111111
2,39,worm,100.0,42,0.0,9.294270833333334,2.7119444444444443
2,39,worm,100.0,137,0.0,8.450520833333334,2.506527777777778
2,38,worm,500.0,137,0.9375,1.7161458333333333,0.5126388888888889
2,38,worm,500.0,219,0.75,1.9088541666666667,0.5586111111111111
2,38,worm,1000.0,42,0.9791666666666666,0.7838541666666666,0.27375
2,38,worm,1000.0,137,1.0,0.7786458333333334,0.26819444444444446
2,38,worm,1000.0,219,1.0,0.8619791666666666,0.28944444444444445
2,38,worm,3000.0,42,1.0,0.3515625,0.15861111111111112
2,38,worm,3000.0,137,1.0,0.3333333333333333,0.1540277777777778
2,38,worm,3000.0,219,1.0,0.3307291666666667,0.15638888888888888
2,38,worm,350.0,42,0.5625,2.9296875,0.8075
2,38,worm,350.0,137,0.6041666666666666,2.6458333333333335,0.7616666666666667
2,38,worm,350.0,219,0.4791666666666667,3.2369791666666665,0.895
2,38,worm,500.0,42,0.8125,1.8411458333333333,0.5266666666666666
2,39,worm,500.0,137,0.8958333333333334,1.5078125,0.4688888888888889
2,39,worm,500.0,219,0.8125,1.71875,0.5183333333333333
2,39,worm,1000.0,42,1.0,0.6276041666666666,0.2677777777777778
2,39,worm,1000.0,137,1.0,0.6901041666666666,0.25472222222222224
2,39,worm,100.0,219,0.0,9.239583333333334,2.7181944444444444
2,39,worm,200.0,42,0.14583333333333334,5.255208333333333,1.4558333333333333
2,39,worm,200.0,137,0.16666666666666666,4.859375,1.36875
2,39,worm,200.0,219,0.10416666666666667,5.359375,1.5015277777777778
2,39,worm,1000.0,219,0.9791666666666666,0.734375,0.27819444444444447
2,39,worm,3000.0,42,1.0,0.2682291666666667,0.1523611111111111
2,39,worm,3000.0,137,1.0,0.20052083333333334,0.145
2,39,worm,3000.0,219,1.0,0.22135416666666666,0.14916666666666667
2,39,worm,350.0,42,0.5625,2.6354166666666665,0.7344444444444445
2,39,worm,350.0,137,0.625,2.5078125,0.7234722222222222
2,39,worm,350.0,219,0.6041666666666666,2.7604166666666665,0.78
2,39,worm,500.0,42,0.8958333333333334,1.5911458333333333,0.48347222222222225
2,40,worm,10.0,42,0.0,21.166666666666668,6.5680555555555555
2,40,worm,10.0,137,0.0,19.9375,6.282916666666667
2,40,worm,10.0,219,0.0,21.651041666666668,6.750277777777778
2,40,worm,30.0,42,0.0,16.919270833333332,5.184027777777778
2,40,worm,500.0,137,0.9166666666666666,1.7265625,0.5193055555555556
2,40,worm,500.0,219,0.75,1.9270833333333333,0.5636111111111111
2,40,worm,1000.0,42,0.9791666666666666,0.7786458333333334,0.2833333333333333
2,40,worm,1000.0,137,1.0,0.7864583333333334,0.2727777777777778
2,41,worm,10.0,42,0.0,21.122395833333332,6.5425
2,41,worm,10.0,137,0.0,20.143229166666668,6.324305555555555
2,41,worm,10.0,219,0.0,21.575520833333332,6.720694444444445
2,41,worm,30.0,42,0.0,16.755208333333332,5.120694444444444
2,40,worm,30.0,137,0.0,16.208333333333332,4.990277777777778
2,40,worm,30.0,219,0.0,17.9140625,5.512638888888889
2,40,worm,100.0,42,0.0,9.8515625,2.8809722222222223
2,40,worm,100.0,137,0.0,8.848958333333334,2.6422222222222222
2,41,worm,100.0,219,0.0,9.325520833333334,2.74125
2,41,worm,200.0,42,0.125,5.190104166666667,1.45125
2,41,worm,200.0,137,0.16666666666666666,4.869791666666667,1.3808333333333334
2,41,worm,200.0,219,0.125,5.3515625,1.506388888888889
2,40,worm,100.0,219,0.0,9.8515625,2.904027777777778
2,40,worm,200.0,42,0.0625,5.502604166666667,1.5559722222222223
2,40,worm,200.0,137,0.14583333333333334,5.21875,1.4790277777777778
2,40,worm,200.0,219,0.125,5.645833333333333,1.5981944444444445
2,41,worm,30.0,137,0.0,15.924479166666666,4.895972222222222
2,41,worm,30.0,219,0.0,17.682291666666668,5.420416666666667
2,41,worm,100.0,42,0.0,9.473958333333334,2.75875
2,41,worm,100.0,137,0.0,8.567708333333334,2.5343055555555556
2,40,worm,350.0,42,0.5,3.0546875,0.8341666666666666
2,40,worm,350.0,137,0.5625,2.6432291666666665,0.7683333333333333
2,40,worm,350.0,219,0.4791666666666667,3.2708333333333335,0.9030555555555555
2,40,worm,500.0,42,0.8333333333333334,1.8307291666666667,0.5259722222222222
2,40,worm,1000.0,219,0.9791666666666666,0.9192708333333334,0.30444444444444446
2,40,worm,3000.0,42,1.0,0.3880208333333333,0.16694444444444445
2,40,worm,3000.0,137,1.0,0.3359375,0.1575
2,40,worm,3000.0,219,1.0,0.359375,0.16305555555555556
2,41,worm,350.0,42,0.5,2.890625,0.7976388888888889
2,41,worm,350.0,137,0.625,2.5390625,0.7406944444444444
2,41,worm,350.0,219,0.5208333333333334,3.1927083333333335,0.8734722222222222
2,41,worm,500.0,42,0.8541666666666666,1.7734375,0.5140277777777778
2,42,worm,30.0,137,0.0,15.666666666666666,4.81625
2,42,worm,30.0,219,0.0,17.4375,5.334722222222222
2,42,worm,100.0,42,0.0,8.729166666666666,2.5304166666666665
2,42,worm,100.0,137,0.0,7.924479166666667,2.3306944444444446
2,42,worm,100.0,219,0.0,8.830729166666666,2.564722222222222
2,42,worm,200.0,42,0.20833333333333334,4.541666666666667,1.2508333333333332
2,42,worm,200.0,137,0.3125,4.231770833333333,1.18875
2,42,worm,200.0,219,0.1875,4.744791666666667,1.3231944444444443
2,41,worm,500.0,137,0.9166666666666666,1.6796875,0.51
2,41,worm,500.0,219,0.75,1.8645833333333333,0.5526388888888889
2,41,worm,1000.0,42,0.9791666666666666,0.8489583333333334,0.2951388888888889
2,41,worm,1000.0,137,1.0,0.8411458333333334,0.2847222222222222
2,42,worm,500.0,137,0.9375,1.2786458333333333,0.40944444444444444
2,42,worm,500.0,219,0.8125,1.5,0.4498611111111111
2,42,worm,1000.0,42,0.9791666666666666,0.6171875,0.24097222222222223
2,42,worm,1000.0,137,0.9791666666666666,0.671875,0.24388888888888888
2,41,worm,1000.0,219,0.9791666666666666,0.9869791666666666,0.31819444444444445
2,41,worm,3000.0,42,1.0,0.3854166666666667,0.16902777777777778
2,41,worm,3000.0,137,1.0,0.4010416666666667,0.16875
2,41,worm,3000.0,219,1.0,0.4583333333333333,0.17305555555555555
2,43,worm,10.0,42,0.0,21.341145833333332,6.617222222222222
2,43,worm,10.0,137,0.0,20.322916666666668,6.393611111111111
2,43,worm,10.0,219,0.0,21.716145833333332,6.7725
2,43,worm,30.0,42,0.0,17.260416666666668,5.283194444444445
2,42,worm,10.0,42,0.0,20.885416666666668,6.473888888888889
2,42,worm,10.0,137,0.0,20.265625,6.360416666666667
2,42,worm,10.0,219,0.0,21.372395833333332,6.663611111111111
2,42,worm,30.0,42,0.0,16.518229166666668,5.042222222222223
2,42,worm,350.0,42,0.6875,2.2604166666666665,0.6325
2,42,worm,350.0,137,0.8125,1.9895833333333333,0.5965277777777778
2,42,worm,350.0,219,0.7083333333333334,2.3333333333333335,0.6673611111111111
2,42,worm,500.0,42,0.9375,1.4583333333333333,0.43625
2,43,worm,1000.0,219,1.0,0.6067708333333334,0.23444444444444446
2,43,worm,3000.0,42,1.0,0.14322916666666666,0.12861111111111112
2,43,worm,3000.0,137,1.0,0.15364583333333334,0.12944444444444445
2,43,worm,3000.0,219,1.0,0.16666666666666666,0.1309722222222222
2,42,worm,1000.0,219,1.0,0.7682291666666666,0.2623611111111111
2,42,worm,3000.0,42,1.0,0.28125,0.1475
2,42,worm,3000.0,137,1.0,0.3098958333333333,0.14805555555555555
2,42,worm,3000.0,219,1.0,0.3177083333333333,0.15097222222222223
2,43,worm,100.0,219,0.0,9.651041666666666,2.841111111111111
2,43,worm,200.0,42,0.14583333333333334,4.9921875,1.392638888888889
2,43,worm,200.0,137,0.1875,4.8046875,1.3505555555555555
2,43,worm,200.0,219,0.16666666666666666,5.25,1.4731944444444445
2,43,worm,500.0,137,0.9583333333333334,1.2760416666666667,0.40819444444444447
2,43,worm,500.0,219,0.8333333333333334,1.4869791666666667,0.45069444444444445
2,43,worm,1000.0,42,1.0,0.546875,0.22791666666666666
2,43,worm,1000.0,137,1.0,0.5833333333333334,0.2234722222222222
2,43,worm,30.0,137,0.0,16.328125,5.036527777777778
2,43,worm,30.0,219,0.0,18.052083333333332,5.560833333333333
2,43,worm,100.0,42,0.0,9.861979166666666,2.872361111111111
2,43,worm,100.0,137,0.0,8.7734375,2.613611111111111
2,44,worm,100.0,219,0.0,9.6796875,2.855
2,44,worm,200.0,42,0.10416666666666667,5.354166666666667,1.5127777777777778
2,44,worm,200.0,137,0.14583333333333334,5.151041666666667,1.448611111111111
2,44,worm,200.0,219,0.14583333333333334,5.486979166666667,1.5516666666666667
2,43,worm,350.0,42,0.625,2.3854166666666665,0.6654166666666667
2,43,worm,350.0,137,0.75,2.2005208333333335,0.6483333333333333
2,43,worm,350.0,219,0.6458333333333334,2.5572916666666665,0.7226388888888889
2,43,worm,500.0,42,0.9166666666666666,1.4296875,0.43569444444444444
2,44,worm,1000.0,219,1.0,0.8333333333333334,0.2856944444444444
2,44,worm,3000.0,42,1.0,0.296875,0.1525
2,44,worm,3000.0,137,1.0,0.265625,0.1473611111111111
2,44,worm,3000.0,219,1.0,0.2864583333333333,0.15166666666666667
2,44,worm,30.0,137,0.0,15.596354166666666,4.813194444444444
2,44,worm,30.0,219,0.0,17.1796875,5.302222222222222
2,44,worm,100.0,42,0.0,9.463541666666666,2.767916666666667
2,44,worm,100.0,137,0.0,8.697916666666666,2.592361111111111
2,44,worm,10.0,42,0.0,20.838541666666668,6.468194444444444
2,44,worm,10.0,137,0.0,19.619791666666668,6.183333333333334
2,44,worm,10.0,219,0.0,21.2421875,6.637083333333333
2,44,worm,30.0,42,0.0,16.684895833333332,5.101527777777778
2,45,worm,10.0,42,0.0,21.2109375,6.573611111111111
2,45,worm,10.0,137,0.0,20.1875,6.352222222222222
2,45,worm,10.0,219,0.0,21.6484375,6.752916666666667
2,45,worm,30.0,42,0.0,17.3125,5.292222222222223
2,44,worm,350.0,42,0.5,2.9505208333333335,0.8063888888888889
2,44,worm,350.0,137,0.6041666666666666,2.5520833333333335,0.7391666666666666
2,44,worm,350.0,219,0.5,3.1875,0.8698611111111111
2,44,worm,500.0,42,0.8333333333333334,1.7083333333333333,0.4998611111111111
2,45,worm,350.0,42,0.4791666666666667,3.1145833333333335,0.8601388888888889
2,45,worm,350.0,137,0.5416666666666666,2.7708333333333335,0.8029166666666666
2,45,worm,350.0,219,0.4375,3.4375,0.9425
2,45,worm,500.0,42,0.8125,1.9088541666666667,0.5501388888888888
2,45,worm,1000.0,219,0.9791666666666666,1.0260416666666667,0.32902777777777775
2,45,worm,3000.0,42,1.0,0.40625,0.17347222222222222
2,45,worm,3000.0,137,1.0,0.3984375,0.16972222222222222
2,45,worm,3000.0,219,1.0,0.4322916666666667,0.17319444444444446
2,44,worm,500.0,137,0.9166666666666666,1.6744791666666667,0.5001388888888889
2,44,worm,500.0,219,0.75,1.859375,0.5438888888888889
2,44,worm,1000.0,42,0.9791666666666666,0.6822916666666666,0.26375
2,44,worm,1000.0,137,0.9791666666666666,0.7630208333333334,0.2659722222222222
2,45,worm,30.0,137,0.0,16.239583333333332,5.0136111111111115
2,45,worm,30.0,219,0.0,17.950520833333332,5.523472222222222
2,45,worm,100.0,42,0.0,10.026041666666666,2.9183333333333334
2,45,worm,100.0,137,0.0,8.963541666666666,2.6615277777777777
2,45,worm,100.0,219,0.0,9.8984375,2.908888888888889
2,45,worm,200.0,42,0.0625,5.591145833333333,1.56875
2,45,worm,200.0,137,0.125,5.205729166666667,1.47625
2,45,worm,200.0,219,0.08333333333333333,5.8828125,1.65375
2,46,worm,30.0,137,0.0,17.057291666666668,5.285694444444444
2,46,worm,30.0,219,0.0,18.4140625,5.6809722222222225
2,46,worm,100.0,42,0.0,10.486979166666666,3.080277777777778
2,46,worm,100.0,137,0.0,9.606770833333334,2.8651388888888887
2,46,worm,500.0,137,0.8333333333333334,1.9947916666666667,0.5863888888888888
2,46,worm,500.0,219,0.6875,2.2473958333333335,0.6441666666666667
2,46,worm,1000.0,42,0.9791666666666666,1.0546875,0.32125
2,46,worm,1000.0,137,0.9583333333333334,1.0,0.3184722222222222
2,46,worm,10.0,42,0.0,21.471354166666668,6.655138888888889
2,46,worm,10.0,137,0.0,20.526041666666668,6.480277777777777
2,46,worm,10.0,219,0.0,21.994791666666668,6.85625
2,46,worm,30.0,42,0.0,17.783854166666668,5.458611111111111
2,45,worm,500.0,137,0.8958333333333334,1.7708333333333333,0.5352777777777777
2,45,worm,500.0,219,0.75,1.9505208333333333,0.5763888888888888
2,45,worm,1000.0,42,0.9791666666666666,0.9140625,0.3120833333333333
2,45,worm,1000.0,137,1.0,0.9010416666666666,0.29597222222222225
2,47,worm,10.0,42,0.0,20.755208333333332,6.439305555555555
2,47,worm,10.0,137,0.0,19.447916666666668,6.118333333333333
2,47,worm,10.0,219,0.0,21.166666666666668,6.614722222222222
2,47,worm,30.0,42,0.0,16.3359375,4.993333333333333
2,46,worm,100.0,219,0.0,10.658854166666666,3.1480555555555556
2,46,worm,200.0,42,0.0625,6.028645833333333,1.6984722222222222
2,46,worm,200.0,137,0.10416666666666667,5.677083333333333,1.616111111111111
2,46,worm,200.0,219,0.0625,6.052083333333333,1.7184722222222222
2,46,worm,1000.0,219,0.9375,1.0494791666666667,0.33361111111111114
2,46,worm,3000.0,42,1.0,0.4791666666666667,0.18041666666666667
2,46,worm,3000.0,137,1.0,0.46875,0.17902777777777779
2,46,worm,3000.0,219,1.0,0.53125,0.18791666666666668
2,46,worm,350.0,42,0.4375,3.3359375,0.9148611111111111
2,46,worm,350.0,137,0.5416666666666666,2.8072916666666665,0.8211111111111111
2,46,worm,350.0,219,0.3958333333333333,3.6640625,1.0054166666666666
2,46,worm,500.0,42,0.7916666666666666,2.046875,0.5797222222222222
2,47,worm,100.0,219,0.0,9.307291666666666,2.725277777777778
2,47,worm,200.0,42,0.10416666666666667,4.942708333333333,1.3884722222222223
2,47,worm,200.0,137,0.1875,4.7421875,1.3411111111111111
2,47,worm,200.0,219,0.1875,5.145833333333333,1.4495833333333332
2,47,worm,30.0,137,0.0,15.3984375,4.7434722222222225
2,47,worm,30.0,219,0.0,17.080729166666668,5.252777777777778
2,47,worm,100.0,42,0.0,9.088541666666666,2.6493055555555554
2,47,worm,100.0,137,0.0,8.421875,2.4963888888888888
2,48,worm,350.0,42,0.6041666666666666,2.5130208333333335,0.7004166666666667
2,48,worm,350.0,137,0.6875,2.2265625,0.6626388888888889
2,48,worm,350.0,219,0.6458333333333334,2.6666666666666665,0.7540277777777777
2,48,worm,500.0,42,0.8958333333333334,1.53125,0.4651388888888889
2,47,worm,350.0,42,0.5416666666666666,2.6067708333333335,0.7193055555555555
2,47,worm,350.0,137,0.6875,2.3020833333333335,0.6730555555555555
2,47,worm,350.0,219,0.5416666666666666,2.7994791666666665,0.7754166666666666
2,47,worm,500.0,42,0.8958333333333334,1.5078125,0.45625
2,48,worm,500.0,137,0.9375,1.4479166666666667,0.4534722222222222
2,48,worm,500.0,219,0.8125,1.6302083333333333,0.4955555555555556
2,48,worm,1000.0,42,0.9791666666666666,0.6380208333333334,0.25833333333333336
2,48,worm,1000.0,137,1.0,0.6822916666666666,0.25166666666666665
2,47,worm,1000.0,219,1.0,0.671875,0.25430555555555556
2,47,worm,3000.0,42,1.0,0.18229166666666666,0.13777777777777778
2,47,worm,3000.0,137,1.0,0.15364583333333334,0.13333333333333333
2,47,worm,3000.0,219,1.0,0.18489583333333334,0.13805555555555554
2,47,worm,500.0,137,0.9375,1.4479166666666667,0.44722222222222224
2,47,worm,500.0,219,0.7916666666666666,1.6770833333333333,0.49541666666666667
2,47,worm,1000.0,42,1.0,0.5833333333333334,0.24263888888888888
2,47,worm,1000.0,137,1.0,0.6145833333333334,0.23694444444444446
2,48,worm,100.0,219,0.0,9.1796875,2.683333333333333
2,48,worm,200.0,42,0.16666666666666666,5.033854166666667,1.3902777777777777
2,48,worm,200.0,137,0.1875,4.666666666666667,1.3134722222222222
2,48,worm,200.0,219,0.10416666666666667,5.145833333333333,1.4401388888888889
2,48,worm,10.0,42,0.0,20.815104166666668,6.448333333333333
2,48,worm,10.0,137,0.0,20.015625,6.283611111111111
2,48,worm,10.0,219,0.0,21.3125,6.646805555555556
2,48,worm,30.0,42,0.0,16.53125,5.051944444444445
2,48,worm,30.0,137,0.0,15.690104166666666,4.822777777777778
2,48,worm,30.0,219,0.0,17.627604166666668,5.388194444444444
2,48,worm,100.0,42,0.0,9.348958333333334,2.703888888888889
2,48,worm,100.0,137,0.0,8.411458333333334,2.465
2,49,worm,30.0,137,0.0,14.622395833333334,4.447222222222222
2,49,worm,30.0,219,0.0,16.033854166666668,4.865
2,49,worm,100.0,42,0.0,8.244791666666666,2.348472222222222
2,49,worm,100.0,137,0.020833333333333332,7.736979166666667,2.2084722222222224
2,48,worm,1000.0,219,1.0,0.796875,0.27819444444444447
2,48,worm,3000.0,42,1.0,0.3151041666666667,0.15458333333333332
2,48,worm,3000.0,137,1.0,0.2994791666666667,0.1515277777777778
2,48,worm,3000.0,219,1.0,0.3125,0.15472222222222223
2,49,worm,10.0,42,0.0,20.518229166666668,6.322638888888889
2,49,worm,10.0,137,0.0,19.802083333333332,6.181111111111111
2,49,worm,10.0,219,0.0,20.872395833333332,6.477222222222222
2,49,worm,30.0,42,0.0,15.46875,4.673472222222222
2,49,worm,350.0,42,0.5416666666666666,2.7083333333333335,0.7509722222222223
2,49,worm,350.0,137,0.6458333333333334,2.421875,0.70875
2,49,worm,350.0,219,0.5416666666666666,2.9322916666666665,0.8130555555555555
2,49,worm,500.0,42,0.8333333333333334,1.8229166666666667,0.5252777777777777
2,49,worm,500.0,137,0.9166666666666666,1.7265625,0.5205555555555555
2,49,worm,500.0,219,0.7291666666666666,1.9036458333333333,0.5625
2,49,worm,1000.0,42,0.9791666666666666,1.0989583333333333,0.33402777777777776
2,49,worm,1000.0,137,0.9583333333333334,1.0208333333333333,0.3252777777777778
2,49,worm,100.0,219,0.020833333333333332,8.09375,2.3305555555555557
2,49,worm,200.0,42,0.20833333333333334,4.666666666666667,1.2702777777777778
2,49,worm,200.0,137,0.3125,4.052083333333333,1.1558333333333333
2,49,worm,200.0,219,0.1875,4.78125,1.3284722222222223
2,49,worm,1000.0,219,0.9375,1.140625,0.3511111111111111
2,49,worm,3000.0,42,0.9791666666666666,0.546875,0.1934722222222222
2,49,worm,3000.0,137,1.0,0.5078125,0.19111111111111112
2,49,worm,3000.0,219,1.0,0.6354166666666666,0.20833333333333334
2,0,fly,100.0,219,0.0,1.3636651469098278,1.421875
2,0,fly,200.0,42,0.0,1.1886398176291795,1.2120455058717254
2,0,fly,200.0,137,0.0,1.1709726443768997,1.2120031616982836
2,0,fly,200.0,219,0.0,1.1717325227963526,1.2040706865401987
2,1,fly,10.0,42,0.0,1.9165400202634248,2.073664747064137
2,1,fly,10.0,137,0.0,1.8796859169199596,2.0586043360433606
2,1,fly,10.0,219,0.0,1.8576494427558259,2.008892276422764
2,1,fly,30.0,42,0.0,1.6719858156028369,1.7870229223125564
2,0,fly,350.0,42,0.20833333333333334,1.0319148936170215,1.0463386404697381
2,0,fly,350.0,137,0.3333333333333333,1.0286220871327254,1.0525067750677506
2,0,fly,350.0,219,0.3125,1.0298252279635258,1.0460422312556459
2,0,fly,500.0,42,0.8333333333333334,0.9491514690982775,0.9591237579042458
2,1,fly,30.0,137,0.0,1.644756838905775,1.7740797199638663
2,1,fly,30.0,219,0.0,1.6376013171225938,1.7499153116531165
2,1,fly,100.0,42,0.0,1.335802938196555,1.3824384598012647
2,1,fly,100.0,137,0.0,1.3120567375886525,1.3778229448961157
2,1,fly,100.0,219,0.0,1.313259878419453,1.3691282746160796
2,1,fly,200.0,42,0.020833333333333332,1.1353216818642349,1.1602726964769647
2,1,fly,200.0,137,0.020833333333333332,1.1260131712259371,1.1646341463414633
2,1,fly,200.0,219,0.0,1.124176798378926,1.156221770551039
2,0,fly,30.0,137,0.0,1.6793946301925022,1.812401196928636
2,0,fly,30.0,219,0.0,1.6758485309017226,1.7886743450767841
2,0,fly,100.0,42,0.0,1.3855749746707193,1.4352698735320686
2,0,fly,100.0,137,0.0,1.3643617021276597,1.4316847335140017
2,0,fly,10.0,42,0.0,1.9321808510638299,2.095486111111111
2,0,fly,10.0,137,0.0,1.9009625126646403,2.082077122854562
2,0,fly,10.0,219,0.0,1.8800025329280647,2.0338471093044266
2,0,fly,30.0,42,0.0,1.7140957446808514,1.8277721318879856
2,1,fly,350.0,42,0.6041666666666666,0.9904381965552179,1.0069444444444444
2,1,fly,350.0,137,0.5833333333333334,0.9880952380952381,1.0123927280939475
2,1,fly,350.0,219,0.6666666666666666,0.9878419452887538,1.0057305781391148
2,1,fly,500.0,42,0.9583333333333334,0.9136904761904763,0.9269986449864499
2,0,fly,1000.0,219,1.0,0.8189589665653495,0.8283649503161699
2,0,fly,3000.0,42,1.0,0.7082700101317124,0.708643857271906
2,0,fly,3000.0,137,1.0,0.7060536980749746,0.7132734869015357
2,0,fly,3000.0,219,1.0,0.7084599797365755,0.712595980126468
2,0,fly,500.0,137,0.8125,0.9487715298885512,0.9671691508581752
2,0,fly,500.0,219,0.8333333333333334,0.9469984802431611,0.9591378726287263
2,0,fly,1000.0,42,1.0,0.8230116514690984,0.828661359530262
2,0,fly,1000.0,137,1.0,0.8218085106382979,0.8334744805781391
2,1,fly,500.0,137,0.8958333333333334,0.9148302938196555,0.932884485094851
2,1,fly,500.0,219,0.9166666666666666,0.9133738601823708,0.9260106142728094
2,1,fly,1000.0,42,1.0,0.8030015197568389,0.8087454832881662
2,1,fly,1000.0,137,1.0,0.8014184397163119,0.8138126693766937
2,1,fly,1000.0,219,1.0,0.7990754812563324,0.8097758581752484
2,1,fly,3000.0,42,1.0,0.702127659574468,0.7043388663053297
2,1,fly,3000.0,137,1.0,0.7006079027355622,0.7083615627822945
2,1,fly,3000.0,219,1.0,0.7017477203647416,0.7077122854561879
2,2,fly,10.0,42,0.0,1.8667679837892603,2.011376467931346
2,2,fly,10.0,137,0.0,1.8370694022289769,1.9958785004516713
2,2,fly,10.0,219,0.0,1.816742654508612,1.9571194670280037
2,2,fly,30.0,42,0.0,1.6243034447821685,1.7200344399277325
2,2,fly,30.0,137,0.0,1.5937816616008105,1.7041553748870821
2,2,fly,30.0,219,0.0,1.5987208713272543,1.699582204155375
2,2,fly,100.0,42,0.0,1.3104736575481255,1.3480408762420957
2,2,fly,100.0,137,0.0,1.2898936170212767,1.3453731933152664
2,2,fly,350.0,42,0.6458333333333334,0.9882218844984804,1.0040932700993677
2,2,fly,350.0,137,0.625,0.9860055724417426,1.0090193089430894
2,2,fly,350.0,219,0.6666666666666666,0.9860055724417426,1.0030487804878048
2,2,fly,500.0,42,0.9583333333333334,0.9162234042553191,0.9293981481481481
2,2,fly,100.0,219,0.0,1.2893237082066868,1.335083559168925
2,2,fly,200.0,42,0.020833333333333332,1.1231003039513678,1.1448311878952122
2,2,fly,200.0,137,0.041666666666666664,1.1154381965552178,1.1491644083107497
2,2,fly,200.0,219,0.020833333333333332,1.1131585612968593,1.140427393857272
2,2,fly,500.0,137,0.875,0.9166666666666666,0.9352698735320687
2,2,fly,500.0,219,0.9166666666666666,0.915210233029382,0.9282689701897019
2,2,fly,1000.0,42,1.0,0.8087006079027356,0.8169602529358627
2,2,fly,1000.0,137,1.0,0.8071808510638299,0.8226202574525745
2,2,fly,1000.0,219,1.0,0.8050278622087133,0.817284891598916
2,2,fly,3000.0,42,1.0,0.7098530901722392,0.7152213188798555
2,2,fly,3000.0,137,1.0,0.7094098277608917,0.7191028681120144
2,2,fly,3000.0,219,1.0,0.7086499493414387,0.7186935411020777
2,3,fly,100.0,219,0.0,1.332130192502533,1.3864893857271907
2,3,fly,200.0,42,0.0,1.155838399189463,1.1805132113821137
2,3,fly,200.0,137,0.0,1.1451367781155015,1.183053861788618
2,3,fly,200.0,219,0.0,1.1432370820668694,1.175149616079494
2,3,fly,10.0,42,0.0,1.9077380952380956,2.0656758130081303
2,3,fly,10.0,137,0.0,1.8802558257345492,2.0550191960252935
2,3,fly,10.0,219,0.0,1.8530268490374873,2.0004799006323397
2,3,fly,30.0,42,0.0,1.6690096251266464,1.7782294489611563
2,3,fly,30.0,137,0.0,1.6510258358662615,1.7787658084914182
2,3,fly,30.0,219,0.0,1.6418439716312057,1.7521313233965674
2,3,fly,100.0,42,0.0,1.3530268490374873,1.3988962285456188
2,3,fly,100.0,137,0.0,1.3337132725430596,1.3968354787714543
2,3,fly,350.0,42,0.375,1.0090552178318137,1.0232469512195121
2,3,fly,350.0,137,0.4791666666666667,1.0057624113475176,1.0295985772357723
2,3,fly,350.0,219,0.5208333333333334,1.0053824721377913,1.0223294941282746
2,3,fly,500.0,42,0.9166666666666666,0.9283814589665652,0.9400124209575429
2,4,fly,10.0,42,0.0,1.896466565349544,2.0525773486901535
2,4,fly,10.0,137,0.0,1.8532801418439717,2.015667344173442
2,4,fly,10.0,219,0.0,1.833016717325228,1.9775999322493225
2,4,fly,30.0,42,0.0,1.6478596757852078,1.7486873306233062
2,3,fly,1000.0,219,1.0,0.8059777102330293,0.8161698283649503
2,3,fly,3000.0,42,1.0,0.7033941236068895,0.7051434056007226
2,3,fly,3000.0,137,1.0,0.7017477203647416,0.7093637082204155
2,3,fly,3000.0,219,1.0,0.7030141843971632,0.7087991192411924
2,3,fly,500.0,137,0.8541666666666666,0.9285081053698075,0.946801603432701
2,3,fly,500.0,219,0.9166666666666666,0.9277482269503544,0.9399277326106594
2,3,fly,1000.0,42,1.0,0.8103470111448834,0.8153229448961157
2,3,fly,1000.0,137,1.0,0.8095871327254306,0.8209688346883469
2,4,fly,500.0,137,0.8125,0.9440222897669707,0.9616079494128275
2,4,fly,500.0,219,0.8541666666666666,0.9418059777102331,0.9535343270099368
2,4,fly,1000.0,42,1.0,0.8268743667679838,0.8320347786811202
2,4,fly,1000.0,137,1.0,0.8251646403242149,0.8366079494128275
2,5,fly,10.0,42,0.0,1.9267350557244172,2.0893462059620598
2,5,fly,10.0,137,0.0,1.88677811550152,2.068555216802168
2,5,fly,10.0,219,0.0,1.8679711246200608,2.0239668021680215
2,5,fly,30.0,42,0.0,1.6938323201621077,1.8106227416440832
2,4,fly,30.0,137,0.0,1.6236702127659575,1.7421804426377596
2,4,fly,30.0,219,0.0,1.6239235055724415,1.72998532068654
2,4,fly,100.0,42,0.0,1.3413753799392099,1.382593721770551
2,4,fly,100.0,137,0.0,1.3230749746707193,1.3808434959349594
2,4,fly,100.0,219,0.0,1.3216185410334347,1.37011630532972
2,4,fly,200.0,42,0.0,1.1580547112462007,1.1790593947606143
2,4,fly,200.0,137,0.0,1.1471631205673758,1.181783536585366
2,4,fly,200.0,219,0.0,1.1453267477203648,1.1734699638663053
2,5,fly,30.0,137,0.0,1.6646403242147922,1.7960281165311653
2,5,fly,30.0,219,0.0,1.657674772036474,1.7716943315266487
2,5,fly,100.0,42,0.0,1.374810030395137,1.423681684733514
2,5,fly,100.0,137,0.0,1.3519503546099292,1.4198424796747968
2,4,fly,1000.0,219,1.0,0.8221251266464034,0.8318230578139115
2,4,fly,3000.0,42,1.0,0.7132725430597772,0.7158988256549232
2,4,fly,3000.0,137,1.0,0.7125759878419453,0.7204014227642277
2,4,fly,3000.0,219,1.0,0.7142223910840931,0.7190887533875339
2,4,fly,350.0,42,0.2916666666666667,1.0203900709219857,1.0320686540198736
2,4,fly,350.0,137,0.375,1.0156408308004052,1.037643970189702
2,4,fly,350.0,219,0.375,1.017223910840932,1.0316452122854562
2,4,fly,500.0,42,0.8333333333333334,0.9442755825734549,0.9535484417344173
2,5,fly,350.0,42,0.2708333333333333,1.0258358662613982,1.0400717028003614
2,5,fly,350.0,137,0.3541666666666667,1.0227963525835868,1.0468326558265582
2,5,fly,350.0,219,0.3541666666666667,1.0230496453900708,1.0401705058717254
2,5,fly,500.0,42,0.875,0.9427558257345492,0.9527156729900632
2,5,fly,100.0,219,0.0,1.3514437689969607,1.409566960252936
2,5,fly,200.0,42,0.0,1.1794579533941236,1.2043812104787714
2,5,fly,200.0,137,0.0,1.1657168186423508,1.2061737804878048
2,5,fly,200.0,219,0.0,1.166096757852077,1.198537714543812
2,5,fly,500.0,137,0.8333333333333334,0.9423125633232016,0.9602670505871725
2,5,fly,500.0,219,0.8541666666666666,0.9400329280648428,0.9523345754290876
2,5,fly,1000.0,42,1.0,0.8152228976697061,0.8199666892502259
2,5,fly,1000.0,137,1.0,0.81427304964539,0.8250338753387534
2,5,fly,1000.0,219,1.0,0.811613475177305,0.8203195573622403
2,5,fly,3000.0,42,1.0,0.7018110435663627,0.7018264453477868
2,5,fly,3000.0,137,1.0,0.7001646403242149,0.7054539295392954
2,5,fly,3000.0,219,1.0,0.7013677811550152,0.705298667570009
2,7,fly,10.0,42,0.0,1.8898809523809526,2.039845867208672
2,7,fly,10.0,137,0.0,1.8592325227963526,2.0229081978319785
2,7,fly,10.0,219,0.0,1.8405521783181358,1.9820460704607046
2,7,fly,30.0,42,0.0,1.6612841945288757,1.7627738256549232
2,6,fly,30.0,137,0.0,1.6804711246200608,1.8180329719963866
2,6,fly,30.0,219,0.0,1.6735688956433636,1.7886178861788617
2,6,fly,100.0,42,0.0,1.3912107396149949,1.4449102303523036
2,6,fly,100.0,137,0.0,1.3686676798378923,1.4402523712737128
2,6,fly,10.0,42,0.0,1.9461119554204658,2.1094879177958448
2,6,fly,10.0,137,0.0,1.914260385005066,2.096657633242999
2,6,fly,10.0,219,0.0,1.8774062816616006,2.0344681571815717
2,6,fly,30.0,42,0.0,1.7160587639311045,1.8341378726287263
2,6,fly,500.0,137,0.7916666666666666,0.9493414387031409,0.9694416214995484
2,6,fly,500.0,219,0.8333333333333334,0.9467451874366768,0.9612409665763324
2,6,fly,1000.0,42,1.0,0.8208586626139818,0.8273628048780488
2,6,fly,1000.0,137,1.0,0.820288753799392,0.8322888437217706
2,6,fly,100.0,219,0.0,1.368351063829787,1.430936653116531
2,6,fly,200.0,42,0.0,1.1919326241134753,1.2186653116531165
2,6,fly,200.0,137,0.0,1.1756585612968593,1.2200062104787714
2,6,fly,200.0,219,0.0,1.1759751773049645,1.2117349819331527
2,6,fly,1000.0,219,1.0,0.8169959473150964,0.827052280939476
2,6,fly,3000.0,42,1.0,0.7054204660587639,0.7065548780487805
2,6,fly,3000.0,137,1.0,0.7035207700101317,0.7104223125564589
2,6,fly,3000.0,219,1.0,0.7051671732522796,0.7101541327913279
2,6,fly,350.0,42,0.22916666666666666,1.0331180344478217,1.0509118112014453
2,6,fly,350.0,137,0.3125,1.031534954407295,1.0576021906052393
2,6,fly,350.0,219,0.2708333333333333,1.0323581560283688,1.0508130081300813
2,6,fly,500.0,42,0.8125,0.9501013171225936,0.9617914408310749
2,7,fly,30.0,137,0.0,1.6369680851063828,1.7532322719060525
2,7,fly,30.0,219,0.0,1.63798125633232,1.7425615401987353
2,7,fly,100.0,42,0.0,1.3633485309017221,1.4042880532971997
2,7,fly,100.0,137,0.0,1.3421352583586625,1.4025095980126467
2,7,fly,100.0,219,0.0,1.3412487335359675,1.391768292682927
2,7,fly,200.0,42,0.0,1.1752152988855116,1.1970274390243902
2,7,fly,200.0,137,0.0,1.1610942249240122,1.1981001580849142
2,7,fly,200.0,219,0.0,1.160904255319149,1.1906899277326106
2,7,fly,350.0,42,0.2708333333333333,1.0282421479229988,1.042330058717254
2,7,fly,350.0,137,0.3541666666666667,1.0245694022289766,1.0488369467028003
2,7,fly,350.0,219,0.3333333333333333,1.0257092198581559,1.0422030261969286
2,7,fly,500.0,42,0.8125,0.9488981762917933,0.9596177732610659
2,7,fly,1000.0,219,1.0,0.8221251266464034,0.8336156278229448
2,7,fly,3000.0,42,1.0,0.713145896656535,0.7189617208672087
2,7,fly,3000.0,137,1.0,0.7142223910840931,0.7232102529358627
2,7,fly,3000.0,219,1.0,0.7137791286727456,0.7224339430894309
2,8,fly,100.0,219,0.0,1.3559397163120568,1.417386517615176
2,8,fly,200.0,42,0.0,1.1804078014184398,1.2091096431797652
2,8,fly,200.0,137,0.0,1.1679331306990883,1.210817524841915
2,8,fly,200.0,219,0.0,1.1664766970618035,1.2025180668473352
2,7,fly,500.0,137,0.8125,0.9473784194528876,0.9670844625112918
2,7,fly,500.0,219,0.8541666666666666,0.9446555217831812,0.9587850045167118
2,7,fly,1000.0,42,1.0,0.8257345491388044,0.8339826106594399
2,7,fly,1000.0,137,1.0,0.8244047619047619,0.8394732384823849
2,8,fly,1000.0,219,1.0,0.8166160081053698,0.8260783649503162
2,8,fly,3000.0,42,1.0,0.7053571428571429,0.7052704381210478
2,8,fly,3000.0,137,1.0,0.7033308004052685,0.7095895438121048
2,8,fly,3000.0,219,1.0,0.7050405268490375,0.7088555781391147
2,8,fly,10.0,42,0.0,1.9457320162107397,2.114399841915086
2,8,fly,10.0,137,0.0,1.9131205673758866,2.100299232158988
2,8,fly,10.0,219,0.0,1.8720238095238095,2.0279330397470643
2,8,fly,30.0,42,0.0,1.6973784194528874,1.8162827461607949
2,9,fly,10.0,42,0.0,1.9191995947315095,2.0769252484191507
2,9,fly,10.0,137,0.0,1.8875379939209724,2.0621471318879854
2,9,fly,10.0,219,0.0,1.8712006079027355,2.0189843044263776
2,9,fly,30.0,42,0.0,1.6988348530901722,1.8057672764227641
2,8,fly,350.0,42,0.25,1.0279888551165148,1.045731707317073
2,8,fly,350.0,137,0.3541666666666667,1.0254559270516717,1.0521115627822946
2,8,fly,350.0,219,0.3125,1.0267857142857144,1.0454917570009032
2,8,fly,500.0,42,0.8333333333333334,0.946871833839919,0.9585873983739838
2,8,fly,30.0,137,0.0,1.6704027355623101,1.8063036359530262
2,8,fly,30.0,219,0.0,1.6616641337386018,1.7745172764227641
2,8,fly,100.0,42,0.0,1.3764564336372846,1.4292852303523036
2,8,fly,100.0,137,0.0,1.3546732522796352,1.4256859756097562
2,8,fly,500.0,137,0.8333333333333334,0.9461119554204661,0.9658000225835591
2,8,fly,500.0,219,0.8541666666666666,0.9433890577507599,0.9576840560072267
2,8,fly,1000.0,42,1.0,0.820288753799392,0.82641711833785
2,8,fly,1000.0,137,1.0,0.8194655521783183,0.8311173215898826
2,9,fly,30.0,137,0.0,1.6733156028368794,1.8020833333333333
2,9,fly,30.0,219,0.0,1.6715425531914894,1.7805442637759712
2,9,fly,100.0,42,0.0,1.3812056737588652,1.4266034327009938
2,9,fly,100.0,137,0.0,1.3601823708206686,1.4247685185185186
2,9,fly,500.0,137,0.8125,0.9464918946301925,0.9651225158084914
2,9,fly,500.0,219,0.8541666666666666,0.9454787234042553,0.9571900406504065
2,9,fly,1000.0,42,1.0,0.8235182370820668,0.829734078590786
2,9,fly,1000.0,137,1.0,0.8223784194528875,0.8343637082204155
2,9,fly,350.0,42,0.22916666666666666,1.0296352583586625,1.0425982384823849
2,9,fly,350.0,137,0.3541666666666667,1.0257725430597773,1.0489075203252032
2,9,fly,350.0,219,0.3333333333333333,1.027355623100304,1.0424429765130985
2,9,fly,500.0,42,0.8333333333333334,0.9471884498480243,0.9572041553748871
2,9,fly,100.0,219,0.0,1.359359169199595,1.4144647696476964
2,9,fly,200.0,42,0.0,1.1843971631205674,1.2057926829268293
2,9,fly,200.0,137,0.0,1.1680597771023302,1.2058914859981933
2,9,fly,200.0,219,0.0,1.1683763931104358,1.1982977642276422
2,9,fly,1000.0,219,1.0,0.8191489361702128,0.8294094399277326
2,9,fly,3000.0,42,1.0,0.7108662613981762,0.7134710930442638
2,9,fly,3000.0,137,1.0,0.7094731509625126,0.7176349367660343
2,9,fly,3000.0,219,1.0,0.7115628166160081,0.7169292005420054
2,10,fly,30.0,137,0.0,1.6337386018237083,1.7615881887985547
2,10,fly,30.0,219,0.0,1.6230369807497464,1.7331187895212286
2,10,fly,100.0,42,0.0,1.3204154002026343,1.363623532068654
2,10,fly,100.0,137,0.0,1.2990121580547112,1.3585986901535683
2,10,fly,350.0,42,0.6666666666666666,0.9848024316109422,0.9995624435411021
2,10,fly,350.0,137,0.6458333333333334,0.9822695035460992,1.00488369467028
2,10,fly,350.0,219,0.6666666666666666,0.9822695035460992,0.9986026422764228
2,10,fly,500.0,42,0.9791666666666666,0.9098277608915906,0.921776196928636
2,10,fly,10.0,42,0.0,1.9027355623100304,2.060269873532069
2,10,fly,10.0,137,0.0,1.870187436676798,2.042513550135501
2,10,fly,10.0,219,0.0,1.844224924012158,1.9878613369467029
2,10,fly,30.0,42,0.0,1.648239614994934,1.7525688798554653
2,10,fly,100.0,219,0.0,1.298885511651469,1.3494805781391148
2,10,fly,200.0,42,0.020833333333333332,1.123923505572442,1.1464967253839204
2,10,fly,200.0,137,0.020833333333333332,1.1167679837892603,1.151803861788618
2,10,fly,200.0,219,0.020833333333333332,1.1136018237082066,1.1433632565492322
2,10,fly,500.0,137,0.9166666666666666,0.910017730496454,0.9277890695573623
2,10,fly,500.0,219,0.9166666666666666,0.9096377912867274,0.9211551490514905
2,10,fly,1000.0,42,1.0,0.8019883485309017,0.8065577009936766
2,10,fly,1000.0,137,1.0,0.8000253292806484,0.8113849367660343
2,10,fly,1000.0,219,1.0,0.7978090172239108,0.8074892728093948
2,10,fly,3000.0,42,1.0,0.7014944275582572,0.7026309846431797
2,10,fly,3000.0,137,1.0,0.7001013171225937,0.707006549232159
2,10,fly,3000.0,219,1.0,0.7007345491388045,0.7063008130081301
2,11,fly,100.0,219,0.0,1.3035081053698077,1.3487748419150858
2,11,fly,200.0,42,0.0,1.1423505572441741,1.164281278229449
2,11,fly,200.0,137,0.0,1.1324088145896658,1.168656842818428
2,11,fly,200.0,219,0.0,1.1297492401215805,1.1598069105691058
2,11,fly,10.0,42,0.0,1.8549898682877408,1.9953280261969286
2,11,fly,10.0,137,0.0,1.8292806484295845,1.9903172990063234
2,11,fly,10.0,219,0.0,1.8049012158054711,1.944387985546522
2,11,fly,30.0,42,0.0,1.618034447821682,1.7078534327009938
2,11,fly,30.0,137,0.0,1.5887158054711248,1.696237014453478
2,11,fly,30.0,219,0.0,1.5970111448834856,1.695164295392954
2,11,fly,100.0,42,0.0,1.3232649442755826,1.3617603884372178
2,11,fly,100.0,137,0.0,1.3028748733535969,1.3583163956639566
2,12,fly,10.0,42,0.0,1.8682877406281662,2.008638211382114
2,12,fly,10.0,137,0.0,1.8316869300911856,1.9910512646793135
2,12,fly,10.0,219,0.0,1.8086372847011145,1.9462087850045167
2,12,fly,30.0,42,0.0,1.6287993920972645,1.7179878048780488
2,11,fly,1000.0,219,1.0,0.8135131712259372,0.8269958220415538
2,11,fly,3000.0,42,1.0,0.7145390070921986,0.7216999774164409
2,11,fly,3000.0,137,1.0,0.7145390070921986,0.7252710027100271
2,11,fly,3000.0,219,1.0,0.7135891590678826,0.7253274616079494
2,12,fly,30.0,137,0.0,1.6049265450861194,1.7086579719963866
2,12,fly,30.0,219,0.0,1.606066362715299,1.7028850496838301
2,12,fly,100.0,42,0.0,1.3410587639311042,1.3775829945799458
2,12,fly,100.0,137,0.0,1.3238981762917932,1.375197606142728
2,11,fly,350.0,42,0.4166666666666667,1.0045592705167172,1.021510840108401
2,11,fly,350.0,137,0.5416666666666666,1.00177304964539,1.0276507452574526
2,11,fly,350.0,219,0.5625,1.000949848024316,1.020240514905149
2,11,fly,500.0,42,0.9375,0.9288247213779129,0.9433293812104788
2,11,fly,500.0,137,0.8541666666666666,0.9304078014184397,0.9507254968383018
2,11,fly,500.0,219,0.8958333333333334,0.9284447821681864,0.9439080849141824
2,11,fly,1000.0,42,1.0,0.8168693009118542,0.8270099367660343
2,11,fly,1000.0,137,1.0,0.8168693009118541,0.8328534327009937
2,12,fly,350.0,42,0.22916666666666666,1.0310916919959474,1.043656842818428
2,12,fly,350.0,137,0.3333333333333333,1.027418946301925,1.0498673215898826
2,12,fly,350.0,219,0.3333333333333333,1.029191995947315,1.043501580849142
2,12,fly,500.0,42,0.7916666666666666,0.9552304964539008,0.9657859078590786
2,12,fly,100.0,219,0.0,1.3217451874366768,1.364061088527552
2,12,fly,200.0,42,0.0,1.1671732522796352,1.1859897244805782
2,12,fly,200.0,137,0.0,1.1538753799392099,1.1880928184281843
2,12,fly,200.0,219,0.0,1.1536854103343466,1.179906278229449
2,13,fly,10.0,42,0.0,1.8779128672745695,2.021990740740741
2,13,fly,10.0,137,0.0,1.8496707193515707,2.0081018518518516
2,13,fly,10.0,219,0.0,1.827697568389058,1.9689617208672088
2,13,fly,30.0,42,0.0,1.6404508611955422,1.7319896115627822
2,12,fly,500.0,137,0.7708333333333334,0.9543439716312058,0.9740571364046974
2,12,fly,500.0,219,0.7916666666666666,0.9522543059777103,0.9656165311653117
2,12,fly,1000.0,42,1.0,0.8378292806484294,0.845824864498645
2,12,fly,1000.0,137,1.0,0.836436170212766,0.8510331978319783
2,12,fly,1000.0,219,1.0,0.8321935157041539,0.844385162601626
2,12,fly,3000.0,42,1.0,0.7227710233029381,0.7278116531165312
2,12,fly,3000.0,137,1.0,0.7221377912867274,0.7321448735320687
2,12,fly,3000.0,219,1.0,0.7216945288753799,0.7306487127371274
2,13,fly,30.0,137,0.0,1.6152482269503547,1.723436088527552
2,13,fly,30.0,219,0.0,1.6154381965552178,1.7180866079494128
2,13,fly,100.0,42,0.0,1.324531408308004,1.3596714092140922
2,13,fly,100.0,137,0.0,1.3055977710233029,1.3579635275519422
2,13,fly,350.0,42,0.6666666666666666,0.98112968591692,0.993845980126468
2,13,fly,350.0,137,0.6666666666666666,0.9782801418439716,0.998997854561879
2,13,fly,350.0,219,0.7083333333333334,0.9782801418439716,0.9928438346883469
2,13,fly,500.0,42,0.9791666666666666,0.903115501519757,0.915015243902439
2,14,fly,10.0,42,0.0,1.9433257345491386,2.107469512195122
2,14,fly,10.0,137,0.0,1.907548125633232,2.08984022131888
2,14,fly,10.0,219,0.0,1.8770263424518745,2.033155487804878
2,14,fly,30.0,42,0.0,1.7102330293819656,1.8281391147244805
2,13,fly,100.0,219,0.0,1.3043946301925027,1.3469540424570912
2,13,fly,200.0,42,0.020833333333333332,1.1251266464032421,1.1444500903342367
2,13,fly,200.0,137,0.0625,1.1161980749746707,1.1484727868112015
2,13,fly,200.0,219,0.020833333333333332,1.1144250253292807,1.1392699864498645
2,13,fly,500.0,137,0.9375,0.9050785207700102,0.920872854561879
2,13,fly,500.0,219,0.9583333333333334,0.9027355623100304,0.9141542457091237
2,13,fly,1000.0,42,1.0,0.7938196555217832,0.8005024841915086
2,13,fly,1000.0,137,1.0,0.7923632218844986,0.804638098464318
2,13,fly,1000.0,219,1.0,0.7898936170212766,0.8011799909665763
2,13,fly,3000.0,42,1.0,0.6987715298885512,0.7028709349593496
2,13,fly,3000.0,137,1.0,0.6991514690982775,0.7077969738030714
2,13,fly,3000.0,219,1.0,0.6998480243161094,0.7070630081300813
2,14,fly,350.0,42,0.1875,1.0381838905775076,1.0564871273712737
2,14,fly,350.0,137,0.2916666666666667,1.0362208713272543,1.062669376693767
2,14,fly,350.0,219,0.25,1.036727456940223,1.0566706187895212
2,14,fly,500.0,42,0.7916666666666666,0.9570035460992908,0.9702038166214996
2,14,fly,30.0,137,0.0,1.673188956433637,1.8074328139114724
2,14,fly,30.0,219,0.0,1.6690729483282674,1.7816875564588979
2,14,fly,100.0,42,0.0,1.3837386018237083,1.4360320686540198
2,14,fly,100.0,137,0.0,1.3614488348530902,1.432813911472448
2,14,fly,100.0,219,0.0,1.362968591691996,1.4235405374887082
2,14,fly,200.0,42,0.0,1.1897163120567376,1.2167174796747968
2,14,fly,200.0,137,0.0,1.173758865248227,1.2183124435411021
2,14,fly,200.0,219,0.0,1.1741388044579535,1.2100271002710028
2,14,fly,500.0,137,0.7916666666666666,0.9566236068895644,0.9781645212285456
2,14,fly,500.0,219,0.7916666666666666,0.9544706180344479,0.9704014227642277
2,14,fly,1000.0,42,1.0,0.8338399189463019,0.8407012195121951
2,14,fly,1000.0,137,1.0,0.8306737588652483,0.8454155374887082
2,14,fly,1000.0,219,1.0,0.8284574468085107,0.8397978771454381
2,14,fly,3000.0,42,1.0,0.7142223910840931,0.7180866079494128
2,14,fly,3000.0,137,1.0,0.7140324214792301,0.722631549232159
2,14,fly,3000.0,219,1.0,0.7151089159067882,0.7212906504065041
2,15,fly,350.0,42,0.2916666666666667,1.0229863221884499,1.0344540424570912
2,15,fly,350.0,137,0.375,1.0186170212765957,1.0408480126467932
2,15,fly,350.0,219,0.3541666666666667,1.0191869300911856,1.0342140921409213
2,15,fly,500.0,42,0.8958333333333334,0.9409194528875379,0.9498080397470642
2,15,fly,100.0,219,0.0,1.3551165146909827,1.4112042682926829
2,15,fly,200.0,42,0.0,1.1761651469098278,1.1987494354110209
2,15,fly,200.0,137,0.0,1.1620440729483283,1.1995680894308942
2,15,fly,200.0,219,0.0,1.1613475177304966,1.1923695799457994
2,15,fly,10.0,42,0.0,1.9268617021276595,2.082387646793135
2,15,fly,10.0,137,0.0,1.9007725430597773,2.0841661020776874
2,15,fly,10.0,219,0.0,1.876836372847011,2.029471544715447
2,15,fly,30.0,42,0.0,1.7073834853090173,1.8212511291779585
2,15,fly,30.0,137,0.0,1.6761018237082066,1.807912714543812
2,15,fly,30.0,219,0.0,1.6743287740628165,1.7853291553748871
2,15,fly,100.0,42,0.0,1.3781028368794324,1.4247967479674797
2,15,fly,100.0,137,0.0,1.3559397163120568,1.4215362466124661
2,16,fly,350.0,42,0.20833333333333334,1.0322315096251267,1.0476513098464317
2,16,fly,350.0,137,0.3125,1.0293186423505574,1.0541299683830172
2,16,fly,350.0,219,0.2916666666666667,1.0303318135764945,1.0476936540198736
2,16,fly,500.0,42,0.8125,0.952127659574468,0.9628218157181572
2,16,fly,30.0,137,0.0,1.6647036474164132,1.7971996386630533
2,16,fly,30.0,219,0.0,1.659257852077001,1.7738397696476964
2,16,fly,100.0,42,0.0,1.374936676798379,1.4250649277326106
2,16,fly,100.0,137,0.0,1.35258358662614,1.4206893631436315
2,15,fly,500.0,137,0.8125,0.9395263424518744,0.9572888437217706
2,15,fly,500.0,219,0.875,0.9378166160081053,0.9495257452574526
2,15,fly,1000.0,42,1.0,0.817629179331307,0.822436766034327
2,15,fly,1000.0,137,1.0,0.8162993920972644,0.8269393631436315
2,16,fly,10.0,42,0.0,1.9377532928064845,2.10107554200542
2,16,fly,10.0,137,0.0,1.8995694022289769,2.080453929539295
2,16,fly,10.0,219,0.0,1.8726570415400203,2.028412940379404
2,16,fly,30.0,42,0.0,1.6963019250253293,1.8131633920505872
2,15,fly,1000.0,219,1.0,0.814336372847011,0.8219286359530262
2,15,fly,3000.0,42,1.0,0.7065602836879433,0.7057221093044264
2,15,fly,3000.0,137,1.0,0.7040273556231004,0.7100412149954833
2,15,fly,3000.0,219,1.0,0.7056737588652481,0.709081413730804
2,16,fly,100.0,219,0.0,1.3539133738601823,1.4124463640469738
2,16,fly,200.0,42,0.0,1.1816109422492402,1.2080510388437218
2,16,fly,200.0,137,0.0,1.166919959473151,1.2091096431797652
2,16,fly,200.0,219,0.0,1.1679964539007093,1.2007396115627822
2,16,fly,500.0,137,0.7916666666666666,0.9518110435663627,0.9710648148148148
2,16,fly,500.0,219,0.8125,0.9494680851063828,0.962595980126468
2,16,fly,1000.0,42,1.0,0.8282041540020263,0.8336015130984643
2,16,fly,1000.0,137,1.0,0.8272543059777102,0.8385416666666666
2,17,fly,30.0,137,0.0,1.673822188449848,1.8043981481481481
2,17,fly,30.0,219,0.0,1.6691362715298883,1.7804878048780488
2,17,fly,100.0,42,0.0,1.375886524822695,1.4209857723577235
2,17,fly,100.0,137,0.0,1.3534067882472136,1.4188826784101174
2,17,fly,10.0,42,0.0,1.921922492401216,2.0769252484191507
2,17,fly,10.0,137,0.0,1.8936170212765957,2.0701078364950316
2,17,fly,10.0,219,0.0,1.875063323201621,2.0274813685636857
2,17,fly,30.0,42,0.0,1.6988981762917934,1.8104815943992774
2,17,fly,500.0,137,0.8333333333333334,0.9341438703140831,0.950852529358627
2,17,fly,500.0,219,0.875,0.9333839918946302,0.9433576106594399
2,17,fly,1000.0,42,1.0,0.8106636271529887,0.8142643405600722
2,17,fly,1000.0,137,1.0,0.8094604863221884,0.8194726738934056
2,17,fly,350.0,42,0.2916666666666667,1.018743667679838,1.0299937895212286
2,17,fly,350.0,137,0.4375,1.0132978723404256,1.035738482384824
2,17,fly,350.0,219,0.3958333333333333,1.015577507598784,1.0296550361336947
2,17,fly,500.0,42,0.9166666666666666,0.9344604863221884,0.9433717253839206
2,16,fly,1000.0,219,1.0,0.8233915906788246,0.8329804652213189
2,16,fly,3000.0,42,1.0,0.7102963525835865,0.7111139340560072
2,16,fly,3000.0,137,1.0,0.7088399189463019,0.7155318428184282
2,16,fly,3000.0,219,1.0,0.7104229989868287,0.7141627145438121
2,17,fly,100.0,219,0.0,1.3530268490374873,1.4079155374887082
2,17,fly,200.0,42,0.0,1.1733156028368794,1.1952489837398375
2,17,fly,200.0,137,0.0,1.1595111448834852,1.1963499322493225
2,17,fly,200.0,219,0.0,1.159257852077001,1.1889679313459802
2,18,fly,100.0,219,0.0,1.3275709219858156,1.3796296296296295
2,18,fly,200.0,42,0.0,1.1453900709219857,1.1683180894308942
2,18,fly,200.0,137,0.0,1.1346251266464034,1.171606820234869
2,18,fly,200.0,219,0.0,1.1319022289766971,1.1628980352303524
2,18,fly,350.0,42,0.4791666666666667,0.9974670719351572,1.0121668925022584
2,18,fly,350.0,137,0.5625,0.9936676798378926,1.0170929313459802
2,18,fly,350.0,219,0.6458333333333334,0.9945542046605876,1.0106001580849142
2,18,fly,500.0,42,0.9583333333333334,0.9182497467071936,0.9297510162601627
2,18,fly,10.0,42,0.0,1.9061550151975684,2.062965785907859
2,18,fly,10.0,137,0.0,1.8841185410334347,2.0576304200542004
2,18,fly,10.0,219,0.0,1.8644250253292807,2.013013775971093
2,18,fly,30.0,42,0.0,1.6770516717325226,1.7861901535682023
2,17,fly,1000.0,219,1.0,0.8068642350557244,0.814772470641373
2,17,fly,3000.0,42,1.0,0.7001646403242147,0.6999915311653117
2,17,fly,3000.0,137,1.0,0.6991514690982776,0.7036472448057814
2,17,fly,3000.0,219,1.0,0.6999113475177304,0.7037742773261066
2,18,fly,30.0,137,0.0,1.6567882472137792,1.7832966350496837
2,18,fly,30.0,219,0.0,1.6493161094224924,1.759202800361337
2,18,fly,100.0,42,0.0,1.3478976697061806,1.391697719060524
2,18,fly,100.0,137,0.0,1.327127659574468,1.3902721318879856
2,19,fly,30.0,137,0.0,1.6654635258358663,1.7986534552845528
2,19,fly,30.0,219,0.0,1.6614741641337385,1.774728997289973
2,19,fly,100.0,42,0.0,1.3713905775075987,1.421070460704607
2,19,fly,100.0,137,0.0,1.3482142857142858,1.4161726513098465
2,18,fly,1000.0,219,1.0,0.8016717325227963,0.811963640469738
2,18,fly,3000.0,42,1.0,0.7030775075987842,0.7051292908762421
2,18,fly,3000.0,137,1.0,0.7016210739614994,0.7094342818428184
2,18,fly,3000.0,219,1.0,0.7025075987841944,0.708545054200542
2,18,fly,500.0,137,0.8541666666666666,0.9196428571428571,0.9366813459801264
2,18,fly,500.0,219,0.9166666666666666,0.9184397163120567,0.9298074751580849
2,18,fly,1000.0,42,1.0,0.8059143870314083,0.8108062330623306
2,18,fly,1000.0,137,1.0,0.8042046605876393,0.8159581074977417
2,19,fly,10.0,42,0.0,1.941805977710233,2.1050417795844627
2,19,fly,10.0,137,0.0,1.8993794326241134,2.0791836043360434
2,19,fly,10.0,219,0.0,1.8754432624113475,2.031715785907859
2,19,fly,30.0,42,0.0,1.6980116514690984,1.8153511743450768
2,19,fly,350.0,42,0.2708333333333333,1.0228596757852078,1.0378980352303524
2,19,fly,350.0,137,0.375,1.0195035460992907,1.044969512195122
2,19,fly,350.0,219,0.3541666666666667,1.020516717325228,1.0384202800361337
2,19,fly,500.0,42,0.8958333333333334,0.9431357649442754,0.954197719060524
2,19,fly,100.0,219,0.0,1.3504305977710231,1.4086636178861789
2,19,fly,200.0,42,0.0,1.1726823708206686,1.1992434507678411
2,19,fly,200.0,137,0.0,1.1595744680851063,1.2008384146341464
2,19,fly,200.0,219,0.0,1.15919452887538,1.1924119241192412
2,19,fly,500.0,137,0.8333333333333334,0.9433257345491387,0.9618337850045167
2,19,fly,500.0,219,0.8541666666666666,0.9404761904761906,0.9533649503161699
2,19,fly,1000.0,42,1.0,0.8215552178318136,0.8273204607046071
2,19,fly,1000.0,137,1.0,0.8202254305977711,0.8317524841915086
2,19,fly,1000.0,219,1.0,0.8175025329280649,0.8267135275519422
2,19,fly,3000.0,42,1.0,0.7080800405268489,0.7085309394760614
2,19,fly,3000.0,137,1.0,0.7059270516717325,0.7128077009936766
2,19,fly,3000.0,219,1.0,0.7083966565349544,0.7122289972899729
2,20,fly,10.0,42,0.0,1.9045086119554204,2.0555273261065943
2,20,fly,10.0,137,0.0,1.877659574468085,2.0432334010840107
2,20,fly,10.0,219,0.0,1.854483282674772,2.0018207994579944
2,20,fly,30.0,42,0.0,1.6764817629179332,1.7764227642276422
2,20,fly,350.0,42,0.2916666666666667,1.0202001013171227,1.034595189701897
2,20,fly,350.0,137,0.4166666666666667,1.0166540020263426,1.0414972899728998
2,20,fly,350.0,219,0.375,1.018047112462006,1.0347786811201445
2,20,fly,500.0,42,0.8958333333333334,0.9402228976697063,0.9524192637759711
2,20,fly,100.0,219,0.0,1.3444148936170215,1.3957627597109303
2,20,fly,200.0,42,0.0,1.1691362715298885,1.192186088527552
2,20,fly,200.0,137,0.0,1.1565982776089159,1.1932305781391148
2,20,fly,200.0,219,0.0,1.1563449848024316,1.1857638888888888
2,20,fly,500.0,137,0.8333333333333334,0.9406028368794326,0.9600129855465221
2,20,fly,500.0,219,0.8541666666666666,0.938386524822695,0.9524333785004516
2,20,fly,1000.0,42,1.0,0.8220618034447821,0.8299740289069557
2,20,fly,1000.0,137,1.0,0.8206686930091186,0.8360715898825655
2,20,fly,30.0,137,0.0,1.6494427558257343,1.7671776196928637
2,20,fly,30.0,219,0.0,1.653242147922999,1.7613623532068654
2,20,fly,100.0,42,0.0,1.3668313069908813,1.4088753387533874
2,20,fly,100.0,137,0.0,1.3458713272543061,1.407054539295393
2,21,fly,100.0,219,0.0,1.3226317122593718,1.3760586043360434
2,21,fly,200.0,42,0.0,1.1458333333333333,1.1699271680216803
2,21,fly,200.0,137,0.0,1.1353850050658563,1.1733429313459802
2,21,fly,200.0,219,0.0,1.1332953394123608,1.1649023261065945
2,21,fly,10.0,42,0.0,1.9143237082066868,2.0743281391147246
2,21,fly,10.0,137,0.0,1.8813956433637287,2.0569811427280937
2,21,fly,10.0,219,0.0,1.8497973657548126,1.9977698735320686
2,21,fly,30.0,42,0.0,1.6621707193515707,1.7733457542908762
2,20,fly,1000.0,219,1.0,0.8179457953394124,0.8297905374887082
2,20,fly,3000.0,42,1.0,0.7135891590678826,0.7196251129177959
2,20,fly,3000.0,137,1.0,0.7139057750759878,0.7236195799457995
2,20,fly,3000.0,219,1.0,0.7141590678824722,0.7233796296296297
2,21,fly,30.0,137,0.0,1.643743667679838,1.7718213640469738
2,21,fly,30.0,219,0.0,1.6368414387031407,1.7476146115627822
2,21,fly,100.0,42,0.0,1.344161600810537,1.3887618563685638
2,21,fly,100.0,137,0.0,1.3212386018237083,1.3862917795844625
2,22,fly,10.0,42,0.0,1.9163500506585613,2.074511630532972
2,22,fly,10.0,137,0.0,1.8953900709219857,2.06934564137308
2,22,fly,10.0,219,0.0,1.8691742654508612,2.0175163730803973
2,22,fly,30.0,42,0.0,1.6921225937183382,1.7981735546522133
2,22,fly,30.0,137,0.0,1.6641337386018238,1.7881662149954833
2,22,fly,30.0,219,0.0,1.6603343465045592,1.7696194670280037
2,22,fly,100.0,42,0.0,1.3669579533941238,1.409764566395664
2,22,fly,100.0,137,0.0,1.3447315096251267,1.4066734417344173
2,21,fly,350.0,42,0.4583333333333333,0.9996200607902735,1.0145663956639566
2,21,fly,350.0,137,0.5625,0.9962006079027356,1.0202687443541103
2,21,fly,350.0,219,0.6458333333333334,0.9962006079027356,1.0129996612466126
2,21,fly,500.0,42,0.9583333333333334,0.9198328267477205,0.931345980126468
2,21,fly,500.0,137,0.8541666666666666,0.921289260385005,0.9382480803974707
2,21,fly,500.0,219,0.9166666666666666,0.9197695035460992,0.9314871273712737
2,21,fly,1000.0,42,1.0,0.8050278622087133,0.8093524164408311
2,21,fly,1000.0,137,1.0,0.803128166160081,0.8145466350496838
2,22,fly,1000.0,219,1.0,0.8045845997973657,0.8132057362240289
2,22,fly,3000.0,42,1.0,0.7021909827760892,0.7025745257452575
2,22,fly,3000.0,137,1.0,0.7001646403242149,0.7068512872628726
2,22,fly,3000.0,219,1.0,0.701177811550152,0.7060326332429991
2,21,fly,1000.0,219,1.0,0.8005319148936171,0.8107074299909666
2,21,fly,3000.0,42,1.0,0.7009878419452887,0.7020805103884372
2,21,fly,3000.0,137,1.0,0.6992147922998987,0.706103206865402
2,21,fly,3000.0,219,1.0,0.7001013171225937,0.7056233062330624
2,22,fly,100.0,219,0.0,1.3443515704154,1.3966096431797652
2,22,fly,200.0,42,0.0,1.1633105369807497,1.184789972899729
2,22,fly,200.0,137,0.0,1.151469098277609,1.1866107723577235
2,22,fly,200.0,219,0.0,1.1504559270516717,1.1786077235772359
2,22,fly,350.0,42,0.3333333333333333,1.0113348530901722,1.0224706413730804
2,22,fly,350.0,137,0.4791666666666667,1.0056990881458967,1.0283705962059622
2,22,fly,350.0,219,0.5208333333333334,1.0082953394123606,1.022188346883469
2,22,fly,500.0,42,0.9166666666666666,0.92806484295846,0.9376552619692864
2,22,fly,500.0,137,0.8541666666666666,0.9271783181357649,0.9448114272809395
2,22,fly,500.0,219,0.9166666666666666,0.92806484295846,0.9382621951219512
2,22,fly,1000.0,42,1.0,0.8083206686930091,0.8123306233062331
2,22,fly,1000.0,137,1.0,0.8076874366767984,0.8180047425474255
2,23,fly,30.0,137,0.0,1.661030901722391,1.7882367886178863
2,23,fly,30.0,219,0.0,1.6571048632218843,1.766994128274616
2,23,fly,100.0,42,0.0,1.3734169199594735,1.4198283649503163
2,23,fly,100.0,137,0.0,1.3506838905775076,1.4162432249322494
2,23,fly,500.0,137,0.75,0.9594098277608917,0.9812133017163505
2,23,fly,500.0,219,0.7916666666666666,0.9573201621073961,0.9733090560072267
2,23,fly,1000.0,42,1.0,0.8413753799392096,0.8500451671183379
2,23,fly,1000.0,137,1.0,0.8403622087132726,0.8554793360433605
2,23,fly,1000.0,219,1.0,0.8367527862208712,0.84863369467028
2,23,fly,3000.0,42,1.0,0.7241641337386019,0.729223125564589
2,23,fly,3000.0,137,1.0,0.724354103343465,0.7337539521228545
2,23,fly,3000.0,219,1.0,0.7232142857142856,0.7322154471544715
2,23,fly,10.0,42,0.0,1.9114741641337385,2.069458559168925
2,23,fly,10.0,137,0.0,1.8831686930091187,2.0590842366757003
2,23,fly,10.0,219,0.0,1.8625886524822697,2.0122656955736224
2,23,fly,30.0,42,0.0,1.6855369807497464,1.79369918699187
2,24,fly,30.0,137,0.0,1.6353850050658558,1.7526676829268293
2,24,fly,30.0,219,0.0,1.638677811550152,1.7459773035230353
2,24,fly,100.0,42,0.0,1.3428951367781155,1.38500733965673
2,24,fly,100.0,137,0.0,1.32370820668693,1.382861901535682
2,23,fly,100.0,219,0.0,1.3508738601823709,1.4062923441734418
2,23,fly,200.0,42,0.0,1.1853470111448836,1.2092649051490514
2,23,fly,200.0,137,0.0,1.1684397163120568,1.2098294941282746
2,23,fly,200.0,219,0.0,1.1700227963525835,1.201953477868112
2,23,fly,350.0,42,0.1875,1.0374240121580547,1.0558519647696476
2,23,fly,350.0,137,0.2916666666666667,1.0362841945288752,1.0612437895212286
2,23,fly,350.0,219,0.25,1.0371073961499493,1.0551321138211383
2,23,fly,500.0,42,0.7916666666666666,0.96048632218845,0.9734643179765131
2,24,fly,10.0,42,0.0,1.8970364741641337,2.0500508130081303
2,24,fly,10.0,137,0.0,1.8663880445795342,2.031193541102078
2,24,fly,10.0,219,0.0,1.8447948328267476,1.988990514905149
2,24,fly,30.0,42,0.0,1.6595111448834856,1.7608965672990062
2,24,fly,100.0,219,0.0,1.3228850050658563,1.3721205962059622
2,24,fly,200.0,42,0.0,1.1453900709219857,1.1672735998193315
2,24,fly,200.0,137,0.0,1.1348784194528876,1.1713527551942187
2,24,fly,200.0,219,0.0,1.1317755825734548,1.1624181345980127
2,25,fly,30.0,137,0.0,1.6229736575481255,1.745652664859982
2,25,fly,30.0,219,0.0,1.6191109422492402,1.7274446702800361
2,25,fly,100.0,42,0.0,1.3362462006079028,1.3771313233965674
2,25,fly,100.0,137,0.0,1.3130699088145896,1.3742095754290877
2,24,fly,500.0,137,0.8541666666666666,0.9238221884498481,0.9429482836495031
2,24,fly,500.0,219,0.9166666666666666,0.9223024316109423,0.9362437895212286
2,24,fly,1000.0,42,1.0,0.8111068895643364,0.8191621499548328
2,24,fly,1000.0,137,1.0,0.8093971631205674,0.8251185636856369
2,24,fly,350.0,42,0.4583333333333333,0.9998100303951368,1.0154838527551941
2,24,fly,350.0,137,0.5625,0.9967705167173252,1.02148261065944
2,24,fly,350.0,219,0.625,0.9967071935157042,1.0141994128274616
2,24,fly,500.0,42,0.9375,0.9231256332320162,0.9360320686540199
2,25,fly,100.0,219,0.0,1.3137031408308004,1.3644280713640469
2,25,fly,200.0,42,0.0,1.146403242147923,1.1694190379403795
2,25,fly,200.0,137,0.0,1.1356382978723405,1.1724678184281843
2,25,fly,200.0,219,0.0,1.132852077001013,1.1638578364950316
2,24,fly,1000.0,219,1.0,0.807370820668693,0.8195291327913279
2,24,fly,3000.0,42,1.0,0.7101697061803445,0.7150660569105691
2,24,fly,3000.0,137,1.0,0.7095997973657547,0.7189758355916892
2,24,fly,3000.0,219,1.0,0.708903242147923,0.7188346883468835
2,25,fly,500.0,137,0.8541666666666666,0.9287613981762918,0.947436766034327
2,25,fly,500.0,219,0.9166666666666666,0.9273682877406282,0.9407605013550135
2,25,fly,1000.0,42,1.0,0.8143996960486323,0.8214628500451672
2,25,fly,1000.0,137,1.0,0.8138297872340425,0.8276309846431797
2,25,fly,10.0,42,0.0,1.890577507598784,2.0427111562782296
2,25,fly,10.0,137,0.0,1.8491641337386018,2.013521906052394
2,25,fly,10.0,219,0.0,1.832130192502533,1.9771764905149052
2,25,fly,30.0,42,0.0,1.6434903748733536,1.7440153568202348
2,25,fly,1000.0,219,1.0,0.8100937183383992,0.8219145212285456
2,25,fly,3000.0,42,1.0,0.7095997973657547,0.7139509936766034
2,25,fly,3000.0,137,1.0,0.7090298885511652,0.7178184281842819
2,25,fly,3000.0,219,1.0,0.7099164133738601,0.7172397244805782
2,25,fly,350.0,42,0.4166666666666667,1.005192502532928,1.020311088527552
2,25,fly,350.0,137,0.5,1.00177304964539,1.0264792231255646
2,25,fly,350.0,219,0.5833333333333334,1.0012031408308004,1.019238369467028
2,25,fly,500.0,42,0.9166666666666666,0.9280015197568389,0.940746386630533
2,26,fly,10.0,42,0.0,1.9189463019250255,2.0774051490514904
2,26,fly,10.0,137,0.0,1.8781661600810535,2.0574045844625113
2,26,fly,10.0,219,0.0,1.8551165146909827,2.0080030487804876
2,26,fly,30.0,42,0.0,1.6653368794326242,1.7799514453477867
2,26,fly,30.0,137,0.0,1.6354483282674772,1.763719512195122
2,26,fly,30.0,219,0.0,1.6298758865248226,1.7426744579945799
2,26,fly,100.0,42,0.0,1.334029888551165,1.3803635953026197
2,26,fly,100.0,137,0.0,1.3098404255319147,1.3758609981933152
2,27,fly,10.0,42,0.0,1.904065349544073,2.0597476287262872
2,27,fly,10.0,137,0.0,1.8839285714285714,2.058378500451671
2,27,fly,10.0,219,0.0,1.8558130699088144,2.004954268292683
2,27,fly,30.0,42,0.0,1.6686296859169198,1.778906955736224
2,26,fly,350.0,42,0.4583333333333333,1.0011398176291795,1.015526196928636
2,26,fly,350.0,137,0.5625,0.9979736575481256,1.0215672990063234
2,26,fly,350.0,219,0.6041666666666666,0.9976570415400202,1.0138747741644083
2,26,fly,500.0,42,0.9166666666666666,0.9243287740628167,0.9355662827461608
2,27,fly,100.0,219,0.0,1.328837386018237,1.3826501806684734
2,27,fly,200.0,42,0.0,1.1560916919959474,1.1800474254742548
2,27,fly,200.0,137,0.0,1.1458966565349544,1.1825598464317977
2,27,fly,200.0,219,0.0,1.1434270516717326,1.1748390921409213
2,26,fly,100.0,219,0.0,1.3119934143870313,1.3665593947606143
2,26,fly,200.0,42,0.020833333333333332,1.1408308004052685,1.1650717028003614
2,26,fly,200.0,137,0.0,1.1312689969604863,1.1690520551038843
2,26,fly,200.0,219,0.0,1.128419452887538,1.1606820234869015
2,26,fly,1000.0,219,1.0,0.8074974670719351,0.8163109756097561
2,26,fly,3000.0,42,1.0,0.70459726443769,0.7036472448057814
2,26,fly,3000.0,137,1.0,0.7019376899696049,0.7075005645889793
2,26,fly,3000.0,219,1.0,0.7033941236068895,0.7070206639566395
2,26,fly,500.0,137,0.8541666666666666,0.9250886524822693,0.9420449412827462
2,26,fly,500.0,219,0.9166666666666666,0.9242021276595745,0.9354533649503162
2,26,fly,1000.0,42,1.0,0.8119300911854103,0.8154076332429991
2,26,fly,1000.0,137,1.0,0.8104103343465047,0.8206724254742548
2,27,fly,30.0,137,0.0,1.6508358662613982,1.7783988256549232
2,27,fly,30.0,219,0.0,1.6426038500506586,1.7540226964769647
2,27,fly,100.0,42,0.0,1.3501139817629177,1.395169941282746
2,27,fly,100.0,137,0.0,1.3294072948328266,1.3924457994579946
2,27,fly,350.0,42,0.2916666666666667,1.0143743667679839,1.027029697380307
2,27,fly,350.0,137,0.4375,1.0098784194528874,1.033494241192412
2,27,fly,350.0,219,0.4375,1.011841438703141,1.0268885501355014
2,27,fly,500.0,42,0.8958333333333334,0.9363601823708207,0.9462793586269196
2,27,fly,500.0,137,0.8333333333333334,0.9372467071935158,0.9540706865401988
2,27,fly,500.0,219,0.875,0.9350303951367781,0.9459547199638663
2,27,fly,1000.0,42,1.0,0.8178824721377914,0.8229166666666666
2,27,fly,1000.0,137,1.0,0.8171859169199595,0.8279697380307136
2,28,fly,100.0,219,0.0,1.3437816616008107,1.4034693992773262
2,28,fly,200.0,42,0.0,1.1720491388044578,1.2004855465221318
2,28,fly,200.0,137,0.0,1.1590678824721377,1.2018970189701896
2,28,fly,200.0,219,0.0,1.1585612968591692,1.1932446928635954
2,28,fly,10.0,42,0.0,1.93572695035461,2.0976174345076783
2,28,fly,10.0,137,0.0,1.8966565349544073,2.0770240514905147
2,28,fly,10.0,219,0.0,1.8671479229989867,2.0233598690153567
2,28,fly,30.0,42,0.0,1.6860435663627154,1.8033395438121047
2,28,fly,350.0,42,0.25,1.0258358662613982,1.044800135501355
2,28,fly,350.0,137,0.375,1.0233662613981762,1.050488369467028
2,28,fly,350.0,219,0.3333333333333333,1.0245694022289769,1.0440097109304427
2,28,fly,500.0,42,0.8541666666666666,0.9476317122593718,0.9608457542908763
2,27,fly,1000.0,219,1.0,0.8148429584599798,0.8230578139114725
2,27,fly,3000.0,42,1.0,0.7068768996960486,0.7069642050587173
2,27,fly,3000.0,137,1.0,0.7049138804457954,0.7112833107497741
2,27,fly,3000.0,219,1.0,0.7068135764944277,0.7106058039747064
2,28,fly,30.0,137,0.0,1.6583713272543061,1.7896059168925023
2,28,fly,30.0,219,0.0,1.6512158054711243,1.7659214092140922
2,28,fly,100.0,42,0.0,1.3639817629179332,1.4151422764227641
2,28,fly,100.0,137,0.0,1.343401722391084,1.4125169376693767
2,28,fly,500.0,137,0.8125,0.9485182370820668,0.9687217705510388
2,28,fly,500.0,219,0.8333333333333334,0.9445288753799391,0.9605493450767841
2,28,fly,1000.0,42,1.0,0.827950861195542,0.8359022131887985
2,28,fly,1000.0,137,1.0,0.8259878419452887,0.8411670054200542
2,29,fly,10.0,42,0.0,1.9144503546099292,2.071632226738934
2,29,fly,10.0,137,0.0,1.8826621073961498,2.062697606142728
2,29,fly,10.0,219,0.0,1.8568895643363728,2.0094850948509486
2,29,fly,30.0,42,0.0,1.6785081053698072,1.7940943992773262
2,28,fly,1000.0,219,1.0,0.8243414387031409,0.8354081978319783
2,28,fly,3000.0,42,1.0,0.7146023302938197,0.7184253613369467
2,28,fly,3000.0,137,1.0,0.7137158054711246,0.7229561878952123
2,28,fly,3000.0,219,1.0,0.7149189463019251,0.7213894534778681
2,29,fly,30.0,137,0.0,1.6498226950354606,1.7790904471544715
2,29,fly,30.0,219,0.0,1.6418439716312057,1.7563375112917796
2,29,fly,100.0,42,0.0,1.357966058763931,1.4069698509485096
2,29,fly,100.0,137,0.0,1.3355496453900708,1.4025519421860886
2,29,fly,500.0,137,0.8125,0.9495314083080041,0.9690464092140921
2,29,fly,500.0,219,0.8125,0.9480116514690984,0.9610292457091237
2,29,fly,1000.0,42,1.0,0.829660587639311,0.8352811653116531
2,29,fly,1000.0,137,1.0,0.8282041540020263,0.8399813685636857
2,29,fly,1000.0,219,1.0,0.8246580547112462,0.8347024616079494
2,29,fly,3000.0,42,1.0,0.7121960486322187,0.7140639114724481
2,29,fly,3000.0,137,1.0,0.711436170212766,0.7183689024390244
2,29,fly,3000.0,219,1.0,0.7127026342451875,0.7171268066847335
2,29,fly,100.0,219,0.0,1.3362462006079028,1.3942242547425474
2,29,fly,200.0,42,0.0,1.169516210739615,1.1964487353206865
2,29,fly,200.0,137,0.0,1.1577380952380951,1.1983542231255646
2,29,fly,200.0,219,0.0,1.1562816616008105,1.189476061427281
2,29,fly,350.0,42,0.25,1.0270390070921984,1.0429369918699187
2,29,fly,350.0,137,0.3541666666666667,1.0242527862208715,1.0494721093044264
2,29,fly,350.0,219,0.3125,1.0250126646403241,1.0431345980126467
2,29,fly,500.0,42,0.8125,0.9502279635258358,0.9613397696476965
2,30,fly,10.0,42,0.0,1.9421859169199596,2.103150406504065
2,30,fly,10.0,137,0.0,1.9007725430597773,2.079762308039747
2,30,fly,10.0,219,0.0,1.8758232016210739,2.0320263098464317
2,30,fly,30.0,42,0.0,1.6981382978723403,1.8146877822944896
2,30,fly,30.0,137,0.0,1.6650202634245188,1.7979053748870821
2,30,fly,30.0,219,0.0,1.6597011144883485,1.7734727868112015
2,30,fly,100.0,42,0.0,1.3619554204660587,1.4112183830171634
2,30,fly,100.0,137,0.0,1.3393490374873351,1.406221770551039
2,30,fly,100.0,219,0.0,1.3387158054711243,1.397851738934056
2,30,fly,200.0,42,0.0,1.159131205673759,1.1854110207768744
2,30,fly,200.0,137,0.0,1.1477963525835866,1.187570573622403
2,30,fly,200.0,219,0.0,1.1462132725430598,1.1791864272809396
2,30,fly,350.0,42,0.3541666666666667,1.0108282674772038,1.026465108401084
2,30,fly,350.0,137,0.4375,1.0072188449848023,1.0325344399277325
2,30,fly,350.0,219,0.5,1.007725430597771,1.02563233965673
2,30,fly,500.0,42,0.9166666666666666,0.9312943262411347,0.9428918247515808
2,31,fly,10.0,42,0.0,1.8791160081053697,2.0230070009033425
2,31,fly,10.0,137,0.0,1.8439083080040526,2.000028229448961
2,31,fly,10.0,219,0.0,1.8258611955420463,1.96557418699187
2,31,fly,30.0,42,0.0,1.6372213779128675,1.7335140018066848
2,31,fly,30.0,137,0.0,1.611258865248227,1.7203731933152664
2,31,fly,30.0,219,0.0,1.6149949341438703,1.716576332429991
2,31,fly,100.0,42,0.0,1.3281408308004052,1.3670110659439927
2,31,fly,100.0,137,0.0,1.3087639311043566,1.3641881210478772
2,30,fly,1000.0,219,1.0,0.8096504559270516,0.8194585591689251
2,30,fly,3000.0,42,1.0,0.7043439716312058,0.7047905374887082
2,30,fly,3000.0,137,1.0,0.7024442755825735,0.7088414634146342
2,30,fly,3000.0,219,1.0,0.7036474164133738,0.7082204155374887
2,30,fly,500.0,137,0.8333333333333334,0.9316742654508611,0.9501609078590786
2,30,fly,500.0,219,0.9166666666666666,0.930724417426545,0.9432870370370371
2,30,fly,1000.0,42,1.0,0.8139564336372848,0.818625790424571
2,30,fly,1000.0,137,1.0,0.8126899696048632,0.8239893857271906
2,31,fly,100.0,219,0.0,1.3081306990881458,1.353489159891599
2,31,fly,200.0,42,0.0,1.1404508611955422,1.161670054200542
2,31,fly,200.0,137,0.0,1.1312689969604863,1.1658480126467932
2,31,fly,200.0,219,0.0,1.1290526849037488,1.1569557362240288
2,31,fly,500.0,137,0.8541666666666666,0.9298378926038501,0.9482271906052394
2,31,fly,500.0,219,0.9166666666666666,0.9287613981762917,0.9415791553748871
2,31,fly,1000.0,42,1.0,0.8187689969604864,0.8258948735320687
2,31,fly,1000.0,137,1.0,0.8173125633232017,0.8313149277326106
2,31,fly,350.0,42,0.4375,1.0052558257345492,1.0183632565492322
2,31,fly,350.0,137,0.5,1.0006332320162108,1.0240656052393857
2,31,fly,350.0,219,0.5625,1.0010131712259371,1.016669489611563
2,31,fly,500.0,42,0.9166666666666666,0.929774569402229,0.9413109756097561
2,31,fly,1000.0,219,1.0,0.8150962512664641,0.8262336269196026
2,31,fly,3000.0,42,1.0,0.712386018237082,0.7178325429087624
2,31,fly,3000.0,137,1.0,0.713209219858156,0.7219399277326106
2,31,fly,3000.0,219,1.0,0.7130825734549138,0.721460027100271
2,32,fly,10.0,42,0.0,1.891147416413374,2.0433886630532974
2,32,fly,10.0,137,0.0,1.8506838905775078,2.010938911472448
2,32,fly,10.0,219,0.0,1.8300405268490376,1.969893292682927
2,32,fly,30.0,42,0.0,1.6474164133738605,1.7456950090334236
2,32,fly,500.0,137,0.8125,0.9499113475177304,0.9680019196025293
2,32,fly,500.0,219,0.8333333333333334,0.9483915906788248,0.9596883468834688
2,32,fly,1000.0,42,1.0,0.8308637284701114,0.8367067524841915
2,32,fly,1000.0,137,1.0,0.82959726443769,0.8414210704607046
2,32,fly,30.0,137,0.0,1.62322695035461,1.7337821815718157
2,32,fly,30.0,219,0.0,1.624936676798379,1.7287008807588076
2,32,fly,100.0,42,0.0,1.3500506585612968,1.3903003613369467
2,32,fly,100.0,137,0.0,1.3316869300911856,1.3890441508581752
2,33,fly,100.0,219,0.0,1.3520136778115501,1.4094399277326106
2,33,fly,200.0,42,0.0,1.1809143870314083,1.2069783197831978
2,33,fly,200.0,137,0.0,1.166033434650456,1.2079522357723578
2,33,fly,200.0,219,0.0,1.1672365754812564,1.2000621047877145
2,32,fly,1000.0,219,1.0,0.8261778115501519,0.8359727868112015
2,32,fly,3000.0,42,1.0,0.7152355623100304,0.7185806233062331
2,32,fly,3000.0,137,1.0,0.7146023302938197,0.723266711833785
2,32,fly,3000.0,219,1.0,0.7159954407294834,0.7215729448961157
2,33,fly,350.0,42,0.22916666666666666,1.03242147922999,1.0499237804878048
2,33,fly,350.0,137,0.3125,1.0304584599797366,1.0565577009936766
2,33,fly,350.0,219,0.2708333333333333,1.031471631205674,1.0495003387533874
2,33,fly,500.0,42,0.7916666666666666,0.9547872340425533,0.9671550361336947
2,32,fly,350.0,42,0.22916666666666666,1.0281155015197567,1.0397894083107497
2,32,fly,350.0,137,0.375,1.0235562310030395,1.0457175925925926
2,32,fly,350.0,219,0.3333333333333333,1.02653242147923,1.0399023261065945
2,32,fly,500.0,42,0.8333333333333334,0.9500379939209727,0.9597730352303523
2,33,fly,30.0,137,0.0,1.66508358662614,1.796973803071364
2,33,fly,30.0,219,0.0,1.6619174265450862,1.7731340334236676
2,33,fly,100.0,42,0.0,1.3746833839918946,1.4224537037037037
2,33,fly,100.0,137,0.0,1.3515070921985817,1.4186427280939475
2,32,fly,100.0,219,0.0,1.3297872340425532,1.3773289295392954
2,32,fly,200.0,42,0.0,1.1690096251266464,1.1884880307136405
2,32,fly,200.0,137,0.0,1.1554584599797364,1.1903511743450768
2,32,fly,200.0,219,0.0,1.15507852077001,1.1825175022583558
2,33,fly,10.0,42,0.0,1.9201494427558259,2.0771087398373984
2,33,fly,10.0,137,0.0,1.8945668693009121,2.0761630532971997
2,33,fly,10.0,219,0.0,1.868351063829787,2.0224988708220417
2,33,fly,30.0,42,0.0,1.6973150962512669,1.8114837398373984
2,33,fly,1000.0,219,1.0,0.829660587639311,0.8419009710930443
2,33,fly,3000.0,42,1.0,0.7190349544072948,0.7236195799457995
2,33,fly,3000.0,137,1.0,0.7189083080040527,0.7280657181571816
2,33,fly,3000.0,219,1.0,0.7195415400202633,0.7266260162601627
2,33,fly,500.0,137,0.7916666666666666,0.9540273556231004,0.9749604787714544
2,33,fly,500.0,219,0.7916666666666666,0.9523809523809522,0.9673385275519422
2,33,fly,1000.0,42,1.0,0.8354863221884498,0.8433124435411021
2,33,fly,1000.0,137,1.0,0.8336499493414388,0.8483372854561879
2,34,fly,350.0,42,0.3333333333333333,1.0121580547112463,1.0252653568202348
2,34,fly,350.0,137,0.4375,1.007725430597771,1.0320968834688347
2,34,fly,350.0,219,0.4583333333333333,1.0091185410334347,1.0249830623306233
2,34,fly,500.0,42,0.9166666666666666,0.9341438703140831,0.9454748193315267
2,34,fly,10.0,42,0.0,1.9007725430597773,2.0590842366757003
2,34,fly,10.0,137,0.0,1.8530901722391082,2.0135642502258357
2,34,fly,10.0,219,0.0,1.8352963525835868,1.978714995483288
2,34,fly,30.0,42,0.0,1.650645896656535,1.7512844399277325
2,34,fly,30.0,137,0.0,1.6289260385005064,1.7450316169828366
2,34,fly,30.0,219,0.0,1.6293693009118542,1.7354900632339656
2,34,fly,100.0,42,0.0,1.3437816616008105,1.3851626016260163
2,34,fly,100.0,137,0.0,1.324658054711246,1.3830877371273713
2,34,fly,100.0,219,0.0,1.3232016210739614,1.3725016937669376
2,34,fly,200.0,42,0.0,1.1536220871327256,1.1762505645889791
2,34,fly,200.0,137,0.0,1.142983789260385,1.1784806910569106
2,34,fly,200.0,219,0.0,1.1417173252279635,1.1709151987353208
2,35,fly,100.0,219,0.0,1.3204787234042552,1.3766090785907859
2,35,fly,200.0,42,0.020833333333333332,1.136081560283688,1.160470302619693
2,35,fly,200.0,137,0.0,1.1272796352583587,1.1651705058717254
2,35,fly,200.0,219,0.0,1.125759878419453,1.1566028681120144
2,34,fly,500.0,137,0.8333333333333334,0.9344604863221884,0.9529556233062331
2,34,fly,500.0,219,0.875,0.9332573454913881,0.9457429990966576
2,34,fly,1000.0,42,1.0,0.8185790273556232,0.8253867434507678
2,34,fly,1000.0,137,1.0,0.8169326241134751,0.8305103884372177
2,34,fly,1000.0,219,1.0,0.8142097264437691,0.8254432023486902
2,34,fly,3000.0,42,1.0,0.7102963525835867,0.7152918925022583
2,34,fly,3000.0,137,1.0,0.7106129685916921,0.7192722448057814
2,34,fly,3000.0,219,1.0,0.711499493414387,0.7188064588979223
2,35,fly,500.0,137,0.9166666666666666,0.9079913880445796,0.9252625338753387
2,35,fly,500.0,219,0.9166666666666666,0.907611448834853,0.9192496612466124
2,35,fly,1000.0,42,1.0,0.7941362715298886,0.7998108626919602
2,35,fly,1000.0,137,1.0,0.7936930091185411,0.8046804426377597
2,35,fly,10.0,42,0.0,1.9269883485309016,2.0887533875338753
2,35,fly,10.0,137,0.0,1.889627659574468,2.0750762195121952
2,35,fly,10.0,219,0.0,1.8675911854103342,2.0224000677506777
2,35,fly,30.0,42,0.0,1.6836372847011145,1.7983005871725384
2,35,fly,30.0,137,0.0,1.6536220871327252,1.7821815718157181
2,35,fly,30.0,219,0.0,1.6459599797365752,1.7600214543812105
2,35,fly,100.0,42,0.0,1.342451874366768,1.3902156729900632
2,35,fly,100.0,137,0.0,1.3188323201621073,1.3856425022583558
2,35,fly,350.0,42,0.6458333333333334,0.9865754812563323,1.0023289295392954
2,35,fly,350.0,137,0.6458333333333334,0.9847391084093212,1.007396115627823
2,35,fly,350.0,219,0.6666666666666666,0.9844224924012158,1.0015243902439024
2,35,fly,500.0,42,0.9791666666666666,0.9077380952380952,0.9199553974706414
2,36,fly,10.0,42,0.0,1.8503672745694022,1.9933943089430894
2,36,fly,10.0,137,0.0,1.8197821681864237,1.980154697380307
2,36,fly,10.0,219,0.0,1.7973657548125634,1.9375564588979224
2,36,fly,30.0,42,0.0,1.5999240121580545,1.6936540198735321
2,35,fly,1000.0,219,1.0,0.7914766970618036,0.800756549232159
2,35,fly,3000.0,42,1.0,0.6950354609929077,0.6958841463414634
2,35,fly,3000.0,137,1.0,0.694402228976697,0.7000762195121951
2,35,fly,3000.0,219,1.0,0.695288753799392,0.699681007226739
2,36,fly,30.0,137,0.0,1.5662360688956432,1.6745285682023487
2,36,fly,30.0,219,0.0,1.5740881458966565,1.670604674796748
2,36,fly,100.0,42,0.0,1.2962892603850051,1.333643857271906
2,36,fly,100.0,137,0.0,1.274822695035461,1.3296352755194218
2,36,fly,100.0,219,0.0,1.2755192502532928,1.3202207542908762
2,36,fly,200.0,42,0.020833333333333332,1.123290273556231,1.1429257000903343
2,36,fly,200.0,137,0.0625,1.1145516717325228,1.1471742321589882
2,36,fly,200.0,219,0.020833333333333332,1.1128419452887537,1.1389453477868112
2,36,fly,350.0,42,0.4791666666666667,0.9987335359675785,1.0115881887985547
2,36,fly,350.0,137,0.5625,0.9944275582573455,1.0164154245709123
2,36,fly,350.0,219,0.625,0.9956306990881458,1.010402551942186
2,36,fly,500.0,42,0.9166666666666666,0.9285714285714285,0.9396595528455285
2,36,fly,500.0,137,0.8541666666666666,0.9286347517730497,0.9466463414634146
2,36,fly,500.0,219,0.9166666666666666,0.9281914893617021,0.9393772583559169
2,36,fly,1000.0,42,1.0,0.821871833839919,0.8286895889792232
2,36,fly,1000.0,137,1.0,0.821871833839919,0.8337708897922312
2,37,fly,10.0,42,0.0,1.9105876393110435,2.0677365627822946
2,37,fly,10.0,137,0.0,1.8826621073961498,2.062203590785908
2,37,fly,10.0,219,0.0,1.8551798378926039,2.0079183604336044
2,37,fly,30.0,42,0.0,1.6645136778115504,1.7774249096657633
2,37,fly,30.0,137,0.0,1.6422239108409322,1.7705933830171634
2,37,fly,30.0,219,0.0,1.6344351570415399,1.7469935636856369
2,37,fly,100.0,42,0.0,1.3487841945288757,1.3967790198735321
2,37,fly,100.0,137,0.0,1.3276342451874366,1.394972335140018
2,36,fly,1000.0,219,1.0,0.8184523809523809,0.8286049006323396
2,36,fly,3000.0,42,1.0,0.7149189463019251,0.7187782294489612
2,36,fly,3000.0,137,1.0,0.7149189463019251,0.7234078590785907
2,36,fly,3000.0,219,1.0,0.7159321175278622,0.7217846657633243
2,37,fly,350.0,42,0.2708333333333333,1.02475937183384,1.0429087624209576
2,37,fly,350.0,137,0.375,1.0217831813576495,1.049147470641373
2,37,fly,350.0,219,0.3333333333333333,1.023872847011145,1.0426123532068654
2,37,fly,500.0,42,0.8125,0.9503546099290779,0.9633864046973803
2,37,fly,100.0,219,0.0,1.3274442755825735,1.3844568654019873
2,37,fly,200.0,42,0.0,1.162803951367781,1.1908028455284554
2,37,fly,200.0,137,0.0,1.1517223910840932,1.1930612014453479
2,37,fly,200.0,219,0.0,1.1505192502532928,1.1845076784101174
2,37,fly,500.0,137,0.8125,0.9502279635258359,0.9708672086720868
2,37,fly,500.0,219,0.8333333333333334,0.9469984802431611,0.9633017163504969
2,37,fly,1000.0,42,1.0,0.8349797365754812,0.8428043134598012
2,37,fly,1000.0,137,1.0,0.8325101317122593,0.8477444670280037
2,37,fly,1000.0,219,1.0,0.8290273556231004,0.8414492999096658
2,37,fly,3000.0,42,1.0,0.719288247213779,0.7238313008130082
2,37,fly,3000.0,137,1.0,0.719224924012158,0.7281645212285456
2,37,fly,3000.0,219,1.0,0.7197948328267477,0.7267248193315267
2,38,fly,30.0,137,0.0,1.6124620060790271,1.7312838753387534
2,38,fly,30.0,219,0.0,1.6151215805471126,1.7212765356820234
2,38,fly,100.0,42,0.0,1.319465552178318,1.359304426377597
2,38,fly,100.0,137,0.0,1.2985688956433636,1.3551970415537489
2,38,fly,10.0,42,0.0,1.8927304964539007,2.049486224028907
2,38,fly,10.0,137,0.0,1.8452380952380951,2.006521002710027
2,38,fly,10.0,219,0.0,1.8314969604863223,1.9738454155374887
2,38,fly,30.0,42,0.0,1.6355749746707193,1.7338668699186992
2,38,fly,100.0,219,0.0,1.2981889564336373,1.345994241192412
2,38,fly,200.0,42,0.020833333333333332,1.1254432624113475,1.1475694444444444
2,38,fly,200.0,137,0.041666666666666664,1.118351063829787,1.152707204155375
2,38,fly,200.0,219,0.020833333333333332,1.1158181357649442,1.1446194670280037
2,38,fly,500.0,137,0.8958333333333334,0.915210233029382,0.9335337624209575
2,38,fly,500.0,219,0.9166666666666666,0.9137537993920972,0.926928071364047
2,38,fly,1000.0,42,1.0,0.8069275582573455,0.8149136178861789
2,38,fly,1000.0,137,1.0,0.8057244174265451,0.8208135727190605
2,38,fly,350.0,42,0.6458333333333334,0.9877152988855116,1.0038815492321589
2,38,fly,350.0,137,0.625,0.985435663627153,1.0086523261065945
2,38,fly,350.0,219,0.6666666666666666,0.9855623100303951,1.002540650406504
2,38,fly,500.0,42,0.9583333333333334,0.9143237082066871,0.928029019873532
2,38,fly,1000.0,219,1.0,0.8040780141843972,0.8158169602529358
2,38,fly,3000.0,42,1.0,0.7090932117527862,0.7135134372177055
2,38,fly,3000.0,137,1.0,0.7083333333333334,0.7174091011743451
2,38,fly,3000.0,219,1.0,0.7081433637284701,0.7171691508581752
2,39,fly,10.0,42,0.0,1.940286220871327,2.1045759936766033
2,39,fly,10.0,137,0.0,1.9107776089159068,2.0935382791327912
2,39,fly,10.0,219,0.0,1.8756332320162106,2.031419376693767
2,39,fly,30.0,42,0.0,1.7051671732522795,1.823509485094851
2,39,fly,100.0,219,0.0,1.3549898682877408,1.4155798328816622
2,39,fly,200.0,42,0.0,1.173885511651469,1.2017417570009032
2,39,fly,200.0,137,0.0,1.161157548125633,1.204127145438121
2,39,fly,200.0,219,0.0,1.1596377912867275,1.195291327913279
2,39,fly,30.0,137,0.0,1.671985815602837,1.8076586495031617
2,39,fly,30.0,219,0.0,1.6653368794326242,1.7777777777777777
2,39,fly,100.0,42,0.0,1.3747467071935155,1.427365627822945
2,39,fly,100.0,137,0.0,1.3543566362715298,1.4243309620596205
2,39,fly,500.0,137,0.8333333333333334,0.9371833839918945,0.9569359756097561
2,39,fly,500.0,219,0.8541666666666666,0.9361068895643362,0.9501326784101174
2,39,fly,1000.0,42,1.0,0.8141464032421478,0.820630081300813
2,39,fly,1000.0,137,1.0,0.813323201621074,0.8260219060523939
2,39,fly,1000.0,219,1.0,0.8095238095238094,0.8205171635049684
2,39,fly,3000.0,42,1.0,0.7041540020263425,0.7061314363143631
2,39,fly,3000.0,137,1.0,0.7025709219858157,0.7100835591689251
2,39,fly,3000.0,219,1.0,0.703774062816616,0.7095189701897019
2,39,fly,350.0,42,0.2708333333333333,1.019693515704154,1.0369946928635954
2,39,fly,350.0,137,0.3958333333333333,1.016274062816616,1.0433180894308942
2,39,fly,350.0,219,0.4166666666666667,1.0169072948328268,1.0366559394760615
2,39,fly,500.0,42,0.8958333333333334,0.9364868287740628,0.9492857949412827
2,40,fly,10.0,42,0.0,1.890260891590679,2.0411726513098465
2,40,fly,10.0,137,0.0,1.8556231003039514,2.0191960252935863
2,40,fly,10.0,219,0.0,1.8362462006079028,1.982102529358627
2,40,fly,30.0,42,0.0,1.6432370820668691,1.7438036359530262
2,40,fly,30.0,137,0.0,1.623353596757852,1.7461749096657633
2,40,fly,30.0,219,0.0,1.6187943262411348,1.7270776874435412
2,40,fly,100.0,42,0.0,1.3347897669706181,1.3746047877145438
2,40,fly,100.0,137,0.0,1.3119300911854104,1.3714289747064137
2,40,fly,500.0,137,0.8333333333333334,0.9356003039513677,0.9528285907859079
2,40,fly,500.0,219,0.875,0.9339539007092199,0.9450796070460704
2,40,fly,1000.0,42,1.0,0.8206686930091185,0.8259795618789522
2,40,fly,1000.0,137,1.0,0.8196555217831815,0.8308491418247516
2,40,fly,100.0,219,0.0,1.3125,1.3619579945799458
2,40,fly,200.0,42,0.0,1.1480496453900708,1.1695460704607046
2,40,fly,200.0,137,0.0,1.1366514690982776,1.171973803071364
2,40,fly,200.0,219,0.0,1.1346251266464034,1.163942524841915
2,41,fly,10.0,42,0.0,1.9252152988855116,2.082867547425474
2,41,fly,10.0,137,0.0,1.8954533941236071,2.0793106368563685
2,41,fly,10.0,219,0.0,1.8715805471124618,2.026239272809395
2,41,fly,30.0,42,0.0,1.6973784194528878,1.8135868337850045
2,40,fly,350.0,42,0.3333333333333333,1.0117781155015197,1.023317524841915
2,40,fly,350.0,137,0.4583333333333333,1.0056990881458967,1.0288504968383017
2,40,fly,350.0,219,0.5,1.0084853090172239,1.0228376242095754
2,40,fly,500.0,42,0.9166666666666666,0.9354736575481256,0.9449102303523035
2,40,fly,1000.0,219,1.0,0.8164893617021276,0.82568315266486
2,40,fly,3000.0,42,1.0,0.709853090172239,0.7116926377597109
2,40,fly,3000.0,137,1.0,0.7088399189463019,0.71630815266486
2,40,fly,3000.0,219,1.0,0.710676291793313,0.7153906955736224
2,41,fly,30.0,137,0.0,1.6656534954407294,1.7985123080397472
2,41,fly,30.0,219,0.0,1.6594478216818642,1.771510840108401
2,41,fly,100.0,42,0.0,1.3752532928064845,1.4240345528455285
2,41,fly,100.0,137,0.0,1.3526469098277607,1.4203647244805782
2,41,fly,350.0,42,0.20833333333333334,1.035144376899696,1.0526196928635954
2,41,fly,350.0,137,0.2916666666666667,1.0336879432624113,1.0589289747064137
2,41,fly,350.0,219,0.25,1.0348277608915908,1.052535004516712
2,41,fly,500.0,42,0.7916666666666666,0.9572568389057751,0.9690181797651309
2,41,fly,100.0,219,0.0,1.3520770010131713,1.4103714995483287
2,41,fly,200.0,42,0.0,1.1837006079027355,1.2098577235772359
2,41,fly,200.0,137,0.0,1.1681864235055723,1.2106763775971092
2,41,fly,200.0,219,0.0,1.1691362715298885,1.202052280939476
2,41,fly,500.0,137,0.7708333333333334,0.9563703140830802,0.9771200316169828
2,41,fly,500.0,219,0.7916666666666666,0.9542173252279635,0.9685806233062331
2,41,fly,1000.0,42,1.0,0.8367527862208713,0.8431289521228545
2,41,fly,1000.0,137,1.0,0.8340298885511652,0.8477444670280037
2,42,fly,10.0,42,0.0,1.8931737588652482,2.0436991869918697
2,42,fly,10.0,137,0.0,1.8686676798378927,2.0412996838301716
2,42,fly,10.0,219,0.0,1.8382092198581563,1.9848266711833784
2,42,fly,30.0,42,0.0,1.6471631205673758,1.7494212962962963
2,41,fly,1000.0,219,1.0,0.8311170212765958,0.8416327913279132
2,41,fly,3000.0,42,1.0,0.717388551165147,0.7210365853658537
2,41,fly,3000.0,137,1.0,0.717515197568389,0.7257367886178862
2,41,fly,3000.0,219,1.0,0.7182117527862207,0.7240147922312556
2,42,fly,30.0,137,0.0,1.62677304964539,1.7522018970189701
2,42,fly,30.0,219,0.0,1.6205673758865249,1.7310156955736224
2,42,fly,100.0,42,0.0,1.3420086119554204,1.3867152213188798
2,42,fly,100.0,137,0.0,1.3190222897669706,1.3837228997289972
2,42,fly,100.0,219,0.0,1.3204154002026343,1.3742378048780488
2,42,fly,200.0,42,0.0,1.1610309017223912,1.1866390018066848
2,42,fly,200.0,137,0.0,1.1498860182370823,1.188544489611563
2,42,fly,200.0,219,0.0,1.148239614994934,1.1809648825654924
2,42,fly,500.0,137,0.7916666666666666,0.952950861195542,0.9735913504968383
2,42,fly,500.0,219,0.7916666666666666,0.9508611955420466,0.9658847109304426
2,42,fly,1000.0,42,1.0,0.838272543059777,0.8463471093044264
2,42,fly,1000.0,137,1.0,0.8371327254305978,0.8516542457091237
2,42,fly,350.0,42,0.25,1.0264057750759878,1.0432475158084915
2,42,fly,350.0,137,0.3541666666666667,1.0237462006079028,1.050022583559169
2,42,fly,350.0,219,0.3125,1.0252659574468084,1.0432051716350497
2,42,fly,500.0,42,0.7916666666666666,0.9535207700101317,0.9659976287262872
2,43,fly,10.0,42,0.0,1.9083080040526845,2.065238256549232
2,43,fly,10.0,137,0.0,1.884371833839919,2.0602416440831073
2,43,fly,10.0,219,0.0,1.8673378926038502,2.0158084914182477
2,43,fly,30.0,42,0.0,1.6859802431610944,1.7952094625112918
2,42,fly,1000.0,219,1.0,0.8327001013171227,0.844921522131888
2,42,fly,3000.0,42,1.0,0.7223910840932118,0.7269788843721771
2,42,fly,3000.0,137,1.0,0.722517730496454,0.7314814814814815
2,42,fly,3000.0,219,1.0,0.7222644376899696,0.7297171409214093
2,43,fly,30.0,137,0.0,1.661157548125633,1.7897047199638663
2,43,fly,30.0,219,0.0,1.6553318135764945,1.7655403116531165
2,43,fly,100.0,42,0.0,1.361132218844985,1.4057277551942187
2,43,fly,100.0,137,0.0,1.3378926038500503,1.4026789747064137
2,43,fly,1000.0,219,1.0,0.8007218844984801,0.8122459349593496
2,43,fly,3000.0,42,1.0,0.7023809523809524,0.7053127822944896
2,43,fly,3000.0,137,1.0,0.7014944275582574,0.7097589205058717
2,43,fly,3000.0,219,1.0,0.7022543059777103,0.7089543812104788
2,43,fly,100.0,219,0.0,1.3383991894630192,1.3928833559168925
2,43,fly,200.0,42,0.0,1.1547619047619049,1.1793558039747065
2,43,fly,200.0,137,0.0,1.1442502532928065,1.1815718157181572
2,43,fly,200.0,219,0.0,1.1423505572441741,1.1742039295392954
2,43,fly,350.0,42,0.4166666666666667,1.0037993920972645,1.0187443541102077
2,43,fly,350.0,137,0.5416666666666666,1.0005065856129687,1.0246443089430894
2,43,fly,350.0,219,0.5833333333333334,0.9999366767983789,1.0173893405600722
2,43,fly,500.0,42,0.9583333333333334,0.9218591691995948,0.9339289747064138
2,43,fly,500.0,137,0.8541666666666666,0.9233156028368795,0.9410569105691057
2,43,fly,500.0,219,0.9166666666666666,0.9219858156028368,0.934253613369467
2,43,fly,1000.0,42,1.0,0.8056610942249239,0.8114413956639567
2,43,fly,1000.0,137,1.0,0.8037613981762918,0.8166638437217706
2,44,fly,10.0,42,0.0,1.9247087132725431,2.085351738934056
2,44,fly,10.0,137,0.0,1.8825987841945289,2.0637279810298104
2,44,fly,10.0,219,0.0,1.865754812563323,2.0188572719060525
2,44,fly,30.0,42,0.0,1.6775582573454912,1.7900999322493225
2,44,fly,100.0,219,0.0,1.317692502532928,1.3724028906955736
2,44,fly,200.0,42,0.020833333333333332,1.1360182370820668,1.1590164859981933
2,44,fly,200.0,137,0.020833333333333332,1.127532928064843,1.1637166892502258
2,44,fly,200.0,219,0.0,1.1239235055724417,1.1548949864498645
2,44,fly,500.0,137,0.9166666666666666,0.9120440729483282,0.9293840334236676
2,44,fly,500.0,219,0.9375,0.9124240121580547,0.9225383920505872
2,44,fly,1000.0,42,1.0,0.8005319148936171,0.80420054200542
2,44,fly,1000.0,137,1.0,0.7996453900709221,0.8093947606142728
2,44,fly,30.0,137,0.0,1.6529255319148934,1.7802619692863595
2,44,fly,30.0,219,0.0,1.6460233029381965,1.7586099819331527
2,44,fly,100.0,42,0.0,1.3397922998986829,1.3848944218608852
2,44,fly,100.0,137,0.0,1.316679331306991,1.3819021002710028
2,44,fly,350.0,42,0.5625,0.9905648429584599,1.0044320234869015
2,44,fly,350.0,137,0.6458333333333334,0.9873986828774063,1.0094709801264679
2,44,fly,350.0,219,0.6666666666666666,0.9878419452887538,1.0037968608852754
2,44,fly,500.0,42,0.9583333333333334,0.9122340425531915,0.9231170957542909
2,44,fly,1000.0,219,1.0,0.7976823708206687,0.8053156052393857
2,44,fly,3000.0,42,1.0,0.6985182370820668,0.6975214543812105
2,44,fly,3000.0,137,1.0,0.6969984802431611,0.7013747741644083
2,44,fly,3000.0,219,1.0,0.6968085106382979,0.7011348238482384
2,45,fly,500.0,137,0.8541666666666666,0.9231256332320162,0.9398148148148148
2,45,fly,500.0,219,0.9166666666666666,0.9214792299898683,0.9331667795844625
2,45,fly,1000.0,42,1.0,0.8074341438703141,0.8125564588979223
2,45,fly,1000.0,137,1.0,0.8061043566362714,0.8177789069557362
2,45,fly,1000.0,219,1.0,0.8036980749746707,0.8136009485094851
2,45,fly,3000.0,42,1.0,0.7032674772036472,0.7050869467028004
2,45,fly,3000.0,137,1.0,0.7016843971631207,0.709279019873532
2,45,fly,3000.0,219,1.0,0.7028242147923,0.708714430894309
2,45,fly,10.0,42,0.0,1.905901722391084,2.062627032520325
2,45,fly,10.0,137,0.0,1.8850050658561297,2.0610461833785005
2,45,fly,10.0,219,0.0,1.8641084093211753,2.013550135501355
2,45,fly,30.0,42,0.0,1.6785714285714282,1.7887308039747065
2,45,fly,30.0,137,0.0,1.6564716312056735,1.7830143405600722
2,45,fly,30.0,219,0.0,1.6499493414387032,1.7607554200542006
2,45,fly,100.0,42,0.0,1.3497340425531916,1.394337172538392
2,45,fly,100.0,137,0.0,1.3290906788247214,1.3920082429990968
2,45,fly,100.0,219,0.0,1.3290273556231003,1.3823396567299007
2,45,fly,200.0,42,0.0,1.1483662613981764,1.1720584914182475
2,45,fly,200.0,137,0.0,1.1375379939209727,1.174952009936766
2,45,fly,200.0,219,0.0,1.1348150962512664,1.166652551942186
2,46,fly,10.0,42,0.0,1.894756838905775,2.0496979448961157
2,46,fly,10.0,137,0.0,1.8489741641337385,2.0100496838301716
2,46,fly,10.0,219,0.0,1.8316236068895642,1.9742123983739837
2,46,fly,30.0,42,0.0,1.643996960486322,1.7433519647696476
2,45,fly,350.0,42,0.4583333333333333,1.0014564336372846,1.0157661472448059
2,45,fly,350.0,137,0.5625,0.9979736575481256,1.0216519873532068
2,45,fly,350.0,219,0.6041666666666666,0.9978470111448834,1.0140159214092141
2,45,fly,500.0,42,0.9583333333333334,0.9216058763931104,0.9331526648599819
2,46,fly,30.0,137,0.0,1.6191109422492402,1.734544376693767
2,46,fly,30.0,219,0.0,1.6187943262411348,1.7227162375790424
2,46,fly,100.0,42,0.0,1.3299772036474165,1.3695376016260163
2,46,fly,100.0,137,0.0,1.3080040526849037,1.3660230352303524
2,46,fly,1000.0,219,1.0,0.8112968591691997,0.8224508807588076
2,46,fly,3000.0,42,1.0,0.71048632218845,0.7154753839205059
2,46,fly,3000.0,137,1.0,0.7109929078014184,0.7195404245709124
2,46,fly,3000.0,219,1.0,0.7116894630192503,0.7190887533875339
2,46,fly,100.0,219,0.0,1.3085106382978724,1.3562133017163505
2,46,fly,200.0,42,0.020833333333333332,1.1397543059777102,1.1610207768744354
2,46,fly,200.0,137,0.020833333333333332,1.1294326241134753,1.1649023261065945
2,46,fly,200.0,219,0.0,1.127532928064843,1.1565322944896115
2,46,fly,350.0,42,0.4583333333333333,1.001583080040527,1.015695573622403
2,46,fly,350.0,137,0.5625,0.9973404255319149,1.0214967253839204
2,46,fly,350.0,219,0.6041666666666666,0.9980369807497467,1.0140582655826558
2,46,fly,500.0,42,0.9166666666666666,0.9258485309017224,0.9379234417344173
2,46,fly,500.0,137,0.8541666666666666,0.9264817629179332,0.9446702800361337
2,46,fly,500.0,219,0.9166666666666666,0.9259118541033434,0.9380645889792232
2,46,fly,1000.0,42,1.0,0.8157928064842959,0.8225496838301717
2,46,fly,1000.0,137,1.0,0.8147163120567376,0.8279132791327913
2,47,fly,30.0,137,0.0,1.6065096251266464,1.7099282971996386
2,47,fly,30.0,219,0.0,1.6076494427558259,1.7055103884372178
2,47,fly,100.0,42,0.0,1.344224924012158,1.3834547199638663
2,47,fly,100.0,137,0.0,1.3267477203647415,1.3818174119241193
2,47,fly,100.0,219,0.0,1.324658054711246,1.3707655826558265
2,47,fly,200.0,42,0.0,1.1702760891590678,1.1938798554652212
2,47,fly,200.0,137,0.0,1.1577380952380951,1.1948255420054201
2,47,fly,200.0,219,0.0,1.1571681864235055,1.1875564588979224
2,47,fly,10.0,42,0.0,1.8626519756838906,2.0009456865401987
2,47,fly,10.0,137,0.0,1.8310536980749745,1.9904584462511292
2,47,fly,10.0,219,0.0,1.8093338399189463,1.9472109304426377
2,47,fly,30.0,42,0.0,1.6308257345491388,1.7202743902439024
2,47,fly,500.0,137,0.7708333333333334,0.9621960486322187,0.9854900632339657
2,47,fly,500.0,219,0.7916666666666666,0.9586499493414387,0.9774164408310749
2,47,fly,1000.0,42,1.0,0.8492907801418439,0.8601795392953929
2,47,fly,1000.0,137,1.0,0.8491008105369806,0.8662629855465221
2,47,fly,350.0,42,0.20833333333333334,1.0354609929078014,1.053268970189702
2,47,fly,350.0,137,0.2916666666666667,1.034131205673759,1.059789972899729
2,47,fly,350.0,219,0.2708333333333333,1.0345744680851066,1.053494805781391
2,47,fly,500.0,42,0.75,0.9630825734549139,0.9777128500451672
2,47,fly,1000.0,219,1.0,0.8447315096251268,0.8594173441734417
2,47,fly,3000.0,42,1.0,0.7324594731509625,0.7414888211382114
2,47,fly,3000.0,137,1.0,0.7343591691995947,0.7472193992773261
2,47,fly,3000.0,219,1.0,0.7323961499493414,0.7445517163504969
2,48,fly,10.0,42,0.0,1.9106509625126646,2.0662968608852754
2,48,fly,10.0,137,0.0,1.8744300911854104,2.049274503161698
2,48,fly,10.0,219,0.0,1.8527102330293819,2.006295167118338
2,48,fly,30.0,42,0.0,1.6667299898682877,1.7808406729900632
2,48,fly,30.0,137,0.0,1.6357016210739612,1.766627145438121
2,48,fly,30.0,219,0.0,1.6303191489361701,1.7441988482384825
2,48,fly,100.0,42,0.0,1.3429584599797364,1.3907096883468835
2,48,fly,100.0,137,0.0,1.3190222897669706,1.3864188121047878
2,48,fly,100.0,219,0.0,1.3212386018237083,1.3784298780487805
2,48,fly,200.0,42,0.0,1.1512791286727457,1.177760840108401
2,48,fly,200.0,137,0.0,1.141147416413374,1.1811483739837398
2,48,fly,200.0,219,0.0,1.1379812563323204,1.1713104110207768
2,48,fly,1000.0,219,1.0,0.8052811550151976,0.8146030939476061
2,48,fly,3000.0,42,1.0,0.7005445795339412,0.7005278906955736
2,48,fly,3000.0,137,1.0,0.6989614994934144,0.7044800135501355
2,48,fly,3000.0,219,1.0,0.6996580547112462,0.7040424570912376
2,48,fly,350.0,42,0.4166666666666667,1.0074721377912867,1.023021115627823
2,48,fly,350.0,137,0.4583333333333333,1.0045592705167172,1.0292174796747968
2,48,fly,350.0,219,0.5208333333333334,1.0033561296859168,1.0220895438121047
2,48,fly,500.0,42,0.9166666666666666,0.9276849037487335,0.9397865853658537
2,48,fly,500.0,137,0.8541666666666666,0.9285714285714285,0.9466604561878952
2,48,fly,500.0,219,0.9166666666666666,0.9276849037487335,0.939843044263776
2,48,fly,1000.0,42,1.0,0.8094604863221884,0.8138973577235772
2,48,fly,1000.0,137,1.0,0.8087006079027356,0.8195009033423668
2,49,fly,10.0,42,0.0,1.8991261398176291,2.0542570009033425
2,49,fly,10.0,137,0.0,1.8680977710233029,2.0429511065943995
2,49,fly,10.0,219,0.0,1.8397922998986829,1.9870285682023487
2,49,fly,30.0,42,0.0,1.6453900709219857,1.751072719060524
2,49,fly,30.0,137,0.0,1.6281661600810537,1.7570009033423668
2,49,fly,30.0,219,0.0,1.6193009118541035,1.7307757452574526
2,49,fly,100.0,42,0.0,1.3295972644376899,1.3740119692863595
2,49,fly,100.0,137,0.0,1.307307497467072,1.3697210930442638
2,49,fly,500.0,137,0.8333333333333334,0.9326874366767983,0.9512759710930443
2,49,fly,500.0,219,0.8958333333333334,0.9313576494427558,0.9440633468834688
2,49,fly,1000.0,42,1.0,0.8198454913880445,0.8262618563685636
2,49,fly,1000.0,137,1.0,0.8192755825734549,0.8312443541102078
2,49,fly,100.0,219,0.0,1.3076874366767983,1.3601936540198736
2,49,fly,200.0,42,0.020833333333333332,1.1417173252279635,1.1663420280036134
2,49,fly,200.0,137,0.0,1.1324721377912867,1.1703929539295392
2,49,fly,200.0,219,0.0,1.1297492401215805,1.161966463414634
2,49,fly,350.0,42,0.4166666666666667,1.006015704154002,1.021313233965673
2,49,fly,350.0,137,0.4583333333333333,1.0031661600810535,1.027707204155375
2,49,fly,350.0,219,0.5416666666666666,1.0018996960486322,1.0202546296296295
2,49,fly,500.0,42,0.9166666666666666,0.9321808510638299,0.9438375112917796
2,0,mouse,10.0,42,0.0,1.395138888888889,1.3881805555555555
2,0,mouse,10.0,137,0.0,1.378611111111111,1.379388888888889
2,0,mouse,10.0,219,0.0,1.3643055555555554,1.3804166666666666
2,0,mouse,30.0,42,0.0,1.2437500000000001,1.2326388888888888
2,49,fly,1000.0,219,1.0,0.8156028368794326,0.8261489385727191
2,49,fly,3000.0,42,1.0,0.7111828774062817,0.7137110433604336
2,49,fly,3000.0,137,1.0,0.7099164133738602,0.7179736901535682
2,49,fly,3000.0,219,1.0,0.7120060790273556,0.717140921409214
2,0,mouse,100.0,219,0.020833333333333332,0.9529166666666667,0.9745138888888889
2,0,mouse,200.0,42,0.14583333333333334,0.8280555555555557,0.8260694444444444
2,0,mouse,200.0,137,0.14583333333333334,0.8229166666666666,0.8242777777777778
2,0,mouse,200.0,219,0.25,0.8047222222222222,0.8239722222222222
2,0,mouse,30.0,137,0.0,1.2308333333333332,1.2251527777777778
2,0,mouse,30.0,219,0.0,1.2036111111111112,1.2250138888888888
2,0,mouse,100.0,42,0.0,0.987777777777778,0.9792222222222222
2,0,mouse,100.0,137,0.0,0.9769444444444444,0.9743333333333334
2,0,mouse,350.0,42,0.7083333333333334,0.7148611111111111,0.7142777777777778
2,0,mouse,350.0,137,0.7916666666666666,0.7093055555555555,0.7119305555555555
2,0,mouse,350.0,219,0.7916666666666666,0.6875,0.7094027777777778
2,0,mouse,500.0,42,0.9583333333333334,0.6509722222222223,0.6521388888888889
2,0,mouse,500.0,137,0.9791666666666666,0.6451388888888889,0.6476944444444445
2,0,mouse,500.0,219,0.8958333333333334,0.6313888888888889,0.6456666666666667
2,0,mouse,1000.0,42,1.0,0.5493055555555556,0.5499722222222222
2,0,mouse,1000.0,137,1.0,0.5402777777777777,0.5446388888888889
2,1,mouse,10.0,42,0.0,1.4351388888888887,1.429125
2,1,mouse,10.0,137,0.0,1.4205555555555556,1.4186666666666667
2,1,mouse,10.0,219,0.0,1.4047222222222224,1.4208611111111111
2,1,mouse,30.0,42,0.0,1.3154166666666667,1.3054027777777777
2,0,mouse,1000.0,219,1.0,0.5334722222222222,0.5445
2,0,mouse,3000.0,42,1.0,0.44555555555555554,0.44706944444444446
2,0,mouse,3000.0,137,1.0,0.43569444444444444,0.44377777777777777
2,0,mouse,3000.0,219,1.0,0.4373611111111111,0.44466666666666665
2,1,mouse,30.0,137,0.0,1.2970833333333334,1.2937777777777777
2,1,mouse,30.0,219,0.0,1.2769444444444444,1.2958333333333334
2,1,mouse,100.0,42,0.0,1.0473611111111112,1.0419027777777778
2,1,mouse,100.0,137,0.0,1.0391666666666668,1.03525
2,1,mouse,100.0,219,0.0,1.0190277777777776,1.0369722222222222
2,1,mouse,200.0,42,0.041666666666666664,0.8643055555555555,0.8608194444444445
2,1,mouse,200.0,137,0.08333333333333333,0.8591666666666665,0.8587916666666666
2,1,mouse,200.0,219,0.125,0.8372222222222222,0.8587361111111111
2,1,mouse,500.0,137,0.9791666666666666,0.65125,0.6536805555555556
2,1,mouse,500.0,219,0.8958333333333334,0.6379166666666667,0.6516111111111111
2,1,mouse,1000.0,42,1.0,0.5470833333333333,0.5475416666666667
2,1,mouse,1000.0,137,1.0,0.53875,0.54275
2,1,mouse,1000.0,219,1.0,0.5316666666666666,0.5425416666666667
2,1,mouse,3000.0,42,1.0,0.44222222222222224,0.44390277777777776
2,1,mouse,3000.0,137,1.0,0.43319444444444444,0.4404722222222222
2,1,mouse,3000.0,219,1.0,0.4351388888888889,0.4413472222222222
2,1,mouse,350.0,42,0.6666666666666666,0.7306944444444444,0.7287361111111111
2,1,mouse,350.0,137,0.6458333333333334,0.7244444444444444,0.7260833333333333
2,1,mouse,350.0,219,0.7708333333333334,0.7036111111111111,0.7238611111111111
2,1,mouse,500.0,42,0.9166666666666666,0.6568055555555555,0.6577777777777778
2,2,mouse,30.0,137,0.0,1.296111111111111,1.293125
2,2,mouse,30.0,219,0.0,1.2758333333333334,1.2951805555555556
2,2,mouse,100.0,42,0.0,1.0556944444444445,1.0489027777777777
2,2,mouse,100.0,137,0.0,1.045972222222222,1.0414583333333334
2,2,mouse,10.0,42,0.0,1.4337499999999999,1.4277638888888888
2,2,mouse,10.0,137,0.0,1.4191666666666667,1.4174444444444445
2,2,mouse,10.0,219,0.0,1.4033333333333333,1.4190833333333333
2,2,mouse,30.0,42,0.0,1.3133333333333335,1.3045555555555555
2,2,mouse,100.0,219,0.0,1.0259722222222223,1.0434166666666667
2,2,mouse,200.0,42,0.020833333333333332,0.8738888888888888,0.8702916666666667
2,2,mouse,200.0,137,0.0625,0.8691666666666666,0.8684166666666666
2,2,mouse,200.0,219,0.10416666666666667,0.8475,0.8686111111111111
2,2,mouse,350.0,42,0.6458333333333334,0.7380555555555555,0.7377777777777778
2,2,mouse,350.0,137,0.6041666666666666,0.7334722222222222,0.7350138888888889
2,2,mouse,350.0,219,0.75,0.7109722222222222,0.7330138888888889
2,2,mouse,500.0,42,0.875,0.663611111111111,0.6645277777777778
2,2,mouse,500.0,137,0.9583333333333334,0.6580555555555555,0.6607361111111111
2,2,mouse,500.0,219,0.8958333333333334,0.6445833333333333,0.6589027777777777
2,2,mouse,1000.0,42,1.0,0.5511111111111111,0.5514722222222223
2,2,mouse,1000.0,137,1.0,0.5415277777777777,0.5459027777777777
2,2,mouse,1000.0,219,1.0,0.5344444444444444,0.5457222222222222
2,2,mouse,3000.0,42,1.0,0.4427777777777777,0.4447361111111111
2,2,mouse,3000.0,137,1.0,0.43388888888888894,0.44145833333333334
2,2,mouse,3000.0,219,1.0,0.43583333333333335,0.4422083333333333
2,3,mouse,30.0,137,0.0,1.2315277777777778,1.2257361111111111
2,3,mouse,30.0,219,0.0,1.2043055555555555,1.2257222222222222
2,3,mouse,100.0,42,0.0,0.9772222222222222,0.9700138888888888
2,3,mouse,100.0,137,0.0,0.9674999999999999,0.9660416666666667
2,3,mouse,10.0,42,0.0,1.3972222222222221,1.3905416666666666
2,3,mouse,10.0,137,0.0,1.3808333333333334,1.381375
2,3,mouse,10.0,219,0.0,1.3658333333333335,1.3830416666666667
2,3,mouse,30.0,42,0.0,1.2441666666666666,1.2331527777777778
2,3,mouse,100.0,219,0.020833333333333332,0.9420833333333333,0.9655833333333333
2,3,mouse,200.0,42,0.20833333333333334,0.8119444444444444,0.8118333333333333
2,3,mouse,200.0,137,0.20833333333333334,0.810138888888889,0.8100277777777778
2,3,mouse,200.0,219,0.3541666666666667,0.7880555555555556,0.809875
2,3,mouse,500.0,137,1.0,0.6298611111111111,0.6319722222222223
2,3,mouse,500.0,219,0.9166666666666666,0.6184722222222222,0.6296805555555556
2,3,mouse,1000.0,42,1.0,0.5352777777777777,0.5353472222222222
2,3,mouse,1000.0,137,1.0,0.5256944444444445,0.5308333333333334
2,3,mouse,350.0,42,0.7291666666666666,0.7000000000000001,0.6992361111111111
2,3,mouse,350.0,137,0.8541666666666666,0.6941666666666667,0.6964305555555556
2,3,mouse,350.0,219,0.7916666666666666,0.6752777777777778,0.6943611111111111
2,3,mouse,500.0,42,0.9583333333333334,0.6363888888888889,0.6367222222222222
2,4,mouse,10.0,42,0.0,1.4326388888888886,1.4265555555555556
2,4,mouse,10.0,137,0.0,1.4184722222222224,1.4165833333333333
2,4,mouse,10.0,219,0.0,1.4030555555555555,1.418111111111111
2,4,mouse,30.0,42,0.0,1.3079166666666666,1.2983333333333333
2,3,mouse,1000.0,219,1.0,0.5197222222222222,0.5309027777777777
2,3,mouse,3000.0,42,1.0,0.4380555555555556,0.43909722222222225
2,3,mouse,3000.0,137,1.0,0.4281944444444445,0.4360833333333333
2,3,mouse,3000.0,219,1.0,0.43,0.43594444444444447
2,4,mouse,100.0,219,0.0,1.0008333333333332,1.0202083333333334
2,4,mouse,200.0,42,0.10416666666666667,0.8394444444444445,0.8370972222222223
2,4,mouse,200.0,137,0.125,0.8355555555555556,0.8352777777777778
2,4,mouse,200.0,219,0.20833333333333334,0.8141666666666666,0.8348611111111112
2,4,mouse,30.0,137,0.0,1.2902777777777776,1.2875694444444445
2,4,mouse,30.0,219,0.0,1.2695833333333333,1.289236111111111
2,4,mouse,100.0,42,0.0,1.0334722222222223,1.0250416666666666
2,4,mouse,100.0,137,0.0,1.0231944444444443,1.0189027777777777
2,4,mouse,350.0,42,0.7291666666666666,0.7041666666666666,0.7034722222222223
2,4,mouse,350.0,137,0.8541666666666666,0.697361111111111,0.7005416666666666
2,4,mouse,350.0,219,0.7916666666666666,0.6786111111111112,0.6982083333333333
2,4,mouse,500.0,42,0.9583333333333334,0.6345833333333334,0.6336527777777777
2,4,mouse,500.0,137,1.0,0.6256944444444444,0.6290555555555556
2,4,mouse,500.0,219,0.9583333333333334,0.6145833333333334,0.6261805555555555
2,4,mouse,1000.0,42,1.0,0.5280555555555555,0.527125
2,4,mouse,1000.0,137,1.0,0.5163888888888889,0.5223888888888889
2,4,mouse,1000.0,219,1.0,0.51125,0.5228055555555555
2,4,mouse,3000.0,42,1.0,0.4343055555555555,0.434625
2,4,mouse,3000.0,137,1.0,0.4230555555555556,0.4317916666666667
2,4,mouse,3000.0,219,1.0,0.42583333333333334,0.43195833333333333
2,5,mouse,10.0,42,0.0,1.4334722222222223,1.4266944444444445
2,5,mouse,10.0,137,0.0,1.41875,1.4167916666666667
2,5,mouse,10.0,219,0.0,1.4022222222222223,1.4184583333333334
2,5,mouse,30.0,42,0.0,1.3081944444444444,1.2980138888888888
2,5,mouse,350.0,42,0.7291666666666666,0.6976388888888888,0.6965277777777777
2,5,mouse,350.0,137,0.8541666666666666,0.6915277777777776,0.6936527777777778
2,5,mouse,350.0,219,0.8125,0.671388888888889,0.6915416666666667
2,5,mouse,500.0,42,0.9791666666666666,0.6284722222222222,0.6273055555555556
2,5,mouse,30.0,137,0.0,1.289861111111111,1.2868055555555555
2,5,mouse,30.0,219,0.0,1.2695833333333333,1.2883194444444444
2,5,mouse,100.0,42,0.0,1.0290277777777777,1.0200833333333332
2,5,mouse,100.0,137,0.0,1.0184722222222222,1.0142777777777778
2,6,mouse,10.0,42,0.0,1.405833333333333,1.3987777777777777
2,6,mouse,10.0,137,0.0,1.3908333333333334,1.3904166666666666
2,6,mouse,10.0,219,0.0,1.3748611111111113,1.391513888888889
2,6,mouse,30.0,42,0.0,1.262361111111111,1.2517222222222222
2,5,mouse,100.0,219,0.0,0.9956944444444445,1.015611111111111
2,5,mouse,200.0,42,0.14583333333333334,0.8331944444444445,0.8300833333333333
2,5,mouse,200.0,137,0.14583333333333334,0.8272222222222222,0.8279861111111111
2,5,mouse,200.0,219,0.25,0.8094444444444444,0.8279166666666666
2,5,mouse,500.0,137,1.0,0.6173611111111111,0.6223472222222223
2,5,mouse,500.0,219,0.9791666666666666,0.6073611111111111,0.6196805555555556
2,5,mouse,1000.0,42,1.0,0.5225,0.5221805555555555
2,5,mouse,1000.0,137,1.0,0.51125,0.51725
2,6,mouse,30.0,137,0.0,1.2501388888888887,1.2433333333333334
2,6,mouse,30.0,219,0.0,1.222361111111111,1.2435416666666668
2,6,mouse,100.0,42,0.0,1.0081944444444444,0.9995
2,6,mouse,100.0,137,0.0,0.9962500000000002,0.9938888888888889
2,5,mouse,1000.0,219,1.0,0.5063888888888889,0.5177777777777778
2,5,mouse,3000.0,42,1.0,0.4320833333333333,0.43170833333333336
2,5,mouse,3000.0,137,1.0,0.4206944444444445,0.42941666666666667
2,5,mouse,3000.0,219,1.0,0.42444444444444446,0.4295555555555556
2,6,mouse,500.0,137,0.9583333333333334,0.6541666666666667,0.657625
2,6,mouse,500.0,219,0.8958333333333334,0.6420833333333333,0.6558333333333334
2,6,mouse,1000.0,42,1.0,0.5545833333333333,0.5545972222222222
2,6,mouse,1000.0,137,1.0,0.5449999999999999,0.5489166666666667
2,6,mouse,100.0,219,0.0,0.9740277777777777,0.9943888888888889
2,6,mouse,200.0,42,0.08333333333333333,0.8479166666666668,0.8434444444444444
2,6,mouse,200.0,137,0.10416666666666667,0.8433333333333334,0.8417777777777777
2,6,mouse,200.0,219,0.1875,0.8208333333333334,0.8417638888888889
2,6,mouse,1000.0,219,1.0,0.5369444444444444,0.5484583333333334
2,6,mouse,3000.0,42,1.0,0.445,0.44731944444444444
2,6,mouse,3000.0,137,1.0,0.43625,0.44408333333333333
2,6,mouse,3000.0,219,1.0,0.43791666666666673,0.4449722222222222
2,6,mouse,350.0,42,0.6666666666666666,0.7293055555555555,0.7271805555555556
2,6,mouse,350.0,137,0.6666666666666666,0.7227777777777779,0.7247777777777777
2,6,mouse,350.0,219,0.7708333333333334,0.7025,0.7226944444444444
2,6,mouse,500.0,42,0.875,0.6594444444444444,0.6616527777777778
2,7,mouse,10.0,42,0.0,1.4349999999999998,1.4285416666666666
2,7,mouse,10.0,137,0.0,1.4198611111111112,1.4183472222222222
2,7,mouse,10.0,219,0.0,1.4041666666666668,1.420111111111111
2,7,mouse,30.0,42,0.0,1.3155555555555558,1.3057222222222222
2,7,mouse,30.0,137,0.0,1.2972222222222223,1.2940972222222222
2,7,mouse,30.0,219,0.0,1.2775,1.2962222222222222
2,7,mouse,100.0,42,0.0,1.05375,1.047263888888889
2,7,mouse,100.0,137,0.0,1.045,1.04025
2,7,mouse,100.0,219,0.0,1.02625,1.0421666666666667
2,7,mouse,200.0,42,0.041666666666666664,0.8719444444444444,0.8680555555555556
2,7,mouse,200.0,137,0.0625,0.8663888888888889,0.866375
2,7,mouse,200.0,219,0.125,0.8454166666666666,0.8662916666666667
2,8,mouse,10.0,42,0.0,1.4368055555555557,1.4302916666666667
2,8,mouse,10.0,137,0.0,1.4220833333333331,1.4199722222222222
2,8,mouse,10.0,219,0.0,1.40625,1.4220694444444444
2,8,mouse,30.0,42,0.0,1.3169444444444445,1.3070555555555556
2,7,mouse,350.0,42,0.6458333333333334,0.7368055555555554,0.7360833333333333
2,7,mouse,350.0,137,0.6041666666666666,0.7312499999999998,0.733125
2,7,mouse,350.0,219,0.75,0.709861111111111,0.7310694444444444
2,7,mouse,500.0,42,0.875,0.6619444444444446,0.6633611111111111
2,7,mouse,500.0,137,0.9583333333333334,0.6569444444444444,0.6596388888888889
2,7,mouse,500.0,219,0.8958333333333334,0.6433333333333334,0.6575833333333333
2,7,mouse,1000.0,42,1.0,0.5505555555555556,0.55125
2,7,mouse,1000.0,137,1.0,0.5411111111111111,0.5458333333333333
2,7,mouse,1000.0,219,1.0,0.5343055555555556,0.5455
2,7,mouse,3000.0,42,1.0,0.4436111111111111,0.44506944444444446
2,7,mouse,3000.0,137,1.0,0.43402777777777773,0.4415972222222222
2,7,mouse,3000.0,219,1.0,0.43624999999999997,0.4425
2,8,mouse,30.0,137,0.0,1.29875,1.295375
2,8,mouse,30.0,219,0.0,1.2790277777777777,1.2975277777777778
2,8,mouse,100.0,42,0.0,1.0463888888888888,1.0399166666666666
2,8,mouse,100.0,137,0.0,1.0366666666666668,1.0334027777777777
2,8,mouse,100.0,219,0.0,1.0176388888888888,1.0350416666666666
2,8,mouse,200.0,42,0.0625,0.8551388888888889,0.8517222222222223
2,8,mouse,200.0,137,0.08333333333333333,0.851111111111111,0.85
2,8,mouse,200.0,219,0.16666666666666666,0.8276388888888889,0.8498055555555556
2,8,mouse,500.0,137,0.9791666666666666,0.6352777777777777,0.6374305555555555
2,8,mouse,500.0,219,0.9166666666666666,0.6227777777777778,0.6351527777777778
2,8,mouse,1000.0,42,1.0,0.53125,0.5309861111111112
2,8,mouse,1000.0,137,1.0,0.5201388888888889,0.5262222222222223
2,8,mouse,1000.0,219,1.0,0.5145833333333333,0.5266111111111111
2,8,mouse,3000.0,42,1.0,0.4345833333333333,0.4342916666666667
2,8,mouse,3000.0,137,1.0,0.42236111111111113,0.4313472222222222
2,8,mouse,3000.0,219,1.0,0.42569444444444454,0.43154166666666666
2,8,mouse,350.0,42,0.7083333333333334,0.7152777777777778,0.7144166666666667
2,8,mouse,350.0,137,0.7916666666666666,0.7093055555555555,0.7119583333333334
2,8,mouse,350.0,219,0.7916666666666666,0.6870833333333334,0.7096111111111111
2,8,mouse,500.0,42,0.9583333333333334,0.6418055555555555,0.6420416666666666
2,9,mouse,100.0,219,0.020833333333333332,0.9594444444444444,0.9806388888888888
2,9,mouse,200.0,42,0.16666666666666666,0.8259722222222221,0.8245277777777777
2,9,mouse,200.0,137,0.14583333333333334,0.8209722222222222,0.8225138888888889
2,9,mouse,200.0,219,0.25,0.8034722222222221,0.8223888888888888
2,9,mouse,10.0,42,0.0,1.405,1.397875
2,9,mouse,10.0,137,0.0,1.38875,1.3897222222222223
2,9,mouse,10.0,219,0.0,1.3741666666666665,1.3905555555555555
2,9,mouse,30.0,42,0.0,1.2579166666666666,1.2470972222222223
2,9,mouse,30.0,137,0.0,1.2456944444444444,1.2396111111111112
2,9,mouse,30.0,219,0.0,1.2181944444444444,1.2397916666666666
2,9,mouse,100.0,42,0.0,0.9934722222222222,0.9856944444444444
2,9,mouse,100.0,137,0.0,0.9827777777777778,0.9798055555555556
2,9,mouse,350.0,42,0.7083333333333334,0.708888888888889,0.7088333333333333
2,9,mouse,350.0,137,0.7708333333333334,0.7029166666666665,0.7059583333333334
2,9,mouse,350.0,219,0.7916666666666666,0.6827777777777778,0.7032777777777778
2,9,mouse,500.0,42,0.9583333333333334,0.6437499999999999,0.64475
2,9,mouse,500.0,137,0.9791666666666666,0.6379166666666667,0.6400138888888889
2,9,mouse,500.0,219,0.9166666666666666,0.6252777777777778,0.6379166666666667
2,9,mouse,1000.0,42,1.0,0.5413888888888888,0.5411944444444444
2,9,mouse,1000.0,137,1.0,0.5326388888888888,0.5371111111111111
2,9,mouse,1000.0,219,1.0,0.5261111111111111,0.53675
2,9,mouse,3000.0,42,1.0,0.44097222222222215,0.4419166666666667
2,9,mouse,3000.0,137,1.0,0.43083333333333335,0.4385
2,9,mouse,3000.0,219,1.0,0.43361111111111117,0.4391111111111111
2,10,mouse,100.0,219,0.0,1.0179166666666666,1.0354444444444444
2,10,mouse,200.0,42,0.041666666666666664,0.8759722222222223,0.8726666666666667
2,10,mouse,200.0,137,0.0625,0.8716666666666666,0.8708055555555556
2,10,mouse,200.0,219,0.10416666666666667,0.850138888888889,0.8708611111111111
2,10,mouse,30.0,137,0.0,1.2830555555555556,1.2801666666666667
2,10,mouse,30.0,219,0.0,1.2627777777777778,1.281763888888889
2,10,mouse,100.0,42,0.0,1.0472222222222223,1.0404722222222222
2,10,mouse,100.0,137,0.0,1.0374999999999999,1.033986111111111
2,10,mouse,10.0,42,0.0,1.426527777777778,1.4199583333333334
2,10,mouse,10.0,137,0.0,1.4116666666666664,1.410388888888889
2,10,mouse,10.0,219,0.0,1.3962500000000002,1.412013888888889
2,10,mouse,30.0,42,0.0,1.3020833333333333,1.2909027777777777
2,10,mouse,500.0,137,0.9166666666666666,0.6704166666666667,0.6727361111111111
2,10,mouse,500.0,219,0.8541666666666666,0.6554166666666666,0.6709444444444445
2,10,mouse,1000.0,42,1.0,0.5648611111111111,0.5636666666666666
2,10,mouse,1000.0,137,1.0,0.5530555555555555,0.5574166666666667
2,10,mouse,350.0,42,0.5833333333333334,0.747638888888889,0.7472361111111111
2,10,mouse,350.0,137,0.5625,0.7418055555555556,0.7443333333333333
2,10,mouse,350.0,219,0.6458333333333334,0.7222222222222222,0.7428194444444445
2,10,mouse,500.0,42,0.8541666666666666,0.6768055555555555,0.6761388888888888
2,10,mouse,1000.0,219,1.0,0.545,0.5574583333333333
2,10,mouse,3000.0,42,1.0,0.45,0.45066666666666666
2,10,mouse,3000.0,137,1.0,0.44,0.44705555555555554
2,10,mouse,3000.0,219,1.0,0.4402777777777778,0.4477638888888889
2,11,mouse,100.0,219,0.0,1.022638888888889,1.039
2,11,mouse,200.0,42,0.020833333333333332,0.8709722222222224,0.8670416666666667
2,11,mouse,200.0,137,0.0625,0.8658333333333333,0.865375
2,11,mouse,200.0,219,0.125,0.8445833333333335,0.8654166666666666
2,11,mouse,30.0,137,0.0,1.2895833333333335,1.2860972222222222
2,11,mouse,30.0,219,0.0,1.268888888888889,1.2876666666666667
2,11,mouse,100.0,42,0.0,1.0498611111111111,1.0440277777777778
2,11,mouse,100.0,137,0.0,1.0419444444444443,1.037111111111111
2,11,mouse,350.0,42,0.6666666666666666,0.7347222222222222,0.73375
2,11,mouse,350.0,137,0.6041666666666666,0.7293055555555554,0.730875
2,11,mouse,350.0,219,0.75,0.7069444444444445,0.7287222222222223
2,11,mouse,500.0,42,0.8958333333333334,0.6586111111111111,0.6597916666666667
2,11,mouse,500.0,137,0.9583333333333334,0.6531944444444444,0.6555555555555556
2,11,mouse,500.0,219,0.8958333333333334,0.6402777777777778,0.6538888888888889
2,11,mouse,1000.0,42,1.0,0.545138888888889,0.5454444444444444
2,11,mouse,1000.0,137,1.0,0.5368055555555555,0.540375
2,11,mouse,10.0,42,0.0,1.430138888888889,1.4225972222222223
2,11,mouse,10.0,137,0.0,1.4140277777777779,1.412763888888889
2,11,mouse,10.0,219,0.0,1.3991666666666667,1.4146666666666667
2,11,mouse,30.0,42,0.0,1.3079166666666666,1.2972916666666667
2,11,mouse,1000.0,219,1.0,0.5297222222222221,0.5402916666666666
2,11,mouse,3000.0,42,1.0,0.4395833333333334,0.4407916666666667
2,11,mouse,3000.0,137,1.0,0.43,0.43759722222222225
2,11,mouse,3000.0,219,1.0,0.43222222222222223,0.43777777777777777
2,12,mouse,30.0,137,0.0,1.2877777777777777,1.2845416666666667
2,12,mouse,30.0,219,0.0,1.2668055555555555,1.2861111111111112
2,12,mouse,100.0,42,0.0,1.030138888888889,1.0210833333333333
2,12,mouse,100.0,137,0.0,1.0191666666666668,1.01525
2,12,mouse,100.0,219,0.0,0.9963888888888889,1.0166388888888889
2,12,mouse,200.0,42,0.125,0.8370833333333332,0.8346944444444444
2,12,mouse,200.0,137,0.125,0.8325,0.832625
2,12,mouse,200.0,219,0.20833333333333334,0.8123611111111111,0.8325833333333333
2,12,mouse,350.0,42,0.7291666666666666,0.703611111111111,0.7026666666666667
2,12,mouse,350.0,137,0.8541666666666666,0.6968055555555556,0.6999861111111111
2,12,mouse,350.0,219,0.8125,0.6776388888888888,0.6974583333333333
2,12,mouse,500.0,42,0.9583333333333334,0.6341666666666667,0.6333611111111112
2,12,mouse,10.0,42,0.0,1.4319444444444445,1.4251944444444444
2,12,mouse,10.0,137,0.0,1.4170833333333333,1.4155
2,12,mouse,10.0,219,0.0,1.401527777777778,1.4172222222222222
2,12,mouse,30.0,42,0.0,1.3069444444444445,1.2956388888888888
2,12,mouse,1000.0,219,1.0,0.5106944444444445,0.5227222222222222
2,12,mouse,3000.0,42,1.0,0.4344444444444444,0.43383333333333335
2,12,mouse,3000.0,137,1.0,0.4222222222222222,0.4308611111111111
2,12,mouse,3000.0,219,1.0,0.4251388888888889,0.43106944444444445
2,12,mouse,500.0,137,1.0,0.6255555555555555,0.6287638888888889
2,12,mouse,500.0,219,0.9583333333333334,0.6143055555555555,0.6257777777777778
2,12,mouse,1000.0,42,1.0,0.5276388888888889,0.5273194444444445
2,12,mouse,1000.0,137,1.0,0.5165277777777778,0.5224166666666666
2,13,mouse,350.0,42,0.7083333333333334,0.7186111111111111,0.7183472222222222
2,13,mouse,350.0,137,0.7291666666666666,0.7140277777777778,0.7165
2,13,mouse,350.0,219,0.7916666666666666,0.6925,0.7134861111111112
2,13,mouse,500.0,42,0.9583333333333334,0.6465277777777777,0.647125
2,13,mouse,10.0,42,0.0,1.4369444444444444,1.4303194444444445
2,13,mouse,10.0,137,0.0,1.422361111111111,1.4200277777777779
2,13,mouse,10.0,219,0.0,1.40625,1.4220555555555556
2,13,mouse,30.0,42,0.0,1.3170833333333334,1.3071805555555556
2,13,mouse,30.0,137,0.0,1.29875,1.2955833333333333
2,13,mouse,30.0,219,0.0,1.2786111111111111,1.2976944444444445
2,13,mouse,100.0,42,0.0,1.0472222222222223,1.0412222222222223
2,13,mouse,100.0,137,0.0,1.0379166666666668,1.0344027777777778
2,13,mouse,100.0,219,0.0,1.0179166666666666,1.036
2,13,mouse,200.0,42,0.0625,0.8574999999999999,0.8540694444444444
2,13,mouse,200.0,137,0.08333333333333333,0.8537499999999999,0.8526666666666667
2,13,mouse,200.0,219,0.14583333333333334,0.8306944444444445,0.852375
2,13,mouse,1000.0,219,1.0,0.5216666666666666,0.5321944444444444
2,13,mouse,3000.0,42,1.0,0.4380555555555555,0.4383888888888889
2,13,mouse,3000.0,137,1.0,0.4280555555555556,0.4356527777777778
2,13,mouse,3000.0,219,1.0,0.43,0.4354166666666667
2,13,mouse,500.0,137,0.9791666666666666,0.6393055555555556,0.6419027777777778
2,13,mouse,500.0,219,0.8958333333333334,0.6263888888888889,0.6396527777777777
2,13,mouse,1000.0,42,1.0,0.53625,0.5366388888888889
2,13,mouse,1000.0,137,1.0,0.5269444444444444,0.5320138888888889
2,14,mouse,100.0,219,0.0,0.9815277777777779,1.0014027777777779
2,14,mouse,200.0,42,0.16666666666666666,0.8276388888888889,0.8255555555555556
2,14,mouse,200.0,137,0.14583333333333334,0.8230555555555555,0.82375
2,14,mouse,200.0,219,0.25,0.8045833333333334,0.8235694444444445
2,14,mouse,350.0,42,0.7291666666666666,0.6991666666666667,0.6983055555555555
2,14,mouse,350.0,137,0.8541666666666666,0.6934722222222222,0.695625
2,14,mouse,350.0,219,0.7916666666666666,0.6740277777777779,0.6934027777777778
2,14,mouse,500.0,42,0.9791666666666666,0.6320833333333333,0.6310833333333333
2,14,mouse,500.0,137,1.0,0.6229166666666667,0.6262777777777778
2,14,mouse,500.0,219,0.9583333333333334,0.6119444444444444,0.6235555555555555
2,14,mouse,1000.0,42,1.0,0.5275,0.5271111111111111
2,14,mouse,1000.0,137,1.0,0.51625,0.5221805555555555
2,14,mouse,10.0,42,0.0,1.4245833333333333,1.4176944444444444
2,14,mouse,10.0,137,0.0,1.4098611111111108,1.4080833333333334
2,14,mouse,10.0,219,0.0,1.3936111111111111,1.4096944444444444
2,14,mouse,30.0,42,0.0,1.29375,1.2812916666666667
2,14,mouse,30.0,137,0.0,1.2750000000000001,1.2704722222222222
2,14,mouse,30.0,219,0.0,1.2529166666666665,1.2724027777777778
2,14,mouse,100.0,42,0.0,1.0156944444444445,1.0071527777777778
2,14,mouse,100.0,137,0.0,1.00125,1.001
2,14,mouse,1000.0,219,1.0,0.5105555555555555,0.5225694444444444
2,14,mouse,3000.0,42,1.0,0.4345833333333333,0.4344166666666667
2,14,mouse,3000.0,137,1.0,0.42236111111111113,0.43133333333333335
2,14,mouse,3000.0,219,1.0,0.42555555555555563,0.4316388888888889
2,15,mouse,10.0,42,0.0,1.4344444444444442,1.4277638888888888
2,15,mouse,10.0,137,0.0,1.4195833333333334,1.4178055555555555
2,15,mouse,10.0,219,0.0,1.4037499999999998,1.4195694444444444
2,15,mouse,30.0,42,0.0,1.3163888888888888,1.3059444444444444
2,15,mouse,350.0,42,0.6666666666666666,0.7336111111111111,0.7318333333333333
2,15,mouse,350.0,137,0.625,0.7273611111111111,0.7289166666666667
2,15,mouse,350.0,219,0.75,0.7056944444444445,0.7270138888888888
2,15,mouse,500.0,42,0.9375,0.6556944444444445,0.6572222222222223
2,15,mouse,30.0,137,0.0,1.2975,1.2942361111111111
2,15,mouse,30.0,219,0.0,1.277638888888889,1.296361111111111
2,15,mouse,100.0,42,0.0,1.0563888888888888,1.0494583333333334
2,15,mouse,100.0,137,0.0,1.047777777777778,1.0426944444444444
2,15,mouse,100.0,219,0.0,1.0281944444444446,1.044625
2,15,mouse,200.0,42,0.041666666666666664,0.8719444444444445,0.8680138888888889
2,15,mouse,200.0,137,0.0625,0.8663888888888889,0.8663611111111111
2,15,mouse,200.0,219,0.125,0.8454166666666666,0.8662916666666667
2,15,mouse,500.0,137,0.9791666666666666,0.6501388888888889,0.6529583333333333
2,15,mouse,500.0,219,0.8958333333333334,0.6369444444444444,0.6510138888888889
2,15,mouse,1000.0,42,1.0,0.5419444444444445,0.5422083333333333
2,15,mouse,1000.0,137,1.0,0.5340277777777778,0.5376944444444445
2,16,mouse,10.0,42,0.0,1.4151388888888892,1.408638888888889
2,16,mouse,10.0,137,0.0,1.4006944444444445,1.4001388888888888
2,16,mouse,10.0,219,0.0,1.3865277777777776,1.4016944444444444
2,16,mouse,30.0,42,0.0,1.2793055555555555,1.2682222222222221
2,16,mouse,100.0,219,0.0,0.9804166666666667,1.0006388888888889
2,16,mouse,200.0,42,0.08333333333333333,0.8445833333333334,0.8413472222222222
2,16,mouse,200.0,137,0.10416666666666667,0.8406944444444444,0.8393888888888889
2,16,mouse,200.0,219,0.20833333333333334,0.8184722222222222,0.8392916666666667
2,16,mouse,30.0,137,0.0,1.2636111111111112,1.2584861111111112
2,16,mouse,30.0,219,0.0,1.2395833333333333,1.259236111111111
2,16,mouse,100.0,42,0.0,1.014861111111111,1.006138888888889
2,16,mouse,100.0,137,0.0,1.0009722222222222,1.0000694444444445
2,15,mouse,1000.0,219,1.0,0.5266666666666666,0.5375694444444444
2,15,mouse,3000.0,42,1.0,0.4384722222222222,0.43943055555555555
2,15,mouse,3000.0,137,1.0,0.4284722222222222,0.43640277777777775
2,15,mouse,3000.0,219,1.0,0.43069444444444444,0.4363194444444444
2,16,mouse,500.0,137,0.9791666666666666,0.6509722222222222,0.6537638888888889
2,16,mouse,500.0,219,0.8958333333333334,0.6381944444444444,0.6516666666666666
2,16,mouse,1000.0,42,1.0,0.5533333333333333,0.5530833333333334
2,16,mouse,1000.0,137,1.0,0.5430555555555555,0.5475
2,16,mouse,1000.0,219,1.0,0.5355555555555555,0.5471666666666667
2,16,mouse,3000.0,42,1.0,0.4459722222222222,0.4477777777777778
2,16,mouse,3000.0,137,1.0,0.4369444444444444,0.44433333333333336
2,16,mouse,3000.0,219,1.0,0.4377777777777778,0.44519444444444445
2,16,mouse,350.0,42,0.7083333333333334,0.7245833333333334,0.7228333333333333
2,16,mouse,350.0,137,0.6875,0.7184722222222222,0.7201666666666666
2,16,mouse,350.0,219,0.7708333333333334,0.6977777777777779,0.7178888888888889
2,16,mouse,500.0,42,0.9166666666666666,0.6565277777777778,0.6578333333333334
2,17,mouse,10.0,42,0.0,1.4418055555555556,1.4346944444444445
2,17,mouse,10.0,137,0.0,1.4279166666666665,1.4251666666666667
2,17,mouse,10.0,219,0.0,1.4104166666666664,1.4265416666666666
2,17,mouse,30.0,42,0.0,1.3293055555555557,1.3181805555555555
2,17,mouse,100.0,219,0.0,1.0415277777777778,1.0589861111111112
2,17,mouse,200.0,42,0.020833333333333332,0.8854166666666666,0.8822083333333334
2,17,mouse,200.0,137,0.020833333333333332,0.8806944444444444,0.8801666666666667
2,17,mouse,200.0,219,0.08333333333333333,0.8584722222222222,0.88075
2,17,mouse,500.0,137,0.9375,0.6656944444444445,0.6686666666666666
2,17,mouse,500.0,219,0.875,0.6509722222222222,0.6665833333333333
2,17,mouse,1000.0,42,1.0,0.5588888888888889,0.5575
2,17,mouse,1000.0,137,1.0,0.5477777777777778,0.5517361111111111
2,17,mouse,30.0,137,0.0,1.3081944444444444,1.3074444444444444
2,17,mouse,30.0,219,0.0,1.2891666666666666,1.3090972222222221
2,17,mouse,100.0,42,0.0,1.0719444444444444,1.0639305555555556
2,17,mouse,100.0,137,0.0,1.0633333333333332,1.0566944444444444
2,18,mouse,10.0,42,0.0,1.4118055555555558,1.404375
2,18,mouse,10.0,137,0.0,1.3972222222222221,1.396236111111111
2,18,mouse,10.0,219,0.0,1.381388888888889,1.3971666666666667
2,18,mouse,30.0,42,0.0,1.2745833333333334,1.2635277777777778
2,17,mouse,350.0,42,0.5833333333333334,0.7473611111111111,0.7467777777777778
2,17,mouse,350.0,137,0.5625,0.7416666666666667,0.7439861111111111
2,17,mouse,350.0,219,0.6666666666666666,0.7216666666666667,0.7423611111111111
2,17,mouse,500.0,42,0.875,0.6709722222222222,0.6719027777777777
2,18,mouse,30.0,137,0.0,1.261111111111111,1.254361111111111
2,18,mouse,30.0,219,0.0,1.2354166666666666,1.2546527777777778
2,18,mouse,100.0,42,0.0,1.0158333333333334,1.0070138888888889
2,18,mouse,100.0,137,0.0,1.0015277777777778,1.0007916666666667
2,17,mouse,1000.0,219,1.0,0.5398611111111111,0.5515694444444444
2,17,mouse,3000.0,42,1.0,0.4458333333333333,0.4475
2,17,mouse,3000.0,137,1.0,0.4368055555555556,0.4441388888888889
2,17,mouse,3000.0,219,1.0,0.4375,0.4449722222222222
2,18,mouse,100.0,219,0.0,0.9811111111111112,1.0013055555555554
2,18,mouse,200.0,42,0.08333333333333333,0.8462500000000001,0.8426805555555555
2,18,mouse,200.0,137,0.10416666666666667,0.8422222222222221,0.8405972222222222
2,18,mouse,200.0,219,0.1875,0.8201388888888889,0.8406805555555555
2,18,mouse,1000.0,219,1.0,0.5345833333333333,0.5455972222222222
2,18,mouse,3000.0,42,1.0,0.44555555555555554,0.44693055555555555
2,18,mouse,3000.0,137,1.0,0.43583333333333335,0.4435277777777778
2,18,mouse,3000.0,219,1.0,0.4376388888888889,0.4444166666666667
2,18,mouse,350.0,42,0.7083333333333334,0.7245833333333334,0.7227083333333333
2,18,mouse,350.0,137,0.6875,0.7183333333333334,0.7201388888888889
2,18,mouse,350.0,219,0.7708333333333334,0.6970833333333332,0.7175555555555555
2,18,mouse,500.0,42,0.9375,0.6555555555555556,0.6569583333333333
2,18,mouse,500.0,137,0.9791666666666666,0.6498611111111111,0.6527638888888889
2,18,mouse,500.0,219,0.8958333333333334,0.6366666666666666,0.6507222222222222
2,18,mouse,1000.0,42,1.0,0.55125,0.5513194444444445
2,18,mouse,1000.0,137,1.0,0.5420833333333333,0.5462083333333333
2,19,mouse,10.0,42,0.0,1.4255555555555557,1.4192916666666666
2,19,mouse,10.0,137,0.0,1.4111111111111112,1.4095694444444444
2,19,mouse,10.0,219,0.0,1.3958333333333333,1.411375
2,19,mouse,30.0,42,0.0,1.2955555555555556,1.2837777777777777
2,19,mouse,500.0,137,1.0,0.6188888888888889,0.6235694444444444
2,19,mouse,500.0,219,0.9791666666666666,0.60875,0.6210277777777777
2,19,mouse,1000.0,42,1.0,0.5252777777777777,0.5246111111111111
2,19,mouse,1000.0,137,1.0,0.5134722222222222,0.5195277777777778
2,19,mouse,30.0,137,0.0,1.2772222222222223,1.2730555555555556
2,19,mouse,30.0,219,0.0,1.2558333333333334,1.2748472222222222
2,19,mouse,100.0,42,0.0,1.0156944444444445,1.0077777777777779
2,19,mouse,100.0,137,0.0,1.0015277777777778,1.0016944444444444
2,19,mouse,100.0,219,0.0,0.9819444444444444,1.0022083333333334
2,19,mouse,200.0,42,0.16666666666666666,0.8265277777777778,0.8243055555555555
2,19,mouse,200.0,137,0.14583333333333334,0.8213888888888888,0.8225416666666666
2,19,mouse,200.0,219,0.25,0.8027777777777777,0.8223472222222222
2,19,mouse,350.0,42,0.7291666666666666,0.697361111111111,0.6961666666666667
2,19,mouse,350.0,137,0.8541666666666666,0.69125,0.6933333333333334
2,19,mouse,350.0,219,0.8125,0.6709722222222222,0.6910555555555555
2,19,mouse,500.0,42,0.9791666666666666,0.6301388888888889,0.629
2,20,mouse,10.0,42,0.0,1.4454166666666666,1.4384722222222222
2,20,mouse,10.0,137,0.0,1.4313888888888888,1.429
2,20,mouse,10.0,219,0.0,1.4152777777777779,1.430125
2,20,mouse,30.0,42,0.0,1.3383333333333332,1.3262916666666666
2,19,mouse,1000.0,219,1.0,0.5080555555555555,0.5200138888888889
2,19,mouse,3000.0,42,1.0,0.4333333333333333,0.4330277777777778
2,19,mouse,3000.0,137,1.0,0.4206944444444444,0.4301388888888889
2,19,mouse,3000.0,219,1.0,0.4252777777777778,0.43045833333333333
2,20,mouse,100.0,219,0.0,1.0518055555555554,1.0683194444444444
2,20,mouse,200.0,42,0.020833333333333332,0.8884722222222222,0.8847638888888889
2,20,mouse,200.0,137,0.020833333333333332,0.8830555555555556,0.8830416666666666
2,20,mouse,200.0,219,0.08333333333333333,0.8613888888888889,0.8832638888888888
2,20,mouse,1000.0,219,1.0,0.5315277777777777,0.5419722222222222
2,20,mouse,3000.0,42,1.0,0.44013888888888886,0.4415277777777778
2,20,mouse,3000.0,137,1.0,0.43069444444444444,0.4382638888888889
2,20,mouse,3000.0,219,1.0,0.43319444444444444,0.43859722222222225
2,20,mouse,30.0,137,0.0,1.3173611111111112,1.3155416666666666
2,20,mouse,30.0,219,0.0,1.297777777777778,1.3166527777777777
2,20,mouse,100.0,42,0.0,1.0799999999999998,1.0724722222222223
2,20,mouse,100.0,137,0.0,1.075,1.06575
2,20,mouse,350.0,42,0.6041666666666666,0.743611111111111,0.7428333333333333
2,20,mouse,350.0,137,0.5625,0.7384722222222222,0.7399861111111111
2,20,mouse,350.0,219,0.7083333333333334,0.716388888888889,0.7382777777777778
2,20,mouse,500.0,42,0.875,0.6644444444444445,0.6652777777777777
2,20,mouse,500.0,137,0.9583333333333334,0.6584722222222222,0.6613611111111111
2,20,mouse,500.0,219,0.875,0.6452777777777778,0.6595138888888888
2,20,mouse,1000.0,42,1.0,0.5470833333333333,0.5473333333333333
2,20,mouse,1000.0,137,1.0,0.5383333333333332,0.5421388888888888
2,21,mouse,10.0,42,0.0,1.4291666666666665,1.4226944444444445
2,21,mouse,10.0,137,0.0,1.4145833333333335,1.4128611111111111
2,21,mouse,10.0,219,0.0,1.3990277777777778,1.4147083333333332
2,21,mouse,30.0,42,0.0,1.3048611111111112,1.2940694444444445
2,21,mouse,30.0,137,0.0,1.2870833333333331,1.2837222222222222
2,21,mouse,30.0,219,0.0,1.2651388888888888,1.2853472222222222
2,21,mouse,100.0,42,0.0,1.0445833333333334,1.038125
2,21,mouse,100.0,137,0.0,1.0361111111111112,1.0319027777777778
2,21,mouse,1000.0,219,1.0,0.5438888888888889,0.5559583333333333
2,21,mouse,3000.0,42,1.0,0.44944444444444437,0.45105555555555554
2,21,mouse,3000.0,137,1.0,0.4398611111111111,0.44754166666666667
2,21,mouse,3000.0,219,1.0,0.44083333333333324,0.4483333333333333
2,21,mouse,500.0,137,0.9375,0.6656944444444445,0.6690138888888889
2,21,mouse,500.0,219,0.875,0.65125,0.6669722222222222
2,21,mouse,1000.0,42,1.0,0.5644444444444444,0.5624305555555555
2,21,mouse,1000.0,137,1.0,0.5518055555555555,0.5558472222222223
2,22,mouse,30.0,137,0.0,1.2733333333333332,1.2688472222222222
2,22,mouse,30.0,219,0.0,1.25125,1.2704305555555555
2,22,mouse,100.0,42,0.0,1.02875,1.01925
2,22,mouse,100.0,137,0.0,1.016527777777778,1.0130972222222223
2,21,mouse,100.0,219,0.0,1.015,1.0335972222222223
2,21,mouse,200.0,42,0.020833333333333332,0.8715277777777777,0.8678333333333333
2,21,mouse,200.0,137,0.0625,0.8665277777777778,0.8664583333333333
2,21,mouse,200.0,219,0.10416666666666667,0.8448611111111113,0.866
2,21,mouse,350.0,42,0.6041666666666666,0.7433333333333333,0.7424166666666666
2,21,mouse,350.0,137,0.5625,0.7379166666666667,0.73975
2,21,mouse,350.0,219,0.75,0.7161111111111111,0.7380416666666667
2,21,mouse,500.0,42,0.875,0.671388888888889,0.6721944444444444
2,22,mouse,10.0,42,0.0,1.4197222222222223,1.4131805555555557
2,22,mouse,10.0,137,0.0,1.4041666666666666,1.4035555555555554
2,22,mouse,10.0,219,0.0,1.3895833333333334,1.4054166666666668
2,22,mouse,30.0,42,0.0,1.2919444444444446,1.2794027777777779
2,22,mouse,350.0,42,0.7083333333333334,0.7093055555555555,0.7093888888888888
2,22,mouse,350.0,137,0.7916666666666666,0.7034722222222222,0.706375
2,22,mouse,350.0,219,0.7916666666666666,0.6833333333333332,0.7040416666666667
2,22,mouse,500.0,42,0.9583333333333334,0.6383333333333333,0.6383194444444444
2,22,mouse,500.0,137,0.9791666666666666,0.6315277777777778,0.6336527777777777
2,22,mouse,500.0,219,0.9166666666666666,0.6202777777777778,0.6316388888888889
2,22,mouse,1000.0,42,1.0,0.529861111111111,0.5286666666666666
2,22,mouse,1000.0,137,1.0,0.5175,0.5239305555555556
2,22,mouse,100.0,219,0.0,0.9941666666666666,1.0145694444444444
2,22,mouse,200.0,42,0.08333333333333333,0.8441666666666668,0.8411388888888889
2,22,mouse,200.0,137,0.10416666666666667,0.8402777777777778,0.8390833333333333
2,22,mouse,200.0,219,0.1875,0.8190277777777778,0.8394027777777778
2,22,mouse,1000.0,219,1.0,0.5126388888888889,0.5239583333333333
2,22,mouse,3000.0,42,1.0,0.4333333333333333,0.43291666666666667
2,22,mouse,3000.0,137,1.0,0.42097222222222225,0.4300277777777778
2,22,mouse,3000.0,219,1.0,0.42486111111111113,0.43030555555555555
2,23,mouse,10.0,42,0.0,1.4322222222222223,1.4255833333333334
2,23,mouse,10.0,137,0.0,1.417638888888889,1.4155277777777777
2,23,mouse,10.0,219,0.0,1.4019444444444442,1.4173194444444444
2,23,mouse,30.0,42,0.0,1.3077777777777777,1.2979027777777778
2,23,mouse,100.0,219,0.0,1.0090277777777776,1.0279722222222223
2,23,mouse,200.0,42,0.08333333333333333,0.8547222222222222,0.8515972222222222
2,23,mouse,200.0,137,0.08333333333333333,0.8518055555555556,0.8500833333333333
2,23,mouse,200.0,219,0.16666666666666666,0.8279166666666667,0.8496805555555556
2,23,mouse,30.0,137,0.0,1.2897222222222222,1.2869722222222222
2,23,mouse,30.0,219,0.0,1.2690277777777779,1.2886944444444444
2,23,mouse,100.0,42,0.0,1.0398611111111111,1.0326944444444444
2,23,mouse,100.0,137,0.0,1.03125,1.0264861111111112
2,24,mouse,10.0,42,0.0,1.3950000000000002,1.3876944444444443
2,24,mouse,10.0,137,0.0,1.3780555555555558,1.3787916666666666
2,24,mouse,10.0,219,0.0,1.363888888888889,1.3799444444444444
2,24,mouse,30.0,42,0.0,1.2445833333333334,1.2337777777777779
2,24,mouse,30.0,137,0.0,1.2318055555555556,1.22625
2,24,mouse,30.0,219,0.0,1.2047222222222222,1.2260555555555555
2,24,mouse,100.0,42,0.0,0.9888888888888889,0.9803194444444444
2,24,mouse,100.0,137,0.0,0.9781944444444445,0.9756111111111111
2,23,mouse,1000.0,219,1.0,0.5270833333333332,0.5382083333333333
2,23,mouse,3000.0,42,1.0,0.44125,0.4425
2,23,mouse,3000.0,137,1.0,0.43124999999999997,0.439125
2,23,mouse,3000.0,219,1.0,0.4336111111111111,0.4394166666666667
2,23,mouse,500.0,137,0.9791666666666666,0.6445833333333333,0.6468055555555555
2,23,mouse,500.0,219,0.8958333333333334,0.6301388888888889,0.6447777777777778
2,23,mouse,1000.0,42,1.0,0.5426388888888889,0.5426527777777778
2,23,mouse,1000.0,137,1.0,0.5344444444444444,0.5380694444444445
2,23,mouse,350.0,42,0.7083333333333334,0.7218055555555556,0.7206944444444444
2,23,mouse,350.0,137,0.7083333333333334,0.7161111111111111,0.7184305555555556
2,23,mouse,350.0,219,0.7708333333333334,0.6952777777777778,0.7157361111111111
2,23,mouse,500.0,42,0.9583333333333334,0.6505555555555556,0.651375
2,24,mouse,500.0,137,0.9791666666666666,0.6333333333333333,0.6357361111111111
2,24,mouse,500.0,219,0.9166666666666666,0.6219444444444444,0.6338333333333334
2,24,mouse,1000.0,42,1.0,0.5355555555555555,0.5355138888888888
2,24,mouse,1000.0,137,1.0,0.5261111111111111,0.5312777777777777
2,24,mouse,100.0,219,0.020833333333333332,0.9550000000000001,0.9759166666666667
2,24,mouse,200.0,42,0.16666666666666666,0.8238888888888889,0.8223611111111111
2,24,mouse,200.0,137,0.14583333333333334,0.8195833333333334,0.8205555555555556
2,24,mouse,200.0,219,0.25,0.7999999999999999,0.8202777777777778
2,24,mouse,350.0,42,0.7291666666666666,0.7062500000000002,0.705375
2,24,mouse,350.0,137,0.8333333333333334,0.700138888888889,0.7027222222222222
2,24,mouse,350.0,219,0.7916666666666666,0.6804166666666666,0.700375
2,24,mouse,500.0,42,0.9583333333333334,0.6402777777777777,0.6405833333333333
2,24,mouse,1000.0,219,1.0,0.5201388888888889,0.5311666666666667
2,24,mouse,3000.0,42,1.0,0.4375,0.4380277777777778
2,24,mouse,3000.0,137,1.0,0.4269444444444444,0.43505555555555553
2,24,mouse,3000.0,219,1.0,0.4288888888888889,0.4348194444444444
2,25,mouse,30.0,137,0.0,1.2729166666666665,1.2680416666666667
2,25,mouse,30.0,219,0.0,1.2494444444444444,1.2692916666666667
2,25,mouse,100.0,42,0.0,1.0291666666666668,1.0201111111111112
2,25,mouse,100.0,137,0.0,1.0179166666666666,1.0144444444444445
2,25,mouse,10.0,42,0.0,1.420138888888889,1.4139166666666667
2,25,mouse,10.0,137,0.0,1.4052777777777774,1.4042222222222223
2,25,mouse,10.0,219,0.0,1.39,1.4059305555555555
2,25,mouse,30.0,42,0.0,1.2909722222222222,1.2785555555555554
2,25,mouse,350.0,42,0.6875,0.7259722222222221,0.7242222222222222
2,25,mouse,350.0,137,0.7083333333333334,0.7188888888888889,0.7213055555555555
2,25,mouse,350.0,219,0.7708333333333334,0.6993055555555555,0.7190277777777778
2,25,mouse,500.0,42,0.9375,0.6547222222222223,0.6555416666666667
2,25,mouse,500.0,137,0.9791666666666666,0.64875,0.6512777777777777
2,25,mouse,500.0,219,0.8958333333333334,0.6351388888888888,0.6490555555555556
2,25,mouse,1000.0,42,1.0,0.5463888888888889,0.5464305555555555
2,25,mouse,1000.0,137,1.0,0.5377777777777778,0.5415138888888889
2,25,mouse,100.0,219,0.0,0.9965277777777778,1.0155694444444445
2,25,mouse,200.0,42,0.08333333333333333,0.8529166666666667,0.849625
2,25,mouse,200.0,137,0.08333333333333333,0.8493055555555555,0.8478194444444445
2,25,mouse,200.0,219,0.1875,0.8256944444444444,0.8475416666666666
2,26,mouse,30.0,137,0.0,1.29125,1.2889722222222222
2,26,mouse,30.0,219,0.0,1.2719444444444445,1.2907777777777778
2,26,mouse,100.0,42,0.0,1.0488888888888888,1.0432083333333333
2,26,mouse,100.0,137,0.0,1.0405555555555555,1.0364722222222222
2,26,mouse,10.0,42,0.0,1.4324999999999999,1.4255972222222222
2,26,mouse,10.0,137,0.0,1.4179166666666667,1.415875
2,26,mouse,10.0,219,0.0,1.401527777777778,1.4175555555555555
2,26,mouse,30.0,42,0.0,1.3098611111111111,1.3000555555555555
2,26,mouse,500.0,137,0.9583333333333334,0.6619444444444444,0.6654861111111111
2,26,mouse,500.0,219,0.875,0.6486111111111111,0.6635277777777778
2,26,mouse,1000.0,42,1.0,0.5588888888888889,0.5581111111111111
2,26,mouse,1000.0,137,1.0,0.5480555555555555,0.5525555555555556
2,26,mouse,100.0,219,0.0,1.0218055555555556,1.03825
2,26,mouse,200.0,42,0.041666666666666664,0.8724999999999999,0.8684444444444445
2,26,mouse,200.0,137,0.0625,0.8663888888888889,0.8667916666666666
2,26,mouse,200.0,219,0.10416666666666667,0.8456944444444444,0.8667222222222222
2,26,mouse,350.0,42,0.6041666666666666,0.7405555555555555,0.7399305555555555
2,26,mouse,350.0,137,0.5625,0.736111111111111,0.7373472222222223
2,26,mouse,350.0,219,0.75,0.7133333333333334,0.7355
2,26,mouse,500.0,42,0.875,0.6683333333333333,0.6690555555555555
2,25,mouse,1000.0,219,1.0,0.5309722222222222,0.5412222222222223
2,25,mouse,3000.0,42,1.0,0.4419444444444444,0.44327777777777777
2,25,mouse,3000.0,137,1.0,0.43263888888888885,0.43993055555555555
2,25,mouse,3000.0,219,1.0,0.43500000000000005,0.44048611111111113
2,27,mouse,10.0,42,0.0,1.40625,1.399138888888889
2,27,mouse,10.0,137,0.0,1.3905555555555555,1.3908333333333334
2,27,mouse,10.0,219,0.0,1.3751388888888887,1.3917777777777778
2,27,mouse,30.0,42,0.0,1.2673611111111112,1.2573055555555555
2,26,mouse,1000.0,219,1.0,0.5408333333333334,0.5526111111111112
2,26,mouse,3000.0,42,1.0,0.4480555555555556,0.44893055555555555
2,26,mouse,3000.0,137,1.0,0.4379166666666667,0.44540277777777776
2,26,mouse,3000.0,219,1.0,0.43888888888888883,0.4461805555555556
2,27,mouse,100.0,219,0.0,0.9922222222222222,1.0124027777777778
2,27,mouse,200.0,42,0.041666666666666664,0.8684722222222222,0.8641944444444445
2,27,mouse,200.0,137,0.0625,0.8633333333333333,0.862375
2,27,mouse,200.0,219,0.125,0.841388888888889,0.8621944444444445
2,27,mouse,30.0,137,0.0,1.2565277777777777,1.2493333333333334
2,27,mouse,30.0,219,0.0,1.22875,1.2487638888888888
2,27,mouse,100.0,42,0.0,1.0273611111111112,1.0171666666666668
2,27,mouse,100.0,137,0.0,1.0136111111111112,1.011125
2,27,mouse,350.0,42,0.5833333333333334,0.7483333333333334,0.7480416666666667
2,27,mouse,350.0,137,0.5625,0.742638888888889,0.7451111111111111
2,27,mouse,350.0,219,0.6458333333333334,0.7236111111111111,0.7435694444444444
2,27,mouse,500.0,42,0.8333333333333334,0.681111111111111,0.679875
2,28,mouse,100.0,219,0.0,0.9997222222222222,1.0197222222222222
2,28,mouse,200.0,42,0.0625,0.8565277777777777,0.8534305555555556
2,28,mouse,200.0,137,0.08333333333333333,0.8530555555555556,0.8516527777777778
2,28,mouse,200.0,219,0.14583333333333334,0.8302777777777779,0.8515833333333334
2,27,mouse,500.0,137,0.9166666666666666,0.6743055555555556,0.6766805555555555
2,27,mouse,500.0,219,0.8541666666666666,0.6593055555555556,0.67525
2,27,mouse,1000.0,42,1.0,0.5701388888888889,0.5696666666666667
2,27,mouse,1000.0,137,1.0,0.5597222222222222,0.5629583333333333
2,27,mouse,1000.0,219,1.0,0.5519444444444445,0.5633611111111111
2,27,mouse,3000.0,42,1.0,0.45319444444444446,0.45418055555555553
2,27,mouse,3000.0,137,1.0,0.44305555555555554,0.45011111111111113
2,27,mouse,3000.0,219,1.0,0.44250000000000006,0.45108333333333334
2,28,mouse,10.0,42,0.0,1.4238888888888888,1.4168333333333334
2,28,mouse,10.0,137,0.0,1.4073611111111113,1.407138888888889
2,28,mouse,10.0,219,0.0,1.3926388888888888,1.409
2,28,mouse,30.0,42,0.0,1.2954166666666664,1.2833611111111112
2,28,mouse,350.0,42,0.6666666666666666,0.73,0.7281388888888889
2,28,mouse,350.0,137,0.6458333333333334,0.7241666666666667,0.7258055555555556
2,28,mouse,350.0,219,0.7708333333333334,0.7036111111111111,0.7235833333333334
2,28,mouse,500.0,42,0.9166666666666666,0.6583333333333333,0.6598333333333334
2,28,mouse,30.0,137,0.0,1.2769444444444444,1.2726111111111111
2,28,mouse,30.0,219,0.0,1.2550000000000001,1.2743472222222223
2,28,mouse,100.0,42,0.0,1.0329166666666667,1.0242083333333334
2,28,mouse,100.0,137,0.0,1.0222222222222221,1.0184861111111112
2,28,mouse,500.0,137,0.9583333333333334,0.6533333333333333,0.655625
2,28,mouse,500.0,219,0.8958333333333334,0.6398611111111111,0.6536944444444445
2,28,mouse,1000.0,42,1.0,0.5506944444444444,0.5509305555555556
2,28,mouse,1000.0,137,1.0,0.5418055555555555,0.5458888888888889
2,28,mouse,1000.0,219,1.0,0.5345833333333333,0.5453611111111111
2,28,mouse,3000.0,42,1.0,0.44402777777777774,0.4456111111111111
2,28,mouse,3000.0,137,1.0,0.43416666666666665,0.44225
2,28,mouse,3000.0,219,1.0,0.4368055555555556,0.4431111111111111
2,29,mouse,10.0,42,0.0,1.425138888888889,1.4184027777777777
2,29,mouse,10.0,137,0.0,1.4101388888888888,1.4085416666666666
2,29,mouse,10.0,219,0.0,1.3944444444444446,1.410375
2,29,mouse,30.0,42,0.0,1.300138888888889,1.2889305555555555
2,29,mouse,500.0,137,0.9375,0.6656944444444445,0.6690555555555555
2,29,mouse,500.0,219,0.875,0.6513888888888889,0.6671388888888888
2,29,mouse,1000.0,42,1.0,0.5627777777777777,0.5610972222222222
2,29,mouse,1000.0,137,1.0,0.5504166666666667,0.5550555555555555
2,29,mouse,100.0,219,0.0,1.0145833333333334,1.0334444444444444
2,29,mouse,200.0,42,0.041666666666666664,0.8731944444444445,0.86975
2,29,mouse,200.0,137,0.0625,0.86875,0.8678888888888889
2,29,mouse,200.0,219,0.10416666666666667,0.8468055555555556,0.8680416666666667
2,29,mouse,30.0,137,0.0,1.2816666666666667,1.2777361111111112
2,29,mouse,30.0,219,0.0,1.2608333333333333,1.2798194444444444
2,29,mouse,100.0,42,0.0,1.0451388888888888,1.038361111111111
2,29,mouse,100.0,137,0.0,1.0358333333333334,1.0319305555555556
2,29,mouse,1000.0,219,1.0,0.5433333333333333,0.5549444444444445
2,29,mouse,3000.0,42,1.0,0.44847222222222216,0.4499861111111111
2,29,mouse,3000.0,137,1.0,0.43916666666666665,0.44655555555555554
2,29,mouse,3000.0,219,1.0,0.44,0.4473888888888889
2,29,mouse,350.0,42,0.6041666666666666,0.7438888888888888,0.7435277777777778
2,29,mouse,350.0,137,0.5625,0.7388888888888889,0.7406944444444444
2,29,mouse,350.0,219,0.6875,0.7172222222222223,0.7390694444444444
2,29,mouse,500.0,42,0.875,0.6716666666666665,0.6722638888888889
2,30,mouse,500.0,137,0.9791666666666666,0.6372222222222222,0.6393472222222222
2,30,mouse,500.0,219,0.9166666666666666,0.6243055555555556,0.6371111111111111
2,30,mouse,1000.0,42,1.0,0.5323611111111112,0.5327361111111111
2,30,mouse,1000.0,137,1.0,0.5219444444444444,0.5279861111111112
2,30,mouse,10.0,42,0.0,1.4390277777777778,1.432625
2,30,mouse,10.0,137,0.0,1.4248611111111111,1.4225555555555556
2,30,mouse,10.0,219,0.0,1.4084722222222223,1.4244444444444444
2,30,mouse,30.0,42,0.0,1.3220833333333335,1.3118472222222222
2,30,mouse,30.0,137,0.0,1.3029166666666667,1.3008194444444445
2,30,mouse,30.0,219,0.0,1.2833333333333332,1.3025555555555555
2,30,mouse,100.0,42,0.0,1.0515277777777776,1.0456527777777778
2,30,mouse,100.0,137,0.0,1.0433333333333332,1.0386805555555556
2,30,mouse,350.0,42,0.7083333333333334,0.7166666666666667,0.7168611111111111
2,30,mouse,350.0,137,0.75,0.7125,0.714875
2,30,mouse,350.0,219,0.7916666666666666,0.6908333333333333,0.7119444444444445
2,30,mouse,500.0,42,0.9583333333333334,0.643611111111111,0.6440694444444445
2,30,mouse,100.0,219,0.0,1.0248611111111112,1.0404444444444445
2,30,mouse,200.0,42,0.0625,0.8584722222222222,0.8554583333333333
2,30,mouse,200.0,137,0.08333333333333333,0.8552777777777778,0.8539305555555555
2,30,mouse,200.0,219,0.14583333333333334,0.8325000000000001,0.8539027777777778
2,31,mouse,10.0,42,0.0,1.4309722222222223,1.4237916666666666
2,31,mouse,10.0,137,0.0,1.4158333333333333,1.414013888888889
2,31,mouse,10.0,219,0.0,1.4005555555555553,1.4158055555555555
2,31,mouse,30.0,42,0.0,1.3045833333333334,1.2940138888888888
2,31,mouse,30.0,137,0.0,1.286388888888889,1.283111111111111
2,31,mouse,30.0,219,0.0,1.2655555555555555,1.2848055555555555
2,31,mouse,100.0,42,0.0,1.0358333333333334,1.0270416666666666
2,31,mouse,100.0,137,0.0,1.0254166666666666,1.0209444444444444
2,30,mouse,1000.0,219,1.0,0.5161111111111111,0.5281666666666667
2,30,mouse,3000.0,42,1.0,0.4354166666666666,0.4355
2,30,mouse,3000.0,137,1.0,0.42319444444444443,0.432125
2,30,mouse,3000.0,219,1.0,0.42638888888888893,0.4326111111111111
2,31,mouse,100.0,219,0.0,1.0026388888888889,1.022013888888889
2,31,mouse,200.0,42,0.08333333333333333,0.8516666666666666,0.8488611111111111
2,31,mouse,200.0,137,0.08333333333333333,0.8484722222222222,0.84675
2,31,mouse,200.0,219,0.1875,0.8245833333333333,0.8465138888888889
2,31,mouse,350.0,42,0.7083333333333334,0.7227777777777779,0.7213888888888889
2,31,mouse,350.0,137,0.6875,0.7168055555555556,0.7192083333333333
2,31,mouse,350.0,219,0.7708333333333334,0.6958333333333334,0.716625
2,31,mouse,500.0,42,0.9583333333333334,0.6530555555555556,0.6538472222222222
2,31,mouse,500.0,137,0.9791666666666666,0.6473611111111112,0.6494027777777778
2,31,mouse,500.0,219,0.8958333333333334,0.6327777777777778,0.6473055555555556
2,31,mouse,1000.0,42,1.0,0.5470833333333333,0.5471388888888888
2,31,mouse,1000.0,137,1.0,0.5383333333333333,0.5421527777777778
2,32,mouse,350.0,42,0.7291666666666666,0.7080555555555557,0.7079166666666666
2,32,mouse,350.0,137,0.7916666666666666,0.7022222222222222,0.7051388888888889
2,32,mouse,350.0,219,0.7916666666666666,0.6820833333333334,0.7023333333333334
2,32,mouse,500.0,42,0.9583333333333334,0.643611111111111,0.6442916666666667
2,31,mouse,1000.0,219,1.0,0.5315277777777778,0.5419444444444445
2,31,mouse,3000.0,42,1.0,0.44305555555555554,0.44493055555555555
2,31,mouse,3000.0,137,1.0,0.43402777777777785,0.44148611111111113
2,31,mouse,3000.0,219,1.0,0.43638888888888894,0.44227777777777777
2,32,mouse,10.0,42,0.0,1.4120833333333334,1.404638888888889
2,32,mouse,10.0,137,0.0,1.3970833333333335,1.3964305555555556
2,32,mouse,10.0,219,0.0,1.3815277777777777,1.3975277777777777
2,32,mouse,30.0,42,0.0,1.27,1.2591805555555555
2,32,mouse,100.0,219,0.0,0.9658333333333333,0.98675
2,32,mouse,200.0,42,0.14583333333333334,0.8272222222222222,0.8255
2,32,mouse,200.0,137,0.14583333333333334,0.8224999999999999,0.8235138888888889
2,32,mouse,200.0,219,0.25,0.8045833333333334,0.8235138888888889
2,32,mouse,500.0,137,0.9791666666666666,0.6375,0.6395277777777778
2,32,mouse,500.0,219,0.9166666666666666,0.6244444444444445,0.6372777777777778
2,32,mouse,1000.0,42,1.0,0.5420833333333334,0.542375
2,32,mouse,1000.0,137,1.0,0.5343055555555555,0.5378194444444444
2,32,mouse,30.0,137,0.0,1.258888888888889,1.2511388888888888
2,32,mouse,30.0,219,0.0,1.2309722222222221,1.250888888888889
2,32,mouse,100.0,42,0.0,1.0016666666666667,0.9924444444444445
2,32,mouse,100.0,137,0.0,0.9891666666666667,0.9863611111111111
2,32,mouse,1000.0,219,1.0,0.5269444444444443,0.5377638888888889
2,32,mouse,3000.0,42,1.0,0.44250000000000006,0.44406944444444446
2,32,mouse,3000.0,137,1.0,0.43291666666666667,0.44075
2,32,mouse,3000.0,219,1.0,0.4354166666666666,0.44148611111111113
2,33,mouse,350.0,42,0.6458333333333334,0.7376388888888888,0.7369027777777778
2,33,mouse,350.0,137,0.6041666666666666,0.7319444444444446,0.734
2,33,mouse,350.0,219,0.75,0.7101388888888889,0.732
2,33,mouse,500.0,42,0.9166666666666666,0.6584722222222222,0.6597916666666667
2,33,mouse,10.0,42,0.0,1.4462499999999998,1.4397083333333334
2,33,mouse,10.0,137,0.0,1.4319444444444445,1.4300277777777777
2,33,mouse,10.0,219,0.0,1.41625,1.43125
2,33,mouse,30.0,42,0.0,1.3384722222222223,1.3277916666666667
2,33,mouse,100.0,219,0.0,1.0484722222222222,1.0657916666666667
2,33,mouse,200.0,42,0.020833333333333332,0.8820833333333334,0.879375
2,33,mouse,200.0,137,0.041666666666666664,0.8788888888888889,0.8777083333333333
2,33,mouse,200.0,219,0.08333333333333333,0.8559722222222222,0.8779722222222223
2,33,mouse,30.0,137,0.0,1.3186111111111112,1.317
2,33,mouse,30.0,219,0.0,1.29875,1.3179166666666666
2,33,mouse,100.0,42,0.0,1.0788888888888888,1.070625
2,33,mouse,100.0,137,0.0,1.0720833333333333,1.0633472222222222
2,33,mouse,1000.0,219,1.0,0.5276388888888889,0.5384305555555555
2,33,mouse,3000.0,42,1.0,0.43888888888888883,0.43994444444444447
2,33,mouse,3000.0,137,1.0,0.4286111111111111,0.43659722222222225
2,33,mouse,3000.0,219,1.0,0.43083333333333335,0.4365833333333333
2,33,mouse,500.0,137,0.9791666666666666,0.6531944444444444,0.655625
2,33,mouse,500.0,219,0.8958333333333334,0.6397222222222222,0.653625
2,33,mouse,1000.0,42,1.0,0.5433333333333333,0.5431527777777778
2,33,mouse,1000.0,137,1.0,0.5345833333333333,0.5386388888888889
2,34,mouse,350.0,42,0.7291666666666666,0.7029166666666667,0.7021944444444445
2,34,mouse,350.0,137,0.8541666666666666,0.6968055555555556,0.6993611111111111
2,34,mouse,350.0,219,0.7916666666666666,0.6769444444444446,0.6967083333333334
2,34,mouse,500.0,42,0.9583333333333334,0.6354166666666666,0.6359027777777778
2,34,mouse,30.0,137,0.0,1.2755555555555553,1.2697916666666667
2,34,mouse,30.0,219,0.0,1.251111111111111,1.2712222222222223
2,34,mouse,100.0,42,0.0,1.015,1.0064722222222222
2,34,mouse,100.0,137,0.0,1.0018055555555556,1.0005416666666667
2,34,mouse,10.0,42,0.0,1.4233333333333331,1.4172916666666666
2,34,mouse,10.0,137,0.0,1.4087500000000002,1.4075416666666667
2,34,mouse,10.0,219,0.0,1.3926388888888888,1.4089305555555556
2,34,mouse,30.0,42,0.0,1.2931944444444443,1.2802916666666666
2,34,mouse,100.0,219,0.0,0.9815277777777779,1.0016666666666667
2,34,mouse,200.0,42,0.14583333333333334,0.8291666666666666,0.8274583333333333
2,34,mouse,200.0,137,0.14583333333333334,0.8245833333333333,0.8255138888888889
2,34,mouse,200.0,219,0.25,0.8063888888888888,0.8252777777777778
2,34,mouse,500.0,137,1.0,0.62875,0.6312083333333334
2,34,mouse,500.0,219,0.9166666666666666,0.6176388888888888,0.6289722222222223
2,34,mouse,1000.0,42,1.0,0.5331944444444444,0.5338472222222223
2,34,mouse,1000.0,137,1.0,0.5227777777777778,0.5289027777777778
2,34,mouse,1000.0,219,1.0,0.5177777777777778,0.5290555555555555
2,34,mouse,3000.0,42,1.0,0.4384722222222222,0.439625
2,34,mouse,3000.0,137,1.0,0.4294444444444445,0.43683333333333335
2,34,mouse,3000.0,219,1.0,0.43111111111111117,0.4366388888888889
2,35,mouse,500.0,137,0.9791666666666666,0.6458333333333334,0.6480972222222222
2,35,mouse,500.0,219,0.8958333333333334,0.6316666666666667,0.6459722222222222
2,35,mouse,1000.0,42,1.0,0.5440277777777778,0.5442777777777777
2,35,mouse,1000.0,137,1.0,0.5356944444444444,0.5394583333333334
2,35,mouse,100.0,219,0.0,1.0097222222222222,1.027986111111111
2,35,mouse,200.0,42,0.0625,0.8554166666666667,0.8517361111111111
2,35,mouse,200.0,137,0.08333333333333333,0.85125,0.8498055555555556
2,35,mouse,200.0,219,0.16666666666666666,0.8283333333333335,0.8499722222222222
2,35,mouse,10.0,42,0.0,1.4324999999999999,1.4260277777777777
2,35,mouse,10.0,137,0.0,1.4183333333333332,1.4163194444444445
2,35,mouse,10.0,219,0.0,1.4019444444444444,1.4179861111111112
2,35,mouse,30.0,42,0.0,1.309027777777778,1.298888888888889
2,35,mouse,30.0,137,0.0,1.2905555555555555,1.2877361111111112
2,35,mouse,30.0,219,0.0,1.2709722222222222,1.289611111111111
2,35,mouse,100.0,42,0.0,1.0393055555555557,1.0325
2,35,mouse,100.0,137,0.0,1.0304166666666668,1.0263472222222223
2,36,mouse,10.0,42,0.0,1.431111111111111,1.4237083333333334
2,36,mouse,10.0,137,0.0,1.4156944444444441,1.413875
2,36,mouse,10.0,219,0.0,1.4004166666666666,1.4157777777777778
2,36,mouse,30.0,42,0.0,1.3070833333333332,1.2962361111111111
2,36,mouse,100.0,219,0.0,1.0090277777777779,1.0277222222222222
2,36,mouse,200.0,42,0.08333333333333333,0.8527777777777779,0.8497638888888889
2,36,mouse,200.0,137,0.08333333333333333,0.8493055555555555,0.8480555555555556
2,36,mouse,200.0,219,0.16666666666666666,0.8262499999999999,0.8477361111111111
2,35,mouse,350.0,42,0.7083333333333334,0.7223611111111111,0.7214444444444444
2,35,mouse,350.0,137,0.6875,0.7169444444444445,0.7190694444444444
2,35,mouse,350.0,219,0.7708333333333334,0.6963888888888888,0.7165277777777778
2,35,mouse,500.0,42,0.9583333333333334,0.6519444444444444,0.6525416666666667
2,35,mouse,1000.0,219,1.0,0.5288888888888889,0.5392083333333333
2,35,mouse,3000.0,42,1.0,0.44125,0.4426111111111111
2,35,mouse,3000.0,137,1.0,0.43166666666666664,0.43922222222222224
2,35,mouse,3000.0,219,1.0,0.43402777777777785,0.43990277777777775
2,36,mouse,30.0,137,0.0,1.2884722222222222,1.2850416666666666
2,36,mouse,30.0,219,0.0,1.2681944444444444,1.286861111111111
2,36,mouse,100.0,42,0.0,1.0394444444444444,1.0325
2,36,mouse,100.0,137,0.0,1.0306944444444446,1.0262361111111111
2,37,mouse,10.0,42,0.0,1.433888888888889,1.4275
2,37,mouse,10.0,137,0.0,1.4190277777777778,1.4174166666666668
2,37,mouse,10.0,219,0.0,1.4034722222222225,1.419138888888889
2,37,mouse,30.0,42,0.0,1.3106944444444444,1.3013333333333332
2,37,mouse,30.0,137,0.0,1.2934722222222221,1.2903333333333333
2,37,mouse,30.0,219,0.0,1.2731944444444443,1.2924305555555555
2,37,mouse,100.0,42,0.0,1.041111111111111,1.034125
2,37,mouse,100.0,137,0.0,1.0329166666666667,1.0279722222222223
2,36,mouse,350.0,42,0.7083333333333334,0.7159722222222222,0.7157222222222223
2,36,mouse,350.0,137,0.7916666666666666,0.711388888888889,0.7137777777777777
2,36,mouse,350.0,219,0.7916666666666666,0.6890277777777779,0.7108055555555556
2,36,mouse,500.0,42,0.9583333333333334,0.6438888888888888,0.6447083333333333
2,37,mouse,500.0,137,0.9791666666666666,0.6393055555555556,0.6416805555555556
2,37,mouse,500.0,219,0.9166666666666666,0.6262500000000001,0.6394583333333334
2,37,mouse,1000.0,42,1.0,0.5383333333333334,0.5378333333333334
2,37,mouse,1000.0,137,1.0,0.5277777777777778,0.5329166666666667
2,37,mouse,1000.0,219,1.0,0.5229166666666667,0.5334861111111111
2,37,mouse,3000.0,42,1.0,0.4386111111111111,0.4394166666666667
2,37,mouse,3000.0,137,1.0,0.4290277777777778,0.4365277777777778
2,37,mouse,3000.0,219,1.0,0.43041666666666667,0.4363194444444444
2,36,mouse,500.0,137,0.9791666666666666,0.6376388888888889,0.6398055555555555
2,36,mouse,500.0,219,0.9166666666666666,0.6247222222222222,0.6375
2,36,mouse,1000.0,42,1.0,0.5333333333333333,0.5337777777777778
2,36,mouse,1000.0,137,1.0,0.5241666666666666,0.5294305555555555
2,36,mouse,1000.0,219,1.0,0.5181944444444445,0.5294722222222222
2,36,mouse,3000.0,42,1.0,0.43611111111111106,0.4362916666666667
2,36,mouse,3000.0,137,1.0,0.42430555555555555,0.4332083333333333
2,36,mouse,3000.0,219,1.0,0.42763888888888885,0.43372222222222223
2,38,mouse,30.0,137,0.0,1.3186111111111112,1.3170416666666667
2,38,mouse,30.0,219,0.0,1.29875,1.3179305555555556
2,38,mouse,100.0,42,0.0,1.0780555555555555,1.069875
2,38,mouse,100.0,137,0.0,1.0709722222222222,1.0624722222222223
2,37,mouse,100.0,219,0.0,1.010138888888889,1.0292777777777777
2,37,mouse,200.0,42,0.08333333333333333,0.8525,0.84975
2,37,mouse,200.0,137,0.08333333333333333,0.8497222222222223,0.8480416666666667
2,37,mouse,200.0,219,0.1875,0.8250000000000001,0.8474861111111112
2,37,mouse,350.0,42,0.7083333333333334,0.7168055555555556,0.7166388888888889
2,37,mouse,350.0,137,0.75,0.7125,0.7145555555555556
2,37,mouse,350.0,219,0.7916666666666666,0.6902777777777778,0.7115694444444445
2,37,mouse,500.0,42,0.9583333333333334,0.6461111111111112,0.6469027777777778
2,38,mouse,10.0,42,0.0,1.446111111111111,1.4396944444444444
2,38,mouse,10.0,137,0.0,1.4319444444444445,1.430013888888889
2,38,mouse,10.0,219,0.0,1.41625,1.43125
2,38,mouse,30.0,42,0.0,1.3384722222222223,1.3278194444444444
2,38,mouse,100.0,219,0.0,1.0481944444444444,1.0651944444444446
2,38,mouse,200.0,42,0.020833333333333332,0.8791666666666668,0.8763472222222223
2,38,mouse,200.0,137,0.041666666666666664,0.8755555555555556,0.8744027777777778
2,38,mouse,200.0,219,0.08333333333333333,0.853611111111111,0.8743055555555556
2,38,mouse,350.0,42,0.6666666666666666,0.7320833333333333,0.7304722222222222
2,38,mouse,350.0,137,0.6458333333333334,0.7263888888888889,0.7279583333333334
2,38,mouse,350.0,219,0.75,0.7045833333333333,0.7259166666666667
2,38,mouse,500.0,42,0.9583333333333334,0.65125,0.6525972222222223
2,39,mouse,10.0,42,0.0,1.4348611111111111,1.4283611111111112
2,39,mouse,10.0,137,0.0,1.419722222222222,1.4182083333333333
2,39,mouse,10.0,219,0.0,1.404027777777778,1.4199166666666667
2,39,mouse,30.0,42,0.0,1.3155555555555558,1.305763888888889
2,39,mouse,30.0,137,0.0,1.2973611111111112,1.2942083333333334
2,39,mouse,30.0,219,0.0,1.2775,1.2962361111111111
2,39,mouse,100.0,42,0.0,1.0508333333333333,1.0452083333333333
2,39,mouse,100.0,137,0.0,1.042361111111111,1.03825
2,38,mouse,500.0,137,0.9791666666666666,0.6455555555555555,0.6482083333333334
2,38,mouse,500.0,219,0.8958333333333334,0.6318055555555556,0.6460833333333333
2,38,mouse,1000.0,42,1.0,0.5351388888888888,0.5355416666666667
2,38,mouse,1000.0,137,1.0,0.5252777777777777,0.5307222222222222
2,39,mouse,500.0,137,0.9791666666666666,0.6443055555555556,0.6470416666666666
2,39,mouse,500.0,219,0.8958333333333334,0.6309722222222223,0.6447916666666667
2,39,mouse,1000.0,42,1.0,0.5391666666666667,0.5383333333333333
2,39,mouse,1000.0,137,1.0,0.5288888888888889,0.53425
2,38,mouse,1000.0,219,1.0,0.5208333333333334,0.5309722222222222
2,38,mouse,3000.0,42,1.0,0.4352777777777778,0.43527777777777776
2,38,mouse,3000.0,137,1.0,0.42430555555555555,0.4324861111111111
2,38,mouse,3000.0,219,1.0,0.4269444444444444,0.4326111111111111
2,39,mouse,100.0,219,0.0,1.0240277777777778,1.0401666666666667
2,39,mouse,200.0,42,0.041666666666666664,0.8645833333333334,0.8614444444444445
2,39,mouse,200.0,137,0.08333333333333333,0.8601388888888888,0.8594583333333333
2,39,mouse,200.0,219,0.125,0.8379166666666666,0.8593055555555555
2,39,mouse,350.0,42,0.6875,0.7265277777777778,0.7246527777777778
2,39,mouse,350.0,137,0.7083333333333334,0.7191666666666667,0.7219861111111111
2,39,mouse,350.0,219,0.7708333333333334,0.6991666666666667,0.7197916666666667
2,39,mouse,500.0,42,0.9583333333333334,0.6504166666666666,0.651625
2,39,mouse,1000.0,219,1.0,0.5234722222222222,0.5343333333333333
2,39,mouse,3000.0,42,1.0,0.4373611111111111,0.43801388888888887
2,39,mouse,3000.0,137,1.0,0.4268055555555556,0.43495833333333334
2,39,mouse,3000.0,219,1.0,0.42875,0.4347916666666667
2,40,mouse,10.0,42,0.0,1.4425000000000001,1.4354444444444445
2,40,mouse,10.0,137,0.0,1.428888888888889,1.425888888888889
2,40,mouse,10.0,219,0.0,1.4119444444444447,1.4272361111111111
2,40,mouse,30.0,42,0.0,1.3319444444444446,1.3206527777777777
2,40,mouse,500.0,137,0.9583333333333334,0.6597222222222222,0.6630833333333334
2,40,mouse,500.0,219,0.875,0.6468055555555555,0.6610972222222222
2,40,mouse,1000.0,42,1.0,0.5499999999999999,0.5501111111111111
2,40,mouse,1000.0,137,1.0,0.5406944444444445,0.545
2,41,mouse,10.0,42,0.0,1.4106944444444445,1.4032777777777778
2,41,mouse,10.0,137,0.0,1.3958333333333333,1.3949583333333333
2,41,mouse,10.0,219,0.0,1.3800000000000001,1.3957916666666668
2,41,mouse,30.0,42,0.0,1.2661111111111112,1.2558472222222221
2,40,mouse,30.0,137,0.0,1.3106944444444444,1.309375
2,40,mouse,30.0,219,0.0,1.2919444444444443,1.311388888888889
2,40,mouse,100.0,42,0.0,1.075,1.0669027777777778
2,40,mouse,100.0,137,0.0,1.0669444444444445,1.0595277777777778
2,40,mouse,1000.0,219,1.0,0.5340277777777778,0.5447361111111111
2,40,mouse,3000.0,42,1.0,0.44166666666666665,0.443125
2,40,mouse,3000.0,137,1.0,0.43263888888888885,0.43977777777777777
2,40,mouse,3000.0,219,1.0,0.4351388888888889,0.4403472222222222
2,40,mouse,350.0,42,0.6041666666666666,0.7438888888888888,0.7431805555555555
2,40,mouse,350.0,137,0.5625,0.7381944444444444,0.7401805555555555
2,40,mouse,350.0,219,0.7083333333333334,0.7170833333333334,0.7387916666666666
2,40,mouse,500.0,42,0.875,0.6665277777777777,0.6669166666666667
2,40,mouse,100.0,219,0.0,1.0444444444444443,1.0621527777777777
2,40,mouse,200.0,42,0.020833333333333332,0.8855555555555555,0.882375
2,40,mouse,200.0,137,0.020833333333333332,0.8808333333333334,0.8804027777777778
2,40,mouse,200.0,219,0.08333333333333333,0.8581944444444445,0.8809027777777778
2,41,mouse,30.0,137,0.0,1.2540277777777777,1.2479444444444445
2,41,mouse,30.0,219,0.0,1.2269444444444444,1.2477916666666666
2,41,mouse,100.0,42,0.0,0.997638888888889,0.9887916666666666
2,41,mouse,100.0,137,0.0,0.9866666666666667,0.9830138888888889
2,41,mouse,100.0,219,0.0,0.9629166666666666,0.983625
2,41,mouse,200.0,42,0.16666666666666666,0.8233333333333333,0.8219722222222222
2,41,mouse,200.0,137,0.14583333333333334,0.8194444444444443,0.8203055555555555
2,41,mouse,200.0,219,0.2708333333333333,0.7993055555555557,0.8198194444444444
2,41,mouse,500.0,137,0.9791666666666666,0.6315277777777778,0.6337083333333333
2,41,mouse,500.0,219,0.9166666666666666,0.6201388888888889,0.6314583333333333
2,41,mouse,1000.0,42,1.0,0.5345833333333333,0.5347361111111111
2,41,mouse,1000.0,137,1.0,0.5251388888888888,0.5303472222222222
2,41,mouse,350.0,42,0.7291666666666666,0.7041666666666666,0.7032916666666666
2,41,mouse,350.0,137,0.8541666666666666,0.697361111111111,0.7003888888888888
2,41,mouse,350.0,219,0.7916666666666666,0.6784722222222221,0.6980972222222223
2,41,mouse,500.0,42,0.9583333333333334,0.6387499999999999,0.6385277777777778
2,42,mouse,30.0,137,0.0,1.2916666666666665,1.288861111111111
2,42,mouse,30.0,219,0.0,1.2716666666666667,1.2905416666666667
2,42,mouse,100.0,42,0.0,1.03875,1.0317083333333332
2,42,mouse,100.0,137,0.0,1.03,1.025625
2,42,mouse,1000.0,219,1.0,0.5095833333333334,0.5214583333333334
2,42,mouse,3000.0,42,1.0,0.43236111111111114,0.43141666666666667
2,42,mouse,3000.0,137,1.0,0.42013888888888884,0.428875
2,42,mouse,3000.0,219,1.0,0.42347222222222225,0.429
2,42,mouse,10.0,42,0.0,1.4330555555555557,1.4264027777777777
2,42,mouse,10.0,137,0.0,1.418611111111111,1.4165972222222223
2,42,mouse,10.0,219,0.0,1.4020833333333336,1.4181805555555556
2,42,mouse,30.0,42,0.0,1.3094444444444446,1.2999305555555556
2,42,mouse,500.0,137,1.0,0.6291666666666665,0.6314166666666666
2,42,mouse,500.0,219,0.9166666666666666,0.6177777777777778,0.6291666666666667
2,42,mouse,1000.0,42,1.0,0.5266666666666666,0.5258472222222222
2,42,mouse,1000.0,137,1.0,0.5152777777777777,0.5211805555555555
2,41,mouse,1000.0,219,1.0,0.5187499999999999,0.53025
2,41,mouse,3000.0,42,1.0,0.4373611111111111,0.4381527777777778
2,41,mouse,3000.0,137,1.0,0.4268055555555556,0.4350833333333333
2,41,mouse,3000.0,219,1.0,0.42916666666666664,0.43494444444444447
2,42,mouse,100.0,219,0.0,1.008611111111111,1.0273055555555555
2,42,mouse,200.0,42,0.08333333333333333,0.8491666666666666,0.8443611111111111
2,42,mouse,200.0,137,0.10416666666666667,0.8441666666666666,0.8426666666666667
2,42,mouse,200.0,219,0.1875,0.8211111111111111,0.8426388888888889
2,43,mouse,30.0,137,0.0,1.2954166666666667,1.292486111111111
2,43,mouse,30.0,219,0.0,1.2754166666666666,1.2944027777777778
2,43,mouse,100.0,42,0.0,1.0593055555555555,1.0520555555555555
2,43,mouse,100.0,137,0.0,1.051111111111111,1.0455416666666666
2,42,mouse,350.0,42,0.7291666666666666,0.7086111111111112,0.7083611111111111
2,42,mouse,350.0,137,0.7916666666666666,0.7026388888888889,0.7053611111111111
2,42,mouse,350.0,219,0.7916666666666666,0.6826388888888889,0.7029027777777778
2,42,mouse,500.0,42,0.9583333333333334,0.6352777777777777,0.6359583333333333
2,43,mouse,10.0,42,0.0,1.432777777777778,1.4262222222222223
2,43,mouse,10.0,137,0.0,1.4184722222222224,1.4164166666666667
2,43,mouse,10.0,219,0.0,1.4020833333333336,1.418125
2,43,mouse,30.0,42,0.0,1.3141666666666667,1.3036805555555555
2,43,mouse,100.0,219,0.0,1.0294444444444446,1.047
2,43,mouse,200.0,42,0.020833333333333332,0.8801388888888889,0.8768611111111111
2,43,mouse,200.0,137,0.041666666666666664,0.8762500000000001,0.8749861111111111
2,43,mouse,200.0,219,0.08333333333333333,0.8540277777777777,0.8748472222222222
2,44,mouse,10.0,42,0.0,1.413888888888889,1.406263888888889
2,44,mouse,10.0,137,0.0,1.399166666666667,1.3980694444444444
2,44,mouse,10.0,219,0.0,1.3831944444444444,1.3989722222222223
2,44,mouse,30.0,42,0.0,1.2777777777777777,1.267236111111111
2,43,mouse,500.0,137,0.9583333333333334,0.6631944444444445,0.6666527777777778
2,43,mouse,500.0,219,0.875,0.6494444444444444,0.6650138888888889
2,43,mouse,1000.0,42,1.0,0.5558333333333333,0.5557083333333334
2,43,mouse,1000.0,137,1.0,0.5463888888888889,0.5503333333333333
2,44,mouse,100.0,219,0.0,0.9872222222222223,1.0060277777777777
2,44,mouse,200.0,42,0.08333333333333333,0.8488888888888889,0.8440833333333333
2,44,mouse,200.0,137,0.10416666666666667,0.8444444444444444,0.8423333333333334
2,44,mouse,200.0,219,0.1875,0.8209722222222222,0.8422361111111111
2,43,mouse,350.0,42,0.6041666666666666,0.7450000000000001,0.7442638888888888
2,43,mouse,350.0,137,0.5625,0.7397222222222221,0.7416111111111111
2,43,mouse,350.0,219,0.6666666666666666,0.71875,0.74
2,43,mouse,500.0,42,0.875,0.6698611111111111,0.6703333333333333
2,44,mouse,500.0,137,0.9791666666666666,0.6448611111111111,0.6470972222222222
2,44,mouse,500.0,219,0.8958333333333334,0.6304166666666666,0.6449722222222222
2,44,mouse,1000.0,42,1.0,0.5422222222222223,0.5422777777777777
2,44,mouse,1000.0,137,1.0,0.53375,0.5377222222222222
2,44,mouse,1000.0,219,1.0,0.5266666666666667,0.5376944444444445
2,44,mouse,3000.0,42,1.0,0.43944444444444447,0.4406111111111111
2,44,mouse,3000.0,137,1.0,0.42944444444444446,0.43740277777777775
2,44,mouse,3000.0,219,1.0,0.43180555555555555,0.43748611111111113
2,43,mouse,1000.0,219,1.0,0.5383333333333333,0.5501805555555556
2,43,mouse,3000.0,42,1.0,0.4448611111111111,0.4461527777777778
2,43,mouse,3000.0,137,1.0,0.43472222222222223,0.44281944444444443
2,43,mouse,3000.0,219,1.0,0.43722222222222223,0.4437361111111111
2,44,mouse,30.0,137,0.0,1.2625000000000002,1.2574444444444444
2,44,mouse,30.0,219,0.0,1.2381944444444446,1.2579583333333333
2,44,mouse,100.0,42,0.0,1.02125,1.0118055555555556
2,44,mouse,100.0,137,0.0,1.0063888888888888,1.00525
2,44,mouse,350.0,42,0.7083333333333334,0.7205555555555555,0.7197083333333333
2,44,mouse,350.0,137,0.7291666666666666,0.7152777777777777,0.717625
2,44,mouse,350.0,219,0.7708333333333334,0.6943055555555556,0.7149583333333334
2,44,mouse,500.0,42,0.9583333333333334,0.6508333333333334,0.6517222222222222
2,45,mouse,30.0,137,0.0,1.3202777777777777,1.3186944444444444
2,45,mouse,30.0,219,0.0,1.300138888888889,1.3196388888888888
2,45,mouse,100.0,42,0.0,1.0830555555555554,1.0748194444444445
2,45,mouse,100.0,137,0.0,1.0756944444444445,1.0677361111111112
2,45,mouse,10.0,42,0.0,1.4475,1.4406388888888888
2,45,mouse,10.0,137,0.0,1.432361111111111,1.4307777777777777
2,45,mouse,10.0,219,0.0,1.4176388888888887,1.431888888888889
2,45,mouse,30.0,42,0.0,1.3411111111111111,1.3297777777777777
2,45,mouse,350.0,42,0.6041666666666666,0.7431944444444444,0.7428611111111111
2,45,mouse,350.0,137,0.5625,0.7379166666666667,0.7399166666666667
2,45,mouse,350.0,219,0.7083333333333334,0.7170833333333334,0.7385
2,45,mouse,500.0,42,0.875,0.6652777777777777,0.665625
2,45,mouse,500.0,137,0.9583333333333334,0.6584722222222222,0.6617222222222222
2,45,mouse,500.0,219,0.875,0.6455555555555555,0.659875
2,45,mouse,1000.0,42,1.0,0.5484722222222222,0.5489166666666667
2,45,mouse,1000.0,137,1.0,0.5394444444444445,0.5435833333333333
2,45,mouse,100.0,219,0.0,1.0540277777777778,1.0703333333333334
2,45,mouse,200.0,42,0.020833333333333332,0.8891666666666667,0.8851666666666667
2,45,mouse,200.0,137,0.020833333333333332,0.8844444444444445,0.883625
2,45,mouse,200.0,219,0.08333333333333333,0.8618055555555556,0.8835555555555555
2,46,mouse,10.0,42,0.0,1.4348611111111111,1.4287916666666667
2,46,mouse,10.0,137,0.0,1.4201388888888886,1.4184305555555556
2,46,mouse,10.0,219,0.0,1.4043055555555555,1.4204027777777777
2,46,mouse,30.0,42,0.0,1.3158333333333332,1.3051944444444445
2,45,mouse,1000.0,219,1.0,0.5326388888888889,0.5435138888888889
2,45,mouse,3000.0,42,1.0,0.44166666666666665,0.44290277777777776
2,45,mouse,3000.0,137,1.0,0.43222222222222223,0.43955555555555553
2,45,mouse,3000.0,219,1.0,0.4345833333333333,0.4401111111111111
2,46,mouse,30.0,137,0.0,1.2970833333333334,1.2937916666666667
2,46,mouse,30.0,219,0.0,1.2768055555555555,1.2957222222222222
2,46,mouse,100.0,42,0.0,1.0480555555555555,1.0414444444444444
2,46,mouse,100.0,137,0.0,1.0390277777777779,1.0347638888888888
2,46,mouse,100.0,219,0.0,1.0190277777777779,1.0363472222222223
2,46,mouse,200.0,42,0.0625,0.8590277777777778,0.8561111111111112
2,46,mouse,200.0,137,0.08333333333333333,0.8556944444444444,0.8545694444444445
2,46,mouse,200.0,219,0.14583333333333334,0.8334722222222223,0.8545416666666666
2,46,mouse,350.0,42,0.7083333333333334,0.7211111111111111,0.7200277777777778
2,46,mouse,350.0,137,0.7083333333333334,0.7156944444444444,0.7178611111111111
2,46,mouse,350.0,219,0.7708333333333334,0.6941666666666667,0.7150972222222223
2,46,mouse,500.0,42,0.9583333333333334,0.6472222222222223,0.6480555555555556
2,46,mouse,1000.0,219,1.0,0.5209722222222223,0.53175
2,46,mouse,3000.0,42,1.0,0.4368055555555556,0.4370277777777778
2,46,mouse,3000.0,137,1.0,0.4254166666666667,0.43380555555555556
2,46,mouse,3000.0,219,1.0,0.42777777777777776,0.43395833333333333
2,47,mouse,10.0,42,0.0,1.4244444444444444,1.4172361111111111
2,47,mouse,10.0,137,0.0,1.4081944444444445,1.4074583333333333
2,47,mouse,10.0,219,0.0,1.3931944444444444,1.4093194444444443
2,47,mouse,30.0,42,0.0,1.2929166666666665,1.2806388888888889
2,46,mouse,500.0,137,0.9791666666666666,0.6406944444444445,0.6431527777777778
2,46,mouse,500.0,219,0.8958333333333334,0.6273611111111111,0.6407777777777778
2,46,mouse,1000.0,42,1.0,0.5359722222222222,0.5360972222222222
2,46,mouse,1000.0,137,1.0,0.5266666666666667,0.53175
2,47,mouse,30.0,137,0.0,1.2744444444444445,1.2699166666666666
2,47,mouse,30.0,219,0.0,1.2522222222222223,1.27175
2,47,mouse,100.0,42,0.0,1.0180555555555555,1.009486111111111
2,47,mouse,100.0,137,0.0,1.0040277777777777,1.0032361111111112
2,47,mouse,100.0,219,0.0,0.9841666666666667,1.0040416666666667
2,47,mouse,200.0,42,0.125,0.8359722222222222,0.8329027777777778
2,47,mouse,200.0,137,0.125,0.8302777777777776,0.8307083333333334
2,47,mouse,200.0,219,0.20833333333333334,0.8105555555555556,0.8307083333333334
2,47,mouse,350.0,42,0.7291666666666666,0.7087500000000001,0.7085555555555556
2,47,mouse,350.0,137,0.7916666666666666,0.7029166666666665,0.7055277777777778
2,47,mouse,350.0,219,0.7916666666666666,0.6830555555555556,0.7032083333333333
2,47,mouse,500.0,42,0.9583333333333334,0.6425,0.6425694444444444
2,47,mouse,500.0,137,0.9791666666666666,0.6358333333333334,0.6378194444444445
2,47,mouse,500.0,219,0.9166666666666666,0.6229166666666667,0.6355416666666667
2,47,mouse,1000.0,42,1.0,0.5393055555555555,0.5385972222222222
2,47,mouse,1000.0,137,1.0,0.5293055555555556,0.5339305555555556
2,47,mouse,1000.0,219,1.0,0.5236111111111111,0.5342777777777777
2,47,mouse,3000.0,42,1.0,0.43999999999999995,0.4412916666666667
2,47,mouse,3000.0,137,1.0,0.43069444444444444,0.4381111111111111
2,47,mouse,3000.0,219,1.0,0.4330555555555555,0.43844444444444447
2,48,mouse,10.0,42,0.0,1.444861111111111,1.438375
2,48,mouse,10.0,137,0.0,1.4309722222222223,1.4288611111111111
2,48,mouse,10.0,219,0.0,1.414861111111111,1.4299583333333334
2,48,mouse,30.0,42,0.0,1.3379166666666666,1.326361111111111
2,48,mouse,100.0,219,0.0,1.0519444444444446,1.0685
2,48,mouse,200.0,42,0.020833333333333332,0.8895833333333333,0.885625
2,48,mouse,200.0,137,0.020833333333333332,0.8847222222222223,0.8839583333333333
2,48,mouse,200.0,219,0.08333333333333333,0.8622222222222223,0.8840277777777777
2,48,mouse,30.0,137,0.0,1.3173611111111112,1.3154861111111111
2,48,mouse,30.0,219,0.0,1.2981944444444444,1.3165
2,48,mouse,100.0,42,0.0,1.0815277777777776,1.0732222222222223
2,48,mouse,100.0,137,0.0,1.0747222222222221,1.0659583333333333
2,48,mouse,350.0,42,0.6041666666666666,0.7438888888888888,0.7435277777777778
2,48,mouse,350.0,137,0.5625,0.7384722222222221,0.7404166666666666
2,48,mouse,350.0,219,0.7291666666666666,0.7170833333333334,0.7389722222222223
2,48,mouse,500.0,42,0.875,0.6651388888888888,0.6655138888888888
2,48,mouse,500.0,137,0.9583333333333334,0.6584722222222222,0.6615555555555556
2,48,mouse,500.0,219,0.875,0.6452777777777777,0.6597638888888889
2,48,mouse,1000.0,42,1.0,0.5468055555555555,0.5468611111111111
2,48,mouse,1000.0,137,1.0,0.5379166666666667,0.5417916666666667
2,49,mouse,10.0,42,0.0,1.3993055555555554,1.392611111111111
2,49,mouse,10.0,137,0.0,1.3834722222222222,1.383875
2,49,mouse,10.0,219,0.0,1.3679166666666667,1.3850555555555555
2,49,mouse,30.0,42,0.0,1.24875,1.2384583333333334
2,48,mouse,1000.0,219,1.0,0.5313888888888889,0.5415972222222222
2,48,mouse,3000.0,42,1.0,0.4398611111111111,0.4407916666666667
2,48,mouse,3000.0,137,1.0,0.42972222222222217,0.43756944444444446
2,48,mouse,3000.0,219,1.0,0.43222222222222223,0.43775
2,49,mouse,100.0,219,0.020833333333333332,0.9498611111111112,0.9713472222222223
2,49,mouse,200.0,42,0.20833333333333334,0.8159722222222222,0.8155416666666667
2,49,mouse,200.0,137,0.14583333333333334,0.8130555555555556,0.8140277777777778
2,49,mouse,200.0,219,0.3125,0.7929166666666667,0.814
2,49,mouse,30.0,137,0.0,1.2370833333333335,1.23125
2,49,mouse,30.0,219,0.0,1.20875,1.2309027777777777
2,49,mouse,100.0,42,0.0,0.9830555555555556,0.9760138888888888
2,49,mouse,100.0,137,0.0,0.9725,0.9713055555555555
2,49,mouse,350.0,42,0.7291666666666666,0.7029166666666667,0.7021805555555556
2,49,mouse,350.0,137,0.8541666666666666,0.6966666666666667,0.6996111111111111
2,49,mouse,350.0,219,0.7916666666666666,0.6774999999999999,0.6969305555555556
2,49,mouse,500.0,42,0.9583333333333334,0.6391666666666667,0.6396666666666667
2,49,mouse,500.0,137,0.9791666666666666,0.6322222222222222,0.6344444444444445
2,49,mouse,500.0,219,0.9166666666666666,0.6211111111111111,0.6326111111111111
2,49,mouse,1000.0,42,1.0,0.5381944444444445,0.5385833333333333
2,49,mouse,1000.0,137,1.0,0.52875,0.5334027777777778
2,49,mouse,1000.0,219,1.0,0.5233333333333333,0.5340138888888889
2,49,mouse,3000.0,42,1.0,0.44069444444444444,0.4419166666666667
2,49,mouse,3000.0,137,1.0,0.43097222222222226,0.4385833333333333
2,49,mouse,3000.0,219,1.0,0.43291666666666667,0.4387361111111111
