mode,ablation,scenario,seed,duration_s,ctrl_FWD,ctrl_REV,ctrl_OMG,ctrl_PIR,ctrl_QUI,abl_FWD,abl_REV,abl_OMG,abl_PIR,abl_QUI,dREV,dOMG,dPIR,dQUI,dFWD,ctrl_rates_json,abl_rates_json,error
M2-pure,RIS / osmotic_shock,osmotic_shock,42,60.0,0.20083333333333334,0.0,0.06916666666666667,0.3541666666666667,0.37583333333333335,0.3433333333333333,0.0,0.034166666666666665,0.3541666666666667,0.2683333333333333,0.0,-0.035,0.0,-0.10750000000000004,0.1425,"{""ALML"": {""pre_hz"": 1.75, ""peri_hz"": 0.5, ""delta_hz"": -1.25}, ""ALMR"": {""pre_hz"": 0.25, ""peri_hz"": 2.5, ""delta_hz"": 2.25}, ""AVM"": {""pre_hz"": 0.5, ""peri_hz"": 0.0, ""delta_hz"": -0.5}, ""AIBL"": {""pre_hz"": 11.25, ""peri_hz"": 52.0, ""delta_hz"": 40.75}, ""AIBR"": {""pre_hz"": 14.25, ""peri_hz"": 64.5, ""delta_hz"": 50.25}, ""AVAL"": {""pre_hz"": 38.5, ""peri_hz"": 155.0, ""delta_hz"": 116.5}, ""AVAR"": {""pre_hz"": 39.5, ""peri_hz"": 153.0, ""delta_hz"": 113.5}, ""AVEL"": {""pre_hz"": 36.75, ""peri_hz"": 111.5, ""delta_hz"": 74.75}, ""AVER"": {""pre_hz"": 35.75, ""peri_hz"": 121.5, ""delta_hz"": 85.75}, ""AVDL"": {""pre_hz"": 38.25, ""peri_hz"": 152.5, ""delta_hz"": 114.25}, ""AVDR"": {""pre_hz"": 38.25, ""peri_hz"": 152.5, ""delta_hz"": 114.25}, ""AVBL"": {""pre_hz"": 31.75, ""peri_hz"": 103.0, ""delta_hz"": 71.25}, ""AVBR"": {""pre_hz"": 36.75, ""peri_hz"": 125.0, ""delta_hz"": 88.25}, ""RIML"": {""pre_hz"": 22.5, ""peri_hz"": 77.0, ""delta_hz"": 54.5}, ""RIMR"": {""pre_hz"": 25.5, ""peri_hz"": 67.5, ""delta_hz"": 42.0}, ""RIS"": {""pre_hz"": 1.0, ""peri_hz"": 0.5, ""delta_hz"": -0.5}, ""PVCL"": {""pre_hz"": 38.25, ""peri_hz"": 152.5, ""delta_hz"": 114.25}, ""PVCR"": {""pre_hz"": 38.25, ""peri_hz"": 152.5, ""delta_hz"": 114.25}}","{""ALML"": {""pre_hz"": 1.75, ""peri_hz"": 1.0, ""delta_hz"": -0.75}, ""ALMR"": {""pre_hz"": 0.25, ""peri_hz"": 2.5, ""delta_hz"": 2.25}, ""AVM"": {""pre_hz"": 0.5, ""peri_hz"": 0.0, ""delta_hz"": -0.5}, ""AIBL"": {""pre_hz"": 10.75, ""peri_hz"": 49.0, ""delta_hz"": 38.25}, ""AIBR"": {""pre_hz"": 12.5, ""peri_hz"": 66.5, ""delta_hz"": 54.0}, ""AVAL"": {""pre_hz"": 36.75, ""peri_hz"": 158.0, ""delta_hz"": 121.25}, ""AVAR"": {""pre_hz"": 37.25, ""peri_hz"": 157.5, ""delta_hz"": 120.25}, ""AVEL"": {""pre_hz"": 34.5, ""peri_hz"": 106.5, ""delta_hz"": 72.0}, ""AVER"": {""pre_hz"": 34.25, ""peri_hz"": 125.5, ""delta_hz"": 91.25}, ""AVDL"": {""pre_hz"": 36.75, ""peri_hz"": 157.0, ""delta_hz"": 120.25}, ""AVDR"": {""pre_hz"": 36.75, ""peri_hz"": 157.0, ""delta_hz"": 120.25}, ""AVBL"": {""pre_hz"": 31.25, ""peri_hz"": 98.0, ""delta_hz"": 66.75}, ""AVBR"": {""pre_hz"": 35.5, ""peri_hz"": 129.0, ""delta_hz"": 93.5}, ""RIML"": {""pre_hz"": 18.0, ""peri_hz"": 73.0, ""delta_hz"": 55.0}, ""RIMR"": {""pre_hz"": 24.25, ""peri_hz"": 64.5, ""delta_hz"": 40.25}, ""RIS"": {""pre_hz"": 0.0, ""peri_hz"": 0.0, ""delta_hz"": 0.0}, ""PVCL"": {""pre_hz"": 36.75, ""peri_hz"": 157.0, ""delta_hz"": 120.25}, ""PVCR"": {""pre_hz"": 36.75, ""peri_hz"": 157.0, ""delta_hz"": 120.25}}",
M2-pure,RIS / osmotic_shock,osmotic_shock,43,60.0,0.2675,0.0,0.035,0.5033333333333333,0.19416666666666665,0.29833333333333334,0.0,0.035,0.4525,0.21416666666666667,0.0,0.0,-0.050833333333333286,0.020000000000000018,0.030833333333333324,"{""ALML"": {""pre_hz"": 0.75, ""peri_hz"": 1.0, ""delta_hz"": 0.25}, ""ALMR"": {""pre_hz"": 0.5, ""peri_hz"": 0.5, ""delta_hz"": 0.0}, ""AVM"": {""pre_hz"": 0.5, ""peri_hz"": 1.5, ""delta_hz"": 1.0}, ""AIBL"": {""pre_hz"": 9.75, ""peri_hz"": 60.0, ""delta_hz"": 50.25}, ""AIBR"": {""pre_hz"": 12.25, ""peri_hz"": 64.0, ""delta_hz"": 51.75}, ""AVAL"": {""pre_hz"": 38.75, ""peri_hz"": 153.5, ""delta_hz"": 114.75}, ""AVAR"": {""pre_hz"": 39.25, ""peri_hz"": 151.0, ""delta_hz"": 111.75}, ""AVEL"": {""pre_hz"": 37.25, ""peri_hz"": 111.5, ""delta_hz"": 74.25}, ""AVER"": {""pre_hz"": 35.75, ""peri_hz"": 124.5, ""delta_hz"": 88.75}, ""AVDL"": {""pre_hz"": 38.5, ""peri_hz"": 150.0, ""delta_hz"": 111.5}, ""AVDR"": {""pre_hz"": 38.5, ""peri_hz"": 150.0, ""delta_hz"": 111.5}, ""AVBL"": {""pre_hz"": 32.0, ""peri_hz"": 90.5, ""delta_hz"": 58.5}, ""AVBR"": {""pre_hz"": 37.0, ""peri_hz"": 123.0, ""delta_hz"": 86.0}, ""RIML"": {""pre_hz"": 21.75, ""peri_hz"": 69.5, ""delta_hz"": 47.75}, ""RIMR"": {""pre_hz"": 26.75, ""peri_hz"": 72.0, ""delta_hz"": 45.25}, ""RIS"": {""pre_hz"": 0.5, ""peri_hz"": 0.5, ""delta_hz"": 0.0}, ""PVCL"": {""pre_hz"": 38.5, ""peri_hz"": 150.0, ""delta_hz"": 111.5}, ""PVCR"": {""pre_hz"": 38.5, ""peri_hz"": 150.0, ""delta_hz"": 111.5}}","{""ALML"": {""pre_hz"": 1.0, ""peri_hz"": 1.0, ""delta_hz"": 0.0}, ""ALMR"": {""pre_hz"": 0.5, ""peri_hz"": 0.5, ""delta_hz"": 0.0}, ""AVM"": {""pre_hz"": 0.5, ""peri_hz"": 1.5, ""delta_hz"": 1.0}, ""AIBL"": {""pre_hz"": 9.5, ""peri_hz"": 57.5, ""delta_hz"": 48.0}, ""AIBR"": {""pre_hz"": 10.75, ""peri_hz"": 62.0, ""delta_hz"": 51.25}, ""AVAL"": {""pre_hz"": 36.75, ""peri_hz"": 152.5, ""delta_hz"": 115.75}, ""AVAR"": {""pre_hz"": 37.25, ""peri_hz"": 150.0, ""delta_hz"": 112.75}, ""AVEL"": {""pre_hz"": 34.5, ""peri_hz"": 104.0, ""delta_hz"": 69.5}, ""AVER"": {""pre_hz"": 34.75, ""peri_hz"": 118.0, ""delta_hz"": 83.25}, ""AVDL"": {""pre_hz"": 36.5, ""peri_hz"": 149.5, ""delta_hz"": 113.0}, ""AVDR"": {""pre_hz"": 36.5, ""peri_hz"": 149.5, ""delta_hz"": 113.0}, ""AVBL"": {""pre_hz"": 31.0, ""peri_hz"": 88.5, ""delta_hz"": 57.5}, ""AVBR"": {""pre_hz"": 35.5, ""peri_hz"": 120.5, ""delta_hz"": 85.0}, ""RIML"": {""pre_hz"": 18.25, ""peri_hz"": 67.5, ""delta_hz"": 49.25}, ""RIMR"": {""pre_hz"": 25.0, ""peri_hz"": 69.0, ""delta_hz"": 44.0}, ""RIS"": {""pre_hz"": 0.0, ""peri_hz"": 0.0, ""delta_hz"": 0.0}, ""PVCL"": {""pre_hz"": 36.5, ""peri_hz"": 149.5, ""delta_hz"": 113.0}, ""PVCR"": {""pre_hz"": 36.5, ""peri_hz"": 149.5, ""delta_hz"": 113.0}}",
M2-pure,RIS / osmotic_shock,osmotic_shock,44,60.0,0.48,0.0,0.0,0.20166666666666666,0.31833333333333336,0.4041666666666667,0.0,0.0,0.20166666666666666,0.39416666666666667,0.0,0.0,0.0,0.07583333333333331,-0.07583333333333331,"{""ALML"": {""pre_hz"": 0.5, ""peri_hz"": 2.5, ""delta_hz"": 2.0}, ""ALMR"": {""pre_hz"": 0.5, ""peri_hz"": 0.5, ""delta_hz"": 0.0}, ""AVM"": {""pre_hz"": 1.75, ""peri_hz"": 1.5, ""delta_hz"": -0.25}, ""AIBL"": {""pre_hz"": 10.75, ""peri_hz"": 50.5, ""delta_hz"": 39.75}, ""AIBR"": {""pre_hz"": 11.25, ""peri_hz"": 67.0, ""delta_hz"": 55.75}, ""AVAL"": {""pre_hz"": 37.0, ""peri_hz"": 157.5, ""delta_hz"": 120.5}, ""AVAR"": {""pre_hz"": 37.25, ""peri_hz"": 157.0, ""delta_hz"": 119.75}, ""AVEL"": {""pre_hz"": 34.75, ""peri_hz"": 113.0, ""delta_hz"": 78.25}, ""AVER"": {""pre_hz"": 34.5, ""peri_hz"": 128.0, ""delta_hz"": 93.5}, ""AVDL"": {""pre_hz"": 37.0, ""peri_hz"": 156.5, ""delta_hz"": 119.5}, ""AVDR"": {""pre_hz"": 37.0, ""peri_hz"": 156.5, ""delta_hz"": 119.5}, ""AVBL"": {""pre_hz"": 32.75, ""peri_hz"": 104.5, ""delta_hz"": 71.75}, ""AVBR"": {""pre_hz"": 36.25, ""peri_hz"": 129.0, ""delta_hz"": 92.75}, ""RIML"": {""pre_hz"": 19.0, ""peri_hz"": 71.5, ""delta_hz"": 52.5}, ""RIMR"": {""pre_hz"": 26.5, ""peri_hz"": 67.0, ""delta_hz"": 40.5}, ""RIS"": {""pre_hz"": 0.5, ""peri_hz"": 1.0, ""delta_hz"": 0.5}, ""PVCL"": {""pre_hz"": 37.0, ""peri_hz"": 156.5, ""delta_hz"": 119.5}, ""PVCR"": {""pre_hz"": 37.5, ""peri_hz"": 156.5, ""delta_hz"": 119.0}}","{""ALML"": {""pre_hz"": 0.5, ""peri_hz"": 2.0, ""delta_hz"": 1.5}, ""ALMR"": {""pre_hz"": 0.5, ""peri_hz"": 0.5, ""delta_hz"": 0.0}, ""AVM"": {""pre_hz"": 2.0, ""peri_hz"": 1.5, ""delta_hz"": -0.5}, ""AIBL"": {""pre_hz"": 9.0, ""peri_hz"": 49.0, ""delta_hz"": 40.0}, ""AIBR"": {""pre_hz"": 11.5, ""peri_hz"": 66.0, ""delta_hz"": 54.5}, ""AVAL"": {""pre_hz"": 35.25, ""peri_hz"": 158.5, ""delta_hz"": 123.25}, ""AVAR"": {""pre_hz"": 36.0, ""peri_hz"": 157.0, ""delta_hz"": 121.0}, ""AVEL"": {""pre_hz"": 33.0, ""peri_hz"": 104.5, ""delta_hz"": 71.5}, ""AVER"": {""pre_hz"": 32.25, ""peri_hz"": 129.0, ""delta_hz"": 96.75}, ""AVDL"": {""pre_hz"": 35.0, ""peri_hz"": 157.0, ""delta_hz"": 122.0}, ""AVDR"": {""pre_hz"": 35.0, ""peri_hz"": 157.0, ""delta_hz"": 122.0}, ""AVBL"": {""pre_hz"": 32.0, ""peri_hz"": 109.5, ""delta_hz"": 77.5}, ""AVBR"": {""pre_hz"": 34.5, ""peri_hz"": 129.5, ""delta_hz"": 95.0}, ""RIML"": {""pre_hz"": 18.75, ""peri_hz"": 71.5, ""delta_hz"": 52.75}, ""RIMR"": {""pre_hz"": 23.75, ""peri_hz"": 65.5, ""delta_hz"": 41.75}, ""RIS"": {""pre_hz"": 0.0, ""peri_hz"": 0.0, ""delta_hz"": 0.0}, ""PVCL"": {""pre_hz"": 35.0, ""peri_hz"": 157.0, ""delta_hz"": 122.0}, ""PVCR"": {""pre_hz"": 35.5, ""peri_hz"": 157.0, ""delta_hz"": 121.5}}",
M2-pure,RIS / osmotic_shock,osmotic_shock,45,60.0,0.16083333333333333,0.0,0.035,0.3025,0.5016666666666667,0.1825,0.0,0.0,0.25166666666666665,0.5658333333333333,0.0,-0.035,-0.05083333333333334,0.0641666666666666,0.021666666666666667,"{""ALML"": {""pre_hz"": 1.75, ""peri_hz"": 2.5, ""delta_hz"": 0.75}, ""ALMR"": {""pre_hz"": 0.5, ""peri_hz"": 1.0, ""delta_hz"": 0.5}, ""AVM"": {""pre_hz"": 0.25, ""peri_hz"": 1.0, ""delta_hz"": 0.75}, ""AIBL"": {""pre_hz"": 9.75, ""peri_hz"": 55.5, ""delta_hz"": 45.75}, ""AIBR"": {""pre_hz"": 12.5, ""peri_hz"": 67.0, ""delta_hz"": 54.5}, ""AVAL"": {""pre_hz"": 38.0, ""peri_hz"": 149.0, ""delta_hz"": 111.0}, ""AVAR"": {""pre_hz"": 38.25, ""peri_hz"": 148.0, ""delta_hz"": 109.75}, ""AVEL"": {""pre_hz"": 34.0, ""peri_hz"": 108.5, ""delta_hz"": 74.5}, ""AVER"": {""pre_hz"": 32.5, ""peri_hz"": 120.5, ""delta_hz"": 88.0}, ""AVDL"": {""pre_hz"": 37.5, ""peri_hz"": 147.0, ""delta_hz"": 109.5}, ""AVDR"": {""pre_hz"": 37.5, ""peri_hz"": 147.0, ""delta_hz"": 109.5}, ""AVBL"": {""pre_hz"": 32.75, ""peri_hz"": 88.5, ""delta_hz"": 55.75}, ""AVBR"": {""pre_hz"": 36.75, ""peri_hz"": 111.5, ""delta_hz"": 74.75}, ""RIML"": {""pre_hz"": 22.0, ""peri_hz"": 75.5, ""delta_hz"": 53.5}, ""RIMR"": {""pre_hz"": 24.25, ""peri_hz"": 69.5, ""delta_hz"": 45.25}, ""RIS"": {""pre_hz"": 1.25, ""peri_hz"": 0.0, ""delta_hz"": -1.25}, ""PVCL"": {""pre_hz"": 37.5, ""peri_hz"": 147.0, ""delta_hz"": 109.5}, ""PVCR"": {""pre_hz"": 37.5, ""peri_hz"": 147.0, ""delta_hz"": 109.5}}","{""ALML"": {""pre_hz"": 1.5, ""peri_hz"": 2.0, ""delta_hz"": 0.5}, ""ALMR"": {""pre_hz"": 0.5, ""peri_hz"": 1.0, ""delta_hz"": 0.5}, ""AVM"": {""pre_hz"": 0.25, ""peri_hz"": 1.0, ""delta_hz"": 0.75}, ""AIBL"": {""pre_hz"": 9.5, ""peri_hz"": 52.0, ""delta_hz"": 42.5}, ""AIBR"": {""pre_hz"": 11.0, ""peri_hz"": 67.5, ""delta_hz"": 56.5}, ""AVAL"": {""pre_hz"": 34.0, ""peri_hz"": 146.0, ""delta_hz"": 112.0}, ""AVAR"": {""pre_hz"": 34.5, ""peri_hz"": 144.5, ""delta_hz"": 110.0}, ""AVEL"": {""pre_hz"": 30.25, ""peri_hz"": 100.0, ""delta_hz"": 69.75}, ""AVER"": {""pre_hz"": 30.75, ""peri_hz"": 117.0, ""delta_hz"": 86.25}, ""AVDL"": {""pre_hz"": 33.75, ""peri_hz"": 144.0, ""delta_hz"": 110.25}, ""AVDR"": {""pre_hz"": 33.75, ""peri_hz"": 144.0, ""delta_hz"": 110.25}, ""AVBL"": {""pre_hz"": 30.5, ""peri_hz"": 91.0, ""delta_hz"": 60.5}, ""AVBR"": {""pre_hz"": 33.5, ""peri_hz"": 113.5, ""delta_hz"": 80.0}, ""RIML"": {""pre_hz"": 18.5, ""peri_hz"": 74.0, ""delta_hz"": 55.5}, ""RIMR"": {""pre_hz"": 22.0, ""peri_hz"": 63.5, ""delta_hz"": 41.5}, ""RIS"": {""pre_hz"": 0.0, ""peri_hz"": 0.0, ""delta_hz"": 0.0}, ""PVCL"": {""pre_hz"": 33.75, ""peri_hz"": 144.0, ""delta_hz"": 110.25}, ""PVCR"": {""pre_hz"": 33.75, ""peri_hz"": 144.5, ""delta_hz"": 110.75}}",
M2-pure,RIS / osmotic_shock,osmotic_shock,46,60.0,0.23833333333333334,0.0,0.034166666666666665,0.2525,0.475,0.14166666666666666,0.0,0.0,0.30333333333333334,0.555,0.0,-0.034166666666666665,0.05083333333333334,0.08000000000000007,-0.09666666666666668,"{""ALML"": {""pre_hz"": 1.5, ""peri_hz"": 1.5, ""delta_hz"": 0.0}, ""ALMR"": {""pre_hz"": 1.5, ""peri_hz"": 2.0, ""delta_hz"": 0.5}, ""AVM"": {""pre_hz"": 0.75, ""peri_hz"": 0.5, ""delta_hz"": -0.25}, ""AIBL"": {""pre_hz"": 10.0, ""peri_hz"": 50.0, ""delta_hz"": 40.0}, ""AIBR"": {""pre_hz"": 13.75, ""peri_hz"": 65.5, ""delta_hz"": 51.75}, ""AVAL"": {""pre_hz"": 43.75, ""peri_hz"": 159.5, ""delta_hz"": 115.75}, ""AVAR"": {""pre_hz"": 43.75, ""peri_hz"": 159.0, ""delta_hz"": 115.25}, ""AVEL"": {""pre_hz"": 39.75, ""peri_hz"": 112.0, ""delta_hz"": 72.25}, ""AVER"": {""pre_hz"": 39.0, ""peri_hz"": 126.0, ""delta_hz"": 87.0}, ""AVDL"": {""pre_hz"": 43.0, ""peri_hz"": 157.0, ""delta_hz"": 114.0}, ""AVDR"": {""pre_hz"": 43.0, ""peri_hz"": 157.0, ""delta_hz"": 114.0}, ""AVBL"": {""pre_hz"": 34.75, ""peri_hz"": 101.0, ""delta_hz"": 66.25}, ""AVBR"": {""pre_hz"": 41.25, ""peri_hz"": 124.0, ""delta_hz"": 82.75}, ""RIML"": {""pre_hz"": 23.5, ""peri_hz"": 73.5, ""delta_hz"": 50.0}, ""RIMR"": {""pre_hz"": 27.5, ""peri_hz"": 73.0, ""delta_hz"": 45.5}, ""RIS"": {""pre_hz"": 0.75, ""peri_hz"": 0.0, ""delta_hz"": -0.75}, ""PVCL"": {""pre_hz"": 43.0, ""peri_hz"": 157.0, ""delta_hz"": 114.0}, ""PVCR"": {""pre_hz"": 43.0, ""peri_hz"": 157.0, ""delta_hz"": 114.0}}","{""ALML"": {""pre_hz"": 1.5, ""peri_hz"": 1.0, ""delta_hz"": -0.5}, ""ALMR"": {""pre_hz"": 1.5, ""peri_hz"": 1.5, ""delta_hz"": 0.0}, ""AVM"": {""pre_hz"": 0.75, ""peri_hz"": 0.5, ""delta_hz"": -0.25}, ""AIBL"": {""pre_hz"": 10.0, ""peri_hz"": 49.0, ""delta_hz"": 39.0}, ""AIBR"": {""pre_hz"": 12.75, ""peri_hz"": 63.5, ""delta_hz"": 50.75}, ""AVAL"": {""pre_hz"": 37.25, ""peri_hz"": 158.5, ""delta_hz"": 121.25}, ""AVAR"": {""pre_hz"": 37.25, ""peri_hz"": 158.0, ""delta_hz"": 120.75}, ""AVEL"": {""pre_hz"": 33.75, ""peri_hz"": 102.5, ""delta_hz"": 68.75}, ""AVER"": {""pre_hz"": 33.5, ""peri_hz"": 126.5, ""delta_hz"": 93.0}, ""AVDL"": {""pre_hz"": 36.5, ""peri_hz"": 156.0, ""delta_hz"": 119.5}, ""AVDR"": {""pre_hz"": 36.5, ""peri_hz"": 156.0, ""delta_hz"": 119.5}, ""AVBL"": {""pre_hz"": 29.0, ""peri_hz"": 96.0, ""delta_hz"": 67.0}, ""AVBR"": {""pre_hz"": 35.0, ""peri_hz"": 124.0, ""delta_hz"": 89.0}, ""RIML"": {""pre_hz"": 20.0, ""peri_hz"": 69.0, ""delta_hz"": 49.0}, ""RIMR"": {""pre_hz"": 24.5, ""peri_hz"": 67.5, ""delta_hz"": 43.0}, ""RIS"": {""pre_hz"": 0.0, ""peri_hz"": 0.0, ""delta_hz"": 0.0}, ""PVCL"": {""pre_hz"": 36.5, ""peri_hz"": 156.0, ""delta_hz"": 119.5}, ""PVCR"": {""pre_hz"": 36.5, ""peri_hz"": 156.0, ""delta_hz"": 119.5}}",
M2-pure,RIS / osmotic_shock,osmotic_shock,47,60.0,0.27166666666666667,0.0,0.06916666666666667,0.2025,0.45666666666666667,0.24833333333333332,0.0,0.035,0.2025,0.5141666666666667,0.0,-0.034166666666666665,0.0,0.057499999999999996,-0.023333333333333345,"{""ALML"": {""pre_hz"": 2.0, ""peri_hz"": 1.5, ""delta_hz"": -0.5}, ""ALMR"": {""pre_hz"": 2.0, ""peri_hz"": 0.5, ""delta_hz"": -1.5}, ""AVM"": {""pre_hz"": 0.25, ""peri_hz"": 0.5, ""delta_hz"": 0.25}, ""AIBL"": {""pre_hz"": 10.75, ""peri_hz"": 51.0, ""delta_hz"": 40.25}, ""AIBR"": {""pre_hz"": 13.25, ""peri_hz"": 61.5, ""delta_hz"": 48.25}, ""AVAL"": {""pre_hz"": 38.75, ""peri_hz"": 148.0, ""delta_hz"": 109.25}, ""AVAR"": {""pre_hz"": 38.75, ""peri_hz"": 146.0, ""delta_hz"": 107.25}, ""AVEL"": {""pre_hz"": 36.5, ""peri_hz"": 108.5, ""delta_hz"": 72.0}, ""AVER"": {""pre_hz"": 35.75, ""peri_hz"": 121.5, ""delta_hz"": 85.75}, ""AVDL"": {""pre_hz"": 38.25, ""peri_hz"": 146.0, ""delta_hz"": 107.75}, ""AVDR"": {""pre_hz"": 38.25, ""peri_hz"": 146.0, ""delta_hz"": 107.75}, ""AVBL"": {""pre_hz"": 32.75, ""peri_hz"": 95.5, ""delta_hz"": 62.75}, ""AVBR"": {""pre_hz"": 35.25, ""peri_hz"": 121.5, ""delta_hz"": 86.25}, ""RIML"": {""pre_hz"": 21.75, ""peri_hz"": 72.0, ""delta_hz"": 50.25}, ""RIMR"": {""pre_hz"": 25.5, ""peri_hz"": 71.0, ""delta_hz"": 45.5}, ""RIS"": {""pre_hz"": 1.0, ""peri_hz"": 1.5, ""delta_hz"": 0.5}, ""PVCL"": {""pre_hz"": 38.25, ""peri_hz"": 146.0, ""delta_hz"": 107.75}, ""PVCR"": {""pre_hz"": 38.25, ""peri_hz"": 146.0, ""delta_hz"": 107.75}}","{""ALML"": {""pre_hz"": 1.75, ""peri_hz"": 1.5, ""delta_hz"": -0.25}, ""ALMR"": {""pre_hz"": 2.0, ""peri_hz"": 0.5, ""delta_hz"": -1.5}, ""AVM"": {""pre_hz"": 0.25, ""peri_hz"": 0.0, ""delta_hz"": -0.25}, ""AIBL"": {""pre_hz"": 9.75, ""peri_hz"": 50.5, ""delta_hz"": 40.75}, ""AIBR"": {""pre_hz"": 13.0, ""peri_hz"": 58.5, ""delta_hz"": 45.5}, ""AVAL"": {""pre_hz"": 32.75, ""peri_hz"": 149.0, ""delta_hz"": 116.25}, ""AVAR"": {""pre_hz"": 33.25, ""peri_hz"": 148.5, ""delta_hz"": 115.25}, ""AVEL"": {""pre_hz"": 29.0, ""peri_hz"": 102.0, ""delta_hz"": 73.0}, ""AVER"": {""pre_hz"": 29.5, ""peri_hz"": 121.5, ""delta_hz"": 92.0}, ""AVDL"": {""pre_hz"": 32.25, ""peri_hz"": 148.5, ""delta_hz"": 116.25}, ""AVDR"": {""pre_hz"": 32.25, ""peri_hz"": 148.5, ""delta_hz"": 116.25}, ""AVBL"": {""pre_hz"": 28.0, ""peri_hz"": 95.5, ""delta_hz"": 67.5}, ""AVBR"": {""pre_hz"": 29.5, ""peri_hz"": 124.5, ""delta_hz"": 95.0}, ""RIML"": {""pre_hz"": 19.25, ""peri_hz"": 68.0, ""delta_hz"": 48.75}, ""RIMR"": {""pre_hz"": 21.75, ""peri_hz"": 69.0, ""delta_hz"": 47.25}, ""RIS"": {""pre_hz"": 0.0, ""peri_hz"": 0.0, ""delta_hz"": 0.0}, ""PVCL"": {""pre_hz"": 32.25, ""peri_hz"": 148.5, ""delta_hz"": 116.25}, ""PVCR"": {""pre_hz"": 32.5, ""peri_hz"": 148.5, ""delta_hz"": 116.0}}",
M2-pure,RIS / osmotic_shock,osmotic_shock,48,60.0,0.28583333333333333,0.0,0.0,0.24166666666666667,0.4725,0.43666666666666665,0.0,0.0,0.19166666666666668,0.37166666666666665,0.0,0.0,-0.04999999999999999,-0.10083333333333333,0.15083333333333332,"{""ALML"": {""pre_hz"": 1.0, ""peri_hz"": 1.5, ""delta_hz"": 0.5}, ""ALMR"": {""pre_hz"": 2.0, ""peri_hz"": 0.5, ""delta_hz"": -1.5}, ""AVM"": {""pre_hz"": 1.0, ""peri_hz"": 0.5, ""delta_hz"": -0.5}, ""AIBL"": {""pre_hz"": 11.25, ""peri_hz"": 49.5, ""delta_hz"": 38.25}, ""AIBR"": {""pre_hz"": 13.25, ""peri_hz"": 62.0, ""delta_hz"": 48.75}, ""AVAL"": {""pre_hz"": 39.25, ""peri_hz"": 148.5, ""delta_hz"": 109.25}, ""AVAR"": {""pre_hz"": 39.0, ""peri_hz"": 148.5, ""delta_hz"": 109.5}, ""AVEL"": {""pre_hz"": 36.75, ""peri_hz"": 109.0, ""delta_hz"": 72.25}, ""AVER"": {""pre_hz"": 34.75, ""peri_hz"": 124.0, ""delta_hz"": 89.25}, ""AVDL"": {""pre_hz"": 38.75, ""peri_hz"": 148.0, ""delta_hz"": 109.25}, ""AVDR"": {""pre_hz"": 38.75, ""peri_hz"": 148.0, ""delta_hz"": 109.25}, ""AVBL"": {""pre_hz"": 32.5, ""peri_hz"": 99.5, ""delta_hz"": 67.0}, ""AVBR"": {""pre_hz"": 37.25, ""peri_hz"": 114.0, ""delta_hz"": 76.75}, ""RIML"": {""pre_hz"": 22.25, ""peri_hz"": 71.5, ""delta_hz"": 49.25}, ""RIMR"": {""pre_hz"": 26.75, ""peri_hz"": 69.0, ""delta_hz"": 42.25}, ""RIS"": {""pre_hz"": 1.5, ""peri_hz"": 0.0, ""delta_hz"": -1.5}, ""PVCL"": {""pre_hz"": 38.75, ""peri_hz"": 148.0, ""delta_hz"": 109.25}, ""PVCR"": {""pre_hz"": 38.75, ""peri_hz"": 148.0, ""delta_hz"": 109.25}}","{""ALML"": {""pre_hz"": 1.0, ""peri_hz"": 1.0, ""delta_hz"": 0.0}, ""ALMR"": {""pre_hz"": 2.0, ""peri_hz"": 0.5, ""delta_hz"": -1.5}, ""AVM"": {""pre_hz"": 1.0, ""peri_hz"": 0.5, ""delta_hz"": -0.5}, ""AIBL"": {""pre_hz"": 11.5, ""peri_hz"": 49.5, ""delta_hz"": 38.0}, ""AIBR"": {""pre_hz"": 13.0, ""peri_hz"": 63.5, ""delta_hz"": 50.5}, ""AVAL"": {""pre_hz"": 38.75, ""peri_hz"": 148.5, ""delta_hz"": 109.75}, ""AVAR"": {""pre_hz"": 38.75, ""peri_hz"": 148.0, ""delta_hz"": 109.25}, ""AVEL"": {""pre_hz"": 34.5, ""peri_hz"": 107.0, ""delta_hz"": 72.5}, ""AVER"": {""pre_hz"": 33.75, ""peri_hz"": 125.0, ""delta_hz"": 91.25}, ""AVDL"": {""pre_hz"": 38.25, ""peri_hz"": 147.5, ""delta_hz"": 109.25}, ""AVDR"": {""pre_hz"": 38.25, ""peri_hz"": 147.5, ""delta_hz"": 109.25}, ""AVBL"": {""pre_hz"": 31.5, ""peri_hz"": 102.0, ""delta_hz"": 70.5}, ""AVBR"": {""pre_hz"": 36.25, ""peri_hz"": 114.0, ""delta_hz"": 77.75}, ""RIML"": {""pre_hz"": 21.25, ""peri_hz"": 71.5, ""delta_hz"": 50.25}, ""RIMR"": {""pre_hz"": 26.25, ""peri_hz"": 68.5, ""delta_hz"": 42.25}, ""RIS"": {""pre_hz"": 0.0, ""peri_hz"": 0.0, ""delta_hz"": 0.0}, ""PVCL"": {""pre_hz"": 38.25, ""peri_hz"": 147.5, ""delta_hz"": 109.25}, ""PVCR"": {""pre_hz"": 38.25, ""peri_hz"": 147.5, ""delta_hz"": 109.25}}",
M2-pure,RIS / osmotic_shock,osmotic_shock,49,60.0,0.23583333333333334,0.12583333333333332,0.051666666666666666,0.20083333333333334,0.3858333333333333,0.3908333333333333,0.0,0.0,0.20083333333333334,0.4083333333333333,-0.12583333333333332,-0.051666666666666666,0.0,0.02250000000000002,0.15499999999999997,"{""ALML"": {""pre_hz"": 2.0, ""peri_hz"": 2.0, ""delta_hz"": 0.0}, ""ALMR"": {""pre_hz"": 0.75, ""peri_hz"": 0.0, ""delta_hz"": -0.75}, ""AVM"": {""pre_hz"": 0.5, ""peri_hz"": 1.0, ""delta_hz"": 0.5}, ""AIBL"": {""pre_hz"": 13.0, ""peri_hz"": 54.0, ""delta_hz"": 41.0}, ""AIBR"": {""pre_hz"": 15.5, ""peri_hz"": 65.0, ""delta_hz"": 49.5}, ""AVAL"": {""pre_hz"": 40.5, ""peri_hz"": 152.0, ""delta_hz"": 111.5}, ""AVAR"": {""pre_hz"": 40.75, ""peri_hz"": 149.5, ""delta_hz"": 108.75}, ""AVEL"": {""pre_hz"": 35.5, ""peri_hz"": 114.0, ""delta_hz"": 78.5}, ""AVER"": {""pre_hz"": 36.5, ""peri_hz"": 127.5, ""delta_hz"": 91.0}, ""AVDL"": {""pre_hz"": 39.75, ""peri_hz"": 149.0, ""delta_hz"": 109.25}, ""AVDR"": {""pre_hz"": 39.75, ""peri_hz"": 149.0, ""delta_hz"": 109.25}, ""AVBL"": {""pre_hz"": 32.75, ""peri_hz"": 97.0, ""delta_hz"": 64.25}, ""AVBR"": {""pre_hz"": 37.75, ""peri_hz"": 120.5, ""delta_hz"": 82.75}, ""RIML"": {""pre_hz"": 23.25, ""peri_hz"": 73.5, ""delta_hz"": 50.25}, ""RIMR"": {""pre_hz"": 27.25, ""peri_hz"": 71.0, ""delta_hz"": 43.75}, ""RIS"": {""pre_hz"": 0.5, ""peri_hz"": 1.0, ""delta_hz"": 0.5}, ""PVCL"": {""pre_hz"": 39.75, ""peri_hz"": 149.0, ""delta_hz"": 109.25}, ""PVCR"": {""pre_hz"": 39.75, ""peri_hz"": 149.0, ""delta_hz"": 109.25}}","{""ALML"": {""pre_hz"": 1.75, ""peri_hz"": 3.0, ""delta_hz"": 1.25}, ""ALMR"": {""pre_hz"": 0.75, ""peri_hz"": 0.0, ""delta_hz"": -0.75}, ""AVM"": {""pre_hz"": 0.5, ""peri_hz"": 1.0, ""delta_hz"": 0.5}, ""AIBL"": {""pre_hz"": 12.0, ""peri_hz"": 51.5, ""delta_hz"": 39.5}, ""AIBR"": {""pre_hz"": 14.5, ""peri_hz"": 63.0, ""delta_hz"": 48.5}, ""AVAL"": {""pre_hz"": 38.5, ""peri_hz"": 153.5, ""delta_hz"": 115.0}, ""AVAR"": {""pre_hz"": 38.5, ""peri_hz"": 153.0, ""delta_hz"": 114.5}, ""AVEL"": {""pre_hz"": 33.5, ""peri_hz"": 106.5, ""delta_hz"": 73.0}, ""AVER"": {""pre_hz"": 34.25, ""peri_hz"": 129.0, ""delta_hz"": 94.75}, ""AVDL"": {""pre_hz"": 37.75, ""peri_hz"": 152.5, ""delta_hz"": 114.75}, ""AVDR"": {""pre_hz"": 37.75, ""peri_hz"": 152.5, ""delta_hz"": 114.75}, ""AVBL"": {""pre_hz"": 31.75, ""peri_hz"": 104.5, ""delta_hz"": 72.75}, ""AVBR"": {""pre_hz"": 36.25, ""peri_hz"": 122.0, ""delta_hz"": 85.75}, ""RIML"": {""pre_hz"": 20.25, ""peri_hz"": 72.5, ""delta_hz"": 52.25}, ""RIMR"": {""pre_hz"": 25.25, ""peri_hz"": 67.5, ""delta_hz"": 42.25}, ""RIS"": {""pre_hz"": 0.0, ""peri_hz"": 0.0, ""delta_hz"": 0.0}, ""PVCL"": {""pre_hz"": 37.75, ""peri_hz"": 152.5, ""delta_hz"": 114.75}, ""PVCR"": {""pre_hz"": 37.75, ""peri_hz"": 152.5, ""delta_hz"": 114.75}}",
M2-pure,RIS / osmotic_shock,osmotic_shock,50,60.0,0.20833333333333334,0.0,0.0175,0.3025,0.4716666666666667,0.3625,0.0,0.0,0.30333333333333334,0.33416666666666667,0.0,-0.0175,0.0008333333333333526,-0.1375,0.15416666666666665,"{""ALML"": {""pre_hz"": 1.0, ""peri_hz"": 3.0, ""delta_hz"": 2.0}, ""ALMR"": {""pre_hz"": 0.75, ""peri_hz"": 0.0, ""delta_hz"": -0.75}, ""AVM"": {""pre_hz"": 0.75, ""peri_hz"": 1.5, ""delta_hz"": 0.75}, ""AIBL"": {""pre_hz"": 11.75, ""peri_hz"": 49.5, ""delta_hz"": 37.75}, ""AIBR"": {""pre_hz"": 12.5, ""peri_hz"": 65.5, ""delta_hz"": 53.0}, ""AVAL"": {""pre_hz"": 37.5, ""peri_hz"": 152.5, ""delta_hz"": 115.0}, ""AVAR"": {""pre_hz"": 37.5, ""peri_hz"": 152.5, ""delta_hz"": 115.0}, ""AVEL"": {""pre_hz"": 35.25, ""peri_hz"": 106.5, ""delta_hz"": 71.25}, ""AVER"": {""pre_hz"": 33.0, ""peri_hz"": 121.5, ""delta_hz"": 88.5}, ""AVDL"": {""pre_hz"": 37.5, ""peri_hz"": 150.5, ""delta_hz"": 113.0}, ""AVDR"": {""pre_hz"": 37.5, ""peri_hz"": 150.5, ""delta_hz"": 113.0}, ""AVBL"": {""pre_hz"": 30.25, ""peri_hz"": 98.0, ""delta_hz"": 67.75}, ""AVBR"": {""pre_hz"": 35.5, ""peri_hz"": 122.0, ""delta_hz"": 86.5}, ""RIML"": {""pre_hz"": 21.75, ""peri_hz"": 72.0, ""delta_hz"": 50.25}, ""RIMR"": {""pre_hz"": 24.5, ""peri_hz"": 65.0, ""delta_hz"": 40.5}, ""RIS"": {""pre_hz"": 1.0, ""peri_hz"": 0.0, ""delta_hz"": -1.0}, ""PVCL"": {""pre_hz"": 37.5, ""peri_hz"": 150.5, ""delta_hz"": 113.0}, ""PVCR"": {""pre_hz"": 37.75, ""peri_hz"": 150.5, ""delta_hz"": 112.75}}","{""ALML"": {""pre_hz"": 0.75, ""peri_hz"": 2.5, ""delta_hz"": 1.75}, ""ALMR"": {""pre_hz"": 0.75, ""peri_hz"": 0.0, ""delta_hz"": -0.75}, ""AVM"": {""pre_hz"": 0.75, ""peri_hz"": 1.5, ""delta_hz"": 0.75}, ""AIBL"": {""pre_hz"": 12.25, ""peri_hz"": 47.0, ""delta_hz"": 34.75}, ""AIBR"": {""pre_hz"": 10.5, ""peri_hz"": 63.0, ""delta_hz"": 52.5}, ""AVAL"": {""pre_hz"": 37.0, ""peri_hz"": 150.5, ""delta_hz"": 113.5}, ""AVAR"": {""pre_hz"": 37.5, ""peri_hz"": 150.5, ""delta_hz"": 113.0}, ""AVEL"": {""pre_hz"": 33.0, ""peri_hz"": 100.5, ""delta_hz"": 67.5}, ""AVER"": {""pre_hz"": 33.0, ""peri_hz"": 119.0, ""delta_hz"": 86.0}, ""AVDL"": {""pre_hz"": 37.0, ""peri_hz"": 149.0, ""delta_hz"": 112.0}, ""AVDR"": {""pre_hz"": 37.0, ""peri_hz"": 149.0, ""delta_hz"": 112.0}, ""AVBL"": {""pre_hz"": 29.5, ""peri_hz"": 96.0, ""delta_hz"": 66.5}, ""AVBR"": {""pre_hz"": 36.5, ""peri_hz"": 119.5, ""delta_hz"": 83.0}, ""RIML"": {""pre_hz"": 17.75, ""peri_hz"": 70.5, ""delta_hz"": 52.75}, ""RIMR"": {""pre_hz"": 23.0, ""peri_hz"": 66.0, ""delta_hz"": 43.0}, ""RIS"": {""pre_hz"": 0.0, ""peri_hz"": 0.0, ""delta_hz"": 0.0}, ""PVCL"": {""pre_hz"": 37.0, ""peri_hz"": 149.0, ""delta_hz"": 112.0}, ""PVCR"": {""pre_hz"": 37.25, ""peri_hz"": 149.0, ""delta_hz"": 111.75}}",
M2-pure,RIS / osmotic_shock,osmotic_shock,51,60.0,0.22,0.0,0.016666666666666666,0.3525,0.41083333333333333,0.26416666666666666,0.0,0.016666666666666666,0.3525,0.36666666666666664,0.0,0.0,0.0,-0.04416666666666669,0.04416666666666666,"{""ALML"": {""pre_hz"": 0.25, ""peri_hz"": 1.0, ""delta_hz"": 0.75}, ""ALMR"": {""pre_hz"": 1.0, ""peri_hz"": 0.5, ""delta_hz"": -0.5}, ""AVM"": {""pre_hz"": 0.0, ""peri_hz"": 1.5, ""delta_hz"": 1.5}, ""AIBL"": {""pre_hz"": 13.25, ""peri_hz"": 51.5, ""delta_hz"": 38.25}, ""AIBR"": {""pre_hz"": 11.75, ""peri_hz"": 68.0, ""delta_hz"": 56.25}, ""AVAL"": {""pre_hz"": 36.75, ""peri_hz"": 154.5, ""delta_hz"": 117.75}, ""AVAR"": {""pre_hz"": 37.5, ""peri_hz"": 152.5, ""delta_hz"": 115.0}, ""AVEL"": {""pre_hz"": 32.25, ""peri_hz"": 110.5, ""delta_hz"": 78.25}, ""AVER"": {""pre_hz"": 31.75, ""peri_hz"": 124.5, ""delta_hz"": 92.75}, ""AVDL"": {""pre_hz"": 36.75, ""peri_hz"": 152.5, ""delta_hz"": 115.75}, ""AVDR"": {""pre_hz"": 36.75, ""peri_hz"": 152.5, ""delta_hz"": 115.75}, ""AVBL"": {""pre_hz"": 28.75, ""peri_hz"": 94.0, ""delta_hz"": 65.25}, ""AVBR"": {""pre_hz"": 33.5, ""peri_hz"": 123.5, ""delta_hz"": 90.0}, ""RIML"": {""pre_hz"": 20.5, ""peri_hz"": 76.5, ""delta_hz"": 56.0}, ""RIMR"": {""pre_hz"": 26.0, ""peri_hz"": 68.0, ""delta_hz"": 42.0}, ""RIS"": {""pre_hz"": 1.5, ""peri_hz"": 0.5, ""delta_hz"": -1.0}, ""PVCL"": {""pre_hz"": 36.75, ""peri_hz"": 152.5, ""delta_hz"": 115.75}, ""PVCR"": {""pre_hz"": 36.75, ""peri_hz"": 152.5, ""delta_hz"": 115.75}}","{""ALML"": {""pre_hz"": 0.25, ""peri_hz"": 1.0, ""delta_hz"": 0.75}, ""ALMR"": {""pre_hz"": 1.0, ""peri_hz"": 0.5, ""delta_hz"": -0.5}, ""AVM"": {""pre_hz"": 0.0, ""peri_hz"": 1.5, ""delta_hz"": 1.5}, ""AIBL"": {""pre_hz"": 13.0, ""peri_hz"": 51.5, ""delta_hz"": 38.5}, ""AIBR"": {""pre_hz"": 11.75, ""peri_hz"": 65.5, ""delta_hz"": 53.75}, ""AVAL"": {""pre_hz"": 37.0, ""peri_hz"": 156.5, ""delta_hz"": 119.5}, ""AVAR"": {""pre_hz"": 37.75, ""peri_hz"": 153.5, ""delta_hz"": 115.75}, ""AVEL"": {""pre_hz"": 30.75, ""peri_hz"": 103.5, ""delta_hz"": 72.75}, ""AVER"": {""pre_hz"": 31.5, ""peri_hz"": 123.5, ""delta_hz"": 92.0}, ""AVDL"": {""pre_hz"": 37.0, ""peri_hz"": 153.5, ""delta_hz"": 116.5}, ""AVDR"": {""pre_hz"": 37.0, ""peri_hz"": 153.5, ""delta_hz"": 116.5}, ""AVBL"": {""pre_hz"": 28.75, ""peri_hz"": 95.0, ""delta_hz"": 66.25}, ""AVBR"": {""pre_hz"": 34.0, ""peri_hz"": 122.0, ""delta_hz"": 88.0}, ""RIML"": {""pre_hz"": 19.5, ""peri_hz"": 73.5, ""delta_hz"": 54.0}, ""RIMR"": {""pre_hz"": 23.5, ""peri_hz"": 66.5, ""delta_hz"": 43.0}, ""RIS"": {""pre_hz"": 0.0, ""peri_hz"": 0.0, ""delta_hz"": 0.0}, ""PVCL"": {""pre_hz"": 37.0, ""peri_hz"": 153.5, ""delta_hz"": 116.5}, ""PVCR"": {""pre_hz"": 37.0, ""peri_hz"": 153.5, ""delta_hz"": 116.5}}",
M2-pure,NSM / food,food,42,60.0,0.2608333333333333,0.705,0.034166666666666665,0.0,0.0,0.35333333333333333,0.5558333333333333,0.050833333333333335,0.0,0.04,-0.14916666666666667,0.01666666666666667,0.0,0.04,0.09250000000000003,"{""ALML"": {""pre_hz"": 1.75, ""peri_hz"": 1.5, ""delta_hz"": -0.25}, ""ALMR"": {""pre_hz"": 0.25, ""peri_hz"": 0.5, ""delta_hz"": 0.25}, ""AVM"": {""pre_hz"": 0.25, ""peri_hz"": 0.5, ""delta_hz"": 0.25}, ""AIBL"": {""pre_hz"": 25.5, ""peri_hz"": 30.0, ""delta_hz"": 4.5}, ""AIBR"": {""pre_hz"": 29.75, ""peri_hz"": 36.0, ""delta_hz"": 6.25}, ""AVAL"": {""pre_hz"": 55.0, ""peri_hz"": 69.0, ""delta_hz"": 14.0}, ""AVAR"": {""pre_hz"": 56.25, ""peri_hz"": 68.5, ""delta_hz"": 12.25}, ""AVEL"": {""pre_hz"": 53.75, ""peri_hz"": 68.0, ""delta_hz"": 14.25}, ""AVER"": {""pre_hz"": 51.5, ""peri_hz"": 60.5, ""delta_hz"": 9.0}, ""AVDL"": {""pre_hz"": 54.75, ""peri_hz"": 68.5, ""delta_hz"": 13.75}, ""AVDR"": {""pre_hz"": 54.75, ""peri_hz"": 68.5, ""delta_hz"": 13.75}, ""AVBL"": {""pre_hz"": 38.5, ""peri_hz"": 43.0, ""delta_hz"": 4.5}, ""AVBR"": {""pre_hz"": 49.75, ""peri_hz"": 59.5, ""delta_hz"": 9.75}, ""RIML"": {""pre_hz"": 37.0, ""peri_hz"": 41.5, ""delta_hz"": 4.5}, ""RIMR"": {""pre_hz"": 39.5, ""peri_hz"": 45.5, ""delta_hz"": 6.0}, ""RIS"": {""pre_hz"": 0.25, ""peri_hz"": 0.5, ""delta_hz"": 0.25}, ""PVCL"": {""pre_hz"": 54.75, ""peri_hz"": 68.5, ""delta_hz"": 13.75}, ""PVCR"": {""pre_hz"": 54.75, ""peri_hz"": 68.5, ""delta_hz"": 13.75}}","{""ALML"": {""pre_hz"": 1.5, ""peri_hz"": 1.0, ""delta_hz"": -0.5}, ""ALMR"": {""pre_hz"": 0.25, ""peri_hz"": 0.5, ""delta_hz"": 0.25}, ""AVM"": {""pre_hz"": 0.25, ""peri_hz"": 0.5, ""delta_hz"": 0.25}, ""AIBL"": {""pre_hz"": 25.25, ""peri_hz"": 27.5, ""delta_hz"": 2.25}, ""AIBR"": {""pre_hz"": 29.0, ""peri_hz"": 35.0, ""delta_hz"": 6.0}, ""AVAL"": {""pre_hz"": 53.5, ""peri_hz"": 62.5, ""delta_hz"": 9.0}, ""AVAR"": {""pre_hz"": 55.0, ""peri_hz"": 63.0, ""delta_hz"": 8.0}, ""AVEL"": {""pre_hz"": 53.75, ""peri_hz"": 66.0, ""delta_hz"": 12.25}, ""AVER"": {""pre_hz"": 50.0, ""peri_hz"": 56.5, ""delta_hz"": 6.5}, ""AVDL"": {""pre_hz"": 53.5, ""peri_hz"": 62.5, ""delta_hz"": 9.0}, ""AVDR"": {""pre_hz"": 53.5, ""peri_hz"": 62.5, ""delta_hz"": 9.0}, ""AVBL"": {""pre_hz"": 37.75, ""peri_hz"": 41.0, ""delta_hz"": 3.25}, ""AVBR"": {""pre_hz"": 49.75, ""peri_hz"": 55.5, ""delta_hz"": 5.75}, ""RIML"": {""pre_hz"": 36.0, ""peri_hz"": 41.0, ""delta_hz"": 5.0}, ""RIMR"": {""pre_hz"": 40.75, ""peri_hz"": 43.5, ""delta_hz"": 2.75}, ""RIS"": {""pre_hz"": 0.0, ""peri_hz"": 1.0, ""delta_hz"": 1.0}, ""PVCL"": {""pre_hz"": 53.5, ""peri_hz"": 62.5, ""delta_hz"": 9.0}, ""PVCR"": {""pre_hz"": 53.5, ""peri_hz"": 62.5, ""delta_hz"": 9.0}}",
M2-pure,NSM / food,food,43,60.0,0.09916666666666667,0.85,0.0,0.050833333333333335,0.0,0.45916666666666667,0.5233333333333333,0.0175,0.0,0.0,-0.32666666666666666,0.0175,-0.050833333333333335,0.0,0.36,"{""ALML"": {""pre_hz"": 1.0, ""peri_hz"": 1.0, ""delta_hz"": 0.0}, ""ALMR"": {""pre_hz"": 0.25, ""peri_hz"": 0.0, ""delta_hz"": -0.25}, ""AVM"": {""pre_hz"": 1.0, ""peri_hz"": 1.5, ""delta_hz"": 0.5}, ""AIBL"": {""pre_hz"": 19.5, ""peri_hz"": 31.0, ""delta_hz"": 11.5}, ""AIBR"": {""pre_hz"": 25.25, ""peri_hz"": 31.0, ""delta_hz"": 5.75}, ""AVAL"": {""pre_hz"": 47.5, ""peri_hz"": 54.5, ""delta_hz"": 7.0}, ""AVAR"": {""pre_hz"": 48.75, ""peri_hz"": 55.0, ""delta_hz"": 6.25}, ""AVEL"": {""pre_hz"": 48.5, ""peri_hz"": 56.0, ""delta_hz"": 7.5}, ""AVER"": {""pre_hz"": 43.75, ""peri_hz"": 51.0, ""delta_hz"": 7.25}, ""AVDL"": {""pre_hz"": 47.25, ""peri_hz"": 54.5, ""delta_hz"": 7.25}, ""AVDR"": {""pre_hz"": 47.0, ""peri_hz"": 54.5, ""delta_hz"": 7.5}, ""AVBL"": {""pre_hz"": 35.5, ""peri_hz"": 35.0, ""delta_hz"": -0.5}, ""AVBR"": {""pre_hz"": 41.75, ""peri_hz"": 49.0, ""delta_hz"": 7.25}, ""RIML"": {""pre_hz"": 31.5, ""peri_hz"": 35.5, ""delta_hz"": 4.0}, ""RIMR"": {""pre_hz"": 33.75, ""peri_hz"": 43.0, ""delta_hz"": 9.25}, ""RIS"": {""pre_hz"": 0.5, ""peri_hz"": 0.0, ""delta_hz"": -0.5}, ""PVCL"": {""pre_hz"": 47.25, ""peri_hz"": 54.5, ""delta_hz"": 7.25}, ""PVCR"": {""pre_hz"": 47.25, ""peri_hz"": 54.5, ""delta_hz"": 7.25}}","{""ALML"": {""pre_hz"": 1.0, ""peri_hz"": 1.0, ""delta_hz"": 0.0}, ""ALMR"": {""pre_hz"": 0.25, ""peri_hz"": 0.0, ""delta_hz"": -0.25}, ""AVM"": {""pre_hz"": 1.0, ""peri_hz"": 1.5, ""delta_hz"": 0.5}, ""AIBL"": {""pre_hz"": 19.75, ""peri_hz"": 31.0, ""delta_hz"": 11.25}, ""AIBR"": {""pre_hz"": 25.0, ""peri_hz"": 31.0, ""delta_hz"": 6.0}, ""AVAL"": {""pre_hz"": 47.0, ""peri_hz"": 54.5, ""delta_hz"": 7.5}, ""AVAR"": {""pre_hz"": 48.0, ""peri_hz"": 55.0, ""delta_hz"": 7.0}, ""AVEL"": {""pre_hz"": 47.25, ""peri_hz"": 56.5, ""delta_hz"": 9.25}, ""AVER"": {""pre_hz"": 42.75, ""peri_hz"": 51.0, ""delta_hz"": 8.25}, ""AVDL"": {""pre_hz"": 46.75, ""peri_hz"": 54.5, ""delta_hz"": 7.75}, ""AVDR"": {""pre_hz"": 46.75, ""peri_hz"": 54.5, ""delta_hz"": 7.75}, ""AVBL"": {""pre_hz"": 35.5, ""peri_hz"": 35.5, ""delta_hz"": 0.0}, ""AVBR"": {""pre_hz"": 41.5, ""peri_hz"": 49.5, ""delta_hz"": 8.0}, ""RIML"": {""pre_hz"": 31.0, ""peri_hz"": 35.0, ""delta_hz"": 4.0}, ""RIMR"": {""pre_hz"": 34.0, ""peri_hz"": 43.5, ""delta_hz"": 9.5}, ""RIS"": {""pre_hz"": 0.5, ""peri_hz"": 0.0, ""delta_hz"": -0.5}, ""PVCL"": {""pre_hz"": 46.75, ""peri_hz"": 54.5, ""delta_hz"": 7.75}, ""PVCR"": {""pre_hz"": 46.75, ""peri_hz"": 54.5, ""delta_hz"": 7.75}}",
M2-pure,NSM / food,food,44,60.0,0.18916666666666668,0.8108333333333333,0.0,0.0,0.0,0.019166666666666665,0.0,0.0,0.0,0.9808333333333333,-0.8108333333333333,0.0,0.0,0.9808333333333333,-0.17,"{""ALML"": {""pre_hz"": 0.5, ""peri_hz"": 1.5, ""delta_hz"": 1.0}, ""ALMR"": {""pre_hz"": 1.5, ""peri_hz"": 0.0, ""delta_hz"": -1.5}, ""AVM"": {""pre_hz"": 2.25, ""peri_hz"": 1.0, ""delta_hz"": -1.25}, ""AIBL"": {""pre_hz"": 24.5, ""peri_hz"": 27.0, ""delta_hz"": 2.5}, ""AIBR"": {""pre_hz"": 26.5, ""peri_hz"": 32.0, ""delta_hz"": 5.5}, ""AVAL"": {""pre_hz"": 53.75, ""peri_hz"": 60.0, ""delta_hz"": 6.25}, ""AVAR"": {""pre_hz"": 54.25, ""peri_hz"": 60.5, ""delta_hz"": 6.25}, ""AVEL"": {""pre_hz"": 53.25, ""peri_hz"": 54.5, ""delta_hz"": 1.25}, ""AVER"": {""pre_hz"": 48.0, ""peri_hz"": 52.5, ""delta_hz"": 4.5}, ""AVDL"": {""pre_hz"": 53.25, ""peri_hz"": 59.5, ""delta_hz"": 6.25}, ""AVDR"": {""pre_hz"": 53.25, ""peri_hz"": 59.5, ""delta_hz"": 6.25}, ""AVBL"": {""pre_hz"": 36.75, ""peri_hz"": 39.0, ""delta_hz"": 2.25}, ""AVBR"": {""pre_hz"": 47.5, ""peri_hz"": 52.5, ""delta_hz"": 5.0}, ""RIML"": {""pre_hz"": 34.25, ""peri_hz"": 36.5, ""delta_hz"": 2.25}, ""RIMR"": {""pre_hz"": 39.0, ""peri_hz"": 42.5, ""delta_hz"": 3.5}, ""RIS"": {""pre_hz"": 0.25, ""peri_hz"": 0.5, ""delta_hz"": 0.25}, ""PVCL"": {""pre_hz"": 53.25, ""peri_hz"": 59.5, ""delta_hz"": 6.25}, ""PVCR"": {""pre_hz"": 53.75, ""peri_hz"": 59.5, ""delta_hz"": 5.75}}","{""ALML"": {""pre_hz"": 0.5, ""peri_hz"": 2.0, ""delta_hz"": 1.5}, ""ALMR"": {""pre_hz"": 1.5, ""peri_hz"": 0.0, ""delta_hz"": -1.5}, ""AVM"": {""pre_hz"": 2.25, ""peri_hz"": 1.0, ""delta_hz"": -1.25}, ""AIBL"": {""pre_hz"": 24.25, ""peri_hz"": 26.0, ""delta_hz"": 1.75}, ""AIBR"": {""pre_hz"": 26.5, ""peri_hz"": 31.0, ""delta_hz"": 4.5}, ""AVAL"": {""pre_hz"": 51.25, ""peri_hz"": 51.5, ""delta_hz"": 0.25}, ""AVAR"": {""pre_hz"": 50.75, ""peri_hz"": 53.5, ""delta_hz"": 2.75}, ""AVEL"": {""pre_hz"": 50.75, ""peri_hz"": 48.5, ""delta_hz"": -2.25}, ""AVER"": {""pre_hz"": 44.75, ""peri_hz"": 46.0, ""delta_hz"": 1.25}, ""AVDL"": {""pre_hz"": 50.75, ""peri_hz"": 51.5, ""delta_hz"": 0.75}, ""AVDR"": {""pre_hz"": 50.75, ""peri_hz"": 51.5, ""delta_hz"": 0.75}, ""AVBL"": {""pre_hz"": 34.5, ""peri_hz"": 34.0, ""delta_hz"": -0.5}, ""AVBR"": {""pre_hz"": 45.75, ""peri_hz"": 46.5, ""delta_hz"": 0.75}, ""RIML"": {""pre_hz"": 32.25, ""peri_hz"": 34.5, ""delta_hz"": 2.25}, ""RIMR"": {""pre_hz"": 35.75, ""peri_hz"": 41.0, ""delta_hz"": 5.25}, ""RIS"": {""pre_hz"": 0.25, ""peri_hz"": 1.0, ""delta_hz"": 0.75}, ""PVCL"": {""pre_hz"": 50.75, ""peri_hz"": 51.5, ""delta_hz"": 0.75}, ""PVCR"": {""pre_hz"": 51.0, ""peri_hz"": 51.5, ""delta_hz"": 0.5}}",
M2-pure,NSM / food,food,45,60.0,0.065,0.8841666666666667,0.0,0.050833333333333335,0.0,0.075,0.8733333333333333,0.051666666666666666,0.0,0.0,-0.010833333333333361,0.051666666666666666,-0.050833333333333335,0.0,0.009999999999999995,"{""ALML"": {""pre_hz"": 1.25, ""peri_hz"": 0.0, ""delta_hz"": -1.25}, ""ALMR"": {""pre_hz"": 0.5, ""peri_hz"": 0.0, ""delta_hz"": -0.5}, ""AVM"": {""pre_hz"": 0.5, ""peri_hz"": 0.5, ""delta_hz"": 0.0}, ""AIBL"": {""pre_hz"": 20.75, ""peri_hz"": 25.0, ""delta_hz"": 4.25}, ""AIBR"": {""pre_hz"": 21.5, ""peri_hz"": 34.5, ""delta_hz"": 13.0}, ""AVAL"": {""pre_hz"": 49.25, ""peri_hz"": 59.0, ""delta_hz"": 9.75}, ""AVAR"": {""pre_hz"": 50.75, ""peri_hz"": 60.0, ""delta_hz"": 9.25}, ""AVEL"": {""pre_hz"": 47.5, ""peri_hz"": 56.0, ""delta_hz"": 8.5}, ""AVER"": {""pre_hz"": 43.75, ""peri_hz"": 55.0, ""delta_hz"": 11.25}, ""AVDL"": {""pre_hz"": 49.25, ""peri_hz"": 59.0, ""delta_hz"": 9.75}, ""AVDR"": {""pre_hz"": 49.25, ""peri_hz"": 59.0, ""delta_hz"": 9.75}, ""AVBL"": {""pre_hz"": 37.25, ""peri_hz"": 41.5, ""delta_hz"": 4.25}, ""AVBR"": {""pre_hz"": 46.5, ""peri_hz"": 54.5, ""delta_hz"": 8.0}, ""RIML"": {""pre_hz"": 30.0, ""peri_hz"": 41.5, ""delta_hz"": 11.5}, ""RIMR"": {""pre_hz"": 35.75, ""peri_hz"": 42.0, ""delta_hz"": 6.25}, ""RIS"": {""pre_hz"": 0.5, ""peri_hz"": 0.0, ""delta_hz"": -0.5}, ""PVCL"": {""pre_hz"": 49.25, ""peri_hz"": 59.0, ""delta_hz"": 9.75}, ""PVCR"": {""pre_hz"": 49.25, ""peri_hz"": 59.0, ""delta_hz"": 9.75}}","{""ALML"": {""pre_hz"": 1.5, ""peri_hz"": 0.5, ""delta_hz"": -1.0}, ""ALMR"": {""pre_hz"": 0.5, ""peri_hz"": 0.0, ""delta_hz"": -0.5}, ""AVM"": {""pre_hz"": 0.5, ""peri_hz"": 0.5, ""delta_hz"": 0.0}, ""AIBL"": {""pre_hz"": 21.25, ""peri_hz"": 25.5, ""delta_hz"": 4.25}, ""AIBR"": {""pre_hz"": 21.25, ""peri_hz"": 34.5, ""delta_hz"": 13.25}, ""AVAL"": {""pre_hz"": 49.5, ""peri_hz"": 59.0, ""delta_hz"": 9.5}, ""AVAR"": {""pre_hz"": 50.5, ""peri_hz"": 60.0, ""delta_hz"": 9.5}, ""AVEL"": {""pre_hz"": 48.25, ""peri_hz"": 56.5, ""delta_hz"": 8.25}, ""AVER"": {""pre_hz"": 44.0, ""peri_hz"": 55.0, ""delta_hz"": 11.0}, ""AVDL"": {""pre_hz"": 49.25, ""peri_hz"": 59.0, ""delta_hz"": 9.75}, ""AVDR"": {""pre_hz"": 49.25, ""peri_hz"": 59.0, ""delta_hz"": 9.75}, ""AVBL"": {""pre_hz"": 37.5, ""peri_hz"": 41.5, ""delta_hz"": 4.0}, ""AVBR"": {""pre_hz"": 47.0, ""peri_hz"": 54.5, ""delta_hz"": 7.5}, ""RIML"": {""pre_hz"": 29.5, ""peri_hz"": 41.5, ""delta_hz"": 12.0}, ""RIMR"": {""pre_hz"": 36.0, ""peri_hz"": 42.5, ""delta_hz"": 6.5}, ""RIS"": {""pre_hz"": 0.5, ""peri_hz"": 0.0, ""delta_hz"": -0.5}, ""PVCL"": {""pre_hz"": 49.25, ""peri_hz"": 59.0, ""delta_hz"": 9.75}, ""PVCR"": {""pre_hz"": 49.25, ""peri_hz"": 59.0, ""delta_hz"": 9.75}}",
M2-pure,NSM / food,food,46,60.0,0.3225,0.6433333333333333,0.034166666666666665,0.0,0.0,0.4083333333333333,0.5575,0.034166666666666665,0.0,0.0,-0.08583333333333332,0.0,0.0,0.0,0.08583333333333332,"{""ALML"": {""pre_hz"": 1.25, ""peri_hz"": 1.5, ""delta_hz"": 0.25}, ""ALMR"": {""pre_hz"": 1.0, ""peri_hz"": 1.5, ""delta_hz"": 0.5}, ""AVM"": {""pre_hz"": 1.0, ""peri_hz"": 0.5, ""delta_hz"": -0.5}, ""AIBL"": {""pre_hz"": 23.0, ""peri_hz"": 26.5, ""delta_hz"": 3.5}, ""AIBR"": {""pre_hz"": 26.25, ""peri_hz"": 33.0, ""delta_hz"": 6.75}, ""AVAL"": {""pre_hz"": 58.0, ""peri_hz"": 60.0, ""delta_hz"": 2.0}, ""AVAR"": {""pre_hz"": 57.75, ""peri_hz"": 60.5, ""delta_hz"": 2.75}, ""AVEL"": {""pre_hz"": 55.5, ""peri_hz"": 56.5, ""delta_hz"": 1.0}, ""AVER"": {""pre_hz"": 52.25, ""peri_hz"": 52.5, ""delta_hz"": 0.25}, ""AVDL"": {""pre_hz"": 56.75, ""peri_hz"": 59.5, ""delta_hz"": 2.75}, ""AVDR"": {""pre_hz"": 56.75, ""peri_hz"": 59.5, ""delta_hz"": 2.75}, ""AVBL"": {""pre_hz"": 42.0, ""peri_hz"": 41.5, ""delta_hz"": -0.5}, ""AVBR"": {""pre_hz"": 50.5, ""peri_hz"": 55.0, ""delta_hz"": 4.5}, ""RIML"": {""pre_hz"": 33.25, ""peri_hz"": 41.0, ""delta_hz"": 7.75}, ""RIMR"": {""pre_hz"": 41.5, ""peri_hz"": 38.0, ""delta_hz"": -3.5}, ""RIS"": {""pre_hz"": 0.25, ""peri_hz"": 0.5, ""delta_hz"": 0.25}, ""PVCL"": {""pre_hz"": 56.75, ""peri_hz"": 59.5, ""delta_hz"": 2.75}, ""PVCR"": {""pre_hz"": 57.0, ""peri_hz"": 59.5, ""delta_hz"": 2.5}}","{""ALML"": {""pre_hz"": 1.25, ""peri_hz"": 1.5, ""delta_hz"": 0.25}, ""ALMR"": {""pre_hz"": 1.0, ""peri_hz"": 1.5, ""delta_hz"": 0.5}, ""AVM"": {""pre_hz"": 1.0, ""peri_hz"": 0.5, ""delta_hz"": -0.5}, ""AIBL"": {""pre_hz"": 23.0, ""peri_hz"": 26.5, ""delta_hz"": 3.5}, ""AIBR"": {""pre_hz"": 26.25, ""peri_hz"": 33.0, ""delta_hz"": 6.75}, ""AVAL"": {""pre_hz"": 58.0, ""peri_hz"": 60.0, ""delta_hz"": 2.0}, ""AVAR"": {""pre_hz"": 57.75, ""peri_hz"": 60.5, ""delta_hz"": 2.75}, ""AVEL"": {""pre_hz"": 55.5, ""peri_hz"": 56.5, ""delta_hz"": 1.0}, ""AVER"": {""pre_hz"": 52.25, ""peri_hz"": 52.5, ""delta_hz"": 0.25}, ""AVDL"": {""pre_hz"": 56.75, ""peri_hz"": 59.5, ""delta_hz"": 2.75}, ""AVDR"": {""pre_hz"": 56.75, ""peri_hz"": 59.5, ""delta_hz"": 2.75}, ""AVBL"": {""pre_hz"": 42.0, ""peri_hz"": 41.5, ""delta_hz"": -0.5}, ""AVBR"": {""pre_hz"": 50.5, ""peri_hz"": 55.0, ""delta_hz"": 4.5}, ""RIML"": {""pre_hz"": 33.25, ""peri_hz"": 41.0, ""delta_hz"": 7.75}, ""RIMR"": {""pre_hz"": 41.5, ""peri_hz"": 38.0, ""delta_hz"": -3.5}, ""RIS"": {""pre_hz"": 0.25, ""peri_hz"": 0.5, ""delta_hz"": 0.25}, ""PVCL"": {""pre_hz"": 56.75, ""peri_hz"": 59.5, ""delta_hz"": 2.75}, ""PVCR"": {""pre_hz"": 57.0, ""peri_hz"": 59.5, ""delta_hz"": 2.5}}",
M2-pure,NSM / food,food,47,60.0,0.11666666666666667,0.8491666666666666,0.034166666666666665,0.0,0.0,0.2625,0.7033333333333334,0.034166666666666665,0.0,0.0,-0.14583333333333326,0.0,0.0,0.0,0.14583333333333334,"{""ALML"": {""pre_hz"": 2.0, ""peri_hz"": 1.5, ""delta_hz"": -0.5}, ""ALMR"": {""pre_hz"": 0.5, ""peri_hz"": 0.0, ""delta_hz"": -0.5}, ""AVM"": {""pre_hz"": 1.25, ""peri_hz"": 1.0, ""delta_hz"": -0.25}, ""AIBL"": {""pre_hz"": 25.75, ""peri_hz"": 27.0, ""delta_hz"": 1.25}, ""AIBR"": {""pre_hz"": 26.5, ""peri_hz"": 31.0, ""delta_hz"": 4.5}, ""AVAL"": {""pre_hz"": 50.5, ""peri_hz"": 54.0, ""delta_hz"": 3.5}, ""AVAR"": {""pre_hz"": 51.0, ""peri_hz"": 54.0, ""delta_hz"": 3.0}, ""AVEL"": {""pre_hz"": 49.5, ""peri_hz"": 58.0, ""delta_hz"": 8.5}, ""AVER"": {""pre_hz"": 46.5, ""peri_hz"": 52.0, ""delta_hz"": 5.5}, ""AVDL"": {""pre_hz"": 50.25, ""peri_hz"": 54.0, ""delta_hz"": 3.75}, ""AVDR"": {""pre_hz"": 50.25, ""peri_hz"": 54.0, ""delta_hz"": 3.75}, ""AVBL"": {""pre_hz"": 36.0, ""peri_hz"": 37.0, ""delta_hz"": 1.0}, ""AVBR"": {""pre_hz"": 42.5, ""peri_hz"": 45.5, ""delta_hz"": 3.0}, ""RIML"": {""pre_hz"": 31.25, ""peri_hz"": 37.0, ""delta_hz"": 5.75}, ""RIMR"": {""pre_hz"": 35.75, ""peri_hz"": 44.0, ""delta_hz"": 8.25}, ""RIS"": {""pre_hz"": 0.75, ""peri_hz"": 0.0, ""delta_hz"": -0.75}, ""PVCL"": {""pre_hz"": 50.25, ""peri_hz"": 54.0, ""delta_hz"": 3.75}, ""PVCR"": {""pre_hz"": 50.25, ""peri_hz"": 54.0, ""delta_hz"": 3.75}}","{""ALML"": {""pre_hz"": 2.0, ""peri_hz"": 1.5, ""delta_hz"": -0.5}, ""ALMR"": {""pre_hz"": 0.5, ""peri_hz"": 0.0, ""delta_hz"": -0.5}, ""AVM"": {""pre_hz"": 1.25, ""peri_hz"": 1.0, ""delta_hz"": -0.25}, ""AIBL"": {""pre_hz"": 25.75, ""peri_hz"": 27.0, ""delta_hz"": 1.25}, ""AIBR"": {""pre_hz"": 26.5, ""peri_hz"": 31.0, ""delta_hz"": 4.5}, ""AVAL"": {""pre_hz"": 50.5, ""peri_hz"": 53.5, ""delta_hz"": 3.0}, ""AVAR"": {""pre_hz"": 51.0, ""peri_hz"": 53.5, ""delta_hz"": 2.5}, ""AVEL"": {""pre_hz"": 49.5, ""peri_hz"": 57.5, ""delta_hz"": 8.0}, ""AVER"": {""pre_hz"": 46.5, ""peri_hz"": 51.5, ""delta_hz"": 5.0}, ""AVDL"": {""pre_hz"": 50.25, ""peri_hz"": 53.5, ""delta_hz"": 3.25}, ""AVDR"": {""pre_hz"": 50.25, ""peri_hz"": 53.5, ""delta_hz"": 3.25}, ""AVBL"": {""pre_hz"": 36.0, ""peri_hz"": 36.5, ""delta_hz"": 0.5}, ""AVBR"": {""pre_hz"": 42.5, ""peri_hz"": 45.0, ""delta_hz"": 2.5}, ""RIML"": {""pre_hz"": 31.25, ""peri_hz"": 37.0, ""delta_hz"": 5.75}, ""RIMR"": {""pre_hz"": 35.75, ""peri_hz"": 44.0, ""delta_hz"": 8.25}, ""RIS"": {""pre_hz"": 0.75, ""peri_hz"": 0.0, ""delta_hz"": -0.75}, ""PVCL"": {""pre_hz"": 50.25, ""peri_hz"": 53.5, ""delta_hz"": 3.25}, ""PVCR"": {""pre_hz"": 50.25, ""peri_hz"": 53.5, ""delta_hz"": 3.25}}",
M2-pure,NSM / food,food,48,60.0,0.07083333333333333,0.0,0.035,0.0,0.8941666666666667,0.07083333333333333,0.0,0.035,0.0,0.8941666666666667,0.0,0.0,0.0,0.0,0.0,"{""ALML"": {""pre_hz"": 1.25, ""peri_hz"": 1.5, ""delta_hz"": 0.25}, ""ALMR"": {""pre_hz"": 0.75, ""peri_hz"": 0.0, ""delta_hz"": -0.75}, ""AVM"": {""pre_hz"": 0.5, ""peri_hz"": 1.0, ""delta_hz"": 0.5}, ""AIBL"": {""pre_hz"": 22.0, ""peri_hz"": 25.5, ""delta_hz"": 3.5}, ""AIBR"": {""pre_hz"": 30.25, ""peri_hz"": 28.0, ""delta_hz"": -2.25}, ""AVAL"": {""pre_hz"": 50.5, ""peri_hz"": 60.5, ""delta_hz"": 10.0}, ""AVAR"": {""pre_hz"": 50.75, ""peri_hz"": 60.5, ""delta_hz"": 9.75}, ""AVEL"": {""pre_hz"": 51.0, ""peri_hz"": 55.5, ""delta_hz"": 4.5}, ""AVER"": {""pre_hz"": 46.5, ""peri_hz"": 55.5, ""delta_hz"": 9.0}, ""AVDL"": {""pre_hz"": 50.0, ""peri_hz"": 59.5, ""delta_hz"": 9.5}, ""AVDR"": {""pre_hz"": 50.0, ""peri_hz"": 59.5, ""delta_hz"": 9.5}, ""AVBL"": {""pre_hz"": 35.75, ""peri_hz"": 43.5, ""delta_hz"": 7.75}, ""AVBR"": {""pre_hz"": 45.5, ""peri_hz"": 56.0, ""delta_hz"": 10.5}, ""RIML"": {""pre_hz"": 36.5, ""peri_hz"": 36.0, ""delta_hz"": -0.5}, ""RIMR"": {""pre_hz"": 34.5, ""peri_hz"": 42.0, ""delta_hz"": 7.5}, ""RIS"": {""pre_hz"": 1.5, ""peri_hz"": 0.0, ""delta_hz"": -1.5}, ""PVCL"": {""pre_hz"": 50.0, ""peri_hz"": 59.5, ""delta_hz"": 9.5}, ""PVCR"": {""pre_hz"": 50.0, ""peri_hz"": 60.0, ""delta_hz"": 10.0}}","{""ALML"": {""pre_hz"": 1.25, ""peri_hz"": 1.5, ""delta_hz"": 0.25}, ""ALMR"": {""pre_hz"": 0.75, ""peri_hz"": 0.0, ""delta_hz"": -0.75}, ""AVM"": {""pre_hz"": 0.5, ""peri_hz"": 1.0, ""delta_hz"": 0.5}, ""AIBL"": {""pre_hz"": 22.0, ""peri_hz"": 25.0, ""delta_hz"": 3.0}, ""AIBR"": {""pre_hz"": 30.25, ""peri_hz"": 26.5, ""delta_hz"": -3.75}, ""AVAL"": {""pre_hz"": 50.0, ""peri_hz"": 61.5, ""delta_hz"": 11.5}, ""AVAR"": {""pre_hz"": 50.25, ""peri_hz"": 62.0, ""delta_hz"": 11.75}, ""AVEL"": {""pre_hz"": 50.75, ""peri_hz"": 55.5, ""delta_hz"": 4.75}, ""AVER"": {""pre_hz"": 46.25, ""peri_hz"": 55.5, ""delta_hz"": 9.25}, ""AVDL"": {""pre_hz"": 49.5, ""peri_hz"": 60.5, ""delta_hz"": 11.0}, ""AVDR"": {""pre_hz"": 49.5, ""peri_hz"": 60.5, ""delta_hz"": 11.0}, ""AVBL"": {""pre_hz"": 35.25, ""peri_hz"": 45.0, ""delta_hz"": 9.75}, ""AVBR"": {""pre_hz"": 45.0, ""peri_hz"": 58.0, ""delta_hz"": 13.0}, ""RIML"": {""pre_hz"": 36.5, ""peri_hz"": 34.0, ""delta_hz"": -2.5}, ""RIMR"": {""pre_hz"": 34.75, ""peri_hz"": 42.0, ""delta_hz"": 7.25}, ""RIS"": {""pre_hz"": 1.5, ""peri_hz"": 0.0, ""delta_hz"": -1.5}, ""PVCL"": {""pre_hz"": 49.5, ""peri_hz"": 60.5, ""delta_hz"": 11.0}, ""PVCR"": {""pre_hz"": 49.5, ""peri_hz"": 61.0, ""delta_hz"": 11.5}}",
M2-pure,NSM / food,food,49,60.0,0.02666666666666667,0.9391666666666667,0.034166666666666665,0.0,0.0,0.5433333333333333,0.4225,0.034166666666666665,0.0,0.0,-0.5166666666666667,0.0,0.0,0.0,0.5166666666666667,"{""ALML"": {""pre_hz"": 1.5, ""peri_hz"": 1.0, ""delta_hz"": -0.5}, ""ALMR"": {""pre_hz"": 0.75, ""peri_hz"": 2.0, ""delta_hz"": 1.25}, ""AVM"": {""pre_hz"": 0.25, ""peri_hz"": 1.0, ""delta_hz"": 0.75}, ""AIBL"": {""pre_hz"": 26.75, ""peri_hz"": 29.0, ""delta_hz"": 2.25}, ""AIBR"": {""pre_hz"": 29.75, ""peri_hz"": 28.5, ""delta_hz"": -1.25}, ""AVAL"": {""pre_hz"": 55.5, ""peri_hz"": 60.0, ""delta_hz"": 4.5}, ""AVAR"": {""pre_hz"": 55.75, ""peri_hz"": 59.5, ""delta_hz"": 3.75}, ""AVEL"": {""pre_hz"": 54.75, ""peri_hz"": 55.5, ""delta_hz"": 0.75}, ""AVER"": {""pre_hz"": 51.25, ""peri_hz"": 52.5, ""delta_hz"": 1.25}, ""AVDL"": {""pre_hz"": 55.5, ""peri_hz"": 59.0, ""delta_hz"": 3.5}, ""AVDR"": {""pre_hz"": 55.5, ""peri_hz"": 59.0, ""delta_hz"": 3.5}, ""AVBL"": {""pre_hz"": 38.25, ""peri_hz"": 37.0, ""delta_hz"": -1.25}, ""AVBR"": {""pre_hz"": 48.75, ""peri_hz"": 54.5, ""delta_hz"": 5.75}, ""RIML"": {""pre_hz"": 36.5, ""peri_hz"": 39.5, ""delta_hz"": 3.0}, ""RIMR"": {""pre_hz"": 39.0, ""peri_hz"": 42.0, ""delta_hz"": 3.0}, ""RIS"": {""pre_hz"": 0.25, ""peri_hz"": 0.0, ""delta_hz"": -0.25}, ""PVCL"": {""pre_hz"": 55.5, ""peri_hz"": 59.0, ""delta_hz"": 3.5}, ""PVCR"": {""pre_hz"": 55.5, ""peri_hz"": 59.0, ""delta_hz"": 3.5}}","{""ALML"": {""pre_hz"": 1.5, ""peri_hz"": 1.0, ""delta_hz"": -0.5}, ""ALMR"": {""pre_hz"": 0.75, ""peri_hz"": 2.0, ""delta_hz"": 1.25}, ""AVM"": {""pre_hz"": 0.25, ""peri_hz"": 1.0, ""delta_hz"": 0.75}, ""AIBL"": {""pre_hz"": 26.75, ""peri_hz"": 29.0, ""delta_hz"": 2.25}, ""AIBR"": {""pre_hz"": 29.75, ""peri_hz"": 28.5, ""delta_hz"": -1.25}, ""AVAL"": {""pre_hz"": 55.5, ""peri_hz"": 60.0, ""delta_hz"": 4.5}, ""AVAR"": {""pre_hz"": 55.75, ""peri_hz"": 59.5, ""delta_hz"": 3.75}, ""AVEL"": {""pre_hz"": 54.75, ""peri_hz"": 55.5, ""delta_hz"": 0.75}, ""AVER"": {""pre_hz"": 51.25, ""peri_hz"": 52.5, ""delta_hz"": 1.25}, ""AVDL"": {""pre_hz"": 55.5, ""peri_hz"": 59.0, ""delta_hz"": 3.5}, ""AVDR"": {""pre_hz"": 55.5, ""peri_hz"": 59.0, ""delta_hz"": 3.5}, ""AVBL"": {""pre_hz"": 38.25, ""peri_hz"": 37.5, ""delta_hz"": -0.75}, ""AVBR"": {""pre_hz"": 48.75, ""peri_hz"": 54.5, ""delta_hz"": 5.75}, ""RIML"": {""pre_hz"": 36.5, ""peri_hz"": 39.5, ""delta_hz"": 3.0}, ""RIMR"": {""pre_hz"": 39.0, ""peri_hz"": 42.0, ""delta_hz"": 3.0}, ""RIS"": {""pre_hz"": 0.25, ""peri_hz"": 0.0, ""delta_hz"": -0.25}, ""PVCL"": {""pre_hz"": 55.5, ""peri_hz"": 59.0, ""delta_hz"": 3.5}, ""PVCR"": {""pre_hz"": 55.5, ""peri_hz"": 59.0, ""delta_hz"": 3.5}}",
M2-pure,NSM / food,food,50,60.0,0.13833333333333334,0.8108333333333333,0.0,0.050833333333333335,0.0,0.019166666666666665,0.0,0.0,0.0,0.9808333333333333,-0.8108333333333333,0.0,-0.050833333333333335,0.9808333333333333,-0.11916666666666667,"{""ALML"": {""pre_hz"": 1.0, ""peri_hz"": 1.5, ""delta_hz"": 0.5}, ""ALMR"": {""pre_hz"": 1.75, ""peri_hz"": 0.5, ""delta_hz"": -1.25}, ""AVM"": {""pre_hz"": 0.75, ""peri_hz"": 0.5, ""delta_hz"": -0.25}, ""AIBL"": {""pre_hz"": 23.25, ""peri_hz"": 27.5, ""delta_hz"": 4.25}, ""AIBR"": {""pre_hz"": 22.5, ""peri_hz"": 35.0, ""delta_hz"": 12.5}, ""AVAL"": {""pre_hz"": 48.0, ""peri_hz"": 61.0, ""delta_hz"": 13.0}, ""AVAR"": {""pre_hz"": 48.25, ""peri_hz"": 62.0, ""delta_hz"": 13.75}, ""AVEL"": {""pre_hz"": 49.5, ""peri_hz"": 57.5, ""delta_hz"": 8.0}, ""AVER"": {""pre_hz"": 44.0, ""peri_hz"": 56.0, ""delta_hz"": 12.0}, ""AVDL"": {""pre_hz"": 47.75, ""peri_hz"": 61.0, ""delta_hz"": 13.25}, ""AVDR"": {""pre_hz"": 47.75, ""peri_hz"": 61.0, ""delta_hz"": 13.25}, ""AVBL"": {""pre_hz"": 31.0, ""peri_hz"": 45.0, ""delta_hz"": 14.0}, ""AVBR"": {""pre_hz"": 43.5, ""peri_hz"": 53.0, ""delta_hz"": 9.5}, ""RIML"": {""pre_hz"": 29.25, ""peri_hz"": 42.0, ""delta_hz"": 12.75}, ""RIMR"": {""pre_hz"": 35.5, ""peri_hz"": 42.0, ""delta_hz"": 6.5}, ""RIS"": {""pre_hz"": 0.25, ""peri_hz"": 0.5, ""delta_hz"": 0.25}, ""PVCL"": {""pre_hz"": 47.75, ""peri_hz"": 61.0, ""delta_hz"": 13.25}, ""PVCR"": {""pre_hz"": 47.75, ""peri_hz"": 61.5, ""delta_hz"": 13.75}}","{""ALML"": {""pre_hz"": 0.75, ""peri_hz"": 1.5, ""delta_hz"": 0.75}, ""ALMR"": {""pre_hz"": 1.75, ""peri_hz"": 0.5, ""delta_hz"": -1.25}, ""AVM"": {""pre_hz"": 0.75, ""peri_hz"": 0.5, ""delta_hz"": -0.25}, ""AIBL"": {""pre_hz"": 23.5, ""peri_hz"": 28.0, ""delta_hz"": 4.5}, ""AIBR"": {""pre_hz"": 21.75, ""peri_hz"": 34.0, ""delta_hz"": 12.25}, ""AVAL"": {""pre_hz"": 45.5, ""peri_hz"": 59.0, ""delta_hz"": 13.5}, ""AVAR"": {""pre_hz"": 45.5, ""peri_hz"": 60.5, ""delta_hz"": 15.0}, ""AVEL"": {""pre_hz"": 46.75, ""peri_hz"": 56.0, ""delta_hz"": 9.25}, ""AVER"": {""pre_hz"": 39.5, ""peri_hz"": 53.5, ""delta_hz"": 14.0}, ""AVDL"": {""pre_hz"": 45.25, ""peri_hz"": 59.0, ""delta_hz"": 13.75}, ""AVDR"": {""pre_hz"": 45.25, ""peri_hz"": 59.0, ""delta_hz"": 13.75}, ""AVBL"": {""pre_hz"": 29.0, ""peri_hz"": 43.0, ""delta_hz"": 14.0}, ""AVBR"": {""pre_hz"": 40.5, ""peri_hz"": 50.5, ""delta_hz"": 10.0}, ""RIML"": {""pre_hz"": 27.25, ""peri_hz"": 40.5, ""delta_hz"": 13.25}, ""RIMR"": {""pre_hz"": 33.25, ""peri_hz"": 40.0, ""delta_hz"": 6.75}, ""RIS"": {""pre_hz"": 0.5, ""peri_hz"": 0.5, ""delta_hz"": 0.0}, ""PVCL"": {""pre_hz"": 45.25, ""peri_hz"": 59.0, ""delta_hz"": 13.75}, ""PVCR"": {""pre_hz"": 45.5, ""peri_hz"": 59.5, ""delta_hz"": 14.0}}",
M2-pure,NSM / food,food,51,60.0,0.01,0.0,0.016666666666666666,0.0,0.9733333333333334,0.01,0.0,0.016666666666666666,0.0,0.9733333333333334,0.0,0.0,0.0,0.0,0.0,"{""ALML"": {""pre_hz"": 1.25, ""peri_hz"": 3.0, ""delta_hz"": 1.75}, ""ALMR"": {""pre_hz"": 0.75, ""peri_hz"": 0.5, ""delta_hz"": -0.25}, ""AVM"": {""pre_hz"": 0.75, ""peri_hz"": 1.0, ""delta_hz"": 0.25}, ""AIBL"": {""pre_hz"": 22.75, ""peri_hz"": 28.0, ""delta_hz"": 5.25}, ""AIBR"": {""pre_hz"": 28.5, ""peri_hz"": 34.0, ""delta_hz"": 5.5}, ""AVAL"": {""pre_hz"": 49.25, ""peri_hz"": 58.5, ""delta_hz"": 9.25}, ""AVAR"": {""pre_hz"": 50.75, ""peri_hz"": 58.0, ""delta_hz"": 7.25}, ""AVEL"": {""pre_hz"": 47.5, ""peri_hz"": 57.5, ""delta_hz"": 10.0}, ""AVER"": {""pre_hz"": 45.0, ""peri_hz"": 53.0, ""delta_hz"": 8.0}, ""AVDL"": {""pre_hz"": 49.25, ""peri_hz"": 57.5, ""delta_hz"": 8.25}, ""AVDR"": {""pre_hz"": 49.25, ""peri_hz"": 57.5, ""delta_hz"": 8.25}, ""AVBL"": {""pre_hz"": 35.25, ""peri_hz"": 41.0, ""delta_hz"": 5.75}, ""AVBR"": {""pre_hz"": 44.25, ""peri_hz"": 48.5, ""delta_hz"": 4.25}, ""RIML"": {""pre_hz"": 34.25, ""peri_hz"": 37.0, ""delta_hz"": 2.75}, ""RIMR"": {""pre_hz"": 34.5, ""peri_hz"": 38.5, ""delta_hz"": 4.0}, ""RIS"": {""pre_hz"": 0.5, ""peri_hz"": 1.0, ""delta_hz"": 0.5}, ""PVCL"": {""pre_hz"": 49.25, ""peri_hz"": 57.5, ""delta_hz"": 8.25}, ""PVCR"": {""pre_hz"": 49.25, ""peri_hz"": 58.0, ""delta_hz"": 8.75}}","{""ALML"": {""pre_hz"": 1.25, ""peri_hz"": 3.0, ""delta_hz"": 1.75}, ""ALMR"": {""pre_hz"": 0.75, ""peri_hz"": 0.5, ""delta_hz"": -0.25}, ""AVM"": {""pre_hz"": 0.75, ""peri_hz"": 1.0, ""delta_hz"": 0.25}, ""AIBL"": {""pre_hz"": 22.5, ""peri_hz"": 28.0, ""delta_hz"": 5.5}, ""AIBR"": {""pre_hz"": 28.5, ""peri_hz"": 34.0, ""delta_hz"": 5.5}, ""AVAL"": {""pre_hz"": 49.0, ""peri_hz"": 58.5, ""delta_hz"": 9.5}, ""AVAR"": {""pre_hz"": 50.5, ""peri_hz"": 58.0, ""delta_hz"": 7.5}, ""AVEL"": {""pre_hz"": 47.5, ""peri_hz"": 57.5, ""delta_hz"": 10.0}, ""AVER"": {""pre_hz"": 44.75, ""peri_hz"": 53.0, ""delta_hz"": 8.25}, ""AVDL"": {""pre_hz"": 49.0, ""peri_hz"": 57.5, ""delta_hz"": 8.5}, ""AVDR"": {""pre_hz"": 49.0, ""peri_hz"": 57.5, ""delta_hz"": 8.5}, ""AVBL"": {""pre_hz"": 35.5, ""peri_hz"": 41.0, ""delta_hz"": 5.5}, ""AVBR"": {""pre_hz"": 44.5, ""peri_hz"": 48.5, ""delta_hz"": 4.0}, ""RIML"": {""pre_hz"": 34.5, ""peri_hz"": 37.0, ""delta_hz"": 2.5}, ""RIMR"": {""pre_hz"": 34.5, ""peri_hz"": 38.5, ""delta_hz"": 4.0}, ""RIS"": {""pre_hz"": 0.5, ""peri_hz"": 1.0, ""delta_hz"": 0.5}, ""PVCL"": {""pre_hz"": 49.0, ""peri_hz"": 57.5, ""delta_hz"": 8.5}, ""PVCR"": {""pre_hz"": 49.0, ""peri_hz"": 58.0, ""delta_hz"": 9.0}}",
M2-pure,RIM / touch,touch,42,60.0,0.0125,0.0,0.06916666666666667,0.0,0.9183333333333333,0.2275,0.4891666666666667,0.03333333333333333,0.0,0.25,0.4891666666666667,-0.035833333333333335,0.0,-0.6683333333333333,0.215,"{""ALML"": {""pre_hz"": 1.75, ""peri_hz"": 86.0, ""delta_hz"": 84.25}, ""ALMR"": {""pre_hz"": 0.25, ""peri_hz"": 92.0, ""delta_hz"": 91.75}, ""AVM"": {""pre_hz"": 0.5, ""peri_hz"": 90.5, ""delta_hz"": 90.0}, ""AIBL"": {""pre_hz"": 11.25, ""peri_hz"": 13.5, ""delta_hz"": 2.25}, ""AIBR"": {""pre_hz"": 14.25, ""peri_hz"": 22.5, ""delta_hz"": 8.25}, ""AVAL"": {""pre_hz"": 38.5, ""peri_hz"": 98.5, ""delta_hz"": 60.0}, ""AVAR"": {""pre_hz"": 39.5, ""peri_hz"": 98.5, ""delta_hz"": 59.0}, ""AVEL"": {""pre_hz"": 36.75, ""peri_hz"": 81.0, ""delta_hz"": 44.25}, ""AVER"": {""pre_hz"": 35.75, ""peri_hz"": 81.0, ""delta_hz"": 45.25}, ""AVDL"": {""pre_hz"": 38.25, ""peri_hz"": 98.5, ""delta_hz"": 60.25}, ""AVDR"": {""pre_hz"": 38.25, ""peri_hz"": 98.5, ""delta_hz"": 60.25}, ""AVBL"": {""pre_hz"": 31.75, ""peri_hz"": 83.5, ""delta_hz"": 51.75}, ""AVBR"": {""pre_hz"": 36.75, ""peri_hz"": 92.5, ""delta_hz"": 55.75}, ""RIML"": {""pre_hz"": 22.5, ""peri_hz"": 38.0, ""delta_hz"": 15.5}, ""RIMR"": {""pre_hz"": 25.5, ""peri_hz"": 37.0, ""delta_hz"": 11.5}, ""RIS"": {""pre_hz"": 1.0, ""peri_hz"": 2.0, ""delta_hz"": 1.0}, ""PVCL"": {""pre_hz"": 38.25, ""peri_hz"": 98.5, ""delta_hz"": 60.25}, ""PVCR"": {""pre_hz"": 38.25, ""peri_hz"": 111.5, ""delta_hz"": 73.25}}","{""ALML"": {""pre_hz"": 1.75, ""peri_hz"": 86.0, ""delta_hz"": 84.25}, ""ALMR"": {""pre_hz"": 0.25, ""peri_hz"": 92.0, ""delta_hz"": 91.75}, ""AVM"": {""pre_hz"": 0.5, ""peri_hz"": 90.0, ""delta_hz"": 89.5}, ""AIBL"": {""pre_hz"": 14.0, ""peri_hz"": 15.0, ""delta_hz"": 1.0}, ""AIBR"": {""pre_hz"": 14.5, ""peri_hz"": 27.5, ""delta_hz"": 13.0}, ""AVAL"": {""pre_hz"": 33.5, ""peri_hz"": 97.5, ""delta_hz"": 64.0}, ""AVAR"": {""pre_hz"": 34.0, ""peri_hz"": 98.5, ""delta_hz"": 64.5}, ""AVEL"": {""pre_hz"": 25.0, ""peri_hz"": 58.0, ""delta_hz"": 33.0}, ""AVER"": {""pre_hz"": 26.5, ""peri_hz"": 65.5, ""delta_hz"": 39.0}, ""AVDL"": {""pre_hz"": 33.5, ""peri_hz"": 97.0, ""delta_hz"": 63.5}, ""AVDR"": {""pre_hz"": 33.5, ""peri_hz"": 97.0, ""delta_hz"": 63.5}, ""AVBL"": {""pre_hz"": 29.75, ""peri_hz"": 86.0, ""delta_hz"": 56.25}, ""AVBR"": {""pre_hz"": 34.25, ""peri_hz"": 96.0, ""delta_hz"": 61.75}, ""RIML"": {""pre_hz"": 1.25, ""peri_hz"": 2.5, ""delta_hz"": 1.25}, ""RIMR"": {""pre_hz"": 2.75, ""peri_hz"": 3.5, ""delta_hz"": 0.75}, ""RIS"": {""pre_hz"": 0.0, ""peri_hz"": 2.0, ""delta_hz"": 2.0}, ""PVCL"": {""pre_hz"": 33.5, ""peri_hz"": 97.0, ""delta_hz"": 63.5}, ""PVCR"": {""pre_hz"": 33.5, ""peri_hz"": 108.5, ""delta_hz"": 75.0}}",
M2-pure,RIM / touch,touch,43,60.0,0.8558333333333333,0.008333333333333333,0.035,0.10083333333333333,0.0,0.59,0.30916666666666665,0.0,0.10083333333333333,0.0,0.3008333333333333,-0.035,0.0,0.0,-0.26583333333333337,"{""ALML"": {""pre_hz"": 0.75, ""peri_hz"": 91.0, ""delta_hz"": 90.25}, ""ALMR"": {""pre_hz"": 0.5, ""peri_hz"": 91.0, ""delta_hz"": 90.5}, ""AVM"": {""pre_hz"": 0.5, ""peri_hz"": 94.0, ""delta_hz"": 93.5}, ""AIBL"": {""pre_hz"": 9.75, ""peri_hz"": 11.5, ""delta_hz"": 1.75}, ""AIBR"": {""pre_hz"": 12.25, ""peri_hz"": 18.5, ""delta_hz"": 6.25}, ""AVAL"": {""pre_hz"": 38.75, ""peri_hz"": 108.0, ""delta_hz"": 69.25}, ""AVAR"": {""pre_hz"": 39.25, ""peri_hz"": 109.0, ""delta_hz"": 69.75}, ""AVEL"": {""pre_hz"": 37.25, ""peri_hz"": 89.0, ""delta_hz"": 51.75}, ""AVER"": {""pre_hz"": 35.75, ""peri_hz"": 93.0, ""delta_hz"": 57.25}, ""AVDL"": {""pre_hz"": 38.5, ""peri_hz"": 108.0, ""delta_hz"": 69.5}, ""AVDR"": {""pre_hz"": 38.5, ""peri_hz"": 108.0, ""delta_hz"": 69.5}, ""AVBL"": {""pre_hz"": 32.0, ""peri_hz"": 90.5, ""delta_hz"": 58.5}, ""AVBR"": {""pre_hz"": 37.0, ""peri_hz"": 101.0, ""delta_hz"": 64.0}, ""RIML"": {""pre_hz"": 21.75, ""peri_hz"": 32.0, ""delta_hz"": 10.25}, ""RIMR"": {""pre_hz"": 26.75, ""peri_hz"": 38.0, ""delta_hz"": 11.25}, ""RIS"": {""pre_hz"": 0.5, ""peri_hz"": 0.5, ""delta_hz"": 0.0}, ""PVCL"": {""pre_hz"": 38.5, ""peri_hz"": 108.0, ""delta_hz"": 69.5}, ""PVCR"": {""pre_hz"": 38.5, ""peri_hz"": 116.5, ""delta_hz"": 78.0}}","{""ALML"": {""pre_hz"": 1.0, ""peri_hz"": 89.0, ""delta_hz"": 88.0}, ""ALMR"": {""pre_hz"": 0.5, ""peri_hz"": 91.5, ""delta_hz"": 91.0}, ""AVM"": {""pre_hz"": 0.5, ""peri_hz"": 94.0, ""delta_hz"": 93.5}, ""AIBL"": {""pre_hz"": 13.5, ""peri_hz"": 15.0, ""delta_hz"": 1.5}, ""AIBR"": {""pre_hz"": 11.5, ""peri_hz"": 22.5, ""delta_hz"": 11.0}, ""AVAL"": {""pre_hz"": 34.25, ""peri_hz"": 107.0, ""delta_hz"": 72.75}, ""AVAR"": {""pre_hz"": 35.0, ""peri_hz"": 107.5, ""delta_hz"": 72.5}, ""AVEL"": {""pre_hz"": 26.0, ""peri_hz"": 64.0, ""delta_hz"": 38.0}, ""AVER"": {""pre_hz"": 25.5, ""peri_hz"": 67.0, ""delta_hz"": 41.5}, ""AVDL"": {""pre_hz"": 33.75, ""peri_hz"": 107.0, ""delta_hz"": 73.25}, ""AVDR"": {""pre_hz"": 33.75, ""peri_hz"": 107.0, ""delta_hz"": 73.25}, ""AVBL"": {""pre_hz"": 28.5, ""peri_hz"": 94.5, ""delta_hz"": 66.0}, ""AVBR"": {""pre_hz"": 34.75, ""peri_hz"": 106.5, ""delta_hz"": 71.75}, ""RIML"": {""pre_hz"": 0.25, ""peri_hz"": 2.5, ""delta_hz"": 2.25}, ""RIMR"": {""pre_hz"": 2.75, ""peri_hz"": 5.0, ""delta_hz"": 2.25}, ""RIS"": {""pre_hz"": 0.5, ""peri_hz"": 0.5, ""delta_hz"": 0.0}, ""PVCL"": {""pre_hz"": 33.75, ""peri_hz"": 107.0, ""delta_hz"": 73.25}, ""PVCR"": {""pre_hz"": 33.75, ""peri_hz"": 114.5, ""delta_hz"": 80.75}}",
M2-pure,RIM / touch,touch,44,60.0,0.30083333333333334,0.6158333333333333,0.03333333333333333,0.05,0.0,0.29,0.66,0.0,0.05,0.0,0.04416666666666669,-0.03333333333333333,0.0,0.0,-0.010833333333333361,"{""ALML"": {""pre_hz"": 0.5, ""peri_hz"": 82.5, ""delta_hz"": 82.0}, ""ALMR"": {""pre_hz"": 0.5, ""peri_hz"": 82.0, ""delta_hz"": 81.5}, ""AVM"": {""pre_hz"": 1.75, ""peri_hz"": 85.5, ""delta_hz"": 83.75}, ""AIBL"": {""pre_hz"": 10.75, ""peri_hz"": 14.0, ""delta_hz"": 3.25}, ""AIBR"": {""pre_hz"": 11.25, ""peri_hz"": 16.0, ""delta_hz"": 4.75}, ""AVAL"": {""pre_hz"": 37.0, ""peri_hz"": 98.5, ""delta_hz"": 61.5}, ""AVAR"": {""pre_hz"": 37.25, ""peri_hz"": 97.5, ""delta_hz"": 60.25}, ""AVEL"": {""pre_hz"": 34.75, ""peri_hz"": 83.5, ""delta_hz"": 48.75}, ""AVER"": {""pre_hz"": 34.5, ""peri_hz"": 86.0, ""delta_hz"": 51.5}, ""AVDL"": {""pre_hz"": 37.0, ""peri_hz"": 97.5, ""delta_hz"": 60.5}, ""AVDR"": {""pre_hz"": 37.0, ""peri_hz"": 97.5, ""delta_hz"": 60.5}, ""AVBL"": {""pre_hz"": 32.75, ""peri_hz"": 81.0, ""delta_hz"": 48.25}, ""AVBR"": {""pre_hz"": 36.25, ""peri_hz"": 92.0, ""delta_hz"": 55.75}, ""RIML"": {""pre_hz"": 19.0, ""peri_hz"": 32.5, ""delta_hz"": 13.5}, ""RIMR"": {""pre_hz"": 26.5, ""peri_hz"": 38.0, ""delta_hz"": 11.5}, ""RIS"": {""pre_hz"": 0.5, ""peri_hz"": 3.0, ""delta_hz"": 2.5}, ""PVCL"": {""pre_hz"": 37.0, ""peri_hz"": 97.5, ""delta_hz"": 60.5}, ""PVCR"": {""pre_hz"": 37.5, ""peri_hz"": 110.0, ""delta_hz"": 72.5}}","{""ALML"": {""pre_hz"": 0.75, ""peri_hz"": 82.5, ""delta_hz"": 81.75}, ""ALMR"": {""pre_hz"": 0.5, ""peri_hz"": 84.0, ""delta_hz"": 83.5}, ""AVM"": {""pre_hz"": 2.0, ""peri_hz"": 85.0, ""delta_hz"": 83.0}, ""AIBL"": {""pre_hz"": 12.5, ""peri_hz"": 15.5, ""delta_hz"": 3.0}, ""AIBR"": {""pre_hz"": 12.5, ""peri_hz"": 17.5, ""delta_hz"": 5.0}, ""AVAL"": {""pre_hz"": 32.0, ""peri_hz"": 92.5, ""delta_hz"": 60.5}, ""AVAR"": {""pre_hz"": 32.25, ""peri_hz"": 92.0, ""delta_hz"": 59.75}, ""AVEL"": {""pre_hz"": 25.0, ""peri_hz"": 57.0, ""delta_hz"": 32.0}, ""AVER"": {""pre_hz"": 24.5, ""peri_hz"": 58.0, ""delta_hz"": 33.5}, ""AVDL"": {""pre_hz"": 31.5, ""peri_hz"": 92.0, ""delta_hz"": 60.5}, ""AVDR"": {""pre_hz"": 31.5, ""peri_hz"": 92.0, ""delta_hz"": 60.5}, ""AVBL"": {""pre_hz"": 28.75, ""peri_hz"": 82.5, ""delta_hz"": 53.75}, ""AVBR"": {""pre_hz"": 33.0, ""peri_hz"": 93.0, ""delta_hz"": 60.0}, ""RIML"": {""pre_hz"": 1.0, ""peri_hz"": 0.5, ""delta_hz"": -0.5}, ""RIMR"": {""pre_hz"": 1.75, ""peri_hz"": 3.5, ""delta_hz"": 1.75}, ""RIS"": {""pre_hz"": 0.5, ""peri_hz"": 1.0, ""delta_hz"": 0.5}, ""PVCL"": {""pre_hz"": 31.5, ""peri_hz"": 93.0, ""delta_hz"": 61.5}, ""PVCR"": {""pre_hz"": 31.75, ""peri_hz"": 101.5, ""delta_hz"": 69.75}}",
M2-pure,RIM / touch,touch,45,60.0,0.011666666666666667,0.0,0.035,0.050833333333333335,0.9025,0.010833333333333334,0.0,0.0175,0.050833333333333335,0.9208333333333333,0.0,-0.0175,0.0,0.018333333333333313,-0.0008333333333333335,"{""ALML"": {""pre_hz"": 1.75, ""peri_hz"": 90.0, ""delta_hz"": 88.25}, ""ALMR"": {""pre_hz"": 0.5, ""peri_hz"": 84.0, ""delta_hz"": 83.5}, ""AVM"": {""pre_hz"": 0.25, ""peri_hz"": 87.5, ""delta_hz"": 87.25}, ""AIBL"": {""pre_hz"": 9.75, ""peri_hz"": 15.0, ""delta_hz"": 5.25}, ""AIBR"": {""pre_hz"": 12.5, ""peri_hz"": 15.5, ""delta_hz"": 3.0}, ""AVAL"": {""pre_hz"": 38.0, ""peri_hz"": 99.0, ""delta_hz"": 61.0}, ""AVAR"": {""pre_hz"": 38.25, ""peri_hz"": 99.5, ""delta_hz"": 61.25}, ""AVEL"": {""pre_hz"": 34.0, ""peri_hz"": 82.0, ""delta_hz"": 48.0}, ""AVER"": {""pre_hz"": 32.5, ""peri_hz"": 84.5, ""delta_hz"": 52.0}, ""AVDL"": {""pre_hz"": 37.5, ""peri_hz"": 99.0, ""delta_hz"": 61.5}, ""AVDR"": {""pre_hz"": 37.5, ""peri_hz"": 98.5, ""delta_hz"": 61.0}, ""AVBL"": {""pre_hz"": 32.75, ""peri_hz"": 81.5, ""delta_hz"": 48.75}, ""AVBR"": {""pre_hz"": 36.75, ""peri_hz"": 93.0, ""delta_hz"": 56.25}, ""RIML"": {""pre_hz"": 22.0, ""peri_hz"": 30.0, ""delta_hz"": 8.0}, ""RIMR"": {""pre_hz"": 24.25, ""peri_hz"": 38.5, ""delta_hz"": 14.25}, ""RIS"": {""pre_hz"": 1.25, ""peri_hz"": 1.5, ""delta_hz"": 0.25}, ""PVCL"": {""pre_hz"": 37.5, ""peri_hz"": 99.0, ""delta_hz"": 61.5}, ""PVCR"": {""pre_hz"": 37.5, ""peri_hz"": 106.5, ""delta_hz"": 69.0}}","{""ALML"": {""pre_hz"": 2.0, ""peri_hz"": 91.5, ""delta_hz"": 89.5}, ""ALMR"": {""pre_hz"": 0.5, ""peri_hz"": 85.0, ""delta_hz"": 84.5}, ""AVM"": {""pre_hz"": 0.25, ""peri_hz"": 87.5, ""delta_hz"": 87.25}, ""AIBL"": {""pre_hz"": 11.5, ""peri_hz"": 18.0, ""delta_hz"": 6.5}, ""AIBR"": {""pre_hz"": 13.75, ""peri_hz"": 18.0, ""delta_hz"": 4.25}, ""AVAL"": {""pre_hz"": 35.0, ""peri_hz"": 92.0, ""delta_hz"": 57.0}, ""AVAR"": {""pre_hz"": 35.25, ""peri_hz"": 92.0, ""delta_hz"": 56.75}, ""AVEL"": {""pre_hz"": 24.0, ""peri_hz"": 52.5, ""delta_hz"": 28.5}, ""AVER"": {""pre_hz"": 24.75, ""peri_hz"": 53.0, ""delta_hz"": 28.25}, ""AVDL"": {""pre_hz"": 34.25, ""peri_hz"": 92.0, ""delta_hz"": 57.75}, ""AVDR"": {""pre_hz"": 34.5, ""peri_hz"": 92.0, ""delta_hz"": 57.5}, ""AVBL"": {""pre_hz"": 31.25, ""peri_hz"": 82.5, ""delta_hz"": 51.25}, ""AVBR"": {""pre_hz"": 35.5, ""peri_hz"": 89.0, ""delta_hz"": 53.5}, ""RIML"": {""pre_hz"": 0.5, ""peri_hz"": 1.0, ""delta_hz"": 0.5}, ""RIMR"": {""pre_hz"": 2.25, ""peri_hz"": 3.0, ""delta_hz"": 0.75}, ""RIS"": {""pre_hz"": 0.25, ""peri_hz"": 0.5, ""delta_hz"": 0.25}, ""PVCL"": {""pre_hz"": 34.5, ""peri_hz"": 92.0, ""delta_hz"": 57.5}, ""PVCR"": {""pre_hz"": 34.5, ""peri_hz"": 100.0, ""delta_hz"": 65.5}}",
M2-pure,RIM / touch,touch,46,60.0,0.7283333333333334,0.22,0.051666666666666666,0.0,0.0,0.43166666666666664,0.49916666666666665,0.06916666666666667,0.0,0.0,0.2791666666666667,0.0175,0.0,0.0,-0.29666666666666675,"{""ALML"": {""pre_hz"": 1.5, ""peri_hz"": 84.5, ""delta_hz"": 83.0}, ""ALMR"": {""pre_hz"": 1.5, ""peri_hz"": 89.5, ""delta_hz"": 88.0}, ""AVM"": {""pre_hz"": 0.75, ""peri_hz"": 87.5, ""delta_hz"": 86.75}, ""AIBL"": {""pre_hz"": 10.0, ""peri_hz"": 16.0, ""delta_hz"": 6.0}, ""AIBR"": {""pre_hz"": 13.75, ""peri_hz"": 16.0, ""delta_hz"": 2.25}, ""AVAL"": {""pre_hz"": 43.75, ""peri_hz"": 93.0, ""delta_hz"": 49.25}, ""AVAR"": {""pre_hz"": 43.75, ""peri_hz"": 93.0, ""delta_hz"": 49.25}, ""AVEL"": {""pre_hz"": 39.75, ""peri_hz"": 80.5, ""delta_hz"": 40.75}, ""AVER"": {""pre_hz"": 39.0, ""peri_hz"": 77.0, ""delta_hz"": 38.0}, ""AVDL"": {""pre_hz"": 43.0, ""peri_hz"": 93.0, ""delta_hz"": 50.0}, ""AVDR"": {""pre_hz"": 43.0, ""peri_hz"": 93.0, ""delta_hz"": 50.0}, ""AVBL"": {""pre_hz"": 34.75, ""peri_hz"": 76.0, ""delta_hz"": 41.25}, ""AVBR"": {""pre_hz"": 41.25, ""peri_hz"": 89.5, ""delta_hz"": 48.25}, ""RIML"": {""pre_hz"": 23.5, ""peri_hz"": 33.0, ""delta_hz"": 9.5}, ""RIMR"": {""pre_hz"": 27.5, ""peri_hz"": 41.0, ""delta_hz"": 13.5}, ""RIS"": {""pre_hz"": 0.75, ""peri_hz"": 3.5, ""delta_hz"": 2.75}, ""PVCL"": {""pre_hz"": 43.0, ""peri_hz"": 93.0, ""delta_hz"": 50.0}, ""PVCR"": {""pre_hz"": 43.0, ""peri_hz"": 105.0, ""delta_hz"": 62.0}}","{""ALML"": {""pre_hz"": 1.5, ""peri_hz"": 84.5, ""delta_hz"": 83.0}, ""ALMR"": {""pre_hz"": 2.0, ""peri_hz"": 90.5, ""delta_hz"": 88.5}, ""AVM"": {""pre_hz"": 0.75, ""peri_hz"": 85.5, ""delta_hz"": 84.75}, ""AIBL"": {""pre_hz"": 12.25, ""peri_hz"": 19.0, ""delta_hz"": 6.75}, ""AIBR"": {""pre_hz"": 16.5, ""peri_hz"": 20.0, ""delta_hz"": 3.5}, ""AVAL"": {""pre_hz"": 39.25, ""peri_hz"": 91.5, ""delta_hz"": 52.25}, ""AVAR"": {""pre_hz"": 39.75, ""peri_hz"": 92.0, ""delta_hz"": 52.25}, ""AVEL"": {""pre_hz"": 27.75, ""peri_hz"": 58.5, ""delta_hz"": 30.75}, ""AVER"": {""pre_hz"": 28.0, ""peri_hz"": 57.0, ""delta_hz"": 29.0}, ""AVDL"": {""pre_hz"": 38.0, ""peri_hz"": 91.5, ""delta_hz"": 53.5}, ""AVDR"": {""pre_hz"": 38.0, ""peri_hz"": 91.5, ""delta_hz"": 53.5}, ""AVBL"": {""pre_hz"": 33.5, ""peri_hz"": 82.5, ""delta_hz"": 49.0}, ""AVBR"": {""pre_hz"": 40.0, ""peri_hz"": 92.0, ""delta_hz"": 52.0}, ""RIML"": {""pre_hz"": 2.0, ""peri_hz"": 0.5, ""delta_hz"": -1.5}, ""RIMR"": {""pre_hz"": 2.75, ""peri_hz"": 6.5, ""delta_hz"": 3.75}, ""RIS"": {""pre_hz"": 0.25, ""peri_hz"": 1.5, ""delta_hz"": 1.25}, ""PVCL"": {""pre_hz"": 38.0, ""peri_hz"": 91.5, ""delta_hz"": 53.5}, ""PVCR"": {""pre_hz"": 38.25, ""peri_hz"": 102.0, ""delta_hz"": 63.75}}",
M2-pure,RIM / touch,touch,47,60.0,0.49583333333333335,0.43083333333333335,0.06916666666666667,0.0,0.004166666666666667,0.015833333333333335,0.0,0.06916666666666667,0.0,0.915,-0.43083333333333335,0.0,0.0,0.9108333333333334,-0.48000000000000004,"{""ALML"": {""pre_hz"": 2.0, ""peri_hz"": 89.0, ""delta_hz"": 87.0}, ""ALMR"": {""pre_hz"": 2.0, ""peri_hz"": 89.5, ""delta_hz"": 87.5}, ""AVM"": {""pre_hz"": 0.25, ""peri_hz"": 85.0, ""delta_hz"": 84.75}, ""AIBL"": {""pre_hz"": 10.75, ""peri_hz"": 13.5, ""delta_hz"": 2.75}, ""AIBR"": {""pre_hz"": 13.25, ""peri_hz"": 16.5, ""delta_hz"": 3.25}, ""AVAL"": {""pre_hz"": 38.75, ""peri_hz"": 99.5, ""delta_hz"": 60.75}, ""AVAR"": {""pre_hz"": 38.75, ""peri_hz"": 101.5, ""delta_hz"": 62.75}, ""AVEL"": {""pre_hz"": 36.5, ""peri_hz"": 84.0, ""delta_hz"": 47.5}, ""AVER"": {""pre_hz"": 35.75, ""peri_hz"": 81.5, ""delta_hz"": 45.75}, ""AVDL"": {""pre_hz"": 38.25, ""peri_hz"": 99.5, ""delta_hz"": 61.25}, ""AVDR"": {""pre_hz"": 38.25, ""peri_hz"": 99.5, ""delta_hz"": 61.25}, ""AVBL"": {""pre_hz"": 32.75, ""peri_hz"": 84.5, ""delta_hz"": 51.75}, ""AVBR"": {""pre_hz"": 35.25, ""peri_hz"": 94.5, ""delta_hz"": 59.25}, ""RIML"": {""pre_hz"": 21.75, ""peri_hz"": 30.5, ""delta_hz"": 8.75}, ""RIMR"": {""pre_hz"": 25.5, ""peri_hz"": 42.5, ""delta_hz"": 17.0}, ""RIS"": {""pre_hz"": 1.0, ""peri_hz"": 1.5, ""delta_hz"": 0.5}, ""PVCL"": {""pre_hz"": 38.25, ""peri_hz"": 99.5, ""delta_hz"": 61.25}, ""PVCR"": {""pre_hz"": 38.25, ""peri_hz"": 110.5, ""delta_hz"": 72.25}}","{""ALML"": {""pre_hz"": 1.75, ""peri_hz"": 89.0, ""delta_hz"": 87.25}, ""ALMR"": {""pre_hz"": 2.5, ""peri_hz"": 89.5, ""delta_hz"": 87.0}, ""AVM"": {""pre_hz"": 0.25, ""peri_hz"": 85.0, ""delta_hz"": 84.75}, ""AIBL"": {""pre_hz"": 12.0, ""peri_hz"": 15.0, ""delta_hz"": 3.0}, ""AIBR"": {""pre_hz"": 14.25, ""peri_hz"": 20.5, ""delta_hz"": 6.25}, ""AVAL"": {""pre_hz"": 32.5, ""peri_hz"": 100.0, ""delta_hz"": 67.5}, ""AVAR"": {""pre_hz"": 33.5, ""peri_hz"": 101.0, ""delta_hz"": 67.5}, ""AVEL"": {""pre_hz"": 23.25, ""peri_hz"": 59.0, ""delta_hz"": 35.75}, ""AVER"": {""pre_hz"": 24.75, ""peri_hz"": 61.0, ""delta_hz"": 36.25}, ""AVDL"": {""pre_hz"": 32.5, ""peri_hz"": 100.0, ""delta_hz"": 67.5}, ""AVDR"": {""pre_hz"": 32.5, ""peri_hz"": 100.0, ""delta_hz"": 67.5}, ""AVBL"": {""pre_hz"": 30.5, ""peri_hz"": 89.5, ""delta_hz"": 59.0}, ""AVBR"": {""pre_hz"": 33.0, ""peri_hz"": 100.5, ""delta_hz"": 67.5}, ""RIML"": {""pre_hz"": 1.5, ""peri_hz"": 2.0, ""delta_hz"": 0.5}, ""RIMR"": {""pre_hz"": 1.5, ""peri_hz"": 2.0, ""delta_hz"": 0.5}, ""RIS"": {""pre_hz"": 0.5, ""peri_hz"": 0.5, ""delta_hz"": 0.0}, ""PVCL"": {""pre_hz"": 32.5, ""peri_hz"": 100.0, ""delta_hz"": 67.5}, ""PVCR"": {""pre_hz"": 32.5, ""peri_hz"": 112.0, ""delta_hz"": 79.5}}",
M2-pure,RIM / touch,touch,48,60.0,0.6008333333333333,0.39916666666666667,0.0,0.0,0.0,0.37,0.595,0.035,0.0,0.0,0.1958333333333333,0.035,0.0,0.0,-0.23083333333333333,"{""ALML"": {""pre_hz"": 1.0, ""peri_hz"": 95.0, ""delta_hz"": 94.0}, ""ALMR"": {""pre_hz"": 2.0, ""peri_hz"": 90.5, ""delta_hz"": 88.5}, ""AVM"": {""pre_hz"": 1.0, ""peri_hz"": 92.5, ""delta_hz"": 91.5}, ""AIBL"": {""pre_hz"": 11.25, ""peri_hz"": 13.5, ""delta_hz"": 2.25}, ""AIBR"": {""pre_hz"": 13.25, ""peri_hz"": 19.0, ""delta_hz"": 5.75}, ""AVAL"": {""pre_hz"": 39.25, ""peri_hz"": 107.5, ""delta_hz"": 68.25}, ""AVAR"": {""pre_hz"": 39.0, ""peri_hz"": 108.5, ""delta_hz"": 69.5}, ""AVEL"": {""pre_hz"": 36.75, ""peri_hz"": 88.5, ""delta_hz"": 51.75}, ""AVER"": {""pre_hz"": 34.75, ""peri_hz"": 88.5, ""delta_hz"": 53.75}, ""AVDL"": {""pre_hz"": 38.75, ""peri_hz"": 107.0, ""delta_hz"": 68.25}, ""AVDR"": {""pre_hz"": 38.75, ""peri_hz"": 107.0, ""delta_hz"": 68.25}, ""AVBL"": {""pre_hz"": 32.5, ""peri_hz"": 86.0, ""delta_hz"": 53.5}, ""AVBR"": {""pre_hz"": 37.25, ""peri_hz"": 103.5, ""delta_hz"": 66.25}, ""RIML"": {""pre_hz"": 22.25, ""peri_hz"": 35.0, ""delta_hz"": 12.75}, ""RIMR"": {""pre_hz"": 26.75, ""peri_hz"": 39.0, ""delta_hz"": 12.25}, ""RIS"": {""pre_hz"": 1.5, ""peri_hz"": 1.5, ""delta_hz"": 0.0}, ""PVCL"": {""pre_hz"": 38.75, ""peri_hz"": 107.0, ""delta_hz"": 68.25}, ""PVCR"": {""pre_hz"": 38.75, ""peri_hz"": 117.5, ""delta_hz"": 78.75}}","{""ALML"": {""pre_hz"": 1.25, ""peri_hz"": 94.5, ""delta_hz"": 93.25}, ""ALMR"": {""pre_hz"": 2.0, ""peri_hz"": 91.0, ""delta_hz"": 89.0}, ""AVM"": {""pre_hz"": 1.0, ""peri_hz"": 92.0, ""delta_hz"": 91.0}, ""AIBL"": {""pre_hz"": 13.25, ""peri_hz"": 20.0, ""delta_hz"": 6.75}, ""AIBR"": {""pre_hz"": 13.75, ""peri_hz"": 24.5, ""delta_hz"": 10.75}, ""AVAL"": {""pre_hz"": 36.0, ""peri_hz"": 101.5, ""delta_hz"": 65.5}, ""AVAR"": {""pre_hz"": 35.75, ""peri_hz"": 102.5, ""delta_hz"": 66.75}, ""AVEL"": {""pre_hz"": 24.5, ""peri_hz"": 68.5, ""delta_hz"": 44.0}, ""AVER"": {""pre_hz"": 26.25, ""peri_hz"": 68.5, ""delta_hz"": 42.25}, ""AVDL"": {""pre_hz"": 35.25, ""peri_hz"": 101.5, ""delta_hz"": 66.25}, ""AVDR"": {""pre_hz"": 35.25, ""peri_hz"": 101.5, ""delta_hz"": 66.25}, ""AVBL"": {""pre_hz"": 31.0, ""peri_hz"": 87.5, ""delta_hz"": 56.5}, ""AVBR"": {""pre_hz"": 36.25, ""peri_hz"": 103.0, ""delta_hz"": 66.75}, ""RIML"": {""pre_hz"": 0.0, ""peri_hz"": 2.5, ""delta_hz"": 2.5}, ""RIMR"": {""pre_hz"": 3.0, ""peri_hz"": 4.5, ""delta_hz"": 1.5}, ""RIS"": {""pre_hz"": 0.25, ""peri_hz"": 1.5, ""delta_hz"": 1.25}, ""PVCL"": {""pre_hz"": 35.25, ""peri_hz"": 101.5, ""delta_hz"": 66.25}, ""PVCR"": {""pre_hz"": 35.25, ""peri_hz"": 111.5, ""delta_hz"": 76.25}}",
M2-pure,RIM / touch,touch,49,60.0,0.7733333333333333,0.1575,0.06916666666666667,0.0,0.0,0.050833333333333335,0.04,0.035,0.0,0.8741666666666666,-0.1175,-0.034166666666666665,0.0,0.8741666666666666,-0.7225,"{""ALML"": {""pre_hz"": 2.0, ""peri_hz"": 92.0, ""delta_hz"": 90.0}, ""ALMR"": {""pre_hz"": 0.75, ""peri_hz"": 89.0, ""delta_hz"": 88.25}, ""AVM"": {""pre_hz"": 0.5, ""peri_hz"": 86.0, ""delta_hz"": 85.5}, ""AIBL"": {""pre_hz"": 13.0, ""peri_hz"": 13.5, ""delta_hz"": 0.5}, ""AIBR"": {""pre_hz"": 15.5, ""peri_hz"": 17.0, ""delta_hz"": 1.5}, ""AVAL"": {""pre_hz"": 40.5, ""peri_hz"": 97.5, ""delta_hz"": 57.0}, ""AVAR"": {""pre_hz"": 40.75, ""peri_hz"": 99.0, ""delta_hz"": 58.25}, ""AVEL"": {""pre_hz"": 35.5, ""peri_hz"": 85.0, ""delta_hz"": 49.5}, ""AVER"": {""pre_hz"": 36.5, ""peri_hz"": 84.5, ""delta_hz"": 48.0}, ""AVDL"": {""pre_hz"": 39.75, ""peri_hz"": 97.5, ""delta_hz"": 57.75}, ""AVDR"": {""pre_hz"": 39.75, ""peri_hz"": 97.5, ""delta_hz"": 57.75}, ""AVBL"": {""pre_hz"": 32.75, ""peri_hz"": 84.5, ""delta_hz"": 51.75}, ""AVBR"": {""pre_hz"": 37.75, ""peri_hz"": 92.5, ""delta_hz"": 54.75}, ""RIML"": {""pre_hz"": 23.25, ""peri_hz"": 31.0, ""delta_hz"": 7.75}, ""RIMR"": {""pre_hz"": 27.25, ""peri_hz"": 40.0, ""delta_hz"": 12.75}, ""RIS"": {""pre_hz"": 0.5, ""peri_hz"": 2.0, ""delta_hz"": 1.5}, ""PVCL"": {""pre_hz"": 39.75, ""peri_hz"": 97.5, ""delta_hz"": 57.75}, ""PVCR"": {""pre_hz"": 39.75, ""peri_hz"": 109.0, ""delta_hz"": 69.25}}","{""ALML"": {""pre_hz"": 2.25, ""peri_hz"": 92.0, ""delta_hz"": 89.75}, ""ALMR"": {""pre_hz"": 1.0, ""peri_hz"": 89.5, ""delta_hz"": 88.5}, ""AVM"": {""pre_hz"": 0.5, ""peri_hz"": 86.0, ""delta_hz"": 85.5}, ""AIBL"": {""pre_hz"": 12.75, ""peri_hz"": 17.5, ""delta_hz"": 4.75}, ""AIBR"": {""pre_hz"": 15.25, ""peri_hz"": 20.5, ""delta_hz"": 5.25}, ""AVAL"": {""pre_hz"": 36.25, ""peri_hz"": 100.0, ""delta_hz"": 63.75}, ""AVAR"": {""pre_hz"": 36.5, ""peri_hz"": 101.0, ""delta_hz"": 64.5}, ""AVEL"": {""pre_hz"": 25.0, ""peri_hz"": 64.0, ""delta_hz"": 39.0}, ""AVER"": {""pre_hz"": 26.25, ""peri_hz"": 66.0, ""delta_hz"": 39.75}, ""AVDL"": {""pre_hz"": 35.25, ""peri_hz"": 100.0, ""delta_hz"": 64.75}, ""AVDR"": {""pre_hz"": 35.25, ""peri_hz"": 100.0, ""delta_hz"": 64.75}, ""AVBL"": {""pre_hz"": 32.5, ""peri_hz"": 89.5, ""delta_hz"": 57.0}, ""AVBR"": {""pre_hz"": 36.25, ""peri_hz"": 98.0, ""delta_hz"": 61.75}, ""RIML"": {""pre_hz"": 0.5, ""peri_hz"": 1.5, ""delta_hz"": 1.0}, ""RIMR"": {""pre_hz"": 3.0, ""peri_hz"": 6.5, ""delta_hz"": 3.5}, ""RIS"": {""pre_hz"": 0.25, ""peri_hz"": 1.0, ""delta_hz"": 0.75}, ""PVCL"": {""pre_hz"": 35.25, ""peri_hz"": 100.0, ""delta_hz"": 64.75}, ""PVCR"": {""pre_hz"": 35.25, ""peri_hz"": 108.5, ""delta_hz"": 73.25}}",
M2-pure,RIM / touch,touch,50,60.0,0.010833333333333334,0.0,0.0175,0.050833333333333335,0.9208333333333333,0.5258333333333334,0.36833333333333335,0.035,0.050833333333333335,0.02,0.36833333333333335,0.0175,0.0,-0.9008333333333333,0.515,"{""ALML"": {""pre_hz"": 1.0, ""peri_hz"": 82.5, ""delta_hz"": 81.5}, ""ALMR"": {""pre_hz"": 0.75, ""peri_hz"": 89.5, ""delta_hz"": 88.75}, ""AVM"": {""pre_hz"": 0.75, ""peri_hz"": 93.0, ""delta_hz"": 92.25}, ""AIBL"": {""pre_hz"": 11.75, ""peri_hz"": 8.0, ""delta_hz"": -3.75}, ""AIBR"": {""pre_hz"": 12.5, ""peri_hz"": 13.5, ""delta_hz"": 1.0}, ""AVAL"": {""pre_hz"": 37.5, ""peri_hz"": 92.5, ""delta_hz"": 55.0}, ""AVAR"": {""pre_hz"": 37.5, ""peri_hz"": 92.0, ""delta_hz"": 54.5}, ""AVEL"": {""pre_hz"": 35.25, ""peri_hz"": 77.0, ""delta_hz"": 41.75}, ""AVER"": {""pre_hz"": 33.0, ""peri_hz"": 82.5, ""delta_hz"": 49.5}, ""AVDL"": {""pre_hz"": 37.5, ""peri_hz"": 92.0, ""delta_hz"": 54.5}, ""AVDR"": {""pre_hz"": 37.5, ""peri_hz"": 92.0, ""delta_hz"": 54.5}, ""AVBL"": {""pre_hz"": 30.25, ""peri_hz"": 80.5, ""delta_hz"": 50.25}, ""AVBR"": {""pre_hz"": 35.5, ""peri_hz"": 89.5, ""delta_hz"": 54.0}, ""RIML"": {""pre_hz"": 21.75, ""peri_hz"": 27.5, ""delta_hz"": 5.75}, ""RIMR"": {""pre_hz"": 24.5, ""peri_hz"": 32.5, ""delta_hz"": 8.0}, ""RIS"": {""pre_hz"": 1.0, ""peri_hz"": 1.0, ""delta_hz"": 0.0}, ""PVCL"": {""pre_hz"": 37.5, ""peri_hz"": 92.0, ""delta_hz"": 54.5}, ""PVCR"": {""pre_hz"": 37.75, ""peri_hz"": 104.5, ""delta_hz"": 66.75}}","{""ALML"": {""pre_hz"": 1.0, ""peri_hz"": 82.5, ""delta_hz"": 81.5}, ""ALMR"": {""pre_hz"": 1.5, ""peri_hz"": 90.0, ""delta_hz"": 88.5}, ""AVM"": {""pre_hz"": 0.75, ""peri_hz"": 93.0, ""delta_hz"": 92.25}, ""AIBL"": {""pre_hz"": 14.25, ""peri_hz"": 14.0, ""delta_hz"": -0.25}, ""AIBR"": {""pre_hz"": 12.75, ""peri_hz"": 17.5, ""delta_hz"": 4.75}, ""AVAL"": {""pre_hz"": 33.5, ""peri_hz"": 97.5, ""delta_hz"": 64.0}, ""AVAR"": {""pre_hz"": 33.25, ""peri_hz"": 98.0, ""delta_hz"": 64.75}, ""AVEL"": {""pre_hz"": 26.75, ""peri_hz"": 57.5, ""delta_hz"": 30.75}, ""AVER"": {""pre_hz"": 23.5, ""peri_hz"": 60.0, ""delta_hz"": 36.5}, ""AVDL"": {""pre_hz"": 33.0, ""peri_hz"": 97.5, ""delta_hz"": 64.5}, ""AVDR"": {""pre_hz"": 33.0, ""peri_hz"": 97.5, ""delta_hz"": 64.5}, ""AVBL"": {""pre_hz"": 28.0, ""peri_hz"": 91.0, ""delta_hz"": 63.0}, ""AVBR"": {""pre_hz"": 33.5, ""peri_hz"": 98.0, ""delta_hz"": 64.5}, ""RIML"": {""pre_hz"": 1.0, ""peri_hz"": 1.5, ""delta_hz"": 0.5}, ""RIMR"": {""pre_hz"": 3.0, ""peri_hz"": 2.0, ""delta_hz"": -1.0}, ""RIS"": {""pre_hz"": 1.0, ""peri_hz"": 1.0, ""delta_hz"": 0.0}, ""PVCL"": {""pre_hz"": 33.0, ""peri_hz"": 98.0, ""delta_hz"": 65.0}, ""PVCR"": {""pre_hz"": 33.25, ""peri_hz"": 109.0, ""delta_hz"": 75.75}}",
M2-pure,RIM / touch,touch,51,60.0,0.795,0.06916666666666667,0.03333333333333333,0.0,0.1025,0.44666666666666666,0.4008333333333333,0.06833333333333333,0.0,0.08416666666666667,0.33166666666666667,0.034999999999999996,0.0,-0.018333333333333326,-0.3483333333333334,"{""ALML"": {""pre_hz"": 0.25, ""peri_hz"": 85.0, ""delta_hz"": 84.75}, ""ALMR"": {""pre_hz"": 1.0, ""peri_hz"": 95.5, ""delta_hz"": 94.5}, ""AVM"": {""pre_hz"": 0.0, ""peri_hz"": 84.5, ""delta_hz"": 84.5}, ""AIBL"": {""pre_hz"": 13.25, ""peri_hz"": 14.0, ""delta_hz"": 0.75}, ""AIBR"": {""pre_hz"": 11.75, ""peri_hz"": 18.0, ""delta_hz"": 6.25}, ""AVAL"": {""pre_hz"": 36.75, ""peri_hz"": 97.5, ""delta_hz"": 60.75}, ""AVAR"": {""pre_hz"": 37.5, ""peri_hz"": 98.5, ""delta_hz"": 61.0}, ""AVEL"": {""pre_hz"": 32.25, ""peri_hz"": 83.5, ""delta_hz"": 51.25}, ""AVER"": {""pre_hz"": 31.75, ""peri_hz"": 79.5, ""delta_hz"": 47.75}, ""AVDL"": {""pre_hz"": 36.75, ""peri_hz"": 97.5, ""delta_hz"": 60.75}, ""AVDR"": {""pre_hz"": 36.75, ""peri_hz"": 97.5, ""delta_hz"": 60.75}, ""AVBL"": {""pre_hz"": 28.75, ""peri_hz"": 79.0, ""delta_hz"": 50.25}, ""AVBR"": {""pre_hz"": 33.5, ""peri_hz"": 93.5, ""delta_hz"": 60.0}, ""RIML"": {""pre_hz"": 20.5, ""peri_hz"": 30.5, ""delta_hz"": 10.0}, ""RIMR"": {""pre_hz"": 26.0, ""peri_hz"": 38.5, ""delta_hz"": 12.5}, ""RIS"": {""pre_hz"": 1.5, ""peri_hz"": 0.5, ""delta_hz"": -1.0}, ""PVCL"": {""pre_hz"": 36.75, ""peri_hz"": 97.5, ""delta_hz"": 60.75}, ""PVCR"": {""pre_hz"": 36.75, ""peri_hz"": 104.5, ""delta_hz"": 67.75}}","{""ALML"": {""pre_hz"": 0.5, ""peri_hz"": 85.5, ""delta_hz"": 85.0}, ""ALMR"": {""pre_hz"": 1.0, ""peri_hz"": 97.0, ""delta_hz"": 96.0}, ""AVM"": {""pre_hz"": 0.0, ""peri_hz"": 84.0, ""delta_hz"": 84.0}, ""AIBL"": {""pre_hz"": 15.5, ""peri_hz"": 18.0, ""delta_hz"": 2.5}, ""AIBR"": {""pre_hz"": 12.5, ""peri_hz"": 25.5, ""delta_hz"": 13.0}, ""AVAL"": {""pre_hz"": 34.5, ""peri_hz"": 99.5, ""delta_hz"": 65.0}, ""AVAR"": {""pre_hz"": 35.0, ""peri_hz"": 100.5, ""delta_hz"": 65.5}, ""AVEL"": {""pre_hz"": 22.5, ""peri_hz"": 62.0, ""delta_hz"": 39.5}, ""AVER"": {""pre_hz"": 23.25, ""peri_hz"": 60.5, ""delta_hz"": 37.25}, ""AVDL"": {""pre_hz"": 34.25, ""peri_hz"": 99.5, ""delta_hz"": 65.25}, ""AVDR"": {""pre_hz"": 34.25, ""peri_hz"": 99.5, ""delta_hz"": 65.25}, ""AVBL"": {""pre_hz"": 31.5, ""peri_hz"": 89.5, ""delta_hz"": 58.0}, ""AVBR"": {""pre_hz"": 34.25, ""peri_hz"": 99.5, ""delta_hz"": 65.25}, ""RIML"": {""pre_hz"": 0.75, ""peri_hz"": 1.5, ""delta_hz"": 0.75}, ""RIMR"": {""pre_hz"": 2.0, ""peri_hz"": 3.0, ""delta_hz"": 1.0}, ""RIS"": {""pre_hz"": 0.5, ""peri_hz"": 0.0, ""delta_hz"": -0.5}, ""PVCL"": {""pre_hz"": 34.25, ""peri_hz"": 99.5, ""delta_hz"": 65.25}, ""PVCR"": {""pre_hz"": 34.25, ""peri_hz"": 109.5, ""delta_hz"": 75.25}}",
M2-pure,AVA / touch,touch,42,60.0,0.0125,0.0,0.06916666666666667,0.0,0.9183333333333333,0.014166666666666666,0.0,0.1025,0.0,0.8833333333333333,0.0,0.033333333333333326,0.0,-0.03500000000000003,0.0016666666666666653,"{""ALML"": {""pre_hz"": 1.75, ""peri_hz"": 86.0, ""delta_hz"": 84.25}, ""ALMR"": {""pre_hz"": 0.25, ""peri_hz"": 92.0, ""delta_hz"": 91.75}, ""AVM"": {""pre_hz"": 0.5, ""peri_hz"": 90.5, ""delta_hz"": 90.0}, ""AIBL"": {""pre_hz"": 11.25, ""peri_hz"": 13.5, ""delta_hz"": 2.25}, ""AIBR"": {""pre_hz"": 14.25, ""peri_hz"": 22.5, ""delta_hz"": 8.25}, ""AVAL"": {""pre_hz"": 38.5, ""peri_hz"": 98.5, ""delta_hz"": 60.0}, ""AVAR"": {""pre_hz"": 39.5, ""peri_hz"": 98.5, ""delta_hz"": 59.0}, ""AVEL"": {""pre_hz"": 36.75, ""peri_hz"": 81.0, ""delta_hz"": 44.25}, ""AVER"": {""pre_hz"": 35.75, ""peri_hz"": 81.0, ""delta_hz"": 45.25}, ""AVDL"": {""pre_hz"": 38.25, ""peri_hz"": 98.5, ""delta_hz"": 60.25}, ""AVDR"": {""pre_hz"": 38.25, ""peri_hz"": 98.5, ""delta_hz"": 60.25}, ""AVBL"": {""pre_hz"": 31.75, ""peri_hz"": 83.5, ""delta_hz"": 51.75}, ""AVBR"": {""pre_hz"": 36.75, ""peri_hz"": 92.5, ""delta_hz"": 55.75}, ""RIML"": {""pre_hz"": 22.5, ""peri_hz"": 38.0, ""delta_hz"": 15.5}, ""RIMR"": {""pre_hz"": 25.5, ""peri_hz"": 37.0, ""delta_hz"": 11.5}, ""RIS"": {""pre_hz"": 1.0, ""peri_hz"": 2.0, ""delta_hz"": 1.0}, ""PVCL"": {""pre_hz"": 38.25, ""peri_hz"": 98.5, ""delta_hz"": 60.25}, ""PVCR"": {""pre_hz"": 38.25, ""peri_hz"": 111.5, ""delta_hz"": 73.25}}","{""ALML"": {""pre_hz"": 1.75, ""peri_hz"": 85.0, ""delta_hz"": 83.25}, ""ALMR"": {""pre_hz"": 0.25, ""peri_hz"": 92.0, ""delta_hz"": 91.75}, ""AVM"": {""pre_hz"": 0.5, ""peri_hz"": 89.0, ""delta_hz"": 88.5}, ""AIBL"": {""pre_hz"": 10.0, ""peri_hz"": 10.0, ""delta_hz"": 0.0}, ""AIBR"": {""pre_hz"": 13.0, ""peri_hz"": 17.5, ""delta_hz"": 4.5}, ""AVAL"": {""pre_hz"": 6.5, ""peri_hz"": 61.0, ""delta_hz"": 54.5}, ""AVAR"": {""pre_hz"": 6.5, ""peri_hz"": 61.5, ""delta_hz"": 55.0}, ""AVEL"": {""pre_hz"": 22.25, ""peri_hz"": 54.5, ""delta_hz"": 32.25}, ""AVER"": {""pre_hz"": 18.75, ""peri_hz"": 54.5, ""delta_hz"": 35.75}, ""AVDL"": {""pre_hz"": 9.25, ""peri_hz"": 67.0, ""delta_hz"": 57.75}, ""AVDR"": {""pre_hz"": 6.75, ""peri_hz"": 61.0, ""delta_hz"": 54.25}, ""AVBL"": {""pre_hz"": 7.75, ""peri_hz"": 53.5, ""delta_hz"": 45.75}, ""AVBR"": {""pre_hz"": 9.0, ""peri_hz"": 63.5, ""delta_hz"": 54.5}, ""RIML"": {""pre_hz"": 17.0, ""peri_hz"": 26.5, ""delta_hz"": 9.5}, ""RIMR"": {""pre_hz"": 19.75, ""peri_hz"": 24.0, ""delta_hz"": 4.25}, ""RIS"": {""pre_hz"": 0.5, ""peri_hz"": 2.5, ""delta_hz"": 2.0}, ""PVCL"": {""pre_hz"": 6.5, ""peri_hz"": 62.0, ""delta_hz"": 55.5}, ""PVCR"": {""pre_hz"": 6.5, ""peri_hz"": 79.5, ""delta_hz"": 73.0}}",
M2-pure,AVA / touch,touch,43,60.0,0.8558333333333333,0.008333333333333333,0.035,0.10083333333333333,0.0,0.085,0.7708333333333334,0.035,0.10083333333333333,0.008333333333333333,0.7625000000000001,0.0,0.0,0.008333333333333333,-0.7708333333333334,"{""ALML"": {""pre_hz"": 0.75, ""peri_hz"": 91.0, ""delta_hz"": 90.25}, ""ALMR"": {""pre_hz"": 0.5, ""peri_hz"": 91.0, ""delta_hz"": 90.5}, ""AVM"": {""pre_hz"": 0.5, ""peri_hz"": 94.0, ""delta_hz"": 93.5}, ""AIBL"": {""pre_hz"": 9.75, ""peri_hz"": 11.5, ""delta_hz"": 1.75}, ""AIBR"": {""pre_hz"": 12.25, ""peri_hz"": 18.5, ""delta_hz"": 6.25}, ""AVAL"": {""pre_hz"": 38.75, ""peri_hz"": 108.0, ""delta_hz"": 69.25}, ""AVAR"": {""pre_hz"": 39.25, ""peri_hz"": 109.0, ""delta_hz"": 69.75}, ""AVEL"": {""pre_hz"": 37.25, ""peri_hz"": 89.0, ""delta_hz"": 51.75}, ""AVER"": {""pre_hz"": 35.75, ""peri_hz"": 93.0, ""delta_hz"": 57.25}, ""AVDL"": {""pre_hz"": 38.5, ""peri_hz"": 108.0, ""delta_hz"": 69.5}, ""AVDR"": {""pre_hz"": 38.5, ""peri_hz"": 108.0, ""delta_hz"": 69.5}, ""AVBL"": {""pre_hz"": 32.0, ""peri_hz"": 90.5, ""delta_hz"": 58.5}, ""AVBR"": {""pre_hz"": 37.0, ""peri_hz"": 101.0, ""delta_hz"": 64.0}, ""RIML"": {""pre_hz"": 21.75, ""peri_hz"": 32.0, ""delta_hz"": 10.25}, ""RIMR"": {""pre_hz"": 26.75, ""peri_hz"": 38.0, ""delta_hz"": 11.25}, ""RIS"": {""pre_hz"": 0.5, ""peri_hz"": 0.5, ""delta_hz"": 0.0}, ""PVCL"": {""pre_hz"": 38.5, ""peri_hz"": 108.0, ""delta_hz"": 69.5}, ""PVCR"": {""pre_hz"": 38.5, ""peri_hz"": 116.5, ""delta_hz"": 78.0}}","{""ALML"": {""pre_hz"": 0.75, ""peri_hz"": 88.0, ""delta_hz"": 87.25}, ""ALMR"": {""pre_hz"": 0.5, ""peri_hz"": 90.0, ""delta_hz"": 89.5}, ""AVM"": {""pre_hz"": 0.25, ""peri_hz"": 92.5, ""delta_hz"": 92.25}, ""AIBL"": {""pre_hz"": 8.75, ""peri_hz"": 10.5, ""delta_hz"": 1.75}, ""AIBR"": {""pre_hz"": 10.0, ""peri_hz"": 14.0, ""delta_hz"": 4.0}, ""AVAL"": {""pre_hz"": 7.25, ""peri_hz"": 67.5, ""delta_hz"": 60.25}, ""AVAR"": {""pre_hz"": 7.0, ""peri_hz"": 67.5, ""delta_hz"": 60.5}, ""AVEL"": {""pre_hz"": 17.25, ""peri_hz"": 64.5, ""delta_hz"": 47.25}, ""AVER"": {""pre_hz"": 17.25, ""peri_hz"": 61.5, ""delta_hz"": 44.25}, ""AVDL"": {""pre_hz"": 8.5, ""peri_hz"": 72.5, ""delta_hz"": 64.0}, ""AVDR"": {""pre_hz"": 7.25, ""peri_hz"": 67.5, ""delta_hz"": 60.25}, ""AVBL"": {""pre_hz"": 7.75, ""peri_hz"": 61.0, ""delta_hz"": 53.25}, ""AVBR"": {""pre_hz"": 9.25, ""peri_hz"": 68.5, ""delta_hz"": 59.25}, ""RIML"": {""pre_hz"": 12.75, ""peri_hz"": 23.5, ""delta_hz"": 10.75}, ""RIMR"": {""pre_hz"": 14.5, ""peri_hz"": 31.5, ""delta_hz"": 17.0}, ""RIS"": {""pre_hz"": 0.5, ""peri_hz"": 0.0, ""delta_hz"": -0.5}, ""PVCL"": {""pre_hz"": 7.0, ""peri_hz"": 68.5, ""delta_hz"": 61.5}, ""PVCR"": {""pre_hz"": 7.0, ""peri_hz"": 79.5, ""delta_hz"": 72.5}}",
M2-pure,AVA / touch,touch,44,60.0,0.30083333333333334,0.6158333333333333,0.03333333333333333,0.05,0.0,0.245,0.6208333333333333,0.034166666666666665,0.0,0.1,0.0050000000000000044,0.0008333333333333318,-0.05,0.1,-0.055833333333333346,"{""ALML"": {""pre_hz"": 0.5, ""peri_hz"": 82.5, ""delta_hz"": 82.0}, ""ALMR"": {""pre_hz"": 0.5, ""peri_hz"": 82.0, ""delta_hz"": 81.5}, ""AVM"": {""pre_hz"": 1.75, ""peri_hz"": 85.5, ""delta_hz"": 83.75}, ""AIBL"": {""pre_hz"": 10.75, ""peri_hz"": 14.0, ""delta_hz"": 3.25}, ""AIBR"": {""pre_hz"": 11.25, ""peri_hz"": 16.0, ""delta_hz"": 4.75}, ""AVAL"": {""pre_hz"": 37.0, ""peri_hz"": 98.5, ""delta_hz"": 61.5}, ""AVAR"": {""pre_hz"": 37.25, ""peri_hz"": 97.5, ""delta_hz"": 60.25}, ""AVEL"": {""pre_hz"": 34.75, ""peri_hz"": 83.5, ""delta_hz"": 48.75}, ""AVER"": {""pre_hz"": 34.5, ""peri_hz"": 86.0, ""delta_hz"": 51.5}, ""AVDL"": {""pre_hz"": 37.0, ""peri_hz"": 97.5, ""delta_hz"": 60.5}, ""AVDR"": {""pre_hz"": 37.0, ""peri_hz"": 97.5, ""delta_hz"": 60.5}, ""AVBL"": {""pre_hz"": 32.75, ""peri_hz"": 81.0, ""delta_hz"": 48.25}, ""AVBR"": {""pre_hz"": 36.25, ""peri_hz"": 92.0, ""delta_hz"": 55.75}, ""RIML"": {""pre_hz"": 19.0, ""peri_hz"": 32.5, ""delta_hz"": 13.5}, ""RIMR"": {""pre_hz"": 26.5, ""peri_hz"": 38.0, ""delta_hz"": 11.5}, ""RIS"": {""pre_hz"": 0.5, ""peri_hz"": 3.0, ""delta_hz"": 2.5}, ""PVCL"": {""pre_hz"": 37.0, ""peri_hz"": 97.5, ""delta_hz"": 60.5}, ""PVCR"": {""pre_hz"": 37.5, ""peri_hz"": 110.0, ""delta_hz"": 72.5}}","{""ALML"": {""pre_hz"": 0.5, ""peri_hz"": 80.0, ""delta_hz"": 79.5}, ""ALMR"": {""pre_hz"": 0.25, ""peri_hz"": 82.0, ""delta_hz"": 81.75}, ""AVM"": {""pre_hz"": 1.25, ""peri_hz"": 85.5, ""delta_hz"": 84.25}, ""AIBL"": {""pre_hz"": 8.5, ""peri_hz"": 10.5, ""delta_hz"": 2.0}, ""AIBR"": {""pre_hz"": 9.25, ""peri_hz"": 13.5, ""delta_hz"": 4.25}, ""AVAL"": {""pre_hz"": 5.25, ""peri_hz"": 54.5, ""delta_hz"": 49.25}, ""AVAR"": {""pre_hz"": 6.0, ""peri_hz"": 54.0, ""delta_hz"": 48.0}, ""AVEL"": {""pre_hz"": 12.75, ""peri_hz"": 50.5, ""delta_hz"": 37.75}, ""AVER"": {""pre_hz"": 13.0, ""peri_hz"": 48.5, ""delta_hz"": 35.5}, ""AVDL"": {""pre_hz"": 7.5, ""peri_hz"": 60.0, ""delta_hz"": 52.5}, ""AVDR"": {""pre_hz"": 5.5, ""peri_hz"": 54.0, ""delta_hz"": 48.5}, ""AVBL"": {""pre_hz"": 7.0, ""peri_hz"": 45.0, ""delta_hz"": 38.0}, ""AVBR"": {""pre_hz"": 8.5, ""peri_hz"": 52.5, ""delta_hz"": 44.0}, ""RIML"": {""pre_hz"": 13.0, ""peri_hz"": 22.0, ""delta_hz"": 9.0}, ""RIMR"": {""pre_hz"": 15.75, ""peri_hz"": 24.5, ""delta_hz"": 8.75}, ""RIS"": {""pre_hz"": 0.5, ""peri_hz"": 2.0, ""delta_hz"": 1.5}, ""PVCL"": {""pre_hz"": 5.25, ""peri_hz"": 55.0, ""delta_hz"": 49.75}, ""PVCR"": {""pre_hz"": 5.25, ""peri_hz"": 66.0, ""delta_hz"": 60.75}}",
M2-pure,AVA / touch,touch,45,60.0,0.011666666666666667,0.0,0.035,0.050833333333333335,0.9025,0.0725,0.17083333333333334,0.0525,0.050833333333333335,0.6533333333333333,0.17083333333333334,0.017499999999999995,0.0,-0.24916666666666665,0.06083333333333333,"{""ALML"": {""pre_hz"": 1.75, ""peri_hz"": 90.0, ""delta_hz"": 88.25}, ""ALMR"": {""pre_hz"": 0.5, ""peri_hz"": 84.0, ""delta_hz"": 83.5}, ""AVM"": {""pre_hz"": 0.25, ""peri_hz"": 87.5, ""delta_hz"": 87.25}, ""AIBL"": {""pre_hz"": 9.75, ""peri_hz"": 15.0, ""delta_hz"": 5.25}, ""AIBR"": {""pre_hz"": 12.5, ""peri_hz"": 15.5, ""delta_hz"": 3.0}, ""AVAL"": {""pre_hz"": 38.0, ""peri_hz"": 99.0, ""delta_hz"": 61.0}, ""AVAR"": {""pre_hz"": 38.25, ""peri_hz"": 99.5, ""delta_hz"": 61.25}, ""AVEL"": {""pre_hz"": 34.0, ""peri_hz"": 82.0, ""delta_hz"": 48.0}, ""AVER"": {""pre_hz"": 32.5, ""peri_hz"": 84.5, ""delta_hz"": 52.0}, ""AVDL"": {""pre_hz"": 37.5, ""peri_hz"": 99.0, ""delta_hz"": 61.5}, ""AVDR"": {""pre_hz"": 37.5, ""peri_hz"": 98.5, ""delta_hz"": 61.0}, ""AVBL"": {""pre_hz"": 32.75, ""peri_hz"": 81.5, ""delta_hz"": 48.75}, ""AVBR"": {""pre_hz"": 36.75, ""peri_hz"": 93.0, ""delta_hz"": 56.25}, ""RIML"": {""pre_hz"": 22.0, ""peri_hz"": 30.0, ""delta_hz"": 8.0}, ""RIMR"": {""pre_hz"": 24.25, ""peri_hz"": 38.5, ""delta_hz"": 14.25}, ""RIS"": {""pre_hz"": 1.25, ""peri_hz"": 1.5, ""delta_hz"": 0.25}, ""PVCL"": {""pre_hz"": 37.5, ""peri_hz"": 99.0, ""delta_hz"": 61.5}, ""PVCR"": {""pre_hz"": 37.5, ""peri_hz"": 106.5, ""delta_hz"": 69.0}}","{""ALML"": {""pre_hz"": 1.75, ""peri_hz"": 89.5, ""delta_hz"": 87.75}, ""ALMR"": {""pre_hz"": 0.25, ""peri_hz"": 84.0, ""delta_hz"": 83.75}, ""AVM"": {""pre_hz"": 0.25, ""peri_hz"": 85.5, ""delta_hz"": 85.25}, ""AIBL"": {""pre_hz"": 10.5, ""peri_hz"": 12.0, ""delta_hz"": 1.5}, ""AIBR"": {""pre_hz"": 10.75, ""peri_hz"": 11.0, ""delta_hz"": 0.25}, ""AVAL"": {""pre_hz"": 5.25, ""peri_hz"": 58.5, ""delta_hz"": 53.25}, ""AVAR"": {""pre_hz"": 5.25, ""peri_hz"": 59.0, ""delta_hz"": 53.75}, ""AVEL"": {""pre_hz"": 16.75, ""peri_hz"": 61.0, ""delta_hz"": 44.25}, ""AVER"": {""pre_hz"": 13.75, ""peri_hz"": 58.5, ""delta_hz"": 44.75}, ""AVDL"": {""pre_hz"": 7.5, ""peri_hz"": 63.0, ""delta_hz"": 55.5}, ""AVDR"": {""pre_hz"": 5.5, ""peri_hz"": 58.5, ""delta_hz"": 53.0}, ""AVBL"": {""pre_hz"": 8.25, ""peri_hz"": 53.5, ""delta_hz"": 45.25}, ""AVBR"": {""pre_hz"": 9.25, ""peri_hz"": 62.0, ""delta_hz"": 52.75}, ""RIML"": {""pre_hz"": 14.0, ""peri_hz"": 17.5, ""delta_hz"": 3.5}, ""RIMR"": {""pre_hz"": 18.25, ""peri_hz"": 28.0, ""delta_hz"": 9.75}, ""RIS"": {""pre_hz"": 1.0, ""peri_hz"": 0.5, ""delta_hz"": -0.5}, ""PVCL"": {""pre_hz"": 5.25, ""peri_hz"": 60.5, ""delta_hz"": 55.25}, ""PVCR"": {""pre_hz"": 5.25, ""peri_hz"": 70.0, ""delta_hz"": 64.75}}",
M2-pure,AVA / touch,touch,46,60.0,0.7283333333333334,0.22,0.051666666666666666,0.0,0.0,0.305,0.5908333333333333,0.10416666666666667,0.0,0.0,0.37083333333333335,0.052500000000000005,0.0,0.0,-0.4233333333333334,"{""ALML"": {""pre_hz"": 1.5, ""peri_hz"": 84.5, ""delta_hz"": 83.0}, ""ALMR"": {""pre_hz"": 1.5, ""peri_hz"": 89.5, ""delta_hz"": 88.0}, ""AVM"": {""pre_hz"": 0.75, ""peri_hz"": 87.5, ""delta_hz"": 86.75}, ""AIBL"": {""pre_hz"": 10.0, ""peri_hz"": 16.0, ""delta_hz"": 6.0}, ""AIBR"": {""pre_hz"": 13.75, ""peri_hz"": 16.0, ""delta_hz"": 2.25}, ""AVAL"": {""pre_hz"": 43.75, ""peri_hz"": 93.0, ""delta_hz"": 49.25}, ""AVAR"": {""pre_hz"": 43.75, ""peri_hz"": 93.0, ""delta_hz"": 49.25}, ""AVEL"": {""pre_hz"": 39.75, ""peri_hz"": 80.5, ""delta_hz"": 40.75}, ""AVER"": {""pre_hz"": 39.0, ""peri_hz"": 77.0, ""delta_hz"": 38.0}, ""AVDL"": {""pre_hz"": 43.0, ""peri_hz"": 93.0, ""delta_hz"": 50.0}, ""AVDR"": {""pre_hz"": 43.0, ""peri_hz"": 93.0, ""delta_hz"": 50.0}, ""AVBL"": {""pre_hz"": 34.75, ""peri_hz"": 76.0, ""delta_hz"": 41.25}, ""AVBR"": {""pre_hz"": 41.25, ""peri_hz"": 89.5, ""delta_hz"": 48.25}, ""RIML"": {""pre_hz"": 23.5, ""peri_hz"": 33.0, ""delta_hz"": 9.5}, ""RIMR"": {""pre_hz"": 27.5, ""peri_hz"": 41.0, ""delta_hz"": 13.5}, ""RIS"": {""pre_hz"": 0.75, ""peri_hz"": 3.5, ""delta_hz"": 2.75}, ""PVCL"": {""pre_hz"": 43.0, ""peri_hz"": 93.0, ""delta_hz"": 50.0}, ""PVCR"": {""pre_hz"": 43.0, ""peri_hz"": 105.0, ""delta_hz"": 62.0}}","{""ALML"": {""pre_hz"": 1.5, ""peri_hz"": 85.0, ""delta_hz"": 83.5}, ""ALMR"": {""pre_hz"": 1.5, ""peri_hz"": 88.0, ""delta_hz"": 86.5}, ""AVM"": {""pre_hz"": 0.75, ""peri_hz"": 85.0, ""delta_hz"": 84.25}, ""AIBL"": {""pre_hz"": 9.75, ""peri_hz"": 11.5, ""delta_hz"": 1.75}, ""AIBR"": {""pre_hz"": 12.25, ""peri_hz"": 12.0, ""delta_hz"": -0.25}, ""AVAL"": {""pre_hz"": 9.0, ""peri_hz"": 58.0, ""delta_hz"": 49.0}, ""AVAR"": {""pre_hz"": 8.75, ""peri_hz"": 58.5, ""delta_hz"": 49.75}, ""AVEL"": {""pre_hz"": 22.5, ""peri_hz"": 60.0, ""delta_hz"": 37.5}, ""AVER"": {""pre_hz"": 20.0, ""peri_hz"": 53.5, ""delta_hz"": 33.5}, ""AVDL"": {""pre_hz"": 11.0, ""peri_hz"": 62.5, ""delta_hz"": 51.5}, ""AVDR"": {""pre_hz"": 9.0, ""peri_hz"": 58.0, ""delta_hz"": 49.0}, ""AVBL"": {""pre_hz"": 9.0, ""peri_hz"": 50.5, ""delta_hz"": 41.5}, ""AVBR"": {""pre_hz"": 12.25, ""peri_hz"": 58.5, ""delta_hz"": 46.25}, ""RIML"": {""pre_hz"": 18.0, ""peri_hz"": 22.5, ""delta_hz"": 4.5}, ""RIMR"": {""pre_hz"": 19.5, ""peri_hz"": 33.0, ""delta_hz"": 13.5}, ""RIS"": {""pre_hz"": 0.75, ""peri_hz"": 2.0, ""delta_hz"": 1.25}, ""PVCL"": {""pre_hz"": 9.0, ""peri_hz"": 59.5, ""delta_hz"": 50.5}, ""PVCR"": {""pre_hz"": 8.75, ""peri_hz"": 71.0, ""delta_hz"": 62.25}}",
M2-pure,AVA / touch,touch,47,60.0,0.49583333333333335,0.43083333333333335,0.06916666666666667,0.0,0.004166666666666667,0.16916666666666666,0.0,0.10416666666666667,0.0,0.7266666666666667,-0.43083333333333335,0.035,0.0,0.7225,-0.32666666666666666,"{""ALML"": {""pre_hz"": 2.0, ""peri_hz"": 89.0, ""delta_hz"": 87.0}, ""ALMR"": {""pre_hz"": 2.0, ""peri_hz"": 89.5, ""delta_hz"": 87.5}, ""AVM"": {""pre_hz"": 0.25, ""peri_hz"": 85.0, ""delta_hz"": 84.75}, ""AIBL"": {""pre_hz"": 10.75, ""peri_hz"": 13.5, ""delta_hz"": 2.75}, ""AIBR"": {""pre_hz"": 13.25, ""peri_hz"": 16.5, ""delta_hz"": 3.25}, ""AVAL"": {""pre_hz"": 38.75, ""peri_hz"": 99.5, ""delta_hz"": 60.75}, ""AVAR"": {""pre_hz"": 38.75, ""peri_hz"": 101.5, ""delta_hz"": 62.75}, ""AVEL"": {""pre_hz"": 36.5, ""peri_hz"": 84.0, ""delta_hz"": 47.5}, ""AVER"": {""pre_hz"": 35.75, ""peri_hz"": 81.5, ""delta_hz"": 45.75}, ""AVDL"": {""pre_hz"": 38.25, ""peri_hz"": 99.5, ""delta_hz"": 61.25}, ""AVDR"": {""pre_hz"": 38.25, ""peri_hz"": 99.5, ""delta_hz"": 61.25}, ""AVBL"": {""pre_hz"": 32.75, ""peri_hz"": 84.5, ""delta_hz"": 51.75}, ""AVBR"": {""pre_hz"": 35.25, ""peri_hz"": 94.5, ""delta_hz"": 59.25}, ""RIML"": {""pre_hz"": 21.75, ""peri_hz"": 30.5, ""delta_hz"": 8.75}, ""RIMR"": {""pre_hz"": 25.5, ""peri_hz"": 42.5, ""delta_hz"": 17.0}, ""RIS"": {""pre_hz"": 1.0, ""peri_hz"": 1.5, ""delta_hz"": 0.5}, ""PVCL"": {""pre_hz"": 38.25, ""peri_hz"": 99.5, ""delta_hz"": 61.25}, ""PVCR"": {""pre_hz"": 38.25, ""peri_hz"": 110.5, ""delta_hz"": 72.25}}","{""ALML"": {""pre_hz"": 1.75, ""peri_hz"": 86.5, ""delta_hz"": 84.75}, ""ALMR"": {""pre_hz"": 1.5, ""peri_hz"": 89.0, ""delta_hz"": 87.5}, ""AVM"": {""pre_hz"": 0.25, ""peri_hz"": 84.0, ""delta_hz"": 83.75}, ""AIBL"": {""pre_hz"": 10.25, ""peri_hz"": 9.0, ""delta_hz"": -1.25}, ""AIBR"": {""pre_hz"": 9.75, ""peri_hz"": 12.0, ""delta_hz"": 2.25}, ""AVAL"": {""pre_hz"": 8.0, ""peri_hz"": 61.0, ""delta_hz"": 53.0}, ""AVAR"": {""pre_hz"": 8.25, ""peri_hz"": 62.0, ""delta_hz"": 53.75}, ""AVEL"": {""pre_hz"": 18.75, ""peri_hz"": 57.5, ""delta_hz"": 38.75}, ""AVER"": {""pre_hz"": 16.5, ""peri_hz"": 57.0, ""delta_hz"": 40.5}, ""AVDL"": {""pre_hz"": 9.75, ""peri_hz"": 68.0, ""delta_hz"": 58.25}, ""AVDR"": {""pre_hz"": 8.25, ""peri_hz"": 61.5, ""delta_hz"": 53.25}, ""AVBL"": {""pre_hz"": 10.0, ""peri_hz"": 50.5, ""delta_hz"": 40.5}, ""AVBR"": {""pre_hz"": 10.25, ""peri_hz"": 59.0, ""delta_hz"": 48.75}, ""RIML"": {""pre_hz"": 14.75, ""peri_hz"": 23.0, ""delta_hz"": 8.25}, ""RIMR"": {""pre_hz"": 17.5, ""peri_hz"": 30.5, ""delta_hz"": 13.0}, ""RIS"": {""pre_hz"": 0.75, ""peri_hz"": 1.0, ""delta_hz"": 0.25}, ""PVCL"": {""pre_hz"": 8.0, ""peri_hz"": 62.0, ""delta_hz"": 54.0}, ""PVCR"": {""pre_hz"": 8.0, ""peri_hz"": 76.0, ""delta_hz"": 68.0}}",
M2-pure,AVA / touch,touch,48,60.0,0.6008333333333333,0.39916666666666667,0.0,0.0,0.0,0.11083333333333334,0.0,0.034166666666666665,0.0,0.855,-0.39916666666666667,0.034166666666666665,0.0,0.855,-0.49,"{""ALML"": {""pre_hz"": 1.0, ""peri_hz"": 95.0, ""delta_hz"": 94.0}, ""ALMR"": {""pre_hz"": 2.0, ""peri_hz"": 90.5, ""delta_hz"": 88.5}, ""AVM"": {""pre_hz"": 1.0, ""peri_hz"": 92.5, ""delta_hz"": 91.5}, ""AIBL"": {""pre_hz"": 11.25, ""peri_hz"": 13.5, ""delta_hz"": 2.25}, ""AIBR"": {""pre_hz"": 13.25, ""peri_hz"": 19.0, ""delta_hz"": 5.75}, ""AVAL"": {""pre_hz"": 39.25, ""peri_hz"": 107.5, ""delta_hz"": 68.25}, ""AVAR"": {""pre_hz"": 39.0, ""peri_hz"": 108.5, ""delta_hz"": 69.5}, ""AVEL"": {""pre_hz"": 36.75, ""peri_hz"": 88.5, ""delta_hz"": 51.75}, ""AVER"": {""pre_hz"": 34.75, ""peri_hz"": 88.5, ""delta_hz"": 53.75}, ""AVDL"": {""pre_hz"": 38.75, ""peri_hz"": 107.0, ""delta_hz"": 68.25}, ""AVDR"": {""pre_hz"": 38.75, ""peri_hz"": 107.0, ""delta_hz"": 68.25}, ""AVBL"": {""pre_hz"": 32.5, ""peri_hz"": 86.0, ""delta_hz"": 53.5}, ""AVBR"": {""pre_hz"": 37.25, ""peri_hz"": 103.5, ""delta_hz"": 66.25}, ""RIML"": {""pre_hz"": 22.25, ""peri_hz"": 35.0, ""delta_hz"": 12.75}, ""RIMR"": {""pre_hz"": 26.75, ""peri_hz"": 39.0, ""delta_hz"": 12.25}, ""RIS"": {""pre_hz"": 1.5, ""peri_hz"": 1.5, ""delta_hz"": 0.0}, ""PVCL"": {""pre_hz"": 38.75, ""peri_hz"": 107.0, ""delta_hz"": 68.25}, ""PVCR"": {""pre_hz"": 38.75, ""peri_hz"": 117.5, ""delta_hz"": 78.75}}","{""ALML"": {""pre_hz"": 1.25, ""peri_hz"": 94.0, ""delta_hz"": 92.75}, ""ALMR"": {""pre_hz"": 1.75, ""peri_hz"": 90.0, ""delta_hz"": 88.25}, ""AVM"": {""pre_hz"": 0.75, ""peri_hz"": 89.5, ""delta_hz"": 88.75}, ""AIBL"": {""pre_hz"": 9.75, ""peri_hz"": 10.0, ""delta_hz"": 0.25}, ""AIBR"": {""pre_hz"": 10.75, ""peri_hz"": 12.5, ""delta_hz"": 1.75}, ""AVAL"": {""pre_hz"": 7.75, ""peri_hz"": 59.0, ""delta_hz"": 51.25}, ""AVAR"": {""pre_hz"": 8.0, ""peri_hz"": 59.0, ""delta_hz"": 51.0}, ""AVEL"": {""pre_hz"": 16.5, ""peri_hz"": 62.0, ""delta_hz"": 45.5}, ""AVER"": {""pre_hz"": 14.75, ""peri_hz"": 56.5, ""delta_hz"": 41.75}, ""AVDL"": {""pre_hz"": 9.75, ""peri_hz"": 62.5, ""delta_hz"": 52.75}, ""AVDR"": {""pre_hz"": 8.25, ""peri_hz"": 59.0, ""delta_hz"": 50.75}, ""AVBL"": {""pre_hz"": 8.0, ""peri_hz"": 49.0, ""delta_hz"": 41.0}, ""AVBR"": {""pre_hz"": 9.75, ""peri_hz"": 59.0, ""delta_hz"": 49.25}, ""RIML"": {""pre_hz"": 15.5, ""peri_hz"": 21.5, ""delta_hz"": 6.0}, ""RIMR"": {""pre_hz"": 19.25, ""peri_hz"": 24.5, ""delta_hz"": 5.25}, ""RIS"": {""pre_hz"": 1.0, ""peri_hz"": 1.5, ""delta_hz"": 0.5}, ""PVCL"": {""pre_hz"": 7.75, ""peri_hz"": 60.0, ""delta_hz"": 52.25}, ""PVCR"": {""pre_hz"": 7.75, ""peri_hz"": 73.0, ""delta_hz"": 65.25}}",
M2-pure,AVA / touch,touch,49,60.0,0.7733333333333333,0.1575,0.06916666666666667,0.0,0.0,0.24916666666666668,0.6008333333333333,0.1025,0.0,0.0475,0.44333333333333336,0.033333333333333326,0.0,0.0475,-0.5241666666666667,"{""ALML"": {""pre_hz"": 2.0, ""peri_hz"": 92.0, ""delta_hz"": 90.0}, ""ALMR"": {""pre_hz"": 0.75, ""peri_hz"": 89.0, ""delta_hz"": 88.25}, ""AVM"": {""pre_hz"": 0.5, ""peri_hz"": 86.0, ""delta_hz"": 85.5}, ""AIBL"": {""pre_hz"": 13.0, ""peri_hz"": 13.5, ""delta_hz"": 0.5}, ""AIBR"": {""pre_hz"": 15.5, ""peri_hz"": 17.0, ""delta_hz"": 1.5}, ""AVAL"": {""pre_hz"": 40.5, ""peri_hz"": 97.5, ""delta_hz"": 57.0}, ""AVAR"": {""pre_hz"": 40.75, ""peri_hz"": 99.0, ""delta_hz"": 58.25}, ""AVEL"": {""pre_hz"": 35.5, ""peri_hz"": 85.0, ""delta_hz"": 49.5}, ""AVER"": {""pre_hz"": 36.5, ""peri_hz"": 84.5, ""delta_hz"": 48.0}, ""AVDL"": {""pre_hz"": 39.75, ""peri_hz"": 97.5, ""delta_hz"": 57.75}, ""AVDR"": {""pre_hz"": 39.75, ""peri_hz"": 97.5, ""delta_hz"": 57.75}, ""AVBL"": {""pre_hz"": 32.75, ""peri_hz"": 84.5, ""delta_hz"": 51.75}, ""AVBR"": {""pre_hz"": 37.75, ""peri_hz"": 92.5, ""delta_hz"": 54.75}, ""RIML"": {""pre_hz"": 23.25, ""peri_hz"": 31.0, ""delta_hz"": 7.75}, ""RIMR"": {""pre_hz"": 27.25, ""peri_hz"": 40.0, ""delta_hz"": 12.75}, ""RIS"": {""pre_hz"": 0.5, ""peri_hz"": 2.0, ""delta_hz"": 1.5}, ""PVCL"": {""pre_hz"": 39.75, ""peri_hz"": 97.5, ""delta_hz"": 57.75}, ""PVCR"": {""pre_hz"": 39.75, ""peri_hz"": 109.0, ""delta_hz"": 69.25}}","{""ALML"": {""pre_hz"": 1.75, ""peri_hz"": 90.0, ""delta_hz"": 88.25}, ""ALMR"": {""pre_hz"": 0.5, ""peri_hz"": 86.5, ""delta_hz"": 86.0}, ""AVM"": {""pre_hz"": 0.5, ""peri_hz"": 85.0, ""delta_hz"": 84.5}, ""AIBL"": {""pre_hz"": 11.75, ""peri_hz"": 10.5, ""delta_hz"": -1.25}, ""AIBR"": {""pre_hz"": 12.5, ""peri_hz"": 15.0, ""delta_hz"": 2.5}, ""AVAL"": {""pre_hz"": 9.25, ""peri_hz"": 60.0, ""delta_hz"": 50.75}, ""AVAR"": {""pre_hz"": 9.25, ""peri_hz"": 61.0, ""delta_hz"": 51.75}, ""AVEL"": {""pre_hz"": 19.25, ""peri_hz"": 57.5, ""delta_hz"": 38.25}, ""AVER"": {""pre_hz"": 16.5, ""peri_hz"": 54.0, ""delta_hz"": 37.5}, ""AVDL"": {""pre_hz"": 11.25, ""peri_hz"": 68.0, ""delta_hz"": 56.75}, ""AVDR"": {""pre_hz"": 9.25, ""peri_hz"": 60.0, ""delta_hz"": 50.75}, ""AVBL"": {""pre_hz"": 9.5, ""peri_hz"": 50.0, ""delta_hz"": 40.5}, ""AVBR"": {""pre_hz"": 10.5, ""peri_hz"": 59.0, ""delta_hz"": 48.5}, ""RIML"": {""pre_hz"": 16.25, ""peri_hz"": 24.0, ""delta_hz"": 7.75}, ""RIMR"": {""pre_hz"": 22.25, ""peri_hz"": 25.5, ""delta_hz"": 3.25}, ""RIS"": {""pre_hz"": 0.5, ""peri_hz"": 1.5, ""delta_hz"": 1.0}, ""PVCL"": {""pre_hz"": 9.5, ""peri_hz"": 62.5, ""delta_hz"": 53.0}, ""PVCR"": {""pre_hz"": 9.25, ""peri_hz"": 77.0, ""delta_hz"": 67.75}}",
M2-pure,AVA / touch,touch,50,60.0,0.010833333333333334,0.0,0.0175,0.050833333333333335,0.9208333333333333,0.17416666666666666,0.6808333333333333,0.034166666666666665,0.050833333333333335,0.06,0.6808333333333333,0.016666666666666663,0.0,-0.8608333333333333,0.16333333333333333,"{""ALML"": {""pre_hz"": 1.0, ""peri_hz"": 82.5, ""delta_hz"": 81.5}, ""ALMR"": {""pre_hz"": 0.75, ""peri_hz"": 89.5, ""delta_hz"": 88.75}, ""AVM"": {""pre_hz"": 0.75, ""peri_hz"": 93.0, ""delta_hz"": 92.25}, ""AIBL"": {""pre_hz"": 11.75, ""peri_hz"": 8.0, ""delta_hz"": -3.75}, ""AIBR"": {""pre_hz"": 12.5, ""peri_hz"": 13.5, ""delta_hz"": 1.0}, ""AVAL"": {""pre_hz"": 37.5, ""peri_hz"": 92.5, ""delta_hz"": 55.0}, ""AVAR"": {""pre_hz"": 37.5, ""peri_hz"": 92.0, ""delta_hz"": 54.5}, ""AVEL"": {""pre_hz"": 35.25, ""peri_hz"": 77.0, ""delta_hz"": 41.75}, ""AVER"": {""pre_hz"": 33.0, ""peri_hz"": 82.5, ""delta_hz"": 49.5}, ""AVDL"": {""pre_hz"": 37.5, ""peri_hz"": 92.0, ""delta_hz"": 54.5}, ""AVDR"": {""pre_hz"": 37.5, ""peri_hz"": 92.0, ""delta_hz"": 54.5}, ""AVBL"": {""pre_hz"": 30.25, ""peri_hz"": 80.5, ""delta_hz"": 50.25}, ""AVBR"": {""pre_hz"": 35.5, ""peri_hz"": 89.5, ""delta_hz"": 54.0}, ""RIML"": {""pre_hz"": 21.75, ""peri_hz"": 27.5, ""delta_hz"": 5.75}, ""RIMR"": {""pre_hz"": 24.5, ""peri_hz"": 32.5, ""delta_hz"": 8.0}, ""RIS"": {""pre_hz"": 1.0, ""peri_hz"": 1.0, ""delta_hz"": 0.0}, ""PVCL"": {""pre_hz"": 37.5, ""peri_hz"": 92.0, ""delta_hz"": 54.5}, ""PVCR"": {""pre_hz"": 37.75, ""peri_hz"": 104.5, ""delta_hz"": 66.75}}","{""ALML"": {""pre_hz"": 0.5, ""peri_hz"": 80.5, ""delta_hz"": 80.0}, ""ALMR"": {""pre_hz"": 0.75, ""peri_hz"": 89.0, ""delta_hz"": 88.25}, ""AVM"": {""pre_hz"": 0.75, ""peri_hz"": 92.5, ""delta_hz"": 91.75}, ""AIBL"": {""pre_hz"": 11.0, ""peri_hz"": 8.5, ""delta_hz"": -2.5}, ""AIBR"": {""pre_hz"": 11.5, ""peri_hz"": 10.5, ""delta_hz"": -1.0}, ""AVAL"": {""pre_hz"": 5.75, ""peri_hz"": 61.5, ""delta_hz"": 55.75}, ""AVAR"": {""pre_hz"": 5.75, ""peri_hz"": 61.5, ""delta_hz"": 55.75}, ""AVEL"": {""pre_hz"": 20.0, ""peri_hz"": 56.0, ""delta_hz"": 36.0}, ""AVER"": {""pre_hz"": 14.25, ""peri_hz"": 56.5, ""delta_hz"": 42.25}, ""AVDL"": {""pre_hz"": 6.5, ""peri_hz"": 66.5, ""delta_hz"": 60.0}, ""AVDR"": {""pre_hz"": 5.75, ""peri_hz"": 61.5, ""delta_hz"": 55.75}, ""AVBL"": {""pre_hz"": 6.5, ""peri_hz"": 53.0, ""delta_hz"": 46.5}, ""AVBR"": {""pre_hz"": 8.75, ""peri_hz"": 63.0, ""delta_hz"": 54.25}, ""RIML"": {""pre_hz"": 15.0, ""peri_hz"": 17.5, ""delta_hz"": 2.5}, ""RIMR"": {""pre_hz"": 17.75, ""peri_hz"": 25.5, ""delta_hz"": 7.75}, ""RIS"": {""pre_hz"": 0.5, ""peri_hz"": 1.0, ""delta_hz"": 0.5}, ""PVCL"": {""pre_hz"": 6.0, ""peri_hz"": 63.5, ""delta_hz"": 57.5}, ""PVCR"": {""pre_hz"": 5.75, ""peri_hz"": 76.5, ""delta_hz"": 70.75}}",
M2-pure,AVA / touch,touch,51,60.0,0.795,0.06916666666666667,0.03333333333333333,0.0,0.1025,0.14333333333333334,0.7508333333333334,0.10166666666666667,0.0,0.004166666666666667,0.6816666666666666,0.06833333333333333,0.0,-0.09833333333333333,-0.6516666666666667,"{""ALML"": {""pre_hz"": 0.25, ""peri_hz"": 85.0, ""delta_hz"": 84.75}, ""ALMR"": {""pre_hz"": 1.0, ""peri_hz"": 95.5, ""delta_hz"": 94.5}, ""AVM"": {""pre_hz"": 0.0, ""peri_hz"": 84.5, ""delta_hz"": 84.5}, ""AIBL"": {""pre_hz"": 13.25, ""peri_hz"": 14.0, ""delta_hz"": 0.75}, ""AIBR"": {""pre_hz"": 11.75, ""peri_hz"": 18.0, ""delta_hz"": 6.25}, ""AVAL"": {""pre_hz"": 36.75, ""peri_hz"": 97.5, ""delta_hz"": 60.75}, ""AVAR"": {""pre_hz"": 37.5, ""peri_hz"": 98.5, ""delta_hz"": 61.0}, ""AVEL"": {""pre_hz"": 32.25, ""peri_hz"": 83.5, ""delta_hz"": 51.25}, ""AVER"": {""pre_hz"": 31.75, ""peri_hz"": 79.5, ""delta_hz"": 47.75}, ""AVDL"": {""pre_hz"": 36.75, ""peri_hz"": 97.5, ""delta_hz"": 60.75}, ""AVDR"": {""pre_hz"": 36.75, ""peri_hz"": 97.5, ""delta_hz"": 60.75}, ""AVBL"": {""pre_hz"": 28.75, ""peri_hz"": 79.0, ""delta_hz"": 50.25}, ""AVBR"": {""pre_hz"": 33.5, ""peri_hz"": 93.5, ""delta_hz"": 60.0}, ""RIML"": {""pre_hz"": 20.5, ""peri_hz"": 30.5, ""delta_hz"": 10.0}, ""RIMR"": {""pre_hz"": 26.0, ""peri_hz"": 38.5, ""delta_hz"": 12.5}, ""RIS"": {""pre_hz"": 1.5, ""peri_hz"": 0.5, ""delta_hz"": -1.0}, ""PVCL"": {""pre_hz"": 36.75, ""peri_hz"": 97.5, ""delta_hz"": 60.75}, ""PVCR"": {""pre_hz"": 36.75, ""peri_hz"": 104.5, ""delta_hz"": 67.75}}","{""ALML"": {""pre_hz"": 0.0, ""peri_hz"": 84.5, ""delta_hz"": 84.5}, ""ALMR"": {""pre_hz"": 1.0, ""peri_hz"": 94.5, ""delta_hz"": 93.5}, ""AVM"": {""pre_hz"": 0.0, ""peri_hz"": 83.0, ""delta_hz"": 83.0}, ""AIBL"": {""pre_hz"": 12.5, ""peri_hz"": 12.0, ""delta_hz"": -0.5}, ""AIBR"": {""pre_hz"": 10.25, ""peri_hz"": 13.5, ""delta_hz"": 3.25}, ""AVAL"": {""pre_hz"": 8.0, ""peri_hz"": 61.0, ""delta_hz"": 53.0}, ""AVAR"": {""pre_hz"": 8.0, ""peri_hz"": 61.0, ""delta_hz"": 53.0}, ""AVEL"": {""pre_hz"": 18.75, ""peri_hz"": 63.5, ""delta_hz"": 44.75}, ""AVER"": {""pre_hz"": 14.75, ""peri_hz"": 56.5, ""delta_hz"": 41.75}, ""AVDL"": {""pre_hz"": 9.75, ""peri_hz"": 68.0, ""delta_hz"": 58.25}, ""AVDR"": {""pre_hz"": 8.75, ""peri_hz"": 61.0, ""delta_hz"": 52.25}, ""AVBL"": {""pre_hz"": 8.25, ""peri_hz"": 55.0, ""delta_hz"": 46.75}, ""AVBR"": {""pre_hz"": 9.75, ""peri_hz"": 59.5, ""delta_hz"": 49.75}, ""RIML"": {""pre_hz"": 13.75, ""peri_hz"": 21.5, ""delta_hz"": 7.75}, ""RIMR"": {""pre_hz"": 19.75, ""peri_hz"": 30.5, ""delta_hz"": 10.75}, ""RIS"": {""pre_hz"": 0.5, ""peri_hz"": 0.0, ""delta_hz"": -0.5}, ""PVCL"": {""pre_hz"": 8.25, ""peri_hz"": 62.0, ""delta_hz"": 53.75}, ""PVCR"": {""pre_hz"": 8.0, ""peri_hz"": 80.5, ""delta_hz"": 72.5}}",
M2-pure,AVB / spontaneous,spontaneous,42,60.0,0.09833333333333333,0.11083333333333334,0.10333333333333333,0.0,0.6875,0.215,0.0008333333333333334,0.25833333333333336,0.0,0.5258333333333334,-0.11,0.15500000000000003,0.0,-0.16166666666666663,0.11666666666666667,"{""ALML"": {""pre_hz"": 1.75, ""peri_hz"": 1.5, ""delta_hz"": -0.25}, ""ALMR"": {""pre_hz"": 0.25, ""peri_hz"": 0.0, ""delta_hz"": -0.25}, ""AVM"": {""pre_hz"": 0.5, ""peri_hz"": 0.5, ""delta_hz"": 0.0}, ""AIBL"": {""pre_hz"": 11.25, ""peri_hz"": 15.0, ""delta_hz"": 3.75}, ""AIBR"": {""pre_hz"": 14.25, ""peri_hz"": 20.0, ""delta_hz"": 5.75}, ""AVAL"": {""pre_hz"": 38.5, ""peri_hz"": 44.5, ""delta_hz"": 6.0}, ""AVAR"": {""pre_hz"": 39.5, ""peri_hz"": 46.5, ""delta_hz"": 7.0}, ""AVEL"": {""pre_hz"": 36.75, ""peri_hz"": 42.5, ""delta_hz"": 5.75}, ""AVER"": {""pre_hz"": 35.75, ""peri_hz"": 39.0, ""delta_hz"": 3.25}, ""AVDL"": {""pre_hz"": 38.25, ""peri_hz"": 44.5, ""delta_hz"": 6.25}, ""AVDR"": {""pre_hz"": 38.25, ""peri_hz"": 44.5, ""delta_hz"": 6.25}, ""AVBL"": {""pre_hz"": 31.75, ""peri_hz"": 34.0, ""delta_hz"": 2.25}, ""AVBR"": {""pre_hz"": 36.75, ""peri_hz"": 40.5, ""delta_hz"": 3.75}, ""RIML"": {""pre_hz"": 22.5, ""peri_hz"": 29.0, ""delta_hz"": 6.5}, ""RIMR"": {""pre_hz"": 25.5, ""peri_hz"": 29.5, ""delta_hz"": 4.0}, ""RIS"": {""pre_hz"": 1.0, ""peri_hz"": 1.5, ""delta_hz"": 0.5}, ""PVCL"": {""pre_hz"": 38.25, ""peri_hz"": 44.5, ""delta_hz"": 6.25}, ""PVCR"": {""pre_hz"": 38.25, ""peri_hz"": 44.5, ""delta_hz"": 6.25}}","{""ALML"": {""pre_hz"": 1.75, ""peri_hz"": 1.5, ""delta_hz"": -0.25}, ""ALMR"": {""pre_hz"": 0.25, ""peri_hz"": 0.0, ""delta_hz"": -0.25}, ""AVM"": {""pre_hz"": 0.5, ""peri_hz"": 0.5, ""delta_hz"": 0.0}, ""AIBL"": {""pre_hz"": 10.75, ""peri_hz"": 14.5, ""delta_hz"": 3.75}, ""AIBR"": {""pre_hz"": 12.25, ""peri_hz"": 17.5, ""delta_hz"": 5.25}, ""AVAL"": {""pre_hz"": 31.25, ""peri_hz"": 33.5, ""delta_hz"": 2.25}, ""AVAR"": {""pre_hz"": 32.0, ""peri_hz"": 34.0, ""delta_hz"": 2.0}, ""AVEL"": {""pre_hz"": 28.25, ""peri_hz"": 33.0, ""delta_hz"": 4.75}, ""AVER"": {""pre_hz"": 24.75, ""peri_hz"": 27.5, ""delta_hz"": 2.75}, ""AVDL"": {""pre_hz"": 31.25, ""peri_hz"": 33.5, ""delta_hz"": 2.25}, ""AVDR"": {""pre_hz"": 31.25, ""peri_hz"": 33.5, ""delta_hz"": 2.25}, ""AVBL"": {""pre_hz"": 0.0, ""peri_hz"": 0.0, ""delta_hz"": 0.0}, ""AVBR"": {""pre_hz"": 0.0, ""peri_hz"": 0.5, ""delta_hz"": 0.5}, ""RIML"": {""pre_hz"": 16.5, ""peri_hz"": 24.0, ""delta_hz"": 7.5}, ""RIMR"": {""pre_hz"": 20.75, ""peri_hz"": 23.0, ""delta_hz"": 2.25}, ""RIS"": {""pre_hz"": 0.25, ""peri_hz"": 2.0, ""delta_hz"": 1.75}, ""PVCL"": {""pre_hz"": 31.25, ""peri_hz"": 33.5, ""delta_hz"": 2.25}, ""PVCR"": {""pre_hz"": 31.25, ""peri_hz"": 33.5, ""delta_hz"": 2.25}}",
M2-pure,AVB / spontaneous,spontaneous,43,60.0,0.16916666666666666,0.6608333333333334,0.06916666666666667,0.10083333333333333,0.0,0.23916666666666667,0.14,0.2575,0.050833333333333335,0.3125,-0.5208333333333334,0.18833333333333335,-0.049999999999999996,0.3125,0.07,"{""ALML"": {""pre_hz"": 0.75, ""peri_hz"": 0.5, ""delta_hz"": -0.25}, ""ALMR"": {""pre_hz"": 0.5, ""peri_hz"": 1.0, ""delta_hz"": 0.5}, ""AVM"": {""pre_hz"": 0.5, ""peri_hz"": 0.0, ""delta_hz"": -0.5}, ""AIBL"": {""pre_hz"": 9.75, ""peri_hz"": 13.5, ""delta_hz"": 3.75}, ""AIBR"": {""pre_hz"": 12.25, ""peri_hz"": 13.5, ""delta_hz"": 1.25}, ""AVAL"": {""pre_hz"": 38.75, ""peri_hz"": 46.0, ""delta_hz"": 7.25}, ""AVAR"": {""pre_hz"": 39.25, ""peri_hz"": 49.0, ""delta_hz"": 9.75}, ""AVEL"": {""pre_hz"": 37.25, ""peri_hz"": 43.5, ""delta_hz"": 6.25}, ""AVER"": {""pre_hz"": 35.75, ""peri_hz"": 40.0, ""delta_hz"": 4.25}, ""AVDL"": {""pre_hz"": 38.5, ""peri_hz"": 46.0, ""delta_hz"": 7.5}, ""AVDR"": {""pre_hz"": 38.5, ""peri_hz"": 46.0, ""delta_hz"": 7.5}, ""AVBL"": {""pre_hz"": 32.0, ""peri_hz"": 38.5, ""delta_hz"": 6.5}, ""AVBR"": {""pre_hz"": 37.0, ""peri_hz"": 43.5, ""delta_hz"": 6.5}, ""RIML"": {""pre_hz"": 21.75, ""peri_hz"": 24.0, ""delta_hz"": 2.25}, ""RIMR"": {""pre_hz"": 26.75, ""peri_hz"": 29.5, ""delta_hz"": 2.75}, ""RIS"": {""pre_hz"": 0.5, ""peri_hz"": 0.5, ""delta_hz"": 0.0}, ""PVCL"": {""pre_hz"": 38.5, ""peri_hz"": 46.0, ""delta_hz"": 7.5}, ""PVCR"": {""pre_hz"": 38.5, ""peri_hz"": 46.0, ""delta_hz"": 7.5}}","{""ALML"": {""pre_hz"": 0.75, ""peri_hz"": 0.0, ""delta_hz"": -0.75}, ""ALMR"": {""pre_hz"": 0.5, ""peri_hz"": 1.0, ""delta_hz"": 0.5}, ""AVM"": {""pre_hz"": 0.5, ""peri_hz"": 0.0, ""delta_hz"": -0.5}, ""AIBL"": {""pre_hz"": 9.0, ""peri_hz"": 10.0, ""delta_hz"": 1.0}, ""AIBR"": {""pre_hz"": 9.25, ""peri_hz"": 10.0, ""delta_hz"": 0.75}, ""AVAL"": {""pre_hz"": 30.0, ""peri_hz"": 37.0, ""delta_hz"": 7.0}, ""AVAR"": {""pre_hz"": 30.5, ""peri_hz"": 37.5, ""delta_hz"": 7.0}, ""AVEL"": {""pre_hz"": 27.0, ""peri_hz"": 32.0, ""delta_hz"": 5.0}, ""AVER"": {""pre_hz"": 25.5, ""peri_hz"": 29.5, ""delta_hz"": 4.0}, ""AVDL"": {""pre_hz"": 29.75, ""peri_hz"": 37.0, ""delta_hz"": 7.25}, ""AVDR"": {""pre_hz"": 29.75, ""peri_hz"": 37.0, ""delta_hz"": 7.25}, ""AVBL"": {""pre_hz"": 0.0, ""peri_hz"": 0.0, ""delta_hz"": 0.0}, ""AVBR"": {""pre_hz"": 0.25, ""peri_hz"": 0.5, ""delta_hz"": 0.25}, ""RIML"": {""pre_hz"": 15.0, ""peri_hz"": 17.5, ""delta_hz"": 2.5}, ""RIMR"": {""pre_hz"": 18.5, ""peri_hz"": 24.5, ""delta_hz"": 6.0}, ""RIS"": {""pre_hz"": 0.5, ""peri_hz"": 0.5, ""delta_hz"": 0.0}, ""PVCL"": {""pre_hz"": 29.75, ""peri_hz"": 37.0, ""delta_hz"": 7.25}, ""PVCR"": {""pre_hz"": 29.75, ""peri_hz"": 37.0, ""delta_hz"": 7.25}}",
M2-pure,AVB / spontaneous,spontaneous,44,60.0,0.22916666666666666,0.0,0.0,0.0,0.7708333333333334,0.17416666666666666,0.0,0.15416666666666667,0.1,0.5716666666666667,0.0,0.15416666666666667,0.1,-0.19916666666666671,-0.05499999999999999,"{""ALML"": {""pre_hz"": 0.5, ""peri_hz"": 0.5, ""delta_hz"": 0.0}, ""ALMR"": {""pre_hz"": 0.5, ""peri_hz"": 1.0, ""delta_hz"": 0.5}, ""AVM"": {""pre_hz"": 1.75, ""peri_hz"": 0.5, ""delta_hz"": -1.25}, ""AIBL"": {""pre_hz"": 10.75, ""peri_hz"": 12.5, ""delta_hz"": 1.75}, ""AIBR"": {""pre_hz"": 11.25, ""peri_hz"": 10.5, ""delta_hz"": -0.75}, ""AVAL"": {""pre_hz"": 37.0, ""peri_hz"": 36.5, ""delta_hz"": -0.5}, ""AVAR"": {""pre_hz"": 37.25, ""peri_hz"": 36.0, ""delta_hz"": -1.25}, ""AVEL"": {""pre_hz"": 34.75, ""peri_hz"": 33.0, ""delta_hz"": -1.75}, ""AVER"": {""pre_hz"": 34.5, ""peri_hz"": 33.5, ""delta_hz"": -1.0}, ""AVDL"": {""pre_hz"": 37.0, ""peri_hz"": 35.5, ""delta_hz"": -1.5}, ""AVDR"": {""pre_hz"": 37.0, ""peri_hz"": 35.5, ""delta_hz"": -1.5}, ""AVBL"": {""pre_hz"": 32.75, ""peri_hz"": 29.0, ""delta_hz"": -3.75}, ""AVBR"": {""pre_hz"": 36.25, ""peri_hz"": 36.0, ""delta_hz"": -0.25}, ""RIML"": {""pre_hz"": 19.0, ""peri_hz"": 17.0, ""delta_hz"": -2.0}, ""RIMR"": {""pre_hz"": 26.5, ""peri_hz"": 26.0, ""delta_hz"": -0.5}, ""RIS"": {""pre_hz"": 0.5, ""peri_hz"": 2.0, ""delta_hz"": 1.5}, ""PVCL"": {""pre_hz"": 37.0, ""peri_hz"": 35.5, ""delta_hz"": -1.5}, ""PVCR"": {""pre_hz"": 37.5, ""peri_hz"": 35.5, ""delta_hz"": -2.0}}","{""ALML"": {""pre_hz"": 0.5, ""peri_hz"": 0.5, ""delta_hz"": 0.0}, ""ALMR"": {""pre_hz"": 0.5, ""peri_hz"": 0.5, ""delta_hz"": 0.0}, ""AVM"": {""pre_hz"": 1.5, ""peri_hz"": 0.5, ""delta_hz"": -1.0}, ""AIBL"": {""pre_hz"": 9.0, ""peri_hz"": 10.0, ""delta_hz"": 1.0}, ""AIBR"": {""pre_hz"": 9.25, ""peri_hz"": 9.5, ""delta_hz"": 0.25}, ""AVAL"": {""pre_hz"": 28.0, ""peri_hz"": 24.0, ""delta_hz"": -4.0}, ""AVAR"": {""pre_hz"": 27.75, ""peri_hz"": 24.0, ""delta_hz"": -3.75}, ""AVEL"": {""pre_hz"": 23.75, ""peri_hz"": 21.5, ""delta_hz"": -2.25}, ""AVER"": {""pre_hz"": 23.0, ""peri_hz"": 20.0, ""delta_hz"": -3.0}, ""AVDL"": {""pre_hz"": 27.5, ""peri_hz"": 24.0, ""delta_hz"": -3.5}, ""AVDR"": {""pre_hz"": 27.5, ""peri_hz"": 24.0, ""delta_hz"": -3.5}, ""AVBL"": {""pre_hz"": 0.0, ""peri_hz"": 0.0, ""delta_hz"": 0.0}, ""AVBR"": {""pre_hz"": 0.25, ""peri_hz"": 0.0, ""delta_hz"": -0.25}, ""RIML"": {""pre_hz"": 15.5, ""peri_hz"": 14.5, ""delta_hz"": -1.0}, ""RIMR"": {""pre_hz"": 17.75, ""peri_hz"": 16.5, ""delta_hz"": -1.25}, ""RIS"": {""pre_hz"": 0.5, ""peri_hz"": 1.0, ""delta_hz"": 0.5}, ""PVCL"": {""pre_hz"": 27.5, ""peri_hz"": 24.0, ""delta_hz"": -3.5}, ""PVCR"": {""pre_hz"": 28.0, ""peri_hz"": 24.0, ""delta_hz"": -4.0}}",
M2-pure,AVB / spontaneous,spontaneous,45,60.0,0.024166666666666666,0.8708333333333333,0.0525,0.050833333333333335,0.0016666666666666668,0.6491666666666667,0.07,0.1875,0.050833333333333335,0.0425,-0.8008333333333333,0.135,0.0,0.04083333333333334,0.625,"{""ALML"": {""pre_hz"": 1.75, ""peri_hz"": 0.5, ""delta_hz"": -1.25}, ""ALMR"": {""pre_hz"": 0.5, ""peri_hz"": 0.5, ""delta_hz"": 0.0}, ""AVM"": {""pre_hz"": 0.25, ""peri_hz"": 1.0, ""delta_hz"": 0.75}, ""AIBL"": {""pre_hz"": 9.75, ""peri_hz"": 12.5, ""delta_hz"": 2.75}, ""AIBR"": {""pre_hz"": 12.5, ""peri_hz"": 10.5, ""delta_hz"": -2.0}, ""AVAL"": {""pre_hz"": 38.0, ""peri_hz"": 44.0, ""delta_hz"": 6.0}, ""AVAR"": {""pre_hz"": 38.25, ""peri_hz"": 43.5, ""delta_hz"": 5.25}, ""AVEL"": {""pre_hz"": 34.0, ""peri_hz"": 37.0, ""delta_hz"": 3.0}, ""AVER"": {""pre_hz"": 32.5, ""peri_hz"": 38.0, ""delta_hz"": 5.5}, ""AVDL"": {""pre_hz"": 37.5, ""peri_hz"": 43.0, ""delta_hz"": 5.5}, ""AVDR"": {""pre_hz"": 37.5, ""peri_hz"": 43.0, ""delta_hz"": 5.5}, ""AVBL"": {""pre_hz"": 32.75, ""peri_hz"": 36.5, ""delta_hz"": 3.75}, ""AVBR"": {""pre_hz"": 36.75, ""peri_hz"": 41.5, ""delta_hz"": 4.75}, ""RIML"": {""pre_hz"": 22.0, ""peri_hz"": 23.0, ""delta_hz"": 1.0}, ""RIMR"": {""pre_hz"": 24.25, ""peri_hz"": 31.0, ""delta_hz"": 6.75}, ""RIS"": {""pre_hz"": 1.25, ""peri_hz"": 2.0, ""delta_hz"": 0.75}, ""PVCL"": {""pre_hz"": 37.5, ""peri_hz"": 43.0, ""delta_hz"": 5.5}, ""PVCR"": {""pre_hz"": 37.5, ""peri_hz"": 43.0, ""delta_hz"": 5.5}}","{""ALML"": {""pre_hz"": 1.5, ""peri_hz"": 0.5, ""delta_hz"": -1.0}, ""ALMR"": {""pre_hz"": 0.25, ""peri_hz"": 0.5, ""delta_hz"": 0.25}, ""AVM"": {""pre_hz"": 0.25, ""peri_hz"": 1.0, ""delta_hz"": 0.75}, ""AIBL"": {""pre_hz"": 10.5, ""peri_hz"": 14.5, ""delta_hz"": 4.0}, ""AIBR"": {""pre_hz"": 12.25, ""peri_hz"": 9.0, ""delta_hz"": -3.25}, ""AVAL"": {""pre_hz"": 32.5, ""peri_hz"": 32.5, ""delta_hz"": 0.0}, ""AVAR"": {""pre_hz"": 33.75, ""peri_hz"": 32.0, ""delta_hz"": -1.75}, ""AVEL"": {""pre_hz"": 29.75, ""peri_hz"": 26.5, ""delta_hz"": -3.25}, ""AVER"": {""pre_hz"": 26.25, ""peri_hz"": 23.5, ""delta_hz"": -2.75}, ""AVDL"": {""pre_hz"": 32.0, ""peri_hz"": 31.5, ""delta_hz"": -0.5}, ""AVDR"": {""pre_hz"": 32.0, ""peri_hz"": 31.5, ""delta_hz"": -0.5}, ""AVBL"": {""pre_hz"": 0.0, ""peri_hz"": 0.0, ""delta_hz"": 0.0}, ""AVBR"": {""pre_hz"": 0.25, ""peri_hz"": 0.0, ""delta_hz"": -0.25}, ""RIML"": {""pre_hz"": 18.25, ""peri_hz"": 16.0, ""delta_hz"": -2.25}, ""RIMR"": {""pre_hz"": 22.0, ""peri_hz"": 25.5, ""delta_hz"": 3.5}, ""RIS"": {""pre_hz"": 0.5, ""peri_hz"": 1.5, ""delta_hz"": 1.0}, ""PVCL"": {""pre_hz"": 32.0, ""peri_hz"": 31.5, ""delta_hz"": -0.5}, ""PVCR"": {""pre_hz"": 32.0, ""peri_hz"": 31.5, ""delta_hz"": -0.5}}",
M2-pure,AVB / spontaneous,spontaneous,46,60.0,0.23083333333333333,0.7008333333333333,0.06833333333333333,0.0,0.0,0.4816666666666667,0.0625,0.32416666666666666,0.0,0.13166666666666665,-0.6383333333333333,0.25583333333333336,0.0,0.13166666666666665,0.25083333333333335,"{""ALML"": {""pre_hz"": 1.5, ""peri_hz"": 1.5, ""delta_hz"": 0.0}, ""ALMR"": {""pre_hz"": 1.5, ""peri_hz"": 0.0, ""delta_hz"": -1.5}, ""AVM"": {""pre_hz"": 0.75, ""peri_hz"": 0.0, ""delta_hz"": -0.75}, ""AIBL"": {""pre_hz"": 10.0, ""peri_hz"": 11.5, ""delta_hz"": 1.5}, ""AIBR"": {""pre_hz"": 13.75, ""peri_hz"": 11.5, ""delta_hz"": -2.25}, ""AVAL"": {""pre_hz"": 43.75, ""peri_hz"": 33.0, ""delta_hz"": -10.75}, ""AVAR"": {""pre_hz"": 43.75, ""peri_hz"": 33.0, ""delta_hz"": -10.75}, ""AVEL"": {""pre_hz"": 39.75, ""peri_hz"": 32.0, ""delta_hz"": -7.75}, ""AVER"": {""pre_hz"": 39.0, ""peri_hz"": 29.5, ""delta_hz"": -9.5}, ""AVDL"": {""pre_hz"": 43.0, ""peri_hz"": 32.5, ""delta_hz"": -10.5}, ""AVDR"": {""pre_hz"": 43.0, ""peri_hz"": 32.5, ""delta_hz"": -10.5}, ""AVBL"": {""pre_hz"": 34.75, ""peri_hz"": 26.5, ""delta_hz"": -8.25}, ""AVBR"": {""pre_hz"": 41.25, ""peri_hz"": 29.5, ""delta_hz"": -11.75}, ""RIML"": {""pre_hz"": 23.5, ""peri_hz"": 18.5, ""delta_hz"": -5.0}, ""RIMR"": {""pre_hz"": 27.5, ""peri_hz"": 25.0, ""delta_hz"": -2.5}, ""RIS"": {""pre_hz"": 0.75, ""peri_hz"": 0.5, ""delta_hz"": -0.25}, ""PVCL"": {""pre_hz"": 43.0, ""peri_hz"": 32.5, ""delta_hz"": -10.5}, ""PVCR"": {""pre_hz"": 43.0, ""peri_hz"": 32.5, ""delta_hz"": -10.5}}","{""ALML"": {""pre_hz"": 1.5, ""peri_hz"": 1.0, ""delta_hz"": -0.5}, ""ALMR"": {""pre_hz"": 1.5, ""peri_hz"": 0.0, ""delta_hz"": -1.5}, ""AVM"": {""pre_hz"": 0.75, ""peri_hz"": 0.0, ""delta_hz"": -0.75}, ""AIBL"": {""pre_hz"": 10.0, ""peri_hz"": 9.0, ""delta_hz"": -1.0}, ""AIBR"": {""pre_hz"": 12.5, ""peri_hz"": 9.0, ""delta_hz"": -3.5}, ""AVAL"": {""pre_hz"": 34.25, ""peri_hz"": 27.5, ""delta_hz"": -6.75}, ""AVAR"": {""pre_hz"": 34.5, ""peri_hz"": 27.0, ""delta_hz"": -7.5}, ""AVEL"": {""pre_hz"": 29.5, ""peri_hz"": 24.0, ""delta_hz"": -5.5}, ""AVER"": {""pre_hz"": 27.0, ""peri_hz"": 20.5, ""delta_hz"": -6.5}, ""AVDL"": {""pre_hz"": 33.5, ""peri_hz"": 27.0, ""delta_hz"": -6.5}, ""AVDR"": {""pre_hz"": 33.25, ""peri_hz"": 27.0, ""delta_hz"": -6.25}, ""AVBL"": {""pre_hz"": 0.0, ""peri_hz"": 0.0, ""delta_hz"": 0.0}, ""AVBR"": {""pre_hz"": 0.0, ""peri_hz"": 0.0, ""delta_hz"": 0.0}, ""RIML"": {""pre_hz"": 19.25, ""peri_hz"": 16.0, ""delta_hz"": -3.25}, ""RIMR"": {""pre_hz"": 22.0, ""peri_hz"": 20.0, ""delta_hz"": -2.0}, ""RIS"": {""pre_hz"": 0.75, ""peri_hz"": 0.5, ""delta_hz"": -0.25}, ""PVCL"": {""pre_hz"": 33.5, ""peri_hz"": 27.0, ""delta_hz"": -6.5}, ""PVCR"": {""pre_hz"": 33.5, ""peri_hz"": 27.0, ""delta_hz"": -6.5}}",
M2-pure,AVB / spontaneous,spontaneous,47,60.0,0.13916666666666666,0.7208333333333333,0.08583333333333333,0.05,0.004166666666666667,0.275,0.060833333333333336,0.25666666666666665,0.0,0.4075,-0.66,0.17083333333333334,-0.05,0.4033333333333333,0.13583333333333336,"{""ALML"": {""pre_hz"": 2.0, ""peri_hz"": 1.0, ""delta_hz"": -1.0}, ""ALMR"": {""pre_hz"": 2.0, ""peri_hz"": 1.0, ""delta_hz"": -1.0}, ""AVM"": {""pre_hz"": 0.25, ""peri_hz"": 0.0, ""delta_hz"": -0.25}, ""AIBL"": {""pre_hz"": 10.75, ""peri_hz"": 15.0, ""delta_hz"": 4.25}, ""AIBR"": {""pre_hz"": 13.25, ""peri_hz"": 24.0, ""delta_hz"": 10.75}, ""AVAL"": {""pre_hz"": 38.75, ""peri_hz"": 47.5, ""delta_hz"": 8.75}, ""AVAR"": {""pre_hz"": 38.75, ""peri_hz"": 48.0, ""delta_hz"": 9.25}, ""AVEL"": {""pre_hz"": 36.5, ""peri_hz"": 45.0, ""delta_hz"": 8.5}, ""AVER"": {""pre_hz"": 35.75, ""peri_hz"": 43.0, ""delta_hz"": 7.25}, ""AVDL"": {""pre_hz"": 38.25, ""peri_hz"": 47.0, ""delta_hz"": 8.75}, ""AVDR"": {""pre_hz"": 38.25, ""peri_hz"": 47.0, ""delta_hz"": 8.75}, ""AVBL"": {""pre_hz"": 32.75, ""peri_hz"": 38.0, ""delta_hz"": 5.25}, ""AVBR"": {""pre_hz"": 35.25, ""peri_hz"": 42.5, ""delta_hz"": 7.25}, ""RIML"": {""pre_hz"": 21.75, ""peri_hz"": 31.0, ""delta_hz"": 9.25}, ""RIMR"": {""pre_hz"": 25.5, ""peri_hz"": 33.0, ""delta_hz"": 7.5}, ""RIS"": {""pre_hz"": 1.0, ""peri_hz"": 1.5, ""delta_hz"": 0.5}, ""PVCL"": {""pre_hz"": 38.25, ""peri_hz"": 47.0, ""delta_hz"": 8.75}, ""PVCR"": {""pre_hz"": 38.25, ""peri_hz"": 47.0, ""delta_hz"": 8.75}}","{""ALML"": {""pre_hz"": 1.75, ""peri_hz"": 1.0, ""delta_hz"": -0.75}, ""ALMR"": {""pre_hz"": 1.5, ""peri_hz"": 1.0, ""delta_hz"": -0.5}, ""AVM"": {""pre_hz"": 0.25, ""peri_hz"": 0.0, ""delta_hz"": -0.25}, ""AIBL"": {""pre_hz"": 9.5, ""peri_hz"": 14.5, ""delta_hz"": 5.0}, ""AIBR"": {""pre_hz"": 11.75, ""peri_hz"": 17.0, ""delta_hz"": 5.25}, ""AVAL"": {""pre_hz"": 30.5, ""peri_hz"": 32.5, ""delta_hz"": 2.0}, ""AVAR"": {""pre_hz"": 31.25, ""peri_hz"": 32.5, ""delta_hz"": 1.25}, ""AVEL"": {""pre_hz"": 25.5, ""peri_hz"": 30.5, ""delta_hz"": 5.0}, ""AVER"": {""pre_hz"": 25.0, ""peri_hz"": 28.0, ""delta_hz"": 3.0}, ""AVDL"": {""pre_hz"": 30.25, ""peri_hz"": 32.5, ""delta_hz"": 2.25}, ""AVDR"": {""pre_hz"": 30.25, ""peri_hz"": 32.5, ""delta_hz"": 2.25}, ""AVBL"": {""pre_hz"": 0.0, ""peri_hz"": 0.0, ""delta_hz"": 0.0}, ""AVBR"": {""pre_hz"": 0.25, ""peri_hz"": 0.0, ""delta_hz"": -0.25}, ""RIML"": {""pre_hz"": 18.75, ""peri_hz"": 22.0, ""delta_hz"": 3.25}, ""RIMR"": {""pre_hz"": 20.75, ""peri_hz"": 25.0, ""delta_hz"": 4.25}, ""RIS"": {""pre_hz"": 1.0, ""peri_hz"": 1.0, ""delta_hz"": 0.0}, ""PVCL"": {""pre_hz"": 30.25, ""peri_hz"": 32.5, ""delta_hz"": 2.25}, ""PVCR"": {""pre_hz"": 30.25, ""peri_hz"": 32.5, ""delta_hz"": 2.25}}",
M2-pure,AVB / spontaneous,spontaneous,48,60.0,0.2991666666666667,0.7008333333333333,0.0,0.0,0.0,0.4716666666666667,0.4608333333333333,0.0675,0.0,0.0,-0.24,0.0675,0.0,0.0,0.1725,"{""ALML"": {""pre_hz"": 1.0, ""peri_hz"": 0.5, ""delta_hz"": -0.5}, ""ALMR"": {""pre_hz"": 2.0, ""peri_hz"": 1.0, ""delta_hz"": -1.0}, ""AVM"": {""pre_hz"": 1.0, ""peri_hz"": 1.0, ""delta_hz"": 0.0}, ""AIBL"": {""pre_hz"": 11.25, ""peri_hz"": 13.5, ""delta_hz"": 2.25}, ""AIBR"": {""pre_hz"": 13.25, ""peri_hz"": 15.0, ""delta_hz"": 1.75}, ""AVAL"": {""pre_hz"": 39.25, ""peri_hz"": 43.5, ""delta_hz"": 4.25}, ""AVAR"": {""pre_hz"": 39.0, ""peri_hz"": 44.0, ""delta_hz"": 5.0}, ""AVEL"": {""pre_hz"": 36.75, ""peri_hz"": 43.5, ""delta_hz"": 6.75}, ""AVER"": {""pre_hz"": 34.75, ""peri_hz"": 41.5, ""delta_hz"": 6.75}, ""AVDL"": {""pre_hz"": 38.75, ""peri_hz"": 43.0, ""delta_hz"": 4.25}, ""AVDR"": {""pre_hz"": 38.75, ""peri_hz"": 43.0, ""delta_hz"": 4.25}, ""AVBL"": {""pre_hz"": 32.5, ""peri_hz"": 37.0, ""delta_hz"": 4.5}, ""AVBR"": {""pre_hz"": 37.25, ""peri_hz"": 41.0, ""delta_hz"": 3.75}, ""RIML"": {""pre_hz"": 22.25, ""peri_hz"": 22.0, ""delta_hz"": -0.25}, ""RIMR"": {""pre_hz"": 26.75, ""peri_hz"": 29.0, ""delta_hz"": 2.25}, ""RIS"": {""pre_hz"": 1.5, ""peri_hz"": 1.0, ""delta_hz"": -0.5}, ""PVCL"": {""pre_hz"": 38.75, ""peri_hz"": 43.0, ""delta_hz"": 4.25}, ""PVCR"": {""pre_hz"": 38.75, ""peri_hz"": 43.0, ""delta_hz"": 4.25}}","{""ALML"": {""pre_hz"": 1.25, ""peri_hz"": 0.0, ""delta_hz"": -1.25}, ""ALMR"": {""pre_hz"": 1.75, ""peri_hz"": 1.0, ""delta_hz"": -0.75}, ""AVM"": {""pre_hz"": 1.0, ""peri_hz"": 1.0, ""delta_hz"": 0.0}, ""AIBL"": {""pre_hz"": 9.75, ""peri_hz"": 10.5, ""delta_hz"": 0.75}, ""AIBR"": {""pre_hz"": 12.0, ""peri_hz"": 11.5, ""delta_hz"": -0.5}, ""AVAL"": {""pre_hz"": 31.25, ""peri_hz"": 36.5, ""delta_hz"": 5.25}, ""AVAR"": {""pre_hz"": 31.75, ""peri_hz"": 37.0, ""delta_hz"": 5.25}, ""AVEL"": {""pre_hz"": 26.25, ""peri_hz"": 35.0, ""delta_hz"": 8.75}, ""AVER"": {""pre_hz"": 24.0, ""peri_hz"": 29.5, ""delta_hz"": 5.5}, ""AVDL"": {""pre_hz"": 31.25, ""peri_hz"": 36.0, ""delta_hz"": 4.75}, ""AVDR"": {""pre_hz"": 31.25, ""peri_hz"": 36.0, ""delta_hz"": 4.75}, ""AVBL"": {""pre_hz"": 0.0, ""peri_hz"": 0.0, ""delta_hz"": 0.0}, ""AVBR"": {""pre_hz"": 0.0, ""peri_hz"": 0.0, ""delta_hz"": 0.0}, ""RIML"": {""pre_hz"": 17.75, ""peri_hz"": 15.5, ""delta_hz"": -2.25}, ""RIMR"": {""pre_hz"": 20.5, ""peri_hz"": 23.0, ""delta_hz"": 2.5}, ""RIS"": {""pre_hz"": 1.25, ""peri_hz"": 1.0, ""delta_hz"": -0.25}, ""PVCL"": {""pre_hz"": 31.25, ""peri_hz"": 36.0, ""delta_hz"": 4.75}, ""PVCR"": {""pre_hz"": 31.25, ""peri_hz"": 36.0, ""delta_hz"": 4.75}}",
M2-pure,AVB / spontaneous,spontaneous,49,60.0,0.016666666666666666,0.03916666666666667,0.051666666666666666,0.0,0.8925,0.0975,0.2875,0.20416666666666666,0.15166666666666667,0.25916666666666666,0.2483333333333333,0.1525,0.15166666666666667,-0.6333333333333333,0.08083333333333334,"{""ALML"": {""pre_hz"": 2.0, ""peri_hz"": 1.0, ""delta_hz"": -1.0}, ""ALMR"": {""pre_hz"": 0.75, ""peri_hz"": 1.0, ""delta_hz"": 0.25}, ""AVM"": {""pre_hz"": 0.5, ""peri_hz"": 1.0, ""delta_hz"": 0.5}, ""AIBL"": {""pre_hz"": 13.0, ""peri_hz"": 9.5, ""delta_hz"": -3.5}, ""AIBR"": {""pre_hz"": 15.5, ""peri_hz"": 13.5, ""delta_hz"": -2.0}, ""AVAL"": {""pre_hz"": 40.5, ""peri_hz"": 34.0, ""delta_hz"": -6.5}, ""AVAR"": {""pre_hz"": 40.75, ""peri_hz"": 34.0, ""delta_hz"": -6.75}, ""AVEL"": {""pre_hz"": 35.5, ""peri_hz"": 30.5, ""delta_hz"": -5.0}, ""AVER"": {""pre_hz"": 36.5, ""peri_hz"": 27.5, ""delta_hz"": -9.0}, ""AVDL"": {""pre_hz"": 39.75, ""peri_hz"": 34.0, ""delta_hz"": -5.75}, ""AVDR"": {""pre_hz"": 39.75, ""peri_hz"": 34.0, ""delta_hz"": -5.75}, ""AVBL"": {""pre_hz"": 32.75, ""peri_hz"": 30.5, ""delta_hz"": -2.25}, ""AVBR"": {""pre_hz"": 37.75, ""peri_hz"": 32.5, ""delta_hz"": -5.25}, ""RIML"": {""pre_hz"": 23.25, ""peri_hz"": 21.0, ""delta_hz"": -2.25}, ""RIMR"": {""pre_hz"": 27.25, ""peri_hz"": 26.0, ""delta_hz"": -1.25}, ""RIS"": {""pre_hz"": 0.5, ""peri_hz"": 0.5, ""delta_hz"": 0.0}, ""PVCL"": {""pre_hz"": 39.75, ""peri_hz"": 34.0, ""delta_hz"": -5.75}, ""PVCR"": {""pre_hz"": 39.75, ""peri_hz"": 34.0, ""delta_hz"": -5.75}}","{""ALML"": {""pre_hz"": 1.75, ""peri_hz"": 1.0, ""delta_hz"": -0.75}, ""ALMR"": {""pre_hz"": 0.75, ""peri_hz"": 1.0, ""delta_hz"": 0.25}, ""AVM"": {""pre_hz"": 0.5, ""peri_hz"": 1.0, ""delta_hz"": 0.5}, ""AIBL"": {""pre_hz"": 10.0, ""peri_hz"": 9.0, ""delta_hz"": -1.0}, ""AIBR"": {""pre_hz"": 11.75, ""peri_hz"": 12.0, ""delta_hz"": 0.25}, ""AVAL"": {""pre_hz"": 31.0, ""peri_hz"": 31.0, ""delta_hz"": 0.0}, ""AVAR"": {""pre_hz"": 31.75, ""peri_hz"": 30.5, ""delta_hz"": -1.25}, ""AVEL"": {""pre_hz"": 25.0, ""peri_hz"": 24.5, ""delta_hz"": -0.5}, ""AVER"": {""pre_hz"": 25.25, ""peri_hz"": 22.0, ""delta_hz"": -3.25}, ""AVDL"": {""pre_hz"": 30.5, ""peri_hz"": 30.5, ""delta_hz"": 0.0}, ""AVDR"": {""pre_hz"": 30.5, ""peri_hz"": 30.5, ""delta_hz"": 0.0}, ""AVBL"": {""pre_hz"": 0.0, ""peri_hz"": 0.0, ""delta_hz"": 0.0}, ""AVBR"": {""pre_hz"": 0.25, ""peri_hz"": 0.5, ""delta_hz"": 0.25}, ""RIML"": {""pre_hz"": 18.25, ""peri_hz"": 18.0, ""delta_hz"": -0.25}, ""RIMR"": {""pre_hz"": 22.5, ""peri_hz"": 21.0, ""delta_hz"": -1.5}, ""RIS"": {""pre_hz"": 0.5, ""peri_hz"": 0.5, ""delta_hz"": 0.0}, ""PVCL"": {""pre_hz"": 30.5, ""peri_hz"": 30.5, ""delta_hz"": 0.0}, ""PVCR"": {""pre_hz"": 30.5, ""peri_hz"": 30.5, ""delta_hz"": 0.0}}",
M2-pure,AVB / spontaneous,spontaneous,50,60.0,0.085,0.0,0.06833333333333333,0.050833333333333335,0.7958333333333333,0.27666666666666667,0.0,0.20416666666666666,0.050833333333333335,0.4683333333333333,0.0,0.13583333333333333,0.0,-0.32749999999999996,0.19166666666666665,"{""ALML"": {""pre_hz"": 1.0, ""peri_hz"": 2.0, ""delta_hz"": 1.0}, ""ALMR"": {""pre_hz"": 0.75, ""peri_hz"": 2.0, ""delta_hz"": 1.25}, ""AVM"": {""pre_hz"": 0.75, ""peri_hz"": 1.5, ""delta_hz"": 0.75}, ""AIBL"": {""pre_hz"": 11.75, ""peri_hz"": 10.0, ""delta_hz"": -1.75}, ""AIBR"": {""pre_hz"": 12.5, ""peri_hz"": 10.0, ""delta_hz"": -2.5}, ""AVAL"": {""pre_hz"": 37.5, ""peri_hz"": 33.5, ""delta_hz"": -4.0}, ""AVAR"": {""pre_hz"": 37.5, ""peri_hz"": 33.0, ""delta_hz"": -4.5}, ""AVEL"": {""pre_hz"": 35.25, ""peri_hz"": 30.5, ""delta_hz"": -4.75}, ""AVER"": {""pre_hz"": 33.0, ""peri_hz"": 30.5, ""delta_hz"": -2.5}, ""AVDL"": {""pre_hz"": 37.5, ""peri_hz"": 33.0, ""delta_hz"": -4.5}, ""AVDR"": {""pre_hz"": 37.5, ""peri_hz"": 33.0, ""delta_hz"": -4.5}, ""AVBL"": {""pre_hz"": 30.25, ""peri_hz"": 28.5, ""delta_hz"": -1.75}, ""AVBR"": {""pre_hz"": 35.5, ""peri_hz"": 31.0, ""delta_hz"": -4.5}, ""RIML"": {""pre_hz"": 21.75, ""peri_hz"": 17.0, ""delta_hz"": -4.75}, ""RIMR"": {""pre_hz"": 24.5, ""peri_hz"": 22.0, ""delta_hz"": -2.5}, ""RIS"": {""pre_hz"": 1.0, ""peri_hz"": 1.5, ""delta_hz"": 0.5}, ""PVCL"": {""pre_hz"": 37.5, ""peri_hz"": 33.0, ""delta_hz"": -4.5}, ""PVCR"": {""pre_hz"": 37.75, ""peri_hz"": 33.5, ""delta_hz"": -4.25}}","{""ALML"": {""pre_hz"": 0.5, ""peri_hz"": 1.5, ""delta_hz"": 1.0}, ""ALMR"": {""pre_hz"": 0.75, ""peri_hz"": 1.5, ""delta_hz"": 0.75}, ""AVM"": {""pre_hz"": 0.75, ""peri_hz"": 1.5, ""delta_hz"": 0.75}, ""AIBL"": {""pre_hz"": 11.25, ""peri_hz"": 7.5, ""delta_hz"": -3.75}, ""AIBR"": {""pre_hz"": 10.5, ""peri_hz"": 7.5, ""delta_hz"": -3.0}, ""AVAL"": {""pre_hz"": 27.0, ""peri_hz"": 24.0, ""delta_hz"": -3.0}, ""AVAR"": {""pre_hz"": 27.5, ""peri_hz"": 24.0, ""delta_hz"": -3.5}, ""AVEL"": {""pre_hz"": 26.0, ""peri_hz"": 20.0, ""delta_hz"": -6.0}, ""AVER"": {""pre_hz"": 23.0, ""peri_hz"": 20.0, ""delta_hz"": -3.0}, ""AVDL"": {""pre_hz"": 27.0, ""peri_hz"": 24.0, ""delta_hz"": -3.0}, ""AVDR"": {""pre_hz"": 27.0, ""peri_hz"": 24.0, ""delta_hz"": -3.0}, ""AVBL"": {""pre_hz"": 0.0, ""peri_hz"": 0.0, ""delta_hz"": 0.0}, ""AVBR"": {""pre_hz"": 0.0, ""peri_hz"": 0.0, ""delta_hz"": 0.0}, ""RIML"": {""pre_hz"": 15.25, ""peri_hz"": 10.5, ""delta_hz"": -4.75}, ""RIMR"": {""pre_hz"": 20.5, ""peri_hz"": 17.5, ""delta_hz"": -3.0}, ""RIS"": {""pre_hz"": 1.25, ""peri_hz"": 0.5, ""delta_hz"": -0.75}, ""PVCL"": {""pre_hz"": 27.0, ""peri_hz"": 24.0, ""delta_hz"": -3.0}, ""PVCR"": {""pre_hz"": 27.25, ""peri_hz"": 24.0, ""delta_hz"": -3.25}}",
M2-pure,AVB / spontaneous,spontaneous,51,60.0,0.11833333333333333,0.7383333333333333,0.050833333333333335,0.0,0.0925,0.38333333333333336,0.10583333333333333,0.33666666666666667,0.05,0.12416666666666666,-0.6325,0.28583333333333333,0.05,0.03166666666666666,0.265,"{""ALML"": {""pre_hz"": 0.25, ""peri_hz"": 0.5, ""delta_hz"": 0.25}, ""ALMR"": {""pre_hz"": 1.0, ""peri_hz"": 0.0, ""delta_hz"": -1.0}, ""AVM"": {""pre_hz"": 0.0, ""peri_hz"": 1.5, ""delta_hz"": 1.5}, ""AIBL"": {""pre_hz"": 13.25, ""peri_hz"": 13.5, ""delta_hz"": 0.25}, ""AIBR"": {""pre_hz"": 11.75, ""peri_hz"": 15.0, ""delta_hz"": 3.25}, ""AVAL"": {""pre_hz"": 36.75, ""peri_hz"": 42.5, ""delta_hz"": 5.75}, ""AVAR"": {""pre_hz"": 37.5, ""peri_hz"": 42.0, ""delta_hz"": 4.5}, ""AVEL"": {""pre_hz"": 32.25, ""peri_hz"": 39.0, ""delta_hz"": 6.75}, ""AVER"": {""pre_hz"": 31.75, ""peri_hz"": 36.5, ""delta_hz"": 4.75}, ""AVDL"": {""pre_hz"": 36.75, ""peri_hz"": 42.0, ""delta_hz"": 5.25}, ""AVDR"": {""pre_hz"": 36.75, ""peri_hz"": 42.0, ""delta_hz"": 5.25}, ""AVBL"": {""pre_hz"": 28.75, ""peri_hz"": 36.0, ""delta_hz"": 7.25}, ""AVBR"": {""pre_hz"": 33.5, ""peri_hz"": 40.5, ""delta_hz"": 7.0}, ""RIML"": {""pre_hz"": 20.5, ""peri_hz"": 22.5, ""delta_hz"": 2.0}, ""RIMR"": {""pre_hz"": 26.0, ""peri_hz"": 26.5, ""delta_hz"": 0.5}, ""RIS"": {""pre_hz"": 1.5, ""peri_hz"": 0.5, ""delta_hz"": -1.0}, ""PVCL"": {""pre_hz"": 36.75, ""peri_hz"": 42.0, ""delta_hz"": 5.25}, ""PVCR"": {""pre_hz"": 36.75, ""peri_hz"": 42.0, ""delta_hz"": 5.25}}","{""ALML"": {""pre_hz"": 0.0, ""peri_hz"": 0.0, ""delta_hz"": 0.0}, ""ALMR"": {""pre_hz"": 1.0, ""peri_hz"": 0.0, ""delta_hz"": -1.0}, ""AVM"": {""pre_hz"": 0.0, ""peri_hz"": 1.0, ""delta_hz"": 1.0}, ""AIBL"": {""pre_hz"": 12.5, ""peri_hz"": 12.5, ""delta_hz"": 0.0}, ""AIBR"": {""pre_hz"": 11.25, ""peri_hz"": 11.5, ""delta_hz"": 0.25}, ""AVAL"": {""pre_hz"": 32.75, ""peri_hz"": 33.5, ""delta_hz"": 0.75}, ""AVAR"": {""pre_hz"": 33.75, ""peri_hz"": 34.5, ""delta_hz"": 0.75}, ""AVEL"": {""pre_hz"": 27.5, ""peri_hz"": 32.0, ""delta_hz"": 4.5}, ""AVER"": {""pre_hz"": 25.5, ""peri_hz"": 29.0, ""delta_hz"": 3.5}, ""AVDL"": {""pre_hz"": 32.75, ""peri_hz"": 33.5, ""delta_hz"": 0.75}, ""AVDR"": {""pre_hz"": 32.75, ""peri_hz"": 33.5, ""delta_hz"": 0.75}, ""AVBL"": {""pre_hz"": 0.0, ""peri_hz"": 0.0, ""delta_hz"": 0.0}, ""AVBR"": {""pre_hz"": 0.25, ""peri_hz"": 0.0, ""delta_hz"": -0.25}, ""RIML"": {""pre_hz"": 17.75, ""peri_hz"": 17.0, ""delta_hz"": -0.75}, ""RIMR"": {""pre_hz"": 23.0, ""peri_hz"": 22.5, ""delta_hz"": -0.5}, ""RIS"": {""pre_hz"": 1.25, ""peri_hz"": 1.0, ""delta_hz"": -0.25}, ""PVCL"": {""pre_hz"": 32.75, ""peri_hz"": 33.5, ""delta_hz"": 0.75}, ""PVCR"": {""pre_hz"": 32.75, ""peri_hz"": 33.5, ""delta_hz"": 0.75}}",
M2-pure,PDE / spontaneous,spontaneous,42,60.0,0.09833333333333333,0.11083333333333334,0.10333333333333333,0.0,0.6875,0.050833333333333335,0.11083333333333334,0.12,0.0,0.7183333333333334,0.0,0.016666666666666663,0.0,0.03083333333333338,-0.047499999999999994,"{""ALML"": {""pre_hz"": 1.75, ""peri_hz"": 1.5, ""delta_hz"": -0.25}, ""ALMR"": {""pre_hz"": 0.25, ""peri_hz"": 0.0, ""delta_hz"": -0.25}, ""AVM"": {""pre_hz"": 0.5, ""peri_hz"": 0.5, ""delta_hz"": 0.0}, ""AIBL"": {""pre_hz"": 11.25, ""peri_hz"": 15.0, ""delta_hz"": 3.75}, ""AIBR"": {""pre_hz"": 14.25, ""peri_hz"": 20.0, ""delta_hz"": 5.75}, ""AVAL"": {""pre_hz"": 38.5, ""peri_hz"": 44.5, ""delta_hz"": 6.0}, ""AVAR"": {""pre_hz"": 39.5, ""peri_hz"": 46.5, ""delta_hz"": 7.0}, ""AVEL"": {""pre_hz"": 36.75, ""peri_hz"": 42.5, ""delta_hz"": 5.75}, ""AVER"": {""pre_hz"": 35.75, ""peri_hz"": 39.0, ""delta_hz"": 3.25}, ""AVDL"": {""pre_hz"": 38.25, ""peri_hz"": 44.5, ""delta_hz"": 6.25}, ""AVDR"": {""pre_hz"": 38.25, ""peri_hz"": 44.5, ""delta_hz"": 6.25}, ""AVBL"": {""pre_hz"": 31.75, ""peri_hz"": 34.0, ""delta_hz"": 2.25}, ""AVBR"": {""pre_hz"": 36.75, ""peri_hz"": 40.5, ""delta_hz"": 3.75}, ""RIML"": {""pre_hz"": 22.5, ""peri_hz"": 29.0, ""delta_hz"": 6.5}, ""RIMR"": {""pre_hz"": 25.5, ""peri_hz"": 29.5, ""delta_hz"": 4.0}, ""RIS"": {""pre_hz"": 1.0, ""peri_hz"": 1.5, ""delta_hz"": 0.5}, ""PVCL"": {""pre_hz"": 38.25, ""peri_hz"": 44.5, ""delta_hz"": 6.25}, ""PVCR"": {""pre_hz"": 38.25, ""peri_hz"": 44.5, ""delta_hz"": 6.25}}","{""ALML"": {""pre_hz"": 1.5, ""peri_hz"": 1.5, ""delta_hz"": 0.0}, ""ALMR"": {""pre_hz"": 0.25, ""peri_hz"": 0.0, ""delta_hz"": -0.25}, ""AVM"": {""pre_hz"": 0.5, ""peri_hz"": 0.5, ""delta_hz"": 0.0}, ""AIBL"": {""pre_hz"": 11.75, ""peri_hz"": 14.5, ""delta_hz"": 2.75}, ""AIBR"": {""pre_hz"": 13.0, ""peri_hz"": 18.5, ""delta_hz"": 5.5}, ""AVAL"": {""pre_hz"": 32.25, ""peri_hz"": 39.5, ""delta_hz"": 7.25}, ""AVAR"": {""pre_hz"": 33.0, ""peri_hz"": 40.0, ""delta_hz"": 7.0}, ""AVEL"": {""pre_hz"": 30.0, ""peri_hz"": 39.0, ""delta_hz"": 9.0}, ""AVER"": {""pre_hz"": 29.75, ""peri_hz"": 34.0, ""delta_hz"": 4.25}, ""AVDL"": {""pre_hz"": 32.25, ""peri_hz"": 39.0, ""delta_hz"": 6.75}, ""AVDR"": {""pre_hz"": 32.25, ""peri_hz"": 39.0, ""delta_hz"": 6.75}, ""AVBL"": {""pre_hz"": 25.75, ""peri_hz"": 29.0, ""delta_hz"": 3.25}, ""AVBR"": {""pre_hz"": 31.0, ""peri_hz"": 37.0, ""delta_hz"": 6.0}, ""RIML"": {""pre_hz"": 17.5, ""peri_hz"": 27.5, ""delta_hz"": 10.0}, ""RIMR"": {""pre_hz"": 23.0, ""peri_hz"": 27.0, ""delta_hz"": 4.0}, ""RIS"": {""pre_hz"": 0.5, ""peri_hz"": 2.0, ""delta_hz"": 1.5}, ""PVCL"": {""pre_hz"": 32.0, ""peri_hz"": 39.0, ""delta_hz"": 7.0}, ""PVCR"": {""pre_hz"": 32.0, ""peri_hz"": 39.0, ""delta_hz"": 7.0}}",
M2-pure,PDE / spontaneous,spontaneous,43,60.0,0.16916666666666666,0.6608333333333334,0.06916666666666667,0.10083333333333333,0.0,0.12666666666666668,0.7708333333333334,0.051666666666666666,0.050833333333333335,0.0,0.10999999999999999,-0.0175,-0.049999999999999996,0.0,-0.04249999999999998,"{""ALML"": {""pre_hz"": 0.75, ""peri_hz"": 0.5, ""delta_hz"": -0.25}, ""ALMR"": {""pre_hz"": 0.5, ""peri_hz"": 1.0, ""delta_hz"": 0.5}, ""AVM"": {""pre_hz"": 0.5, ""peri_hz"": 0.0, ""delta_hz"": -0.5}, ""AIBL"": {""pre_hz"": 9.75, ""peri_hz"": 13.5, ""delta_hz"": 3.75}, ""AIBR"": {""pre_hz"": 12.25, ""peri_hz"": 13.5, ""delta_hz"": 1.25}, ""AVAL"": {""pre_hz"": 38.75, ""peri_hz"": 46.0, ""delta_hz"": 7.25}, ""AVAR"": {""pre_hz"": 39.25, ""peri_hz"": 49.0, ""delta_hz"": 9.75}, ""AVEL"": {""pre_hz"": 37.25, ""peri_hz"": 43.5, ""delta_hz"": 6.25}, ""AVER"": {""pre_hz"": 35.75, ""peri_hz"": 40.0, ""delta_hz"": 4.25}, ""AVDL"": {""pre_hz"": 38.5, ""peri_hz"": 46.0, ""delta_hz"": 7.5}, ""AVDR"": {""pre_hz"": 38.5, ""peri_hz"": 46.0, ""delta_hz"": 7.5}, ""AVBL"": {""pre_hz"": 32.0, ""peri_hz"": 38.5, ""delta_hz"": 6.5}, ""AVBR"": {""pre_hz"": 37.0, ""peri_hz"": 43.5, ""delta_hz"": 6.5}, ""RIML"": {""pre_hz"": 21.75, ""peri_hz"": 24.0, ""delta_hz"": 2.25}, ""RIMR"": {""pre_hz"": 26.75, ""peri_hz"": 29.5, ""delta_hz"": 2.75}, ""RIS"": {""pre_hz"": 0.5, ""peri_hz"": 0.5, ""delta_hz"": 0.0}, ""PVCL"": {""pre_hz"": 38.5, ""peri_hz"": 46.0, ""delta_hz"": 7.5}, ""PVCR"": {""pre_hz"": 38.5, ""peri_hz"": 46.0, ""delta_hz"": 7.5}}","{""ALML"": {""pre_hz"": 0.75, ""peri_hz"": 0.0, ""delta_hz"": -0.75}, ""ALMR"": {""pre_hz"": 0.5, ""peri_hz"": 1.0, ""delta_hz"": 0.5}, ""AVM"": {""pre_hz"": 0.5, ""peri_hz"": 0.0, ""delta_hz"": -0.5}, ""AIBL"": {""pre_hz"": 9.5, ""peri_hz"": 12.5, ""delta_hz"": 3.0}, ""AIBR"": {""pre_hz"": 10.25, ""peri_hz"": 12.5, ""delta_hz"": 2.25}, ""AVAL"": {""pre_hz"": 31.25, ""peri_hz"": 41.5, ""delta_hz"": 10.25}, ""AVAR"": {""pre_hz"": 32.25, ""peri_hz"": 43.0, ""delta_hz"": 10.75}, ""AVEL"": {""pre_hz"": 28.5, ""peri_hz"": 37.5, ""delta_hz"": 9.0}, ""AVER"": {""pre_hz"": 29.0, ""peri_hz"": 36.0, ""delta_hz"": 7.0}, ""AVDL"": {""pre_hz"": 31.0, ""peri_hz"": 41.0, ""delta_hz"": 10.0}, ""AVDR"": {""pre_hz"": 31.0, ""peri_hz"": 41.0, ""delta_hz"": 10.0}, ""AVBL"": {""pre_hz"": 24.5, ""peri_hz"": 33.5, ""delta_hz"": 9.0}, ""AVBR"": {""pre_hz"": 29.5, ""peri_hz"": 39.0, ""delta_hz"": 9.5}, ""RIML"": {""pre_hz"": 17.75, ""peri_hz"": 21.5, ""delta_hz"": 3.75}, ""RIMR"": {""pre_hz"": 19.5, ""peri_hz"": 24.5, ""delta_hz"": 5.0}, ""RIS"": {""pre_hz"": 1.0, ""peri_hz"": 0.5, ""delta_hz"": -0.5}, ""PVCL"": {""pre_hz"": 31.0, ""peri_hz"": 41.0, ""delta_hz"": 10.0}, ""PVCR"": {""pre_hz"": 31.0, ""peri_hz"": 41.0, ""delta_hz"": 10.0}}",
M2-pure,PDE / spontaneous,spontaneous,44,60.0,0.22916666666666666,0.0,0.0,0.0,0.7708333333333334,0.315,0.43083333333333335,0.06666666666666667,0.0,0.1875,0.43083333333333335,0.06666666666666667,0.0,-0.5833333333333334,0.08583333333333334,"{""ALML"": {""pre_hz"": 0.5, ""peri_hz"": 0.5, ""delta_hz"": 0.0}, ""ALMR"": {""pre_hz"": 0.5, ""peri_hz"": 1.0, ""delta_hz"": 0.5}, ""AVM"": {""pre_hz"": 1.75, ""peri_hz"": 0.5, ""delta_hz"": -1.25}, ""AIBL"": {""pre_hz"": 10.75, ""peri_hz"": 12.5, ""delta_hz"": 1.75}, ""AIBR"": {""pre_hz"": 11.25, ""peri_hz"": 10.5, ""delta_hz"": -0.75}, ""AVAL"": {""pre_hz"": 37.0, ""peri_hz"": 36.5, ""delta_hz"": -0.5}, ""AVAR"": {""pre_hz"": 37.25, ""peri_hz"": 36.0, ""delta_hz"": -1.25}, ""AVEL"": {""pre_hz"": 34.75, ""peri_hz"": 33.0, ""delta_hz"": -1.75}, ""AVER"": {""pre_hz"": 34.5, ""peri_hz"": 33.5, ""delta_hz"": -1.0}, ""AVDL"": {""pre_hz"": 37.0, ""peri_hz"": 35.5, ""delta_hz"": -1.5}, ""AVDR"": {""pre_hz"": 37.0, ""peri_hz"": 35.5, ""delta_hz"": -1.5}, ""AVBL"": {""pre_hz"": 32.75, ""peri_hz"": 29.0, ""delta_hz"": -3.75}, ""AVBR"": {""pre_hz"": 36.25, ""peri_hz"": 36.0, ""delta_hz"": -0.25}, ""RIML"": {""pre_hz"": 19.0, ""peri_hz"": 17.0, ""delta_hz"": -2.0}, ""RIMR"": {""pre_hz"": 26.5, ""peri_hz"": 26.0, ""delta_hz"": -0.5}, ""RIS"": {""pre_hz"": 0.5, ""peri_hz"": 2.0, ""delta_hz"": 1.5}, ""PVCL"": {""pre_hz"": 37.0, ""peri_hz"": 35.5, ""delta_hz"": -1.5}, ""PVCR"": {""pre_hz"": 37.5, ""peri_hz"": 35.5, ""delta_hz"": -2.0}}","{""ALML"": {""pre_hz"": 0.5, ""peri_hz"": 0.5, ""delta_hz"": 0.0}, ""ALMR"": {""pre_hz"": 0.5, ""peri_hz"": 0.5, ""delta_hz"": 0.0}, ""AVM"": {""pre_hz"": 1.5, ""peri_hz"": 0.5, ""delta_hz"": -1.0}, ""AIBL"": {""pre_hz"": 9.75, ""peri_hz"": 12.0, ""delta_hz"": 2.25}, ""AIBR"": {""pre_hz"": 10.25, ""peri_hz"": 9.5, ""delta_hz"": -0.75}, ""AVAL"": {""pre_hz"": 29.25, ""peri_hz"": 30.0, ""delta_hz"": 0.75}, ""AVAR"": {""pre_hz"": 28.75, ""peri_hz"": 30.0, ""delta_hz"": 1.25}, ""AVEL"": {""pre_hz"": 25.0, ""peri_hz"": 27.5, ""delta_hz"": 2.5}, ""AVER"": {""pre_hz"": 26.25, ""peri_hz"": 26.5, ""delta_hz"": 0.25}, ""AVDL"": {""pre_hz"": 28.25, ""peri_hz"": 30.0, ""delta_hz"": 1.75}, ""AVDR"": {""pre_hz"": 28.25, ""peri_hz"": 30.0, ""delta_hz"": 1.75}, ""AVBL"": {""pre_hz"": 23.5, ""peri_hz"": 24.5, ""delta_hz"": 1.0}, ""AVBR"": {""pre_hz"": 27.25, ""peri_hz"": 30.5, ""delta_hz"": 3.25}, ""RIML"": {""pre_hz"": 16.5, ""peri_hz"": 15.0, ""delta_hz"": -1.5}, ""RIMR"": {""pre_hz"": 19.75, ""peri_hz"": 21.5, ""delta_hz"": 1.75}, ""RIS"": {""pre_hz"": 0.5, ""peri_hz"": 1.5, ""delta_hz"": 1.0}, ""PVCL"": {""pre_hz"": 28.25, ""peri_hz"": 30.0, ""delta_hz"": 1.75}, ""PVCR"": {""pre_hz"": 29.0, ""peri_hz"": 30.0, ""delta_hz"": 1.0}}",
M2-pure,PDE / spontaneous,spontaneous,45,60.0,0.024166666666666666,0.8708333333333333,0.0525,0.050833333333333335,0.0016666666666666668,0.1225,0.7408333333333333,0.08583333333333333,0.050833333333333335,0.0,-0.13,0.03333333333333333,0.0,-0.0016666666666666668,0.09833333333333333,"{""ALML"": {""pre_hz"": 1.75, ""peri_hz"": 0.5, ""delta_hz"": -1.25}, ""ALMR"": {""pre_hz"": 0.5, ""peri_hz"": 0.5, ""delta_hz"": 0.0}, ""AVM"": {""pre_hz"": 0.25, ""peri_hz"": 1.0, ""delta_hz"": 0.75}, ""AIBL"": {""pre_hz"": 9.75, ""peri_hz"": 12.5, ""delta_hz"": 2.75}, ""AIBR"": {""pre_hz"": 12.5, ""peri_hz"": 10.5, ""delta_hz"": -2.0}, ""AVAL"": {""pre_hz"": 38.0, ""peri_hz"": 44.0, ""delta_hz"": 6.0}, ""AVAR"": {""pre_hz"": 38.25, ""peri_hz"": 43.5, ""delta_hz"": 5.25}, ""AVEL"": {""pre_hz"": 34.0, ""peri_hz"": 37.0, ""delta_hz"": 3.0}, ""AVER"": {""pre_hz"": 32.5, ""peri_hz"": 38.0, ""delta_hz"": 5.5}, ""AVDL"": {""pre_hz"": 37.5, ""peri_hz"": 43.0, ""delta_hz"": 5.5}, ""AVDR"": {""pre_hz"": 37.5, ""peri_hz"": 43.0, ""delta_hz"": 5.5}, ""AVBL"": {""pre_hz"": 32.75, ""peri_hz"": 36.5, ""delta_hz"": 3.75}, ""AVBR"": {""pre_hz"": 36.75, ""peri_hz"": 41.5, ""delta_hz"": 4.75}, ""RIML"": {""pre_hz"": 22.0, ""peri_hz"": 23.0, ""delta_hz"": 1.0}, ""RIMR"": {""pre_hz"": 24.25, ""peri_hz"": 31.0, ""delta_hz"": 6.75}, ""RIS"": {""pre_hz"": 1.25, ""peri_hz"": 2.0, ""delta_hz"": 0.75}, ""PVCL"": {""pre_hz"": 37.5, ""peri_hz"": 43.0, ""delta_hz"": 5.5}, ""PVCR"": {""pre_hz"": 37.5, ""peri_hz"": 43.0, ""delta_hz"": 5.5}}","{""ALML"": {""pre_hz"": 1.5, ""peri_hz"": 0.5, ""delta_hz"": -1.0}, ""ALMR"": {""pre_hz"": 0.25, ""peri_hz"": 0.5, ""delta_hz"": 0.25}, ""AVM"": {""pre_hz"": 0.25, ""peri_hz"": 1.0, ""delta_hz"": 0.75}, ""AIBL"": {""pre_hz"": 10.75, ""peri_hz"": 14.0, ""delta_hz"": 3.25}, ""AIBR"": {""pre_hz"": 11.75, ""peri_hz"": 9.0, ""delta_hz"": -2.75}, ""AVAL"": {""pre_hz"": 34.0, ""peri_hz"": 40.5, ""delta_hz"": 6.5}, ""AVAR"": {""pre_hz"": 34.25, ""peri_hz"": 41.0, ""delta_hz"": 6.75}, ""AVEL"": {""pre_hz"": 31.25, ""peri_hz"": 34.0, ""delta_hz"": 2.75}, ""AVER"": {""pre_hz"": 29.0, ""peri_hz"": 33.0, ""delta_hz"": 4.0}, ""AVDL"": {""pre_hz"": 33.5, ""peri_hz"": 40.0, ""delta_hz"": 6.5}, ""AVDR"": {""pre_hz"": 33.5, ""peri_hz"": 40.0, ""delta_hz"": 6.5}, ""AVBL"": {""pre_hz"": 29.0, ""peri_hz"": 34.0, ""delta_hz"": 5.0}, ""AVBR"": {""pre_hz"": 32.75, ""peri_hz"": 39.0, ""delta_hz"": 6.25}, ""RIML"": {""pre_hz"": 18.5, ""peri_hz"": 20.5, ""delta_hz"": 2.0}, ""RIMR"": {""pre_hz"": 21.75, ""peri_hz"": 28.5, ""delta_hz"": 6.75}, ""RIS"": {""pre_hz"": 0.5, ""peri_hz"": 2.0, ""delta_hz"": 1.5}, ""PVCL"": {""pre_hz"": 33.5, ""peri_hz"": 40.0, ""delta_hz"": 6.5}, ""PVCR"": {""pre_hz"": 33.5, ""peri_hz"": 40.5, ""delta_hz"": 7.0}}",
M2-pure,PDE / spontaneous,spontaneous,46,60.0,0.23083333333333333,0.7008333333333333,0.06833333333333333,0.0,0.0,0.1775,0.7008333333333333,0.11916666666666667,0.0,0.0025,0.0,0.05083333333333334,0.0,0.0025,-0.053333333333333344,"{""ALML"": {""pre_hz"": 1.5, ""peri_hz"": 1.5, ""delta_hz"": 0.0}, ""ALMR"": {""pre_hz"": 1.5, ""peri_hz"": 0.0, ""delta_hz"": -1.5}, ""AVM"": {""pre_hz"": 0.75, ""peri_hz"": 0.0, ""delta_hz"": -0.75}, ""AIBL"": {""pre_hz"": 10.0, ""peri_hz"": 11.5, ""delta_hz"": 1.5}, ""AIBR"": {""pre_hz"": 13.75, ""peri_hz"": 11.5, ""delta_hz"": -2.25}, ""AVAL"": {""pre_hz"": 43.75, ""peri_hz"": 33.0, ""delta_hz"": -10.75}, ""AVAR"": {""pre_hz"": 43.75, ""peri_hz"": 33.0, ""delta_hz"": -10.75}, ""AVEL"": {""pre_hz"": 39.75, ""peri_hz"": 32.0, ""delta_hz"": -7.75}, ""AVER"": {""pre_hz"": 39.0, ""peri_hz"": 29.5, ""delta_hz"": -9.5}, ""AVDL"": {""pre_hz"": 43.0, ""peri_hz"": 32.5, ""delta_hz"": -10.5}, ""AVDR"": {""pre_hz"": 43.0, ""peri_hz"": 32.5, ""delta_hz"": -10.5}, ""AVBL"": {""pre_hz"": 34.75, ""peri_hz"": 26.5, ""delta_hz"": -8.25}, ""AVBR"": {""pre_hz"": 41.25, ""peri_hz"": 29.5, ""delta_hz"": -11.75}, ""RIML"": {""pre_hz"": 23.5, ""peri_hz"": 18.5, ""delta_hz"": -5.0}, ""RIMR"": {""pre_hz"": 27.5, ""peri_hz"": 25.0, ""delta_hz"": -2.5}, ""RIS"": {""pre_hz"": 0.75, ""peri_hz"": 0.5, ""delta_hz"": -0.25}, ""PVCL"": {""pre_hz"": 43.0, ""peri_hz"": 32.5, ""delta_hz"": -10.5}, ""PVCR"": {""pre_hz"": 43.0, ""peri_hz"": 32.5, ""delta_hz"": -10.5}}","{""ALML"": {""pre_hz"": 1.5, ""peri_hz"": 1.0, ""delta_hz"": -0.5}, ""ALMR"": {""pre_hz"": 1.5, ""peri_hz"": 0.0, ""delta_hz"": -1.5}, ""AVM"": {""pre_hz"": 0.5, ""peri_hz"": 0.0, ""delta_hz"": -0.5}, ""AIBL"": {""pre_hz"": 10.75, ""peri_hz"": 11.0, ""delta_hz"": 0.25}, ""AIBR"": {""pre_hz"": 13.75, ""peri_hz"": 11.0, ""delta_hz"": -2.75}, ""AVAL"": {""pre_hz"": 39.25, ""peri_hz"": 28.0, ""delta_hz"": -11.25}, ""AVAR"": {""pre_hz"": 38.0, ""peri_hz"": 28.5, ""delta_hz"": -9.5}, ""AVEL"": {""pre_hz"": 35.0, ""peri_hz"": 28.0, ""delta_hz"": -7.0}, ""AVER"": {""pre_hz"": 33.0, ""peri_hz"": 24.5, ""delta_hz"": -8.5}, ""AVDL"": {""pre_hz"": 37.75, ""peri_hz"": 28.0, ""delta_hz"": -9.75}, ""AVDR"": {""pre_hz"": 37.75, ""peri_hz"": 28.0, ""delta_hz"": -9.75}, ""AVBL"": {""pre_hz"": 29.5, ""peri_hz"": 21.5, ""delta_hz"": -8.0}, ""AVBR"": {""pre_hz"": 35.75, ""peri_hz"": 25.5, ""delta_hz"": -10.25}, ""RIML"": {""pre_hz"": 21.25, ""peri_hz"": 17.0, ""delta_hz"": -4.25}, ""RIMR"": {""pre_hz"": 24.5, ""peri_hz"": 23.0, ""delta_hz"": -1.5}, ""RIS"": {""pre_hz"": 0.75, ""peri_hz"": 0.5, ""delta_hz"": -0.25}, ""PVCL"": {""pre_hz"": 37.75, ""peri_hz"": 28.0, ""delta_hz"": -9.75}, ""PVCR"": {""pre_hz"": 37.75, ""peri_hz"": 28.0, ""delta_hz"": -9.75}}",
M2-pure,PDE / spontaneous,spontaneous,47,60.0,0.13916666666666666,0.7208333333333333,0.08583333333333333,0.05,0.004166666666666667,0.21166666666666667,0.43833333333333335,0.10333333333333333,0.0,0.24666666666666667,-0.2825,0.0175,-0.05,0.2425,0.07250000000000001,"{""ALML"": {""pre_hz"": 2.0, ""peri_hz"": 1.0, ""delta_hz"": -1.0}, ""ALMR"": {""pre_hz"": 2.0, ""peri_hz"": 1.0, ""delta_hz"": -1.0}, ""AVM"": {""pre_hz"": 0.25, ""peri_hz"": 0.0, ""delta_hz"": -0.25}, ""AIBL"": {""pre_hz"": 10.75, ""peri_hz"": 15.0, ""delta_hz"": 4.25}, ""AIBR"": {""pre_hz"": 13.25, ""peri_hz"": 24.0, ""delta_hz"": 10.75}, ""AVAL"": {""pre_hz"": 38.75, ""peri_hz"": 47.5, ""delta_hz"": 8.75}, ""AVAR"": {""pre_hz"": 38.75, ""peri_hz"": 48.0, ""delta_hz"": 9.25}, ""AVEL"": {""pre_hz"": 36.5, ""peri_hz"": 45.0, ""delta_hz"": 8.5}, ""AVER"": {""pre_hz"": 35.75, ""peri_hz"": 43.0, ""delta_hz"": 7.25}, ""AVDL"": {""pre_hz"": 38.25, ""peri_hz"": 47.0, ""delta_hz"": 8.75}, ""AVDR"": {""pre_hz"": 38.25, ""peri_hz"": 47.0, ""delta_hz"": 8.75}, ""AVBL"": {""pre_hz"": 32.75, ""peri_hz"": 38.0, ""delta_hz"": 5.25}, ""AVBR"": {""pre_hz"": 35.25, ""peri_hz"": 42.5, ""delta_hz"": 7.25}, ""RIML"": {""pre_hz"": 21.75, ""peri_hz"": 31.0, ""delta_hz"": 9.25}, ""RIMR"": {""pre_hz"": 25.5, ""peri_hz"": 33.0, ""delta_hz"": 7.5}, ""RIS"": {""pre_hz"": 1.0, ""peri_hz"": 1.5, ""delta_hz"": 0.5}, ""PVCL"": {""pre_hz"": 38.25, ""peri_hz"": 47.0, ""delta_hz"": 8.75}, ""PVCR"": {""pre_hz"": 38.25, ""peri_hz"": 47.0, ""delta_hz"": 8.75}}","{""ALML"": {""pre_hz"": 1.75, ""peri_hz"": 1.0, ""delta_hz"": -0.75}, ""ALMR"": {""pre_hz"": 1.5, ""peri_hz"": 1.0, ""delta_hz"": -0.5}, ""AVM"": {""pre_hz"": 0.25, ""peri_hz"": 0.0, ""delta_hz"": -0.25}, ""AIBL"": {""pre_hz"": 9.75, ""peri_hz"": 15.0, ""delta_hz"": 5.25}, ""AIBR"": {""pre_hz"": 11.5, ""peri_hz"": 20.5, ""delta_hz"": 9.0}, ""AVAL"": {""pre_hz"": 31.25, ""peri_hz"": 37.5, ""delta_hz"": 6.25}, ""AVAR"": {""pre_hz"": 31.75, ""peri_hz"": 37.0, ""delta_hz"": 5.25}, ""AVEL"": {""pre_hz"": 29.0, ""peri_hz"": 35.0, ""delta_hz"": 6.0}, ""AVER"": {""pre_hz"": 27.0, ""peri_hz"": 34.0, ""delta_hz"": 7.0}, ""AVDL"": {""pre_hz"": 31.0, ""peri_hz"": 37.0, ""delta_hz"": 6.0}, ""AVDR"": {""pre_hz"": 31.0, ""peri_hz"": 37.0, ""delta_hz"": 6.0}, ""AVBL"": {""pre_hz"": 26.5, ""peri_hz"": 27.5, ""delta_hz"": 1.0}, ""AVBR"": {""pre_hz"": 28.5, ""peri_hz"": 33.0, ""delta_hz"": 4.5}, ""RIML"": {""pre_hz"": 18.5, ""peri_hz"": 27.0, ""delta_hz"": 8.5}, ""RIMR"": {""pre_hz"": 22.0, ""peri_hz"": 27.5, ""delta_hz"": 5.5}, ""RIS"": {""pre_hz"": 1.0, ""peri_hz"": 0.5, ""delta_hz"": -0.5}, ""PVCL"": {""pre_hz"": 31.0, ""peri_hz"": 37.0, ""delta_hz"": 6.0}, ""PVCR"": {""pre_hz"": 31.25, ""peri_hz"": 37.0, ""delta_hz"": 5.75}}",
M2-pure,PDE / spontaneous,spontaneous,48,60.0,0.2991666666666667,0.7008333333333333,0.0,0.0,0.0,0.17916666666666667,0.8208333333333333,0.0,0.0,0.0,0.12,0.0,0.0,0.0,-0.12000000000000002,"{""ALML"": {""pre_hz"": 1.0, ""peri_hz"": 0.5, ""delta_hz"": -0.5}, ""ALMR"": {""pre_hz"": 2.0, ""peri_hz"": 1.0, ""delta_hz"": -1.0}, ""AVM"": {""pre_hz"": 1.0, ""peri_hz"": 1.0, ""delta_hz"": 0.0}, ""AIBL"": {""pre_hz"": 11.25, ""peri_hz"": 13.5, ""delta_hz"": 2.25}, ""AIBR"": {""pre_hz"": 13.25, ""peri_hz"": 15.0, ""delta_hz"": 1.75}, ""AVAL"": {""pre_hz"": 39.25, ""peri_hz"": 43.5, ""delta_hz"": 4.25}, ""AVAR"": {""pre_hz"": 39.0, ""peri_hz"": 44.0, ""delta_hz"": 5.0}, ""AVEL"": {""pre_hz"": 36.75, ""peri_hz"": 43.5, ""delta_hz"": 6.75}, ""AVER"": {""pre_hz"": 34.75, ""peri_hz"": 41.5, ""delta_hz"": 6.75}, ""AVDL"": {""pre_hz"": 38.75, ""peri_hz"": 43.0, ""delta_hz"": 4.25}, ""AVDR"": {""pre_hz"": 38.75, ""peri_hz"": 43.0, ""delta_hz"": 4.25}, ""AVBL"": {""pre_hz"": 32.5, ""peri_hz"": 37.0, ""delta_hz"": 4.5}, ""AVBR"": {""pre_hz"": 37.25, ""peri_hz"": 41.0, ""delta_hz"": 3.75}, ""RIML"": {""pre_hz"": 22.25, ""peri_hz"": 22.0, ""delta_hz"": -0.25}, ""RIMR"": {""pre_hz"": 26.75, ""peri_hz"": 29.0, ""delta_hz"": 2.25}, ""RIS"": {""pre_hz"": 1.5, ""peri_hz"": 1.0, ""delta_hz"": -0.5}, ""PVCL"": {""pre_hz"": 38.75, ""peri_hz"": 43.0, ""delta_hz"": 4.25}, ""PVCR"": {""pre_hz"": 38.75, ""peri_hz"": 43.0, ""delta_hz"": 4.25}}","{""ALML"": {""pre_hz"": 1.0, ""peri_hz"": 0.0, ""delta_hz"": -1.0}, ""ALMR"": {""pre_hz"": 1.75, ""peri_hz"": 1.0, ""delta_hz"": -0.75}, ""AVM"": {""pre_hz"": 1.0, ""peri_hz"": 1.0, ""delta_hz"": 0.0}, ""AIBL"": {""pre_hz"": 10.25, ""peri_hz"": 12.5, ""delta_hz"": 2.25}, ""AIBR"": {""pre_hz"": 12.25, ""peri_hz"": 13.5, ""delta_hz"": 1.25}, ""AVAL"": {""pre_hz"": 33.75, ""peri_hz"": 38.0, ""delta_hz"": 4.25}, ""AVAR"": {""pre_hz"": 34.0, ""peri_hz"": 38.0, ""delta_hz"": 4.0}, ""AVEL"": {""pre_hz"": 30.25, ""peri_hz"": 36.5, ""delta_hz"": 6.25}, ""AVER"": {""pre_hz"": 29.5, ""peri_hz"": 35.0, ""delta_hz"": 5.5}, ""AVDL"": {""pre_hz"": 33.75, ""peri_hz"": 37.0, ""delta_hz"": 3.25}, ""AVDR"": {""pre_hz"": 33.75, ""peri_hz"": 37.0, ""delta_hz"": 3.25}, ""AVBL"": {""pre_hz"": 26.75, ""peri_hz"": 32.0, ""delta_hz"": 5.25}, ""AVBR"": {""pre_hz"": 31.5, ""peri_hz"": 35.0, ""delta_hz"": 3.5}, ""RIML"": {""pre_hz"": 20.0, ""peri_hz"": 17.5, ""delta_hz"": -2.5}, ""RIMR"": {""pre_hz"": 22.25, ""peri_hz"": 25.5, ""delta_hz"": 3.25}, ""RIS"": {""pre_hz"": 1.25, ""peri_hz"": 1.0, ""delta_hz"": -0.25}, ""PVCL"": {""pre_hz"": 33.75, ""peri_hz"": 37.0, ""delta_hz"": 3.25}, ""PVCR"": {""pre_hz"": 34.0, ""peri_hz"": 37.5, ""delta_hz"": 3.5}}",
M2-pure,PDE / spontaneous,spontaneous,49,60.0,0.016666666666666666,0.03916666666666667,0.051666666666666666,0.0,0.8925,0.019166666666666665,0.15083333333333335,0.11916666666666667,0.0,0.7108333333333333,0.11166666666666668,0.0675,0.0,-0.18166666666666664,0.0024999999999999988,"{""ALML"": {""pre_hz"": 2.0, ""peri_hz"": 1.0, ""delta_hz"": -1.0}, ""ALMR"": {""pre_hz"": 0.75, ""peri_hz"": 1.0, ""delta_hz"": 0.25}, ""AVM"": {""pre_hz"": 0.5, ""peri_hz"": 1.0, ""delta_hz"": 0.5}, ""AIBL"": {""pre_hz"": 13.0, ""peri_hz"": 9.5, ""delta_hz"": -3.5}, ""AIBR"": {""pre_hz"": 15.5, ""peri_hz"": 13.5, ""delta_hz"": -2.0}, ""AVAL"": {""pre_hz"": 40.5, ""peri_hz"": 34.0, ""delta_hz"": -6.5}, ""AVAR"": {""pre_hz"": 40.75, ""peri_hz"": 34.0, ""delta_hz"": -6.75}, ""AVEL"": {""pre_hz"": 35.5, ""peri_hz"": 30.5, ""delta_hz"": -5.0}, ""AVER"": {""pre_hz"": 36.5, ""peri_hz"": 27.5, ""delta_hz"": -9.0}, ""AVDL"": {""pre_hz"": 39.75, ""peri_hz"": 34.0, ""delta_hz"": -5.75}, ""AVDR"": {""pre_hz"": 39.75, ""peri_hz"": 34.0, ""delta_hz"": -5.75}, ""AVBL"": {""pre_hz"": 32.75, ""peri_hz"": 30.5, ""delta_hz"": -2.25}, ""AVBR"": {""pre_hz"": 37.75, ""peri_hz"": 32.5, ""delta_hz"": -5.25}, ""RIML"": {""pre_hz"": 23.25, ""peri_hz"": 21.0, ""delta_hz"": -2.25}, ""RIMR"": {""pre_hz"": 27.25, ""peri_hz"": 26.0, ""delta_hz"": -1.25}, ""RIS"": {""pre_hz"": 0.5, ""peri_hz"": 0.5, ""delta_hz"": 0.0}, ""PVCL"": {""pre_hz"": 39.75, ""peri_hz"": 34.0, ""delta_hz"": -5.75}, ""PVCR"": {""pre_hz"": 39.75, ""peri_hz"": 34.0, ""delta_hz"": -5.75}}","{""ALML"": {""pre_hz"": 2.0, ""peri_hz"": 1.0, ""delta_hz"": -1.0}, ""ALMR"": {""pre_hz"": 0.75, ""peri_hz"": 1.0, ""delta_hz"": 0.25}, ""AVM"": {""pre_hz"": 0.5, ""peri_hz"": 1.0, ""delta_hz"": 0.5}, ""AIBL"": {""pre_hz"": 11.25, ""peri_hz"": 10.5, ""delta_hz"": -0.75}, ""AIBR"": {""pre_hz"": 14.5, ""peri_hz"": 14.5, ""delta_hz"": 0.0}, ""AVAL"": {""pre_hz"": 34.25, ""peri_hz"": 28.5, ""delta_hz"": -5.75}, ""AVAR"": {""pre_hz"": 34.5, ""peri_hz"": 28.0, ""delta_hz"": -6.5}, ""AVEL"": {""pre_hz"": 28.5, ""peri_hz"": 26.0, ""delta_hz"": -2.5}, ""AVER"": {""pre_hz"": 30.25, ""peri_hz"": 23.0, ""delta_hz"": -7.25}, ""AVDL"": {""pre_hz"": 34.0, ""peri_hz"": 28.0, ""delta_hz"": -6.0}, ""AVDR"": {""pre_hz"": 34.0, ""peri_hz"": 28.0, ""delta_hz"": -6.0}, ""AVBL"": {""pre_hz"": 28.25, ""peri_hz"": 23.0, ""delta_hz"": -5.25}, ""AVBR"": {""pre_hz"": 31.25, ""peri_hz"": 25.0, ""delta_hz"": -6.25}, ""RIML"": {""pre_hz"": 20.25, ""peri_hz"": 20.5, ""delta_hz"": 0.25}, ""RIMR"": {""pre_hz"": 23.75, ""peri_hz"": 22.5, ""delta_hz"": -1.25}, ""RIS"": {""pre_hz"": 0.75, ""peri_hz"": 0.5, ""delta_hz"": -0.25}, ""PVCL"": {""pre_hz"": 34.0, ""peri_hz"": 28.0, ""delta_hz"": -6.0}, ""PVCR"": {""pre_hz"": 34.0, ""peri_hz"": 28.0, ""delta_hz"": -6.0}}",
M2-pure,PDE / spontaneous,spontaneous,50,60.0,0.085,0.0,0.06833333333333333,0.050833333333333335,0.7958333333333333,0.050833333333333335,0.0,0.1025,0.050833333333333335,0.7958333333333333,0.0,0.034166666666666665,0.0,0.0,-0.03416666666666667,"{""ALML"": {""pre_hz"": 1.0, ""peri_hz"": 2.0, ""delta_hz"": 1.0}, ""ALMR"": {""pre_hz"": 0.75, ""peri_hz"": 2.0, ""delta_hz"": 1.25}, ""AVM"": {""pre_hz"": 0.75, ""peri_hz"": 1.5, ""delta_hz"": 0.75}, ""AIBL"": {""pre_hz"": 11.75, ""peri_hz"": 10.0, ""delta_hz"": -1.75}, ""AIBR"": {""pre_hz"": 12.5, ""peri_hz"": 10.0, ""delta_hz"": -2.5}, ""AVAL"": {""pre_hz"": 37.5, ""peri_hz"": 33.5, ""delta_hz"": -4.0}, ""AVAR"": {""pre_hz"": 37.5, ""peri_hz"": 33.0, ""delta_hz"": -4.5}, ""AVEL"": {""pre_hz"": 35.25, ""peri_hz"": 30.5, ""delta_hz"": -4.75}, ""AVER"": {""pre_hz"": 33.0, ""peri_hz"": 30.5, ""delta_hz"": -2.5}, ""AVDL"": {""pre_hz"": 37.5, ""peri_hz"": 33.0, ""delta_hz"": -4.5}, ""AVDR"": {""pre_hz"": 37.5, ""peri_hz"": 33.0, ""delta_hz"": -4.5}, ""AVBL"": {""pre_hz"": 30.25, ""peri_hz"": 28.5, ""delta_hz"": -1.75}, ""AVBR"": {""pre_hz"": 35.5, ""peri_hz"": 31.0, ""delta_hz"": -4.5}, ""RIML"": {""pre_hz"": 21.75, ""peri_hz"": 17.0, ""delta_hz"": -4.75}, ""RIMR"": {""pre_hz"": 24.5, ""peri_hz"": 22.0, ""delta_hz"": -2.5}, ""RIS"": {""pre_hz"": 1.0, ""peri_hz"": 1.5, ""delta_hz"": 0.5}, ""PVCL"": {""pre_hz"": 37.5, ""peri_hz"": 33.0, ""delta_hz"": -4.5}, ""PVCR"": {""pre_hz"": 37.75, ""peri_hz"": 33.5, ""delta_hz"": -4.25}}","{""ALML"": {""pre_hz"": 0.75, ""peri_hz"": 1.0, ""delta_hz"": 0.25}, ""ALMR"": {""pre_hz"": 0.75, ""peri_hz"": 2.0, ""delta_hz"": 1.25}, ""AVM"": {""pre_hz"": 0.75, ""peri_hz"": 1.5, ""delta_hz"": 0.75}, ""AIBL"": {""pre_hz"": 11.25, ""peri_hz"": 10.5, ""delta_hz"": -0.75}, ""AIBR"": {""pre_hz"": 11.0, ""peri_hz"": 10.5, ""delta_hz"": -0.5}, ""AVAL"": {""pre_hz"": 28.75, ""peri_hz"": 29.0, ""delta_hz"": 0.25}, ""AVAR"": {""pre_hz"": 29.0, ""peri_hz"": 28.5, ""delta_hz"": -0.5}, ""AVEL"": {""pre_hz"": 27.5, ""peri_hz"": 27.0, ""delta_hz"": -0.5}, ""AVER"": {""pre_hz"": 25.5, ""peri_hz"": 26.5, ""delta_hz"": 1.0}, ""AVDL"": {""pre_hz"": 28.75, ""peri_hz"": 28.5, ""delta_hz"": -0.25}, ""AVDR"": {""pre_hz"": 28.75, ""peri_hz"": 28.5, ""delta_hz"": -0.25}, ""AVBL"": {""pre_hz"": 22.0, ""peri_hz"": 26.0, ""delta_hz"": 4.0}, ""AVBR"": {""pre_hz"": 28.0, ""peri_hz"": 28.5, ""delta_hz"": 0.5}, ""RIML"": {""pre_hz"": 16.5, ""peri_hz"": 14.5, ""delta_hz"": -2.0}, ""RIMR"": {""pre_hz"": 20.5, ""peri_hz"": 19.5, ""delta_hz"": -1.0}, ""RIS"": {""pre_hz"": 1.25, ""peri_hz"": 1.0, ""delta_hz"": -0.25}, ""PVCL"": {""pre_hz"": 28.75, ""peri_hz"": 28.5, ""delta_hz"": -0.25}, ""PVCR"": {""pre_hz"": 29.0, ""peri_hz"": 28.5, ""delta_hz"": -0.5}}",
M2-pure,PDE / spontaneous,spontaneous,51,60.0,0.11833333333333333,0.7383333333333333,0.050833333333333335,0.0,0.0925,0.18083333333333335,0.735,0.08416666666666667,0.0,0.0,-0.0033333333333332993,0.03333333333333333,0.0,-0.0925,0.06250000000000001,"{""ALML"": {""pre_hz"": 0.25, ""peri_hz"": 0.5, ""delta_hz"": 0.25}, ""ALMR"": {""pre_hz"": 1.0, ""peri_hz"": 0.0, ""delta_hz"": -1.0}, ""AVM"": {""pre_hz"": 0.0, ""peri_hz"": 1.5, ""delta_hz"": 1.5}, ""AIBL"": {""pre_hz"": 13.25, ""peri_hz"": 13.5, ""delta_hz"": 0.25}, ""AIBR"": {""pre_hz"": 11.75, ""peri_hz"": 15.0, ""delta_hz"": 3.25}, ""AVAL"": {""pre_hz"": 36.75, ""peri_hz"": 42.5, ""delta_hz"": 5.75}, ""AVAR"": {""pre_hz"": 37.5, ""peri_hz"": 42.0, ""delta_hz"": 4.5}, ""AVEL"": {""pre_hz"": 32.25, ""peri_hz"": 39.0, ""delta_hz"": 6.75}, ""AVER"": {""pre_hz"": 31.75, ""peri_hz"": 36.5, ""delta_hz"": 4.75}, ""AVDL"": {""pre_hz"": 36.75, ""peri_hz"": 42.0, ""delta_hz"": 5.25}, ""AVDR"": {""pre_hz"": 36.75, ""peri_hz"": 42.0, ""delta_hz"": 5.25}, ""AVBL"": {""pre_hz"": 28.75, ""peri_hz"": 36.0, ""delta_hz"": 7.25}, ""AVBR"": {""pre_hz"": 33.5, ""peri_hz"": 40.5, ""delta_hz"": 7.0}, ""RIML"": {""pre_hz"": 20.5, ""peri_hz"": 22.5, ""delta_hz"": 2.0}, ""RIMR"": {""pre_hz"": 26.0, ""peri_hz"": 26.5, ""delta_hz"": 0.5}, ""RIS"": {""pre_hz"": 1.5, ""peri_hz"": 0.5, ""delta_hz"": -1.0}, ""PVCL"": {""pre_hz"": 36.75, ""peri_hz"": 42.0, ""delta_hz"": 5.25}, ""PVCR"": {""pre_hz"": 36.75, ""peri_hz"": 42.0, ""delta_hz"": 5.25}}","{""ALML"": {""pre_hz"": 0.0, ""peri_hz"": 0.5, ""delta_hz"": 0.5}, ""ALMR"": {""pre_hz"": 1.0, ""peri_hz"": 0.0, ""delta_hz"": -1.0}, ""AVM"": {""pre_hz"": 0.0, ""peri_hz"": 1.0, ""delta_hz"": 1.0}, ""AIBL"": {""pre_hz"": 13.5, ""peri_hz"": 11.5, ""delta_hz"": -2.0}, ""AIBR"": {""pre_hz"": 12.5, ""peri_hz"": 14.0, ""delta_hz"": 1.5}, ""AVAL"": {""pre_hz"": 35.0, ""peri_hz"": 36.0, ""delta_hz"": 1.0}, ""AVAR"": {""pre_hz"": 35.5, ""peri_hz"": 35.5, ""delta_hz"": 0.0}, ""AVEL"": {""pre_hz"": 30.0, ""peri_hz"": 35.0, ""delta_hz"": 5.0}, ""AVER"": {""pre_hz"": 28.75, ""peri_hz"": 31.0, ""delta_hz"": 2.25}, ""AVDL"": {""pre_hz"": 34.5, ""peri_hz"": 35.5, ""delta_hz"": 1.0}, ""AVDR"": {""pre_hz"": 34.5, ""peri_hz"": 35.5, ""delta_hz"": 1.0}, ""AVBL"": {""pre_hz"": 27.5, ""peri_hz"": 29.5, ""delta_hz"": 2.0}, ""AVBR"": {""pre_hz"": 31.25, ""peri_hz"": 33.5, ""delta_hz"": 2.25}, ""RIML"": {""pre_hz"": 19.25, ""peri_hz"": 21.5, ""delta_hz"": 2.25}, ""RIMR"": {""pre_hz"": 24.25, ""peri_hz"": 23.5, ""delta_hz"": -0.75}, ""RIS"": {""pre_hz"": 1.25, ""peri_hz"": 0.5, ""delta_hz"": -0.75}, ""PVCL"": {""pre_hz"": 34.5, ""peri_hz"": 35.5, ""delta_hz"": 1.0}, ""PVCR"": {""pre_hz"": 34.5, ""peri_hz"": 35.5, ""delta_hz"": 1.0}}",
