organism,subset,anesthetic,dose_uM,seed,quiescent_fraction,command_rate_hz,network_rate_hz
worm,gaba_potentiation|complex_i_block|snare_cooperativity|nca_block,isoflurane,200.0,137,0.041666666666666664,7.8203125,2.2602777777777776
worm,gaba_potentiation|complex_i_block|snare_cooperativity|nca_block,isoflurane,200.0,219,0.020833333333333332,8.440104166666666,2.4295833333333334
worm,gaba_potentiation|complex_i_block|snare_cooperativity|nca_block,isoflurane,200.0,331,0.020833333333333332,8.7421875,2.481527777777778
worm,gaba_potentiation|complex_i_block|snare_cooperativity|nca_block,isoflurane,200.0,443,0.020833333333333332,8.510416666666666,2.4277777777777776
worm,gaba_potentiation|complex_i_block|snare_cooperativity|nca_block,isoflurane,30.0,331,0.0,19.106770833333332,5.889444444444444
worm,gaba_potentiation|complex_i_block|snare_cooperativity|nca_block,isoflurane,30.0,443,0.0,19.84375,6.089444444444444
worm,gaba_potentiation|complex_i_block|snare_cooperativity|nca_block,isoflurane,100.0,42,0.0,12.950520833333334,3.831111111111111
worm,gaba_potentiation|complex_i_block|snare_cooperativity|nca_block,isoflurane,100.0,137,0.0,11.859375,3.5644444444444443
worm,gaba_potentiation|complex_i_block|snare_cooperativity|nca_block,isoflurane,3000.0,137,0.9791666666666666,1.2734375,0.4543055555555556
worm,gaba_potentiation|complex_i_block|snare_cooperativity|nca_block,isoflurane,3000.0,219,0.8125,1.7317708333333333,0.5345833333333333
worm,gaba_potentiation|complex_i_block|snare_cooperativity|nca_block,isoflurane,3000.0,331,0.9166666666666666,1.6276041666666667,0.5040277777777777
worm,gaba_potentiation|complex_i_block|snare_cooperativity|nca_block,isoflurane,3000.0,443,1.0,1.0338541666666667,0.4320833333333333
worm,gaba_potentiation|complex_i_block|snare_cooperativity|nca_block,isoflurane,500.0,331,0.25,4.278645833333333,1.17625
worm,gaba_potentiation|complex_i_block|snare_cooperativity|nca_block,isoflurane,500.0,443,0.4166666666666667,3.6354166666666665,1.063611111111111
worm,gaba_potentiation|complex_i_block|snare_cooperativity|nca_block,isoflurane,1000.0,42,0.6666666666666666,2.4817708333333335,0.7172222222222222
worm,gaba_potentiation|complex_i_block|snare_cooperativity|nca_block,isoflurane,1000.0,137,0.6875,2.3411458333333335,0.6977777777777778
worm,k2p_potentiation|complex_i_block|snare_cooperativity|nca_block,isoflurane,10.0,443,0.0,22.466145833333332,6.9975
worm,k2p_potentiation|complex_i_block|snare_cooperativity|nca_block,isoflurane,30.0,42,0.0,18.979166666666668,5.8438888888888885
worm,k2p_potentiation|complex_i_block|snare_cooperativity|nca_block,isoflurane,30.0,137,0.0,18.213541666666668,5.669027777777778
worm,k2p_potentiation|complex_i_block|snare_cooperativity|nca_block,isoflurane,30.0,219,0.0,19.6171875,6.052361111111111
worm,gaba_potentiation|complex_i_block|snare_cooperativity|nca_block,isoflurane,100.0,219,0.0,12.791666666666666,3.8109722222222224
worm,gaba_potentiation|complex_i_block|snare_cooperativity|nca_block,isoflurane,100.0,331,0.0,12.705729166666666,3.7934722222222224
worm,gaba_potentiation|complex_i_block|snare_cooperativity|nca_block,isoflurane,100.0,443,0.0,13.028645833333334,3.8531944444444446
worm,gaba_potentiation|complex_i_block|snare_cooperativity|nca_block,isoflurane,200.0,42,0.0,8.5390625,2.4291666666666667
worm,gaba_potentiation|complex_i_block|snare_cooperativity|nca_block,isoflurane,290.0,443,0.08333333333333333,5.736979166666667,1.6616666666666666
worm,gaba_potentiation|complex_i_block|snare_cooperativity|nca_block,isoflurane,500.0,42,0.2708333333333333,4.127604166666667,1.13125
worm,gaba_potentiation|complex_i_block|snare_cooperativity|nca_block,isoflurane,500.0,137,0.3958333333333333,3.8723958333333335,1.107361111111111
worm,gaba_potentiation|complex_i_block|snare_cooperativity|nca_block,isoflurane,500.0,219,0.25,4.065104166666667,1.1577777777777778
worm,gaba_potentiation|complex_i_block|snare_cooperativity|nca_block,isoflurane,1000.0,219,0.6666666666666666,2.5338541666666665,0.7380555555555556
worm,gaba_potentiation|complex_i_block|snare_cooperativity|nca_block,isoflurane,1000.0,331,0.75,2.5755208333333335,0.7365277777777778
worm,gaba_potentiation|complex_i_block|snare_cooperativity|nca_block,isoflurane,1000.0,443,0.875,1.8723958333333333,0.6340277777777777
worm,gaba_potentiation|complex_i_block|snare_cooperativity|nca_block,isoflurane,3000.0,42,0.9166666666666666,1.5078125,0.49722222222222223
worm,gaba_potentiation|complex_i_block|snare_cooperativity|nca_block,isoflurane,290.0,42,0.020833333333333332,6.307291666666667,1.7520833333333334
worm,gaba_potentiation|complex_i_block|snare_cooperativity|nca_block,isoflurane,290.0,137,0.0625,6.0078125,1.7152777777777777
worm,gaba_potentiation|complex_i_block|snare_cooperativity|nca_block,isoflurane,290.0,219,0.08333333333333333,6.3125,1.8054166666666667
worm,gaba_potentiation|complex_i_block|snare_cooperativity|nca_block,isoflurane,290.0,331,0.0625,6.231770833333333,1.7494444444444444
worm,k2p_potentiation|complex_i_block|snare_cooperativity|nca_block,isoflurane,10.0,42,0.0,22.158854166666668,6.876666666666667
worm,k2p_potentiation|complex_i_block|snare_cooperativity|nca_block,isoflurane,10.0,137,0.0,21.328125,6.712638888888889
worm,k2p_potentiation|complex_i_block|snare_cooperativity|nca_block,isoflurane,10.0,219,0.0,22.255208333333332,6.964444444444444
worm,k2p_potentiation|complex_i_block|snare_cooperativity|nca_block,isoflurane,10.0,331,0.0,21.5859375,6.733194444444444
worm,gaba_potentiation|complex_i_block|snare_cooperativity|nca_block,isoflurane,10.0,42,0.0,22.200520833333332,6.8886111111111115
worm,gaba_potentiation|complex_i_block|snare_cooperativity|nca_block,isoflurane,10.0,137,0.0,21.395833333333332,6.731944444444444
worm,gaba_potentiation|complex_i_block|snare_cooperativity|nca_block,isoflurane,10.0,219,0.0,22.328125,6.9870833333333335
worm,gaba_potentiation|complex_i_block|snare_cooperativity|nca_block,isoflurane,10.0,331,0.0,21.71875,6.776527777777778
worm,gaba_potentiation|complex_i_block|snare_cooperativity|nca_block,isoflurane,10.0,443,0.0,22.546875,7.025972222222222
worm,gaba_potentiation|complex_i_block|snare_cooperativity|nca_block,isoflurane,30.0,42,0.0,19.25,5.928055555555556
worm,gaba_potentiation|complex_i_block|snare_cooperativity|nca_block,isoflurane,30.0,137,0.0,18.2421875,5.683333333333334
worm,gaba_potentiation|complex_i_block|snare_cooperativity|nca_block,isoflurane,30.0,219,0.0,19.7265625,6.08875
worm,k2p_potentiation|complex_i_block|snare_cooperativity|nca_block,isoflurane,30.0,331,0.0,19.0234375,5.85625
worm,k2p_potentiation|complex_i_block|snare_cooperativity|nca_block,isoflurane,30.0,443,0.0,19.736979166666668,6.056111111111111
worm,k2p_potentiation|complex_i_block|snare_cooperativity|nca_block,isoflurane,100.0,42,0.0,12.661458333333334,3.747638888888889
worm,k2p_potentiation|complex_i_block|snare_cooperativity|nca_block,isoflurane,100.0,137,0.0,11.7109375,3.5283333333333333
worm,k2p_potentiation|complex_i_block|snare_cooperativity|nca_block,isoflurane,200.0,137,0.020833333333333332,7.734375,2.230277777777778
worm,k2p_potentiation|complex_i_block|snare_cooperativity|nca_block,isoflurane,200.0,219,0.020833333333333332,8.205729166666666,2.363611111111111
worm,k2p_potentiation|complex_i_block|snare_cooperativity|nca_block,isoflurane,200.0,331,0.020833333333333332,8.5390625,2.4208333333333334
worm,k2p_potentiation|complex_i_block|snare_cooperativity|nca_block,isoflurane,200.0,443,0.041666666666666664,8.375,2.3880555555555554
worm,k2p_potentiation|complex_i_block|snare_cooperativity|nca_block,isoflurane,100.0,219,0.0,12.596354166666666,3.7405555555555554
worm,k2p_potentiation|complex_i_block|snare_cooperativity|nca_block,isoflurane,100.0,331,0.0,12.369791666666666,3.7080555555555557
worm,k2p_potentiation|complex_i_block|snare_cooperativity|nca_block,isoflurane,100.0,443,0.0,12.768229166666666,3.7794444444444446
worm,k2p_potentiation|complex_i_block|snare_cooperativity|nca_block,isoflurane,200.0,42,0.0,8.28125,2.355
worm,k2p_potentiation|complex_i_block|snare_cooperativity|nca_block,isoflurane,290.0,42,0.041666666666666664,6.145833333333333,1.707638888888889
worm,k2p_potentiation|complex_i_block|snare_cooperativity|nca_block,isoflurane,290.0,137,0.0625,5.833333333333333,1.666111111111111
worm,k2p_potentiation|complex_i_block|snare_cooperativity|nca_block,isoflurane,290.0,219,0.08333333333333333,6.252604166666667,1.781111111111111
worm,k2p_potentiation|complex_i_block|snare_cooperativity|nca_block,isoflurane,290.0,331,0.0625,6.106770833333333,1.7093055555555556
worm,complex_i_block|snare_cooperativity|nca_block|nachr_antagonism,isoflurane,200.0,137,0.041666666666666664,7.8203125,2.2602777777777776
worm,complex_i_block|snare_cooperativity|nca_block|nachr_antagonism,isoflurane,200.0,219,0.020833333333333332,8.440104166666666,2.4295833333333334
worm,complex_i_block|snare_cooperativity|nca_block|nachr_antagonism,isoflurane,200.0,331,0.020833333333333332,8.7421875,2.481527777777778
worm,complex_i_block|snare_cooperativity|nca_block|nachr_antagonism,isoflurane,200.0,443,0.020833333333333332,8.510416666666666,2.4277777777777776
worm,complex_i_block|snare_cooperativity|nca_block|nachr_antagonism,isoflurane,290.0,443,0.08333333333333333,5.736979166666667,1.6616666666666666
worm,complex_i_block|snare_cooperativity|nca_block|nachr_antagonism,isoflurane,500.0,42,0.2708333333333333,4.127604166666667,1.13125
worm,complex_i_block|snare_cooperativity|nca_block|nachr_antagonism,isoflurane,500.0,137,0.3958333333333333,3.8723958333333335,1.107361111111111
worm,complex_i_block|snare_cooperativity|nca_block|nachr_antagonism,isoflurane,500.0,219,0.25,4.065104166666667,1.1577777777777778
worm,complex_i_block|snare_cooperativity|nca_block|nachr_antagonism,isoflurane,500.0,331,0.25,4.278645833333333,1.17625
worm,complex_i_block|snare_cooperativity|nca_block|nachr_antagonism,isoflurane,500.0,443,0.4166666666666667,3.6354166666666665,1.063611111111111
worm,complex_i_block|snare_cooperativity|nca_block|nachr_antagonism,isoflurane,1000.0,42,0.6666666666666666,2.4817708333333335,0.7172222222222222
worm,complex_i_block|snare_cooperativity|nca_block|nachr_antagonism,isoflurane,1000.0,137,0.6875,2.3411458333333335,0.6977777777777778
worm,complex_i_block|snare_cooperativity|nca_block|nachr_antagonism,isoflurane,290.0,42,0.020833333333333332,6.307291666666667,1.7520833333333334
worm,complex_i_block|snare_cooperativity|nca_block|nachr_antagonism,isoflurane,290.0,137,0.0625,6.0078125,1.7152777777777777
worm,complex_i_block|snare_cooperativity|nca_block|nachr_antagonism,isoflurane,290.0,219,0.08333333333333333,6.3125,1.8054166666666667
worm,complex_i_block|snare_cooperativity|nca_block|nachr_antagonism,isoflurane,290.0,331,0.0625,6.231770833333333,1.7494444444444444
worm,k2p_potentiation|complex_i_block|snare_cooperativity|nca_block,isoflurane,290.0,443,0.08333333333333333,5.744791666666667,1.6601388888888888
worm,k2p_potentiation|complex_i_block|snare_cooperativity|nca_block,isoflurane,500.0,42,0.2708333333333333,4.0859375,1.1145833333333333
worm,k2p_potentiation|complex_i_block|snare_cooperativity|nca_block,isoflurane,500.0,137,0.4166666666666667,3.7526041666666665,1.0781944444444445
worm,k2p_potentiation|complex_i_block|snare_cooperativity|nca_block,isoflurane,500.0,219,0.2708333333333333,4.005208333333333,1.1388888888888888
worm,k2p_potentiation|complex_i_block|snare_cooperativity|nca_block,isoflurane,500.0,331,0.2708333333333333,4.2421875,1.1619444444444444
worm,k2p_potentiation|complex_i_block|snare_cooperativity|nca_block,isoflurane,500.0,443,0.4375,3.53125,1.0383333333333333
worm,k2p_potentiation|complex_i_block|snare_cooperativity|nca_block,isoflurane,1000.0,42,0.6666666666666666,2.4453125,0.7080555555555555
worm,k2p_potentiation|complex_i_block|snare_cooperativity|nca_block,isoflurane,1000.0,137,0.6875,2.2578125,0.6802777777777778
worm,k2p_potentiation|complex_i_block|snare_cooperativity|nca_block,isoflurane,1000.0,219,0.6666666666666666,2.5234375,0.7311111111111112
worm,k2p_potentiation|complex_i_block|snare_cooperativity|nca_block,isoflurane,1000.0,331,0.75,2.5390625,0.7269444444444444
worm,k2p_potentiation|complex_i_block|snare_cooperativity|nca_block,isoflurane,1000.0,443,0.875,1.78125,0.6161111111111112
worm,k2p_potentiation|complex_i_block|snare_cooperativity|nca_block,isoflurane,3000.0,42,0.9166666666666666,1.5026041666666667,0.4940277777777778
worm,complex_i_block|snare_cooperativity|nca_block|nachr_antagonism,isoflurane,10.0,42,0.0,22.200520833333332,6.8886111111111115
worm,complex_i_block|snare_cooperativity|nca_block|nachr_antagonism,isoflurane,10.0,137,0.0,21.395833333333332,6.731944444444444
worm,complex_i_block|snare_cooperativity|nca_block|nachr_antagonism,isoflurane,10.0,219,0.0,22.328125,6.9870833333333335
worm,complex_i_block|snare_cooperativity|nca_block|nachr_antagonism,isoflurane,10.0,331,0.0,21.71875,6.776527777777778
worm,complex_i_block|snare_cooperativity|nca_block|nachr_antagonism,isoflurane,10.0,443,0.0,22.546875,7.025972222222222
worm,complex_i_block|snare_cooperativity|nca_block|nachr_antagonism,isoflurane,30.0,42,0.0,19.25,5.928055555555556
worm,complex_i_block|snare_cooperativity|nca_block|nachr_antagonism,isoflurane,30.0,137,0.0,18.2421875,5.683333333333334
worm,complex_i_block|snare_cooperativity|nca_block|nachr_antagonism,isoflurane,30.0,219,0.0,19.7265625,6.08875
worm,complex_i_block|snare_cooperativity|nca_block|nachr_antagonism,isoflurane,30.0,331,0.0,19.106770833333332,5.889444444444444
worm,complex_i_block|snare_cooperativity|nca_block|nachr_antagonism,isoflurane,30.0,443,0.0,19.84375,6.089444444444444
worm,complex_i_block|snare_cooperativity|nca_block|nachr_antagonism,isoflurane,100.0,42,0.0,12.950520833333334,3.831111111111111
worm,complex_i_block|snare_cooperativity|nca_block|nachr_antagonism,isoflurane,100.0,137,0.0,11.859375,3.5644444444444443
worm,k2p_potentiation|complex_i_block|snare_cooperativity|nca_block,isoflurane,3000.0,137,0.9791666666666666,1.25,0.4513888888888889
worm,k2p_potentiation|complex_i_block|snare_cooperativity|nca_block,isoflurane,3000.0,219,0.8125,1.7239583333333333,0.5330555555555555
worm,k2p_potentiation|complex_i_block|snare_cooperativity|nca_block,isoflurane,3000.0,331,0.9166666666666666,1.6276041666666667,0.5022222222222222
worm,k2p_potentiation|complex_i_block|snare_cooperativity|nca_block,isoflurane,3000.0,443,1.0,1.0026041666666667,0.42527777777777775
worm,complex_i_block|snare_cooperativity|nca_block|nachr_antagonism,isoflurane,100.0,219,0.0,12.791666666666666,3.8109722222222224
worm,complex_i_block|snare_cooperativity|nca_block|nachr_antagonism,isoflurane,100.0,331,0.0,12.705729166666666,3.7934722222222224
worm,complex_i_block|snare_cooperativity|nca_block|nachr_antagonism,isoflurane,100.0,443,0.0,13.028645833333334,3.8531944444444446
worm,complex_i_block|snare_cooperativity|nca_block|nachr_antagonism,isoflurane,200.0,42,0.0,8.5390625,2.4291666666666667
worm,complex_i_block|snare_cooperativity|nca_block|nachr_antagonism,isoflurane,1000.0,219,0.6666666666666666,2.5338541666666665,0.7380555555555556
worm,complex_i_block|snare_cooperativity|nca_block|nachr_antagonism,isoflurane,1000.0,331,0.75,2.5755208333333335,0.7365277777777778
worm,complex_i_block|snare_cooperativity|nca_block|nachr_antagonism,isoflurane,1000.0,443,0.875,1.8723958333333333,0.6340277777777777
worm,complex_i_block|snare_cooperativity|nca_block|nachr_antagonism,isoflurane,3000.0,42,0.9166666666666666,1.5078125,0.49722222222222223
worm,gaba_potentiation|k2p_potentiation|complex_i_block|snare_cooperativity|nca_block,isoflurane,10.0,42,0.0,21.848958333333332,6.773611111111111
worm,gaba_potentiation|k2p_potentiation|complex_i_block|snare_cooperativity|nca_block,isoflurane,10.0,137,0.0,20.822916666666668,6.578055555555555
worm,gaba_potentiation|k2p_potentiation|complex_i_block|snare_cooperativity|nca_block,isoflurane,10.0,219,0.0,21.966145833333332,6.87
worm,gaba_potentiation|k2p_potentiation|complex_i_block|snare_cooperativity|nca_block,isoflurane,10.0,331,0.0,21.486979166666668,6.695833333333334
worm,complex_i_block|snare_cooperativity|nca_block|nachr_antagonism,isoflurane,3000.0,137,0.9791666666666666,1.2734375,0.4543055555555556
worm,complex_i_block|snare_cooperativity|nca_block|nachr_antagonism,isoflurane,3000.0,219,0.8125,1.7317708333333333,0.5345833333333333
worm,complex_i_block|snare_cooperativity|nca_block|nachr_antagonism,isoflurane,3000.0,331,0.9166666666666666,1.6276041666666667,0.5040277777777777
worm,complex_i_block|snare_cooperativity|nca_block|nachr_antagonism,isoflurane,3000.0,443,1.0,1.0338541666666667,0.4320833333333333
worm,gaba_potentiation|k2p_potentiation|complex_i_block|snare_cooperativity|nca_block,isoflurane,10.0,443,0.0,22.247395833333332,6.925972222222223
worm,gaba_potentiation|k2p_potentiation|complex_i_block|snare_cooperativity|nca_block,isoflurane,30.0,42,0.0,18.416666666666668,5.6681944444444445
worm,gaba_potentiation|k2p_potentiation|complex_i_block|snare_cooperativity|nca_block,isoflurane,30.0,137,0.0,17.653645833333332,5.489027777777777
worm,gaba_potentiation|k2p_potentiation|complex_i_block|snare_cooperativity|nca_block,isoflurane,30.0,219,0.0,19.0078125,5.857916666666667
worm,gaba_potentiation|k2p_potentiation|complex_i_block|snare_cooperativity|nca_block,isoflurane,100.0,219,0.0,11.924479166666666,3.52375
worm,gaba_potentiation|k2p_potentiation|complex_i_block|snare_cooperativity|nca_block,isoflurane,100.0,331,0.0,11.510416666666666,3.412777777777778
worm,gaba_potentiation|k2p_potentiation|complex_i_block|snare_cooperativity|nca_block,isoflurane,100.0,443,0.0,11.864583333333334,3.487222222222222
worm,gaba_potentiation|k2p_potentiation|complex_i_block|snare_cooperativity|nca_block,isoflurane,200.0,42,0.020833333333333332,7.020833333333333,1.9929166666666667
worm,gaba_potentiation|k2p_potentiation|complex_i_block|snare_cooperativity|nca_block,isoflurane,30.0,331,0.0,18.229166666666668,5.611527777777778
worm,gaba_potentiation|k2p_potentiation|complex_i_block|snare_cooperativity|nca_block,isoflurane,30.0,443,0.0,19.0234375,5.829305555555556
worm,gaba_potentiation|k2p_potentiation|complex_i_block|snare_cooperativity|nca_block,isoflurane,100.0,42,0.0,11.690104166666666,3.4293055555555556
worm,gaba_potentiation|k2p_potentiation|complex_i_block|snare_cooperativity|nca_block,isoflurane,100.0,137,0.0,10.809895833333334,3.2284722222222224
worm,gaba_potentiation|k2p_potentiation|complex_i_block|snare_cooperativity|nca_block,isoflurane,200.0,137,0.020833333333333332,6.799479166666667,1.9402777777777778
worm,gaba_potentiation|k2p_potentiation|complex_i_block|snare_cooperativity|nca_block,isoflurane,200.0,219,0.0625,7.098958333333333,2.0369444444444444
worm,gaba_potentiation|k2p_potentiation|complex_i_block|snare_cooperativity|nca_block,isoflurane,200.0,331,0.041666666666666664,7.127604166666667,2.013472222222222
worm,gaba_potentiation|k2p_potentiation|complex_i_block|snare_cooperativity|nca_block,isoflurane,200.0,443,0.041666666666666664,6.8125,1.9673611111111111
worm,gaba_potentiation|k2p_potentiation|complex_i_block|snare_cooperativity|nca_block,isoflurane,290.0,443,0.22916666666666666,4.479166666666667,1.3095833333333333
worm,gaba_potentiation|k2p_potentiation|complex_i_block|snare_cooperativity|nca_block,isoflurane,500.0,42,0.4166666666666667,3.2213541666666665,0.8811111111111111
worm,gaba_potentiation|k2p_potentiation|complex_i_block|snare_cooperativity|nca_block,isoflurane,500.0,137,0.4791666666666667,2.984375,0.8461111111111111
worm,gaba_potentiation|k2p_potentiation|complex_i_block|snare_cooperativity|nca_block,isoflurane,500.0,219,0.4791666666666667,3.0911458333333335,0.8769444444444444
worm,gaba_potentiation|k2p_potentiation|complex_i_block|snare_cooperativity|nca_block,isoflurane,290.0,42,0.125,5.018229166666667,1.3879166666666667
worm,gaba_potentiation|k2p_potentiation|complex_i_block|snare_cooperativity|nca_block,isoflurane,290.0,137,0.20833333333333334,4.5859375,1.3098611111111111
worm,gaba_potentiation|k2p_potentiation|complex_i_block|snare_cooperativity|nca_block,isoflurane,290.0,219,0.08333333333333333,5.3515625,1.4909722222222221
worm,gaba_potentiation|k2p_potentiation|complex_i_block|snare_cooperativity|nca_block,isoflurane,290.0,331,0.10416666666666667,5.078125,1.4133333333333333
worm,gaba_potentiation|k2p_potentiation|complex_i_block|snare_cooperativity|nca_block,isoflurane,500.0,331,0.5208333333333334,3.2864583333333335,0.8969444444444444
worm,gaba_potentiation|k2p_potentiation|complex_i_block|snare_cooperativity|nca_block,isoflurane,500.0,443,0.6666666666666666,2.5234375,0.7648611111111111
worm,gaba_potentiation|k2p_potentiation|complex_i_block|snare_cooperativity|nca_block,isoflurane,1000.0,42,0.8541666666666666,1.765625,0.5238888888888888
worm,gaba_potentiation|k2p_potentiation|complex_i_block|snare_cooperativity|nca_block,isoflurane,1000.0,137,0.875,1.5494791666666667,0.48930555555555555
worm,gaba_potentiation|k2p_potentiation|complex_i_block|snare_cooperativity|nca_block,isoflurane,1000.0,219,0.8125,1.8411458333333333,0.5516666666666666
worm,gaba_potentiation|k2p_potentiation|complex_i_block|snare_cooperativity|nca_block,isoflurane,1000.0,331,0.8541666666666666,1.7890625,0.5288888888888889
worm,gaba_potentiation|k2p_potentiation|complex_i_block|snare_cooperativity|nca_block,isoflurane,1000.0,443,0.9166666666666666,1.1927083333333333,0.45305555555555554
worm,gaba_potentiation|k2p_potentiation|complex_i_block|snare_cooperativity|nca_block,isoflurane,3000.0,42,0.9791666666666666,0.8828125,0.3425
worm,gaba_potentiation|k2p_potentiation|complex_i_block|snare_cooperativity|nachr_antagonism,isoflurane,10.0,443,0.0,22.28125,6.940972222222222
worm,gaba_potentiation|k2p_potentiation|complex_i_block|snare_cooperativity|nachr_antagonism,isoflurane,30.0,42,0.0,18.627604166666668,5.731388888888889
worm,gaba_potentiation|k2p_potentiation|complex_i_block|snare_cooperativity|nachr_antagonism,isoflurane,30.0,137,0.0,17.880208333333332,5.559444444444445
worm,gaba_potentiation|k2p_potentiation|complex_i_block|snare_cooperativity|nachr_antagonism,isoflurane,30.0,219,0.0,19.151041666666668,5.907916666666667
worm,gaba_potentiation|k2p_potentiation|complex_i_block|snare_cooperativity|nachr_antagonism,isoflurane,10.0,42,0.0,21.921875,6.804166666666666
worm,gaba_potentiation|k2p_potentiation|complex_i_block|snare_cooperativity|nachr_antagonism,isoflurane,10.0,137,0.0,20.934895833333332,6.603055555555556
worm,gaba_potentiation|k2p_potentiation|complex_i_block|snare_cooperativity|nachr_antagonism,isoflurane,10.0,219,0.0,22.002604166666668,6.885277777777778
worm,gaba_potentiation|k2p_potentiation|complex_i_block|snare_cooperativity|nachr_antagonism,isoflurane,10.0,331,0.0,21.5625,6.717083333333333
worm,gaba_potentiation|k2p_potentiation|complex_i_block|snare_cooperativity|nca_block,isoflurane,3000.0,137,1.0,0.875,0.3248611111111111
worm,gaba_potentiation|k2p_potentiation|complex_i_block|snare_cooperativity|nca_block,isoflurane,3000.0,219,0.9583333333333334,1.1041666666666667,0.3688888888888889
worm,gaba_potentiation|k2p_potentiation|complex_i_block|snare_cooperativity|nca_block,isoflurane,3000.0,331,1.0,1.1458333333333333,0.3676388888888889
worm,gaba_potentiation|k2p_potentiation|complex_i_block|snare_cooperativity|nca_block,isoflurane,3000.0,443,1.0,0.6328125,0.3080555555555556
worm,gaba_potentiation|k2p_potentiation|complex_i_block|snare_cooperativity|nachr_antagonism,isoflurane,100.0,219,0.0,12.309895833333334,3.631527777777778
worm,gaba_potentiation|k2p_potentiation|complex_i_block|snare_cooperativity|nachr_antagonism,isoflurane,100.0,331,0.0,11.734375,3.495138888888889
worm,gaba_potentiation|k2p_potentiation|complex_i_block|snare_cooperativity|nachr_antagonism,isoflurane,100.0,443,0.0,12.111979166666666,3.570972222222222
worm,gaba_potentiation|k2p_potentiation|complex_i_block|snare_cooperativity|nachr_antagonism,isoflurane,200.0,42,0.0,7.471354166666667,2.1215277777777777
worm,gaba_potentiation|k2p_potentiation|complex_i_block|snare_cooperativity|nachr_antagonism,isoflurane,30.0,331,0.0,18.356770833333332,5.659166666666667
worm,gaba_potentiation|k2p_potentiation|complex_i_block|snare_cooperativity|nachr_antagonism,isoflurane,30.0,443,0.0,19.359375,5.930833333333333
worm,gaba_potentiation|k2p_potentiation|complex_i_block|snare_cooperativity|nachr_antagonism,isoflurane,100.0,42,0.0,11.841145833333334,3.4897222222222224
worm,gaba_potentiation|k2p_potentiation|complex_i_block|snare_cooperativity|nachr_antagonism,isoflurane,100.0,137,0.0,11.114583333333334,3.3308333333333335
worm,gaba_potentiation|k2p_potentiation|complex_i_block|snare_cooperativity|glucl_potentiation,isoflurane,10.0,443,0.0,22.364583333333332,6.970416666666667
worm,gaba_potentiation|k2p_potentiation|complex_i_block|snare_cooperativity|glucl_potentiation,isoflurane,30.0,42,0.0,18.903645833333332,5.816944444444444
worm,gaba_potentiation|k2p_potentiation|complex_i_block|snare_cooperativity|glucl_potentiation,isoflurane,30.0,137,0.0,18.0390625,5.620277777777778
worm,gaba_potentiation|k2p_potentiation|complex_i_block|snare_cooperativity|glucl_potentiation,isoflurane,30.0,219,0.0,19.447916666666668,6.001111111111111
worm,gaba_potentiation|k2p_potentiation|complex_i_block|snare_cooperativity|glucl_potentiation,isoflurane,30.0,331,0.0,18.713541666666668,5.769722222222223
worm,gaba_potentiation|k2p_potentiation|complex_i_block|snare_cooperativity|glucl_potentiation,isoflurane,30.0,443,0.0,19.567708333333332,6.00375
worm,gaba_potentiation|k2p_potentiation|complex_i_block|snare_cooperativity|glucl_potentiation,isoflurane,100.0,42,0.0,12.388020833333334,3.6505555555555556
worm,gaba_potentiation|k2p_potentiation|complex_i_block|snare_cooperativity|glucl_potentiation,isoflurane,100.0,137,0.0,11.3984375,3.4225
worm,gaba_potentiation|k2p_potentiation|complex_i_block|snare_cooperativity|glucl_potentiation,isoflurane,200.0,137,0.041666666666666664,7.520833333333333,2.151527777777778
worm,gaba_potentiation|k2p_potentiation|complex_i_block|snare_cooperativity|glucl_potentiation,isoflurane,200.0,219,0.020833333333333332,7.7890625,2.2484722222222224
worm,gaba_potentiation|k2p_potentiation|complex_i_block|snare_cooperativity|glucl_potentiation,isoflurane,200.0,331,0.020833333333333332,8.026041666666666,2.2730555555555556
worm,gaba_potentiation|k2p_potentiation|complex_i_block|snare_cooperativity|glucl_potentiation,isoflurane,200.0,443,0.041666666666666664,7.7421875,2.22125
worm,gaba_potentiation|k2p_potentiation|complex_i_block|snare_cooperativity|glucl_potentiation,isoflurane,290.0,42,0.041666666666666664,5.817708333333333,1.617361111111111
worm,gaba_potentiation|k2p_potentiation|complex_i_block|snare_cooperativity|glucl_potentiation,isoflurane,290.0,137,0.08333333333333333,5.486979166666667,1.5693055555555555
worm,gaba_potentiation|k2p_potentiation|complex_i_block|snare_cooperativity|glucl_potentiation,isoflurane,290.0,219,0.08333333333333333,6.145833333333333,1.7247222222222223
worm,gaba_potentiation|k2p_potentiation|complex_i_block|snare_cooperativity|glucl_potentiation,isoflurane,290.0,331,0.08333333333333333,5.856770833333333,1.6366666666666667
worm,gaba_potentiation|k2p_potentiation|complex_i_block|snare_cooperativity|nachr_antagonism,isoflurane,200.0,137,0.041666666666666664,7.018229166666667,2.02125
worm,gaba_potentiation|k2p_potentiation|complex_i_block|snare_cooperativity|nachr_antagonism,isoflurane,200.0,219,0.020833333333333332,7.229166666666667,2.0945833333333335
worm,gaba_potentiation|k2p_potentiation|complex_i_block|snare_cooperativity|nachr_antagonism,isoflurane,200.0,331,0.020833333333333332,7.565104166666667,2.1416666666666666
worm,gaba_potentiation|k2p_potentiation|complex_i_block|snare_cooperativity|nachr_antagonism,isoflurane,200.0,443,0.041666666666666664,7.1875,2.0658333333333334
worm,gaba_potentiation|k2p_potentiation|complex_i_block|snare_cooperativity|nachr_antagonism,isoflurane,290.0,42,0.0625,5.424479166666667,1.5045833333333334
worm,gaba_potentiation|k2p_potentiation|complex_i_block|snare_cooperativity|nachr_antagonism,isoflurane,290.0,137,0.10416666666666667,5.104166666666667,1.4475
worm,gaba_potentiation|k2p_potentiation|complex_i_block|snare_cooperativity|nachr_antagonism,isoflurane,290.0,219,0.125,5.7734375,1.6105555555555555
worm,gaba_potentiation|k2p_potentiation|complex_i_block|snare_cooperativity|nachr_antagonism,isoflurane,290.0,331,0.08333333333333333,5.546875,1.5351388888888888
worm,gaba_potentiation|k2p_potentiation|complex_i_block|snare_cooperativity|nachr_antagonism,isoflurane,290.0,443,0.14583333333333334,4.828125,1.4106944444444445
worm,gaba_potentiation|k2p_potentiation|complex_i_block|snare_cooperativity|nachr_antagonism,isoflurane,500.0,42,0.3958333333333333,3.5286458333333335,0.9594444444444444
worm,gaba_potentiation|k2p_potentiation|complex_i_block|snare_cooperativity|nachr_antagonism,isoflurane,500.0,137,0.4791666666666667,3.296875,0.92625
worm,gaba_potentiation|k2p_potentiation|complex_i_block|snare_cooperativity|nachr_antagonism,isoflurane,500.0,219,0.4166666666666667,3.4453125,0.9695833333333334
worm,gaba_potentiation|k2p_potentiation|complex_i_block|snare_cooperativity|nachr_antagonism,isoflurane,500.0,331,0.3958333333333333,3.609375,0.9822222222222222
worm,gaba_potentiation|k2p_potentiation|complex_i_block|snare_cooperativity|nachr_antagonism,isoflurane,500.0,443,0.5208333333333334,2.9244791666666665,0.8670833333333333
worm,gaba_potentiation|k2p_potentiation|complex_i_block|snare_cooperativity|nachr_antagonism,isoflurane,1000.0,42,0.7916666666666666,2.0208333333333335,0.5843055555555555
worm,gaba_potentiation|k2p_potentiation|complex_i_block|snare_cooperativity|nachr_antagonism,isoflurane,1000.0,137,0.8333333333333334,1.7578125,0.5491666666666667
worm,gaba_potentiation|k2p_potentiation|complex_i_block|snare_cooperativity|nachr_antagonism,isoflurane,1000.0,219,0.7916666666666666,2.0104166666666665,0.6013888888888889
worm,gaba_potentiation|k2p_potentiation|complex_i_block|snare_cooperativity|nachr_antagonism,isoflurane,1000.0,331,0.8541666666666666,2.015625,0.5884722222222222
worm,gaba_potentiation|k2p_potentiation|complex_i_block|snare_cooperativity|nachr_antagonism,isoflurane,1000.0,443,0.9166666666666666,1.3489583333333333,0.5004166666666666
worm,gaba_potentiation|k2p_potentiation|complex_i_block|snare_cooperativity|nachr_antagonism,isoflurane,3000.0,42,0.9791666666666666,1.0208333333333333,0.37958333333333333
worm,gaba_potentiation|k2p_potentiation|complex_i_block|snare_cooperativity|nachr_antagonism,isoflurane,3000.0,137,0.9791666666666666,0.9505208333333334,0.35694444444444445
worm,gaba_potentiation|k2p_potentiation|complex_i_block|snare_cooperativity|nachr_antagonism,isoflurane,3000.0,219,0.9166666666666666,1.2317708333333333,0.4098611111111111
worm,gaba_potentiation|k2p_potentiation|complex_i_block|snare_cooperativity|nachr_antagonism,isoflurane,3000.0,331,0.9375,1.3046875,0.4076388888888889
worm,gaba_potentiation|k2p_potentiation|complex_i_block|snare_cooperativity|nachr_antagonism,isoflurane,3000.0,443,1.0,0.7109375,0.3426388888888889
worm,gaba_potentiation|k2p_potentiation|complex_i_block|snare_cooperativity|glucl_potentiation,isoflurane,10.0,42,0.0,22.052083333333332,6.842361111111111
worm,gaba_potentiation|k2p_potentiation|complex_i_block|snare_cooperativity|glucl_potentiation,isoflurane,10.0,137,0.0,21.15625,6.664166666666667
worm,gaba_potentiation|k2p_potentiation|complex_i_block|snare_cooperativity|glucl_potentiation,isoflurane,10.0,219,0.0,22.205729166666668,6.951944444444444
worm,gaba_potentiation|k2p_potentiation|complex_i_block|snare_cooperativity|glucl_potentiation,isoflurane,10.0,331,0.0,21.549479166666668,6.721666666666667
worm,gaba_potentiation|k2p_potentiation|complex_i_block|snare_cooperativity|glucl_potentiation,isoflurane,100.0,219,0.0,12.583333333333334,3.7198611111111113
worm,gaba_potentiation|k2p_potentiation|complex_i_block|snare_cooperativity|glucl_potentiation,isoflurane,100.0,331,0.0,12.109375,3.618333333333333
worm,gaba_potentiation|k2p_potentiation|complex_i_block|snare_cooperativity|glucl_potentiation,isoflurane,100.0,443,0.0,12.463541666666666,3.6819444444444445
worm,gaba_potentiation|k2p_potentiation|complex_i_block|snare_cooperativity|glucl_potentiation,isoflurane,200.0,42,0.0,8.020833333333334,2.2695833333333333
worm,gaba_potentiation|k2p_potentiation|complex_i_block|snare_cooperativity|glucl_potentiation,isoflurane,290.0,443,0.10416666666666667,5.408854166666667,1.562638888888889
worm,gaba_potentiation|k2p_potentiation|complex_i_block|snare_cooperativity|glucl_potentiation,isoflurane,500.0,42,0.3333333333333333,3.875,1.0534722222222221
worm,gaba_potentiation|k2p_potentiation|complex_i_block|snare_cooperativity|glucl_potentiation,isoflurane,500.0,137,0.4375,3.5338541666666665,1.0020833333333334
worm,gaba_potentiation|k2p_potentiation|complex_i_block|snare_cooperativity|glucl_potentiation,isoflurane,500.0,219,0.3541666666666667,3.7213541666666665,1.0476388888888888
worm,gaba_potentiation|k2p_potentiation|complex_i_block|snare_cooperativity|glucl_potentiation,isoflurane,500.0,331,0.3541666666666667,3.8697916666666665,1.0616666666666668
worm,gaba_potentiation|k2p_potentiation|complex_i_block|snare_cooperativity|glucl_potentiation,isoflurane,500.0,443,0.5,3.2291666666666665,0.9505555555555556
worm,gaba_potentiation|k2p_potentiation|complex_i_block|snare_cooperativity|glucl_potentiation,isoflurane,1000.0,42,0.7291666666666666,2.2057291666666665,0.6438888888888888
worm,gaba_potentiation|k2p_potentiation|complex_i_block|snare_cooperativity|glucl_potentiation,isoflurane,1000.0,137,0.7916666666666666,1.9244791666666667,0.6018055555555556
worm,gaba_potentiation|k2p_potentiation|complex_i_block|snare_cooperativity|glucl_potentiation,isoflurane,1000.0,219,0.6875,2.3177083333333335,0.6769444444444445
worm,gaba_potentiation|k2p_potentiation|complex_i_block|snare_cooperativity|glucl_potentiation,isoflurane,1000.0,331,0.7916666666666666,2.3567708333333335,0.6715277777777777
worm,gaba_potentiation|k2p_potentiation|complex_i_block|snare_cooperativity|glucl_potentiation,isoflurane,1000.0,443,0.9166666666666666,1.6276041666666667,0.5647222222222222
worm,gaba_potentiation|k2p_potentiation|complex_i_block|snare_cooperativity|glucl_potentiation,isoflurane,3000.0,42,0.9166666666666666,1.3567708333333333,0.44763888888888886
worm,gaba_potentiation|k2p_potentiation|complex_i_block|snare_cooperativity|glucl_potentiation,isoflurane,3000.0,137,0.9791666666666666,1.0651041666666667,0.39458333333333334
worm,gaba_potentiation|k2p_potentiation|complex_i_block|snare_cooperativity|glucl_potentiation,isoflurane,3000.0,219,0.8958333333333334,1.4713541666666667,0.4701388888888889
worm,gaba_potentiation|k2p_potentiation|complex_i_block|snare_cooperativity|glucl_potentiation,isoflurane,3000.0,331,0.9583333333333334,1.484375,0.4563888888888889
worm,gaba_potentiation|k2p_potentiation|complex_i_block|snare_cooperativity|glucl_potentiation,isoflurane,3000.0,443,1.0,0.90625,0.38958333333333334
worm,gaba_potentiation|complex_i_block|snare_cooperativity|nca_block|nachr_antagonism,isoflurane,1000.0,219,0.8125,1.8802083333333333,0.5595833333333333
worm,gaba_potentiation|complex_i_block|snare_cooperativity|nca_block|nachr_antagonism,isoflurane,1000.0,331,0.8541666666666666,1.796875,0.5348611111111111
worm,gaba_potentiation|complex_i_block|snare_cooperativity|nca_block|nachr_antagonism,isoflurane,1000.0,443,0.9166666666666666,1.2161458333333333,0.45819444444444446
worm,gaba_potentiation|complex_i_block|snare_cooperativity|nca_block|nachr_antagonism,isoflurane,3000.0,42,0.9791666666666666,0.8880208333333334,0.34430555555555553
worm,gaba_potentiation|complex_i_block|snare_cooperativity|nca_block|nachr_antagonism,isoflurane,3000.0,137,1.0,0.8723958333333334,0.32652777777777775
worm,gaba_potentiation|complex_i_block|snare_cooperativity|nca_block|nachr_antagonism,isoflurane,3000.0,219,0.9375,1.1119791666666667,0.3713888888888889
worm,gaba_potentiation|complex_i_block|snare_cooperativity|nca_block|nachr_antagonism,isoflurane,3000.0,331,1.0,1.1510416666666667,0.36875
worm,gaba_potentiation|complex_i_block|snare_cooperativity|nca_block|nachr_antagonism,isoflurane,3000.0,443,1.0,0.6380208333333334,0.30875
worm,gaba_potentiation|complex_i_block|snare_cooperativity|nca_block|glucl_potentiation,isoflurane,10.0,42,0.0,22.005208333333332,6.832777777777777
worm,gaba_potentiation|complex_i_block|snare_cooperativity|nca_block|glucl_potentiation,isoflurane,10.0,137,0.0,21.067708333333332,6.64125
worm,gaba_potentiation|complex_i_block|snare_cooperativity|nca_block|glucl_potentiation,isoflurane,10.0,219,0.0,22.158854166666668,6.937777777777778
worm,gaba_potentiation|complex_i_block|snare_cooperativity|nca_block|glucl_potentiation,isoflurane,10.0,331,0.0,21.546875,6.72
worm,gaba_potentiation|complex_i_block|snare_cooperativity|nca_block|nachr_antagonism,isoflurane,10.0,42,0.0,21.877604166666668,6.788333333333333
worm,gaba_potentiation|complex_i_block|snare_cooperativity|nca_block|nachr_antagonism,isoflurane,10.0,137,0.0,20.9296875,6.601527777777778
worm,gaba_potentiation|complex_i_block|snare_cooperativity|nca_block|nachr_antagonism,isoflurane,10.0,219,0.0,21.986979166666668,6.878472222222222
worm,gaba_potentiation|complex_i_block|snare_cooperativity|nca_block|nachr_antagonism,isoflurane,10.0,331,0.0,21.588541666666668,6.721527777777778
worm,gaba_potentiation|complex_i_block|snare_cooperativity|nca_block|glucl_potentiation,isoflurane,10.0,443,0.0,22.346354166666668,6.963611111111111
worm,gaba_potentiation|complex_i_block|snare_cooperativity|nca_block|glucl_potentiation,isoflurane,30.0,42,0.0,18.872395833333332,5.807777777777778
worm,gaba_potentiation|complex_i_block|snare_cooperativity|nca_block|glucl_potentiation,isoflurane,30.0,137,0.0,17.953125,5.591944444444445
worm,gaba_potentiation|complex_i_block|snare_cooperativity|nca_block|glucl_potentiation,isoflurane,30.0,219,0.0,19.4140625,5.987361111111111
worm,gaba_potentiation|complex_i_block|snare_cooperativity|nca_block|nachr_antagonism,isoflurane,30.0,331,0.0,18.28125,5.6338888888888885
worm,gaba_potentiation|complex_i_block|snare_cooperativity|nca_block|nachr_antagonism,isoflurane,30.0,443,0.0,19.236979166666668,5.8909722222222225
worm,gaba_potentiation|complex_i_block|snare_cooperativity|nca_block|nachr_antagonism,isoflurane,100.0,42,0.0,11.809895833333334,3.4783333333333335
worm,gaba_potentiation|complex_i_block|snare_cooperativity|nca_block|nachr_antagonism,isoflurane,100.0,137,0.0,11.096354166666666,3.312361111111111
worm,gaba_potentiation|complex_i_block|snare_cooperativity|nca_block|nachr_antagonism,isoflurane,100.0,219,0.0,12.135416666666666,3.582361111111111
worm,gaba_potentiation|complex_i_block|snare_cooperativity|nca_block|nachr_antagonism,isoflurane,100.0,331,0.0,11.5078125,3.4234722222222222
worm,gaba_potentiation|complex_i_block|snare_cooperativity|nca_block|nachr_antagonism,isoflurane,100.0,443,0.0,12.018229166666666,3.5370833333333334
worm,gaba_potentiation|complex_i_block|snare_cooperativity|nca_block|nachr_antagonism,isoflurane,200.0,42,0.020833333333333332,7.21875,2.0477777777777777
worm,gaba_potentiation|complex_i_block|snare_cooperativity|nca_block|nachr_antagonism,isoflurane,10.0,443,0.0,22.2890625,6.943611111111111
worm,gaba_potentiation|complex_i_block|snare_cooperativity|nca_block|nachr_antagonism,isoflurane,30.0,42,0.0,18.59375,5.720972222222223
worm,gaba_potentiation|complex_i_block|snare_cooperativity|nca_block|nachr_antagonism,isoflurane,30.0,137,0.0,17.828125,5.5384722222222225
worm,gaba_potentiation|complex_i_block|snare_cooperativity|nca_block|nachr_antagonism,isoflurane,30.0,219,0.0,19.0546875,5.877777777777778
worm,gaba_potentiation|complex_i_block|snare_cooperativity|nca_block|nachr_antagonism,isoflurane,200.0,137,0.020833333333333332,6.963541666666667,1.9870833333333333
worm,gaba_potentiation|complex_i_block|snare_cooperativity|nca_block|nachr_antagonism,isoflurane,200.0,219,0.041666666666666664,7.190104166666667,2.0726388888888887
worm,gaba_potentiation|complex_i_block|snare_cooperativity|nca_block|nachr_antagonism,isoflurane,200.0,331,0.041666666666666664,7.283854166666667,2.057361111111111
worm,gaba_potentiation|complex_i_block|snare_cooperativity|nca_block|nachr_antagonism,isoflurane,200.0,443,0.041666666666666664,7.041666666666667,2.0233333333333334
worm,gaba_potentiation|complex_i_block|snare_cooperativity|nca_block|nachr_antagonism,isoflurane,290.0,42,0.125,5.096354166666667,1.4172222222222222
worm,gaba_potentiation|complex_i_block|snare_cooperativity|nca_block|nachr_antagonism,isoflurane,290.0,137,0.20833333333333334,4.734375,1.3483333333333334
worm,gaba_potentiation|complex_i_block|snare_cooperativity|nca_block|nachr_antagonism,isoflurane,290.0,219,0.10416666666666667,5.588541666666667,1.5495833333333333
worm,gaba_potentiation|complex_i_block|snare_cooperativity|nca_block|nachr_antagonism,isoflurane,290.0,331,0.08333333333333333,5.231770833333333,1.4534722222222223
worm,gaba_potentiation|complex_i_block|snare_cooperativity|nca_block|nachr_antagonism,isoflurane,290.0,443,0.20833333333333334,4.611979166666667,1.3481944444444445
worm,gaba_potentiation|complex_i_block|snare_cooperativity|nca_block|nachr_antagonism,isoflurane,500.0,42,0.375,3.2942708333333335,0.8981944444444444
worm,gaba_potentiation|complex_i_block|snare_cooperativity|nca_block|nachr_antagonism,isoflurane,500.0,137,0.4791666666666667,2.9895833333333335,0.85125
worm,gaba_potentiation|complex_i_block|snare_cooperativity|nca_block|nachr_antagonism,isoflurane,500.0,219,0.4375,3.1875,0.89875
worm,gaba_potentiation|complex_i_block|snare_cooperativity|nca_block|nachr_antagonism,isoflurane,500.0,331,0.5208333333333334,3.3541666666666665,0.9130555555555555
worm,gaba_potentiation|complex_i_block|snare_cooperativity|nca_block|nachr_antagonism,isoflurane,500.0,443,0.6458333333333334,2.6510416666666665,0.7954166666666667
worm,gaba_potentiation|complex_i_block|snare_cooperativity|nca_block|nachr_antagonism,isoflurane,1000.0,42,0.8541666666666666,1.7552083333333333,0.5255555555555556
worm,gaba_potentiation|complex_i_block|snare_cooperativity|nca_block|nachr_antagonism,isoflurane,1000.0,137,0.8541666666666666,1.6380208333333333,0.5044444444444445
worm,gaba_potentiation|complex_i_block|snare_cooperativity|nca_block|glucl_potentiation,isoflurane,30.0,331,0.0,18.578125,5.732777777777778
worm,gaba_potentiation|complex_i_block|snare_cooperativity|nca_block|glucl_potentiation,isoflurane,30.0,443,0.0,19.510416666666668,5.975416666666667
worm,gaba_potentiation|complex_i_block|snare_cooperativity|nca_block|glucl_potentiation,isoflurane,100.0,42,0.0,12.252604166666666,3.6081944444444445
worm,gaba_potentiation|complex_i_block|snare_cooperativity|nca_block|glucl_potentiation,isoflurane,100.0,137,0.0,11.247395833333334,3.368333333333333
worm,gaba_potentiation|complex_i_block|snare_cooperativity|nca_block|glucl_potentiation,isoflurane,100.0,219,0.0,12.479166666666666,3.69125
worm,gaba_potentiation|complex_i_block|snare_cooperativity|nca_block|glucl_potentiation,isoflurane,100.0,331,0.0,12.028645833333334,3.5859722222222223
worm,gaba_potentiation|complex_i_block|snare_cooperativity|nca_block|glucl_potentiation,isoflurane,100.0,443,0.0,12.2578125,3.6172222222222223
worm,gaba_potentiation|complex_i_block|snare_cooperativity|nca_block|glucl_potentiation,isoflurane,200.0,42,0.0,7.713541666666667,2.180277777777778
worm,gaba_potentiation|complex_i_block|snare_cooperativity|nca_block|glucl_potentiation,isoflurane,200.0,137,0.041666666666666664,7.359375,2.105277777777778
worm,gaba_potentiation|complex_i_block|snare_cooperativity|nca_block|glucl_potentiation,isoflurane,200.0,219,0.020833333333333332,7.513020833333333,2.1663888888888887
worm,gaba_potentiation|complex_i_block|snare_cooperativity|nca_block|glucl_potentiation,isoflurane,200.0,331,0.020833333333333332,7.747395833333333,2.1956944444444444
worm,gaba_potentiation|complex_i_block|snare_cooperativity|nca_block|glucl_potentiation,isoflurane,200.0,443,0.041666666666666664,7.421875,2.1329166666666666
worm,gaba_potentiation|complex_i_block|snare_cooperativity|nca_block|glucl_potentiation,isoflurane,290.0,443,0.14583333333333334,4.986979166666667,1.4580555555555557
worm,gaba_potentiation|complex_i_block|snare_cooperativity|nca_block|glucl_potentiation,isoflurane,500.0,42,0.375,3.6015625,0.9827777777777778
worm,gaba_potentiation|complex_i_block|snare_cooperativity|nca_block|glucl_potentiation,isoflurane,500.0,137,0.4791666666666667,3.328125,0.9402777777777778
worm,gaba_potentiation|complex_i_block|snare_cooperativity|nca_block|glucl_potentiation,isoflurane,500.0,219,0.375,3.6015625,1.0069444444444444
worm,gaba_potentiation|complex_i_block|snare_cooperativity|nca_block|glucl_potentiation,isoflurane,290.0,42,0.0625,5.5703125,1.5475
worm,gaba_potentiation|complex_i_block|snare_cooperativity|nca_block|glucl_potentiation,isoflurane,290.0,137,0.125,5.2734375,1.4938888888888888
worm,gaba_potentiation|complex_i_block|snare_cooperativity|nca_block|glucl_potentiation,isoflurane,290.0,219,0.08333333333333333,5.841145833333333,1.6397222222222223
worm,gaba_potentiation|complex_i_block|snare_cooperativity|nca_block|glucl_potentiation,isoflurane,290.0,331,0.08333333333333333,5.658854166666667,1.5697222222222222
worm,gaba_potentiation|complex_i_block|snare_cooperativity|nca_block|glucl_potentiation,isoflurane,500.0,331,0.3958333333333333,3.7317708333333335,1.01
worm,gaba_potentiation|complex_i_block|snare_cooperativity|nca_block|glucl_potentiation,isoflurane,500.0,443,0.5208333333333334,2.96875,0.88375
worm,gaba_potentiation|complex_i_block|snare_cooperativity|nca_block|glucl_potentiation,isoflurane,1000.0,42,0.7916666666666666,2.0494791666666665,0.5936111111111111
worm,gaba_potentiation|complex_i_block|snare_cooperativity|nca_block|glucl_potentiation,isoflurane,1000.0,137,0.8333333333333334,1.7942708333333333,0.5601388888888889
worm,gaba_potentiation|complex_i_block|snare_cooperativity|nca_block|glucl_potentiation,isoflurane,1000.0,219,0.75,2.0729166666666665,0.6175
worm,gaba_potentiation|complex_i_block|snare_cooperativity|nca_block|glucl_potentiation,isoflurane,1000.0,331,0.8333333333333334,2.0833333333333335,0.6059722222222222
worm,gaba_potentiation|complex_i_block|snare_cooperativity|nca_block|glucl_potentiation,isoflurane,1000.0,443,0.9166666666666666,1.3880208333333333,0.5102777777777778
worm,gaba_potentiation|complex_i_block|snare_cooperativity|nca_block|glucl_potentiation,isoflurane,3000.0,42,0.9791666666666666,1.0234375,0.3827777777777778
worm,gaba_potentiation|complex_i_block|snare_cooperativity|nachr_antagonism|glucl_potentiation,isoflurane,10.0,42,0.0,22.158854166666668,6.876666666666667
worm,gaba_potentiation|complex_i_block|snare_cooperativity|nachr_antagonism|glucl_potentiation,isoflurane,10.0,137,0.0,21.3203125,6.71125
worm,gaba_potentiation|complex_i_block|snare_cooperativity|nachr_antagonism|glucl_potentiation,isoflurane,10.0,219,0.0,22.244791666666668,6.962638888888889
worm,gaba_potentiation|complex_i_block|snare_cooperativity|nachr_antagonism|glucl_potentiation,isoflurane,10.0,331,0.0,21.5859375,6.733194444444444
worm,gaba_potentiation|complex_i_block|snare_cooperativity|nachr_antagonism|glucl_potentiation,isoflurane,10.0,443,0.0,22.466145833333332,6.997222222222222
worm,gaba_potentiation|complex_i_block|snare_cooperativity|nachr_antagonism|glucl_potentiation,isoflurane,30.0,42,0.0,19.005208333333332,5.851527777777778
worm,gaba_potentiation|complex_i_block|snare_cooperativity|nachr_antagonism|glucl_potentiation,isoflurane,30.0,137,0.0,18.213541666666668,5.667638888888889
worm,gaba_potentiation|complex_i_block|snare_cooperativity|nachr_antagonism|glucl_potentiation,isoflurane,30.0,219,0.0,19.6171875,6.051944444444445
worm,gaba_potentiation|complex_i_block|snare_cooperativity|nca_block|glucl_potentiation,isoflurane,3000.0,137,0.9791666666666666,0.9557291666666666,0.36041666666666666
worm,gaba_potentiation|complex_i_block|snare_cooperativity|nca_block|glucl_potentiation,isoflurane,3000.0,219,0.9166666666666666,1.234375,0.41208333333333336
worm,gaba_potentiation|complex_i_block|snare_cooperativity|nca_block|glucl_potentiation,isoflurane,3000.0,331,0.9375,1.3046875,0.41041666666666665
worm,gaba_potentiation|complex_i_block|snare_cooperativity|nca_block|glucl_potentiation,isoflurane,3000.0,443,1.0,0.7161458333333334,0.345
worm,gaba_potentiation|complex_i_block|snare_cooperativity|nachr_antagonism|glucl_potentiation,isoflurane,200.0,137,0.020833333333333332,7.627604166666667,2.1844444444444444
worm,gaba_potentiation|complex_i_block|snare_cooperativity|nachr_antagonism|glucl_potentiation,isoflurane,200.0,219,0.020833333333333332,7.997395833333333,2.30625
worm,gaba_potentiation|complex_i_block|snare_cooperativity|nachr_antagonism|glucl_potentiation,isoflurane,200.0,331,0.020833333333333332,8.184895833333334,2.323472222222222
worm,gaba_potentiation|complex_i_block|snare_cooperativity|nachr_antagonism|glucl_potentiation,isoflurane,200.0,443,0.041666666666666664,8.044270833333334,2.3022222222222224
worm,gaba_potentiation|complex_i_block|snare_cooperativity|nachr_antagonism|glucl_potentiation,isoflurane,290.0,42,0.041666666666666664,5.869791666666667,1.6383333333333334
worm,gaba_potentiation|complex_i_block|snare_cooperativity|nachr_antagonism|glucl_potentiation,isoflurane,290.0,137,0.0625,5.588541666666667,1.5979166666666667
worm,gaba_potentiation|complex_i_block|snare_cooperativity|nachr_antagonism|glucl_potentiation,isoflurane,290.0,219,0.08333333333333333,6.182291666666667,1.7406944444444445
worm,gaba_potentiation|complex_i_block|snare_cooperativity|nachr_antagonism|glucl_potentiation,isoflurane,290.0,331,0.0625,5.8515625,1.6419444444444444
worm,gaba_potentiation|complex_i_block|snare_cooperativity|nachr_antagonism|glucl_potentiation,isoflurane,30.0,331,0.0,18.986979166666668,5.846527777777778
worm,gaba_potentiation|complex_i_block|snare_cooperativity|nachr_antagonism|glucl_potentiation,isoflurane,30.0,443,0.0,19.700520833333332,6.045
worm,gaba_potentiation|complex_i_block|snare_cooperativity|nachr_antagonism|glucl_potentiation,isoflurane,100.0,42,0.0,12.552083333333334,3.707222222222222
worm,gaba_potentiation|complex_i_block|snare_cooperativity|nachr_antagonism|glucl_potentiation,isoflurane,100.0,137,0.0,11.635416666666666,3.4940277777777777
worm,gaba_potentiation|complex_i_block|snare_cooperativity|nachr_antagonism|glucl_potentiation,isoflurane,100.0,219,0.0,12.5703125,3.7223611111111112
worm,gaba_potentiation|complex_i_block|snare_cooperativity|nachr_antagonism|glucl_potentiation,isoflurane,100.0,331,0.0,12.2734375,3.67625
worm,gaba_potentiation|complex_i_block|snare_cooperativity|nachr_antagonism|glucl_potentiation,isoflurane,100.0,443,0.0,12.682291666666666,3.7484722222222224
worm,gaba_potentiation|complex_i_block|snare_cooperativity|nachr_antagonism|glucl_potentiation,isoflurane,200.0,42,0.0,8.184895833333334,2.32
worm,gaba_potentiation|complex_i_block|snare_cooperativity|nachr_antagonism|glucl_potentiation,isoflurane,500.0,331,0.3541666666666667,3.9192708333333335,1.08125
worm,gaba_potentiation|complex_i_block|snare_cooperativity|nachr_antagonism|glucl_potentiation,isoflurane,500.0,443,0.4791666666666667,3.265625,0.9640277777777778
worm,gaba_potentiation|complex_i_block|snare_cooperativity|nachr_antagonism|glucl_potentiation,isoflurane,1000.0,42,0.7291666666666666,2.2473958333333335,0.6536111111111111
worm,gaba_potentiation|complex_i_block|snare_cooperativity|nachr_antagonism|glucl_potentiation,isoflurane,1000.0,137,0.7708333333333334,1.9713541666666667,0.6120833333333333
worm,gaba_potentiation|complex_i_block|snare_cooperativity|nachr_antagonism|glucl_potentiation,isoflurane,1000.0,219,0.6875,2.3072916666666665,0.6802777777777778
worm,gaba_potentiation|complex_i_block|snare_cooperativity|nachr_antagonism|glucl_potentiation,isoflurane,1000.0,331,0.7916666666666666,2.3958333333333335,0.6801388888888888
worm,gaba_potentiation|complex_i_block|snare_cooperativity|nachr_antagonism|glucl_potentiation,isoflurane,1000.0,443,0.9166666666666666,1.6484375,0.5722222222222222
worm,gaba_potentiation|complex_i_block|snare_cooperativity|nachr_antagonism|glucl_potentiation,isoflurane,3000.0,42,0.9166666666666666,1.3541666666666667,0.44875
worm,gaba_potentiation|complex_i_block|snare_cooperativity|nachr_antagonism|glucl_potentiation,isoflurane,290.0,443,0.10416666666666667,5.640625,1.618611111111111
worm,gaba_potentiation|complex_i_block|snare_cooperativity|nachr_antagonism|glucl_potentiation,isoflurane,500.0,42,0.3125,3.8958333333333335,1.0638888888888889
worm,gaba_potentiation|complex_i_block|snare_cooperativity|nachr_antagonism|glucl_potentiation,isoflurane,500.0,137,0.4375,3.5755208333333335,1.01875
worm,gaba_potentiation|complex_i_block|snare_cooperativity|nachr_antagonism|glucl_potentiation,isoflurane,500.0,219,0.3125,3.8541666666666665,1.0793055555555555
worm,k2p_potentiation|complex_i_block|snare_cooperativity|nca_block|nachr_antagonism,isoflurane,200.0,137,0.020833333333333332,6.799479166666667,1.9402777777777778
worm,k2p_potentiation|complex_i_block|snare_cooperativity|nca_block|nachr_antagonism,isoflurane,200.0,219,0.0625,7.098958333333333,2.0369444444444444
worm,k2p_potentiation|complex_i_block|snare_cooperativity|nca_block|nachr_antagonism,isoflurane,200.0,331,0.041666666666666664,7.127604166666667,2.013472222222222
worm,k2p_potentiation|complex_i_block|snare_cooperativity|nca_block|nachr_antagonism,isoflurane,200.0,443,0.041666666666666664,6.8125,1.9673611111111111
worm,k2p_potentiation|complex_i_block|snare_cooperativity|nca_block|nachr_antagonism,isoflurane,290.0,42,0.125,5.018229166666667,1.3879166666666667
worm,k2p_potentiation|complex_i_block|snare_cooperativity|nca_block|nachr_antagonism,isoflurane,290.0,137,0.20833333333333334,4.5859375,1.3098611111111111
worm,k2p_potentiation|complex_i_block|snare_cooperativity|nca_block|nachr_antagonism,isoflurane,290.0,219,0.08333333333333333,5.3515625,1.4909722222222221
worm,k2p_potentiation|complex_i_block|snare_cooperativity|nca_block|nachr_antagonism,isoflurane,290.0,331,0.10416666666666667,5.078125,1.4133333333333333
worm,k2p_potentiation|complex_i_block|snare_cooperativity|nca_block|nachr_antagonism,isoflurane,1000.0,219,0.8125,1.8411458333333333,0.5516666666666666
worm,k2p_potentiation|complex_i_block|snare_cooperativity|nca_block|nachr_antagonism,isoflurane,1000.0,331,0.8541666666666666,1.7890625,0.5288888888888889
worm,k2p_potentiation|complex_i_block|snare_cooperativity|nca_block|nachr_antagonism,isoflurane,1000.0,443,0.9166666666666666,1.1927083333333333,0.45305555555555554
worm,k2p_potentiation|complex_i_block|snare_cooperativity|nca_block|nachr_antagonism,isoflurane,3000.0,42,0.9791666666666666,0.8828125,0.3425
worm,k2p_potentiation|complex_i_block|snare_cooperativity|nca_block|nachr_antagonism,isoflurane,3000.0,137,1.0,0.875,0.3248611111111111
worm,k2p_potentiation|complex_i_block|snare_cooperativity|nca_block|nachr_antagonism,isoflurane,3000.0,219,0.9583333333333334,1.1041666666666667,0.3688888888888889
worm,k2p_potentiation|complex_i_block|snare_cooperativity|nca_block|nachr_antagonism,isoflurane,3000.0,331,1.0,1.1458333333333333,0.3676388888888889
worm,k2p_potentiation|complex_i_block|snare_cooperativity|nca_block|nachr_antagonism,isoflurane,3000.0,443,1.0,0.6328125,0.3080555555555556
worm,gaba_potentiation|complex_i_block|snare_cooperativity|nachr_antagonism|glucl_potentiation,isoflurane,3000.0,137,0.9791666666666666,1.0651041666666667,0.39611111111111114
worm,gaba_potentiation|complex_i_block|snare_cooperativity|nachr_antagonism|glucl_potentiation,isoflurane,3000.0,219,0.8958333333333334,1.4713541666666667,0.47152777777777777
worm,gaba_potentiation|complex_i_block|snare_cooperativity|nachr_antagonism|glucl_potentiation,isoflurane,3000.0,331,0.9583333333333334,1.484375,0.4575
worm,gaba_potentiation|complex_i_block|snare_cooperativity|nachr_antagonism|glucl_potentiation,isoflurane,3000.0,443,1.0,0.90625,0.3902777777777778
worm,k2p_potentiation|complex_i_block|snare_cooperativity|nca_block|glucl_potentiation,isoflurane,10.0,42,0.0,21.895833333333332,6.800138888888889
worm,k2p_potentiation|complex_i_block|snare_cooperativity|nca_block|glucl_potentiation,isoflurane,10.0,137,0.0,20.908854166666668,6.594861111111111
worm,k2p_potentiation|complex_i_block|snare_cooperativity|nca_block|glucl_potentiation,isoflurane,10.0,219,0.0,22.046875,6.902638888888889
worm,k2p_potentiation|complex_i_block|snare_cooperativity|nca_block|glucl_potentiation,isoflurane,10.0,331,0.0,21.502604166666668,6.703611111111111
worm,k2p_potentiation|complex_i_block|snare_cooperativity|nca_block|nachr_antagonism,isoflurane,10.0,42,0.0,21.848958333333332,6.773611111111111
worm,k2p_potentiation|complex_i_block|snare_cooperativity|nca_block|nachr_antagonism,isoflurane,10.0,137,0.0,20.822916666666668,6.578055555555555
worm,k2p_potentiation|complex_i_block|snare_cooperativity|nca_block|nachr_antagonism,isoflurane,10.0,219,0.0,21.966145833333332,6.87
worm,k2p_potentiation|complex_i_block|snare_cooperativity|nca_block|nachr_antagonism,isoflurane,10.0,331,0.0,21.486979166666668,6.695833333333334
worm,k2p_potentiation|complex_i_block|snare_cooperativity|nca_block|nachr_antagonism,isoflurane,30.0,331,0.0,18.229166666666668,5.611527777777778
worm,k2p_potentiation|complex_i_block|snare_cooperativity|nca_block|nachr_antagonism,isoflurane,30.0,443,0.0,19.0234375,5.829305555555556
worm,k2p_potentiation|complex_i_block|snare_cooperativity|nca_block|nachr_antagonism,isoflurane,100.0,42,0.0,11.690104166666666,3.4293055555555556
worm,k2p_potentiation|complex_i_block|snare_cooperativity|nca_block|nachr_antagonism,isoflurane,100.0,137,0.0,10.809895833333334,3.2284722222222224
worm,k2p_potentiation|complex_i_block|snare_cooperativity|nca_block|nachr_antagonism,isoflurane,10.0,443,0.0,22.247395833333332,6.925972222222223
worm,k2p_potentiation|complex_i_block|snare_cooperativity|nca_block|nachr_antagonism,isoflurane,30.0,42,0.0,18.416666666666668,5.6681944444444445
worm,k2p_potentiation|complex_i_block|snare_cooperativity|nca_block|nachr_antagonism,isoflurane,30.0,137,0.0,17.653645833333332,5.489027777777777
worm,k2p_potentiation|complex_i_block|snare_cooperativity|nca_block|nachr_antagonism,isoflurane,30.0,219,0.0,19.0078125,5.857916666666667
worm,k2p_potentiation|complex_i_block|snare_cooperativity|nca_block|nachr_antagonism,isoflurane,100.0,219,0.0,11.924479166666666,3.52375
worm,k2p_potentiation|complex_i_block|snare_cooperativity|nca_block|nachr_antagonism,isoflurane,100.0,331,0.0,11.510416666666666,3.412777777777778
worm,k2p_potentiation|complex_i_block|snare_cooperativity|nca_block|nachr_antagonism,isoflurane,100.0,443,0.0,11.864583333333334,3.487222222222222
worm,k2p_potentiation|complex_i_block|snare_cooperativity|nca_block|nachr_antagonism,isoflurane,200.0,42,0.020833333333333332,7.020833333333333,1.9929166666666667
worm,k2p_potentiation|complex_i_block|snare_cooperativity|nca_block|nachr_antagonism,isoflurane,290.0,443,0.22916666666666666,4.479166666666667,1.3095833333333333
worm,k2p_potentiation|complex_i_block|snare_cooperativity|nca_block|nachr_antagonism,isoflurane,500.0,42,0.4166666666666667,3.2213541666666665,0.8811111111111111
worm,k2p_potentiation|complex_i_block|snare_cooperativity|nca_block|nachr_antagonism,isoflurane,500.0,137,0.4791666666666667,2.984375,0.8461111111111111
worm,k2p_potentiation|complex_i_block|snare_cooperativity|nca_block|nachr_antagonism,isoflurane,500.0,219,0.4791666666666667,3.0911458333333335,0.8769444444444444
worm,k2p_potentiation|complex_i_block|snare_cooperativity|nca_block|nachr_antagonism,isoflurane,500.0,331,0.5208333333333334,3.2864583333333335,0.8969444444444444
worm,k2p_potentiation|complex_i_block|snare_cooperativity|nca_block|nachr_antagonism,isoflurane,500.0,443,0.6666666666666666,2.5234375,0.7648611111111111
worm,k2p_potentiation|complex_i_block|snare_cooperativity|nca_block|nachr_antagonism,isoflurane,1000.0,42,0.8541666666666666,1.765625,0.5238888888888888
worm,k2p_potentiation|complex_i_block|snare_cooperativity|nca_block|nachr_antagonism,isoflurane,1000.0,137,0.875,1.5494791666666667,0.48930555555555555
worm,k2p_potentiation|complex_i_block|snare_cooperativity|nca_block|glucl_potentiation,isoflurane,10.0,443,0.0,22.309895833333332,6.949166666666667
worm,k2p_potentiation|complex_i_block|snare_cooperativity|nca_block|glucl_potentiation,isoflurane,30.0,42,0.0,18.651041666666668,5.740555555555556
worm,k2p_potentiation|complex_i_block|snare_cooperativity|nca_block|glucl_potentiation,isoflurane,30.0,137,0.0,17.8671875,5.5552777777777775
worm,k2p_potentiation|complex_i_block|snare_cooperativity|nca_block|glucl_potentiation,isoflurane,30.0,219,0.0,19.1953125,5.921944444444445
worm,k2p_potentiation|complex_i_block|snare_cooperativity|nca_block|glucl_potentiation,isoflurane,30.0,331,0.0,18.317708333333332,5.6530555555555555
worm,k2p_potentiation|complex_i_block|snare_cooperativity|nca_block|glucl_potentiation,isoflurane,30.0,443,0.0,19.333333333333332,5.922916666666667
worm,k2p_potentiation|complex_i_block|snare_cooperativity|nca_block|glucl_potentiation,isoflurane,100.0,42,0.0,12.005208333333334,3.5369444444444444
worm,k2p_potentiation|complex_i_block|snare_cooperativity|nca_block|glucl_potentiation,isoflurane,100.0,137,0.0,11.166666666666666,3.3454166666666665
worm,k2p_potentiation|complex_i_block|snare_cooperativity|nca_block|glucl_potentiation,isoflurane,200.0,137,0.041666666666666664,7.083333333333333,2.040138888888889
worm,k2p_potentiation|complex_i_block|snare_cooperativity|nca_block|glucl_potentiation,isoflurane,200.0,219,0.020833333333333332,7.252604166666667,2.1061111111111113
worm,k2p_potentiation|complex_i_block|snare_cooperativity|nca_block|glucl_potentiation,isoflurane,200.0,331,0.020833333333333332,7.609375,2.155972222222222
worm,k2p_potentiation|complex_i_block|snare_cooperativity|nca_block|glucl_potentiation,isoflurane,200.0,443,0.041666666666666664,7.302083333333333,2.096111111111111
worm,k2p_potentiation|complex_i_block|snare_cooperativity|nca_block|glucl_potentiation,isoflurane,290.0,443,0.16666666666666666,4.84375,1.417361111111111
worm,k2p_potentiation|complex_i_block|snare_cooperativity|nca_block|glucl_potentiation,isoflurane,500.0,42,0.3958333333333333,3.5755208333333335,0.9708333333333333
worm,k2p_potentiation|complex_i_block|snare_cooperativity|nca_block|glucl_potentiation,isoflurane,500.0,137,0.4791666666666667,3.3697916666666665,0.9434722222222223
worm,k2p_potentiation|complex_i_block|snare_cooperativity|nca_block|glucl_potentiation,isoflurane,500.0,219,0.3958333333333333,3.5130208333333335,0.985
worm,k2p_potentiation|complex_i_block|snare_cooperativity|nca_block|glucl_potentiation,isoflurane,3000.0,137,0.9791666666666666,0.953125,0.35875
worm,k2p_potentiation|complex_i_block|snare_cooperativity|nca_block|glucl_potentiation,isoflurane,3000.0,219,0.9166666666666666,1.234375,0.4113888888888889
worm,k2p_potentiation|complex_i_block|snare_cooperativity|nca_block|glucl_potentiation,isoflurane,3000.0,331,0.9375,1.3046875,0.40930555555555553
worm,k2p_potentiation|complex_i_block|snare_cooperativity|nca_block|glucl_potentiation,isoflurane,3000.0,443,1.0,0.7135416666666666,0.34305555555555556
worm,k2p_potentiation|complex_i_block|snare_cooperativity|nca_block|glucl_potentiation,isoflurane,1000.0,219,0.75,2.0807291666666665,0.6144444444444445
worm,k2p_potentiation|complex_i_block|snare_cooperativity|nca_block|glucl_potentiation,isoflurane,1000.0,331,0.8333333333333334,2.0703125,0.6001388888888889
worm,k2p_potentiation|complex_i_block|snare_cooperativity|nca_block|glucl_potentiation,isoflurane,1000.0,443,0.9166666666666666,1.3515625,0.5015277777777778
worm,k2p_potentiation|complex_i_block|snare_cooperativity|nca_block|glucl_potentiation,isoflurane,3000.0,42,0.9791666666666666,1.0234375,0.38083333333333336
worm,k2p_potentiation|complex_i_block|snare_cooperativity|nca_block|glucl_potentiation,isoflurane,100.0,219,0.0,12.359375,3.6525
worm,k2p_potentiation|complex_i_block|snare_cooperativity|nca_block|glucl_potentiation,isoflurane,100.0,331,0.0,11.729166666666666,3.502222222222222
worm,k2p_potentiation|complex_i_block|snare_cooperativity|nca_block|glucl_potentiation,isoflurane,100.0,443,0.0,12.127604166666666,3.5765277777777778
worm,k2p_potentiation|complex_i_block|snare_cooperativity|nca_block|glucl_potentiation,isoflurane,200.0,42,0.0,7.4765625,2.1238888888888887
worm,k2p_potentiation|complex_i_block|snare_cooperativity|nca_block|glucl_potentiation,isoflurane,290.0,42,0.0625,5.421875,1.506388888888889
worm,k2p_potentiation|complex_i_block|snare_cooperativity|nca_block|glucl_potentiation,isoflurane,290.0,137,0.125,5.1484375,1.4584722222222222
worm,k2p_potentiation|complex_i_block|snare_cooperativity|nca_block|glucl_potentiation,isoflurane,290.0,219,0.125,5.791666666666667,1.621388888888889
worm,k2p_potentiation|complex_i_block|snare_cooperativity|nca_block|glucl_potentiation,isoflurane,290.0,331,0.08333333333333333,5.567708333333333,1.5430555555555556
worm,k2p_potentiation|complex_i_block|snare_cooperativity|nca_block|glucl_potentiation,isoflurane,500.0,331,0.375,3.6458333333333335,0.9909722222222223
worm,k2p_potentiation|complex_i_block|snare_cooperativity|nca_block|glucl_potentiation,isoflurane,500.0,443,0.5208333333333334,2.9270833333333335,0.8727777777777778
worm,k2p_potentiation|complex_i_block|snare_cooperativity|nca_block|glucl_potentiation,isoflurane,1000.0,42,0.7916666666666666,2.0260416666666665,0.5858333333333333
worm,k2p_potentiation|complex_i_block|snare_cooperativity|nca_block|glucl_potentiation,isoflurane,1000.0,137,0.8333333333333334,1.7942708333333333,0.5572222222222222
worm,k2p_potentiation|complex_i_block|snare_cooperativity|nachr_antagonism|glucl_potentiation,isoflurane,10.0,42,0.0,22.052083333333332,6.842361111111111
worm,k2p_potentiation|complex_i_block|snare_cooperativity|nachr_antagonism|glucl_potentiation,isoflurane,10.0,137,0.0,21.15625,6.664166666666667
worm,k2p_potentiation|complex_i_block|snare_cooperativity|nachr_antagonism|glucl_potentiation,isoflurane,10.0,219,0.0,22.205729166666668,6.951944444444444
worm,k2p_potentiation|complex_i_block|snare_cooperativity|nachr_antagonism|glucl_potentiation,isoflurane,10.0,331,0.0,21.549479166666668,6.721666666666667
worm,k2p_potentiation|complex_i_block|snare_cooperativity|nachr_antagonism|glucl_potentiation,isoflurane,100.0,219,0.0,12.583333333333334,3.7198611111111113
worm,k2p_potentiation|complex_i_block|snare_cooperativity|nachr_antagonism|glucl_potentiation,isoflurane,100.0,331,0.0,12.109375,3.618333333333333
worm,k2p_potentiation|complex_i_block|snare_cooperativity|nachr_antagonism|glucl_potentiation,isoflurane,100.0,443,0.0,12.463541666666666,3.6819444444444445
worm,k2p_potentiation|complex_i_block|snare_cooperativity|nachr_antagonism|glucl_potentiation,isoflurane,200.0,42,0.0,8.020833333333334,2.2695833333333333
worm,k2p_potentiation|complex_i_block|snare_cooperativity|nachr_antagonism|glucl_potentiation,isoflurane,30.0,331,0.0,18.713541666666668,5.769722222222223
worm,k2p_potentiation|complex_i_block|snare_cooperativity|nachr_antagonism|glucl_potentiation,isoflurane,30.0,443,0.0,19.567708333333332,6.00375
worm,k2p_potentiation|complex_i_block|snare_cooperativity|nachr_antagonism|glucl_potentiation,isoflurane,100.0,42,0.0,12.388020833333334,3.6505555555555556
worm,k2p_potentiation|complex_i_block|snare_cooperativity|nachr_antagonism|glucl_potentiation,isoflurane,100.0,137,0.0,11.3984375,3.4225
worm,k2p_potentiation|complex_i_block|snare_cooperativity|nachr_antagonism|glucl_potentiation,isoflurane,10.0,443,0.0,22.364583333333332,6.970416666666667
worm,k2p_potentiation|complex_i_block|snare_cooperativity|nachr_antagonism|glucl_potentiation,isoflurane,30.0,42,0.0,18.903645833333332,5.816944444444444
worm,k2p_potentiation|complex_i_block|snare_cooperativity|nachr_antagonism|glucl_potentiation,isoflurane,30.0,137,0.0,18.0390625,5.620277777777778
worm,k2p_potentiation|complex_i_block|snare_cooperativity|nachr_antagonism|glucl_potentiation,isoflurane,30.0,219,0.0,19.447916666666668,6.001111111111111
worm,k2p_potentiation|complex_i_block|snare_cooperativity|nachr_antagonism|glucl_potentiation,isoflurane,290.0,42,0.041666666666666664,5.817708333333333,1.617361111111111
worm,k2p_potentiation|complex_i_block|snare_cooperativity|nachr_antagonism|glucl_potentiation,isoflurane,290.0,137,0.08333333333333333,5.486979166666667,1.5693055555555555
worm,k2p_potentiation|complex_i_block|snare_cooperativity|nachr_antagonism|glucl_potentiation,isoflurane,290.0,219,0.08333333333333333,6.145833333333333,1.7247222222222223
worm,k2p_potentiation|complex_i_block|snare_cooperativity|nachr_antagonism|glucl_potentiation,isoflurane,290.0,331,0.08333333333333333,5.856770833333333,1.6366666666666667
worm,k2p_potentiation|complex_i_block|snare_cooperativity|nachr_antagonism|glucl_potentiation,isoflurane,290.0,443,0.10416666666666667,5.408854166666667,1.562638888888889
worm,k2p_potentiation|complex_i_block|snare_cooperativity|nachr_antagonism|glucl_potentiation,isoflurane,500.0,42,0.3333333333333333,3.875,1.0534722222222221
worm,k2p_potentiation|complex_i_block|snare_cooperativity|nachr_antagonism|glucl_potentiation,isoflurane,500.0,137,0.4375,3.5338541666666665,1.0020833333333334
worm,k2p_potentiation|complex_i_block|snare_cooperativity|nachr_antagonism|glucl_potentiation,isoflurane,500.0,219,0.3541666666666667,3.7213541666666665,1.0476388888888888
worm,k2p_potentiation|complex_i_block|snare_cooperativity|nachr_antagonism|glucl_potentiation,isoflurane,200.0,137,0.041666666666666664,7.520833333333333,2.151527777777778
worm,k2p_potentiation|complex_i_block|snare_cooperativity|nachr_antagonism|glucl_potentiation,isoflurane,200.0,219,0.020833333333333332,7.7890625,2.2484722222222224
worm,k2p_potentiation|complex_i_block|snare_cooperativity|nachr_antagonism|glucl_potentiation,isoflurane,200.0,331,0.020833333333333332,8.026041666666666,2.2730555555555556
worm,k2p_potentiation|complex_i_block|snare_cooperativity|nachr_antagonism|glucl_potentiation,isoflurane,200.0,443,0.041666666666666664,7.7421875,2.22125
worm,k2p_potentiation|complex_i_block|snare_cooperativity|nachr_antagonism|glucl_potentiation,isoflurane,500.0,331,0.3541666666666667,3.8697916666666665,1.0616666666666668
worm,k2p_potentiation|complex_i_block|snare_cooperativity|nachr_antagonism|glucl_potentiation,isoflurane,500.0,443,0.5,3.2291666666666665,0.9505555555555556
worm,k2p_potentiation|complex_i_block|snare_cooperativity|nachr_antagonism|glucl_potentiation,isoflurane,1000.0,42,0.7291666666666666,2.2057291666666665,0.6438888888888888
worm,k2p_potentiation|complex_i_block|snare_cooperativity|nachr_antagonism|glucl_potentiation,isoflurane,1000.0,137,0.7916666666666666,1.9244791666666667,0.6018055555555556
worm,k2p_potentiation|complex_i_block|snare_cooperativity|nachr_antagonism|glucl_potentiation,isoflurane,1000.0,219,0.6875,2.3177083333333335,0.6769444444444445
worm,k2p_potentiation|complex_i_block|snare_cooperativity|nachr_antagonism|glucl_potentiation,isoflurane,1000.0,331,0.7916666666666666,2.3567708333333335,0.6715277777777777
worm,k2p_potentiation|complex_i_block|snare_cooperativity|nachr_antagonism|glucl_potentiation,isoflurane,1000.0,443,0.9166666666666666,1.6276041666666667,0.5647222222222222
worm,k2p_potentiation|complex_i_block|snare_cooperativity|nachr_antagonism|glucl_potentiation,isoflurane,3000.0,42,0.9166666666666666,1.3567708333333333,0.44763888888888886
worm,complex_i_block|snare_cooperativity|nca_block|nachr_antagonism|glucl_potentiation,isoflurane,290.0,443,0.14583333333333334,4.986979166666667,1.4580555555555557
worm,complex_i_block|snare_cooperativity|nca_block|nachr_antagonism|glucl_potentiation,isoflurane,500.0,42,0.375,3.6015625,0.9827777777777778
worm,complex_i_block|snare_cooperativity|nca_block|nachr_antagonism|glucl_potentiation,isoflurane,500.0,137,0.4791666666666667,3.328125,0.9402777777777778
worm,complex_i_block|snare_cooperativity|nca_block|nachr_antagonism|glucl_potentiation,isoflurane,500.0,219,0.375,3.6015625,1.0069444444444444
worm,complex_i_block|snare_cooperativity|nca_block|nachr_antagonism|glucl_potentiation,isoflurane,500.0,331,0.3958333333333333,3.7317708333333335,1.01
worm,complex_i_block|snare_cooperativity|nca_block|nachr_antagonism|glucl_potentiation,isoflurane,500.0,443,0.5208333333333334,2.96875,0.88375
worm,complex_i_block|snare_cooperativity|nca_block|nachr_antagonism|glucl_potentiation,isoflurane,1000.0,42,0.7916666666666666,2.0494791666666665,0.5936111111111111
worm,complex_i_block|snare_cooperativity|nca_block|nachr_antagonism|glucl_potentiation,isoflurane,1000.0,137,0.8333333333333334,1.7942708333333333,0.5601388888888889
worm,complex_i_block|snare_cooperativity|nca_block|nachr_antagonism|glucl_potentiation,isoflurane,10.0,42,0.0,22.005208333333332,6.832777777777777
worm,complex_i_block|snare_cooperativity|nca_block|nachr_antagonism|glucl_potentiation,isoflurane,10.0,137,0.0,21.067708333333332,6.64125
worm,complex_i_block|snare_cooperativity|nca_block|nachr_antagonism|glucl_potentiation,isoflurane,10.0,219,0.0,22.158854166666668,6.937777777777778
worm,complex_i_block|snare_cooperativity|nca_block|nachr_antagonism|glucl_potentiation,isoflurane,10.0,331,0.0,21.546875,6.72
worm,k2p_potentiation|complex_i_block|snare_cooperativity|nachr_antagonism|glucl_potentiation,isoflurane,3000.0,137,0.9791666666666666,1.0651041666666667,0.39458333333333334
worm,k2p_potentiation|complex_i_block|snare_cooperativity|nachr_antagonism|glucl_potentiation,isoflurane,3000.0,219,0.8958333333333334,1.4713541666666667,0.4701388888888889
worm,k2p_potentiation|complex_i_block|snare_cooperativity|nachr_antagonism|glucl_potentiation,isoflurane,3000.0,331,0.9583333333333334,1.484375,0.4563888888888889
worm,k2p_potentiation|complex_i_block|snare_cooperativity|nachr_antagonism|glucl_potentiation,isoflurane,3000.0,443,1.0,0.90625,0.38958333333333334
worm,complex_i_block|snare_cooperativity|nca_block|nachr_antagonism|glucl_potentiation,isoflurane,10.0,443,0.0,22.346354166666668,6.963611111111111
worm,complex_i_block|snare_cooperativity|nca_block|nachr_antagonism|glucl_potentiation,isoflurane,30.0,42,0.0,18.872395833333332,5.807777777777778
worm,complex_i_block|snare_cooperativity|nca_block|nachr_antagonism|glucl_potentiation,isoflurane,30.0,137,0.0,17.953125,5.591944444444445
worm,complex_i_block|snare_cooperativity|nca_block|nachr_antagonism|glucl_potentiation,isoflurane,30.0,219,0.0,19.4140625,5.987361111111111
worm,complex_i_block|snare_cooperativity|nca_block|nachr_antagonism|glucl_potentiation,isoflurane,3000.0,137,0.9791666666666666,0.9557291666666666,0.36041666666666666
worm,complex_i_block|snare_cooperativity|nca_block|nachr_antagonism|glucl_potentiation,isoflurane,3000.0,219,0.9166666666666666,1.234375,0.41208333333333336
worm,complex_i_block|snare_cooperativity|nca_block|nachr_antagonism|glucl_potentiation,isoflurane,3000.0,331,0.9375,1.3046875,0.41041666666666665
worm,complex_i_block|snare_cooperativity|nca_block|nachr_antagonism|glucl_potentiation,isoflurane,3000.0,443,1.0,0.7161458333333334,0.345
worm,gaba_potentiation|k2p_potentiation|complex_i_block|snare_cooperativity|nca_block|nachr_antagonism,isoflurane,10.0,42,0.0,21.640625,6.7068055555555555
worm,gaba_potentiation|k2p_potentiation|complex_i_block|snare_cooperativity|nca_block|nachr_antagonism,isoflurane,10.0,137,0.0,20.6171875,6.510138888888889
worm,gaba_potentiation|k2p_potentiation|complex_i_block|snare_cooperativity|nca_block|nachr_antagonism,isoflurane,10.0,219,0.0,21.8984375,6.8372222222222225
worm,gaba_potentiation|k2p_potentiation|complex_i_block|snare_cooperativity|nca_block|nachr_antagonism,isoflurane,10.0,331,0.0,21.46875,6.682916666666666
worm,complex_i_block|snare_cooperativity|nca_block|nachr_antagonism|glucl_potentiation,isoflurane,30.0,331,0.0,18.578125,5.732777777777778
worm,complex_i_block|snare_cooperativity|nca_block|nachr_antagonism|glucl_potentiation,isoflurane,30.0,443,0.0,19.510416666666668,5.975416666666667
worm,complex_i_block|snare_cooperativity|nca_block|nachr_antagonism|glucl_potentiation,isoflurane,100.0,42,0.0,12.252604166666666,3.6081944444444445
worm,complex_i_block|snare_cooperativity|nca_block|nachr_antagonism|glucl_potentiation,isoflurane,100.0,137,0.0,11.247395833333334,3.368333333333333
worm,complex_i_block|snare_cooperativity|nca_block|nachr_antagonism|glucl_potentiation,isoflurane,100.0,219,0.0,12.479166666666666,3.69125
worm,complex_i_block|snare_cooperativity|nca_block|nachr_antagonism|glucl_potentiation,isoflurane,100.0,331,0.0,12.028645833333334,3.5859722222222223
worm,complex_i_block|snare_cooperativity|nca_block|nachr_antagonism|glucl_potentiation,isoflurane,100.0,443,0.0,12.2578125,3.6172222222222223
worm,complex_i_block|snare_cooperativity|nca_block|nachr_antagonism|glucl_potentiation,isoflurane,200.0,42,0.0,7.713541666666667,2.180277777777778
worm,complex_i_block|snare_cooperativity|nca_block|nachr_antagonism|glucl_potentiation,isoflurane,200.0,137,0.041666666666666664,7.359375,2.105277777777778
worm,complex_i_block|snare_cooperativity|nca_block|nachr_antagonism|glucl_potentiation,isoflurane,200.0,219,0.020833333333333332,7.513020833333333,2.1663888888888887
worm,complex_i_block|snare_cooperativity|nca_block|nachr_antagonism|glucl_potentiation,isoflurane,200.0,331,0.020833333333333332,7.747395833333333,2.1956944444444444
worm,complex_i_block|snare_cooperativity|nca_block|nachr_antagonism|glucl_potentiation,isoflurane,200.0,443,0.041666666666666664,7.421875,2.1329166666666666
worm,complex_i_block|snare_cooperativity|nca_block|nachr_antagonism|glucl_potentiation,isoflurane,290.0,42,0.0625,5.5703125,1.5475
worm,complex_i_block|snare_cooperativity|nca_block|nachr_antagonism|glucl_potentiation,isoflurane,290.0,137,0.125,5.2734375,1.4938888888888888
worm,complex_i_block|snare_cooperativity|nca_block|nachr_antagonism|glucl_potentiation,isoflurane,290.0,219,0.08333333333333333,5.841145833333333,1.6397222222222223
worm,complex_i_block|snare_cooperativity|nca_block|nachr_antagonism|glucl_potentiation,isoflurane,290.0,331,0.08333333333333333,5.658854166666667,1.5697222222222222
worm,complex_i_block|snare_cooperativity|nca_block|nachr_antagonism|glucl_potentiation,isoflurane,1000.0,219,0.75,2.0729166666666665,0.6175
worm,complex_i_block|snare_cooperativity|nca_block|nachr_antagonism|glucl_potentiation,isoflurane,1000.0,331,0.8333333333333334,2.0833333333333335,0.6059722222222222
worm,complex_i_block|snare_cooperativity|nca_block|nachr_antagonism|glucl_potentiation,isoflurane,1000.0,443,0.9166666666666666,1.3880208333333333,0.5102777777777778
worm,complex_i_block|snare_cooperativity|nca_block|nachr_antagonism|glucl_potentiation,isoflurane,3000.0,42,0.9791666666666666,1.0234375,0.3827777777777778
worm,gaba_potentiation|k2p_potentiation|complex_i_block|snare_cooperativity|nca_block|nachr_antagonism,isoflurane,10.0,443,0.0,22.283854166666668,6.929027777777778
worm,gaba_potentiation|k2p_potentiation|complex_i_block|snare_cooperativity|nca_block|nachr_antagonism,isoflurane,30.0,42,0.0,17.994791666666668,5.510416666666667
worm,gaba_potentiation|k2p_potentiation|complex_i_block|snare_cooperativity|nca_block|nachr_antagonism,isoflurane,30.0,137,0.0,17.15625,5.312083333333334
worm,gaba_potentiation|k2p_potentiation|complex_i_block|snare_cooperativity|nca_block|nachr_antagonism,isoflurane,30.0,219,0.0,18.520833333333332,5.708194444444445
worm,gaba_potentiation|k2p_potentiation|complex_i_block|snare_cooperativity|nca_block|nachr_antagonism,isoflurane,30.0,331,0.0,17.59375,5.416388888888889
worm,gaba_potentiation|k2p_potentiation|complex_i_block|snare_cooperativity|nca_block|nachr_antagonism,isoflurane,30.0,443,0.0,18.252604166666668,5.587916666666667
worm,gaba_potentiation|k2p_potentiation|complex_i_block|snare_cooperativity|nca_block|nachr_antagonism,isoflurane,100.0,42,0.0,10.536458333333334,3.1056944444444445
worm,gaba_potentiation|k2p_potentiation|complex_i_block|snare_cooperativity|nca_block|nachr_antagonism,isoflurane,100.0,137,0.0,9.791666666666666,2.913611111111111
worm,gaba_potentiation|k2p_potentiation|complex_i_block|snare_cooperativity|nca_block|nachr_antagonism,isoflurane,290.0,443,0.4375,3.6328125,1.052361111111111
worm,gaba_potentiation|k2p_potentiation|complex_i_block|snare_cooperativity|nca_block|nachr_antagonism,isoflurane,500.0,42,0.6666666666666666,2.296875,0.6427777777777778
worm,gaba_potentiation|k2p_potentiation|complex_i_block|snare_cooperativity|nca_block|nachr_antagonism,isoflurane,500.0,137,0.75,2.0677083333333335,0.6119444444444444
worm,gaba_potentiation|k2p_potentiation|complex_i_block|snare_cooperativity|nca_block|nachr_antagonism,isoflurane,500.0,219,0.7083333333333334,2.3567708333333335,0.6748611111111111
worm,gaba_potentiation|k2p_potentiation|complex_i_block|snare_cooperativity|nca_block|nachr_antagonism,isoflurane,500.0,331,0.6666666666666666,2.5130208333333335,0.6925
worm,gaba_potentiation|k2p_potentiation|complex_i_block|snare_cooperativity|nca_block|nachr_antagonism,isoflurane,500.0,443,0.8541666666666666,1.5703125,0.5391666666666667
worm,gaba_potentiation|k2p_potentiation|complex_i_block|snare_cooperativity|nca_block|nachr_antagonism,isoflurane,1000.0,42,0.9791666666666666,1.1640625,0.3815277777777778
worm,gaba_potentiation|k2p_potentiation|complex_i_block|snare_cooperativity|nca_block|nachr_antagonism,isoflurane,1000.0,137,0.9583333333333334,1.0651041666666667,0.35347222222222224
worm,gaba_potentiation|k2p_potentiation|complex_i_block|snare_cooperativity|nca_block|glucl_potentiation,isoflurane,100.0,219,0.0,11.4921875,3.3627777777777776
worm,gaba_potentiation|k2p_potentiation|complex_i_block|snare_cooperativity|nca_block|glucl_potentiation,isoflurane,100.0,331,0.0,10.947916666666666,3.235
worm,gaba_potentiation|k2p_potentiation|complex_i_block|snare_cooperativity|nca_block|glucl_potentiation,isoflurane,100.0,443,0.0,11.171875,3.294027777777778
worm,gaba_potentiation|k2p_potentiation|complex_i_block|snare_cooperativity|nca_block|glucl_potentiation,isoflurane,200.0,42,0.041666666666666664,6.5078125,1.8358333333333334
worm,gaba_potentiation|k2p_potentiation|complex_i_block|snare_cooperativity|nca_block|nachr_antagonism,isoflurane,100.0,219,0.0,10.848958333333334,3.181111111111111
worm,gaba_potentiation|k2p_potentiation|complex_i_block|snare_cooperativity|nca_block|nachr_antagonism,isoflurane,100.0,331,0.0,10.533854166666666,3.1079166666666667
worm,gaba_potentiation|k2p_potentiation|complex_i_block|snare_cooperativity|nca_block|nachr_antagonism,isoflurane,100.0,443,0.0,10.822916666666666,3.169583333333333
worm,gaba_potentiation|k2p_potentiation|complex_i_block|snare_cooperativity|nca_block|nachr_antagonism,isoflurane,200.0,42,0.0625,6.065104166666667,1.7054166666666666
worm,gaba_potentiation|k2p_potentiation|complex_i_block|snare_cooperativity|nca_block|nachr_antagonism,isoflurane,290.0,42,0.25,4.197916666666667,1.152638888888889
worm,gaba_potentiation|k2p_potentiation|complex_i_block|snare_cooperativity|nca_block|nachr_antagonism,isoflurane,290.0,137,0.375,3.7578125,1.0680555555555555
worm,gaba_potentiation|k2p_potentiation|complex_i_block|snare_cooperativity|nca_block|nachr_antagonism,isoflurane,290.0,219,0.25,4.359375,1.2156944444444444
worm,gaba_potentiation|k2p_potentiation|complex_i_block|snare_cooperativity|nca_block|nachr_antagonism,isoflurane,290.0,331,0.16666666666666666,4.411458333333333,1.1954166666666666
worm,gaba_potentiation|k2p_potentiation|complex_i_block|snare_cooperativity|nca_block|glucl_potentiation,isoflurane,200.0,137,0.0625,6.2109375,1.7575
worm,gaba_potentiation|k2p_potentiation|complex_i_block|snare_cooperativity|nca_block|glucl_potentiation,isoflurane,200.0,219,0.0625,6.6328125,1.87875
worm,gaba_potentiation|k2p_potentiation|complex_i_block|snare_cooperativity|nca_block|glucl_potentiation,isoflurane,200.0,331,0.041666666666666664,6.567708333333333,1.8481944444444445
worm,gaba_potentiation|k2p_potentiation|complex_i_block|snare_cooperativity|nca_block|glucl_potentiation,isoflurane,200.0,443,0.08333333333333333,5.966145833333333,1.7255555555555555
worm,gaba_potentiation|k2p_potentiation|complex_i_block|snare_cooperativity|nca_block|nachr_antagonism,isoflurane,200.0,137,0.08333333333333333,5.731770833333333,1.6306944444444444
worm,gaba_potentiation|k2p_potentiation|complex_i_block|snare_cooperativity|nca_block|nachr_antagonism,isoflurane,200.0,219,0.041666666666666664,6.434895833333333,1.8052777777777778
worm,gaba_potentiation|k2p_potentiation|complex_i_block|snare_cooperativity|nca_block|nachr_antagonism,isoflurane,200.0,331,0.0625,6.044270833333333,1.7015277777777778
worm,gaba_potentiation|k2p_potentiation|complex_i_block|snare_cooperativity|nca_block|nachr_antagonism,isoflurane,200.0,443,0.16666666666666666,5.4375,1.5890277777777777
worm,gaba_potentiation|k2p_potentiation|complex_i_block|snare_cooperativity|nca_block|nachr_antagonism,isoflurane,1000.0,219,0.9166666666666666,1.2864583333333333,0.3954166666666667
worm,gaba_potentiation|k2p_potentiation|complex_i_block|snare_cooperativity|nca_block|nachr_antagonism,isoflurane,1000.0,331,0.9166666666666666,1.359375,0.40152777777777776
worm,gaba_potentiation|k2p_potentiation|complex_i_block|snare_cooperativity|nca_block|nachr_antagonism,isoflurane,1000.0,443,0.9791666666666666,0.8151041666666666,0.3375
worm,gaba_potentiation|k2p_potentiation|complex_i_block|snare_cooperativity|nca_block|nachr_antagonism,isoflurane,3000.0,42,0.9791666666666666,0.6119791666666666,0.2411111111111111
worm,gaba_potentiation|k2p_potentiation|complex_i_block|snare_cooperativity|nca_block|nachr_antagonism,isoflurane,3000.0,137,1.0,0.6223958333333334,0.23555555555555555
worm,gaba_potentiation|k2p_potentiation|complex_i_block|snare_cooperativity|nca_block|nachr_antagonism,isoflurane,3000.0,219,1.0,0.7213541666666666,0.2569444444444444
worm,gaba_potentiation|k2p_potentiation|complex_i_block|snare_cooperativity|nca_block|nachr_antagonism,isoflurane,3000.0,331,1.0,0.828125,0.2718055555555556
worm,gaba_potentiation|k2p_potentiation|complex_i_block|snare_cooperativity|nca_block|nachr_antagonism,isoflurane,3000.0,443,1.0,0.3541666666666667,0.21625
worm,gaba_potentiation|k2p_potentiation|complex_i_block|snare_cooperativity|nca_block|glucl_potentiation,isoflurane,10.0,42,0.0,21.768229166666668,6.7425
worm,gaba_potentiation|k2p_potentiation|complex_i_block|snare_cooperativity|nca_block|glucl_potentiation,isoflurane,10.0,137,0.0,20.713541666666668,6.539583333333334
worm,gaba_potentiation|k2p_potentiation|complex_i_block|snare_cooperativity|nca_block|glucl_potentiation,isoflurane,10.0,219,0.0,21.908854166666668,6.843472222222222
worm,gaba_potentiation|k2p_potentiation|complex_i_block|snare_cooperativity|nca_block|glucl_potentiation,isoflurane,10.0,331,0.0,21.6015625,6.726111111111111
worm,gaba_potentiation|k2p_potentiation|complex_i_block|snare_cooperativity|nca_block|glucl_potentiation,isoflurane,30.0,331,0.0,17.861979166666668,5.494027777777778
worm,gaba_potentiation|k2p_potentiation|complex_i_block|snare_cooperativity|nca_block|glucl_potentiation,isoflurane,30.0,443,0.0,18.484375,5.666388888888889
worm,gaba_potentiation|k2p_potentiation|complex_i_block|snare_cooperativity|nca_block|glucl_potentiation,isoflurane,100.0,42,0.0,10.888020833333334,3.20375
worm,gaba_potentiation|k2p_potentiation|complex_i_block|snare_cooperativity|nca_block|glucl_potentiation,isoflurane,100.0,137,0.0,10.265625,3.051111111111111
worm,gaba_potentiation|k2p_potentiation|complex_i_block|snare_cooperativity|nca_block|glucl_potentiation,isoflurane,10.0,443,0.0,22.1484375,6.898194444444444
worm,gaba_potentiation|k2p_potentiation|complex_i_block|snare_cooperativity|nca_block|glucl_potentiation,isoflurane,30.0,42,0.0,18.1484375,5.5725
worm,gaba_potentiation|k2p_potentiation|complex_i_block|snare_cooperativity|nca_block|glucl_potentiation,isoflurane,30.0,137,0.0,17.1640625,5.3318055555555555
worm,gaba_potentiation|k2p_potentiation|complex_i_block|snare_cooperativity|nca_block|glucl_potentiation,isoflurane,30.0,219,0.0,18.5,5.708194444444445
worm,gaba_potentiation|k2p_potentiation|complex_i_block|snare_cooperativity|nca_block|glucl_potentiation,isoflurane,290.0,42,0.1875,4.638020833333333,1.2597222222222222
worm,gaba_potentiation|k2p_potentiation|complex_i_block|snare_cooperativity|nca_block|glucl_potentiation,isoflurane,290.0,137,0.3333333333333333,4.044270833333333,1.1516666666666666
worm,gaba_potentiation|k2p_potentiation|complex_i_block|snare_cooperativity|nca_block|glucl_potentiation,isoflurane,290.0,219,0.22916666666666666,4.703125,1.3079166666666666
worm,gaba_potentiation|k2p_potentiation|complex_i_block|snare_cooperativity|nca_block|glucl_potentiation,isoflurane,290.0,331,0.10416666666666667,4.796875,1.3016666666666667
worm,gaba_potentiation|k2p_potentiation|complex_i_block|snare_cooperativity|nca_block|glucl_potentiation,isoflurane,290.0,443,0.375,3.859375,1.1216666666666666
worm,gaba_potentiation|k2p_potentiation|complex_i_block|snare_cooperativity|nca_block|glucl_potentiation,isoflurane,500.0,42,0.6041666666666666,2.546875,0.7101388888888889
worm,gaba_potentiation|k2p_potentiation|complex_i_block|snare_cooperativity|nca_block|glucl_potentiation,isoflurane,500.0,137,0.6458333333333334,2.2682291666666665,0.6723611111111111
worm,gaba_potentiation|k2p_potentiation|complex_i_block|snare_cooperativity|nca_block|glucl_potentiation,isoflurane,500.0,219,0.625,2.6588541666666665,0.7544444444444445
worm,gaba_potentiation|k2p_potentiation|complex_i_block|snare_cooperativity|nca_block|glucl_potentiation,isoflurane,1000.0,219,0.8333333333333334,1.4348958333333333,0.44472222222222224
worm,gaba_potentiation|k2p_potentiation|complex_i_block|snare_cooperativity|nca_block|glucl_potentiation,isoflurane,1000.0,331,0.8958333333333334,1.5208333333333333,0.44708333333333333
worm,gaba_potentiation|k2p_potentiation|complex_i_block|snare_cooperativity|nca_block|glucl_potentiation,isoflurane,1000.0,443,0.9791666666666666,0.9322916666666666,0.37527777777777777
worm,gaba_potentiation|k2p_potentiation|complex_i_block|snare_cooperativity|nca_block|glucl_potentiation,isoflurane,3000.0,42,0.9791666666666666,0.6692708333333334,0.27152777777777776
worm,gaba_potentiation|k2p_potentiation|complex_i_block|snare_cooperativity|nachr_antagonism|glucl_potentiation,isoflurane,10.0,42,0.0,21.828125,6.764861111111111
worm,gaba_potentiation|k2p_potentiation|complex_i_block|snare_cooperativity|nachr_antagonism|glucl_potentiation,isoflurane,10.0,137,0.0,20.817708333333332,6.569444444444445
worm,gaba_potentiation|k2p_potentiation|complex_i_block|snare_cooperativity|nachr_antagonism|glucl_potentiation,isoflurane,10.0,219,0.0,21.9609375,6.867916666666667
worm,gaba_potentiation|k2p_potentiation|complex_i_block|snare_cooperativity|nachr_antagonism|glucl_potentiation,isoflurane,10.0,331,0.0,21.533854166666668,6.7115277777777775
worm,gaba_potentiation|k2p_potentiation|complex_i_block|snare_cooperativity|nca_block|glucl_potentiation,isoflurane,3000.0,137,0.9791666666666666,0.7552083333333334,0.2654166666666667
worm,gaba_potentiation|k2p_potentiation|complex_i_block|snare_cooperativity|nca_block|glucl_potentiation,isoflurane,3000.0,219,0.9791666666666666,0.8671875,0.29333333333333333
worm,gaba_potentiation|k2p_potentiation|complex_i_block|snare_cooperativity|nca_block|glucl_potentiation,isoflurane,3000.0,331,1.0,0.9244791666666666,0.29944444444444446
worm,gaba_potentiation|k2p_potentiation|complex_i_block|snare_cooperativity|nca_block|glucl_potentiation,isoflurane,3000.0,443,1.0,0.4296875,0.24583333333333332
worm,gaba_potentiation|k2p_potentiation|complex_i_block|snare_cooperativity|nachr_antagonism|glucl_potentiation,isoflurane,1000.0,219,0.8333333333333334,1.6119791666666667,0.49083333333333334
worm,gaba_potentiation|k2p_potentiation|complex_i_block|snare_cooperativity|nachr_antagonism|glucl_potentiation,isoflurane,1000.0,331,0.8958333333333334,1.5390625,0.46958333333333335
worm,gaba_potentiation|k2p_potentiation|complex_i_block|snare_cooperativity|nachr_antagonism|glucl_potentiation,isoflurane,1000.0,443,0.9583333333333334,1.0416666666666667,0.41305555555555556
worm,gaba_potentiation|k2p_potentiation|complex_i_block|snare_cooperativity|nachr_antagonism|glucl_potentiation,isoflurane,3000.0,42,0.9791666666666666,0.7864583333333334,0.3075
worm,gaba_potentiation|k2p_potentiation|complex_i_block|snare_cooperativity|nca_block|glucl_potentiation,isoflurane,500.0,331,0.6458333333333334,2.6614583333333335,0.7426388888888888
worm,gaba_potentiation|k2p_potentiation|complex_i_block|snare_cooperativity|nca_block|glucl_potentiation,isoflurane,500.0,443,0.7708333333333334,1.9869791666666667,0.6352777777777778
worm,gaba_potentiation|k2p_potentiation|complex_i_block|snare_cooperativity|nca_block|glucl_potentiation,isoflurane,1000.0,42,0.9583333333333334,1.3333333333333333,0.4195833333333333
worm,gaba_potentiation|k2p_potentiation|complex_i_block|snare_cooperativity|nca_block|glucl_potentiation,isoflurane,1000.0,137,0.9583333333333334,1.2317708333333333,0.4027777777777778
worm,gaba_potentiation|k2p_potentiation|complex_i_block|snare_cooperativity|nachr_antagonism|glucl_potentiation,isoflurane,10.0,443,0.0,22.239583333333332,6.924722222222222
worm,gaba_potentiation|k2p_potentiation|complex_i_block|snare_cooperativity|nachr_antagonism|glucl_potentiation,isoflurane,30.0,42,0.0,18.247395833333332,5.61375
worm,gaba_potentiation|k2p_potentiation|complex_i_block|snare_cooperativity|nachr_antagonism|glucl_potentiation,isoflurane,30.0,137,0.0,17.494791666666668,5.440555555555555
worm,gaba_potentiation|k2p_potentiation|complex_i_block|snare_cooperativity|nachr_antagonism|glucl_potentiation,isoflurane,30.0,219,0.0,18.841145833333332,5.805
worm,gaba_potentiation|k2p_potentiation|complex_i_block|snare_cooperativity|nachr_antagonism|glucl_potentiation,isoflurane,30.0,331,0.0,18.010416666666668,5.543055555555555
worm,gaba_potentiation|k2p_potentiation|complex_i_block|snare_cooperativity|nachr_antagonism|glucl_potentiation,isoflurane,30.0,443,0.0,18.78125,5.747777777777777
worm,gaba_potentiation|k2p_potentiation|complex_i_block|snare_cooperativity|nachr_antagonism|glucl_potentiation,isoflurane,100.0,42,0.0,11.286458333333334,3.3202777777777777
worm,gaba_potentiation|k2p_potentiation|complex_i_block|snare_cooperativity|nachr_antagonism|glucl_potentiation,isoflurane,100.0,137,0.0,10.622395833333334,3.1630555555555557
worm,gaba_potentiation|k2p_potentiation|complex_i_block|snare_cooperativity|nachr_antagonism|glucl_potentiation,isoflurane,100.0,219,0.0,11.765625,3.45375
worm,gaba_potentiation|k2p_potentiation|complex_i_block|snare_cooperativity|nachr_antagonism|glucl_potentiation,isoflurane,100.0,331,0.0,11.385416666666666,3.3645833333333335
worm,gaba_potentiation|k2p_potentiation|complex_i_block|snare_cooperativity|nachr_antagonism|glucl_potentiation,isoflurane,100.0,443,0.0,11.3828125,3.35625
worm,gaba_potentiation|k2p_potentiation|complex_i_block|snare_cooperativity|nachr_antagonism|glucl_potentiation,isoflurane,200.0,42,0.020833333333333332,6.807291666666667,1.9279166666666667
worm,gaba_potentiation|k2p_potentiation|complex_i_block|snare_cooperativity|nachr_antagonism|glucl_potentiation,isoflurane,3000.0,137,1.0,0.8229166666666666,0.2965277777777778
worm,gaba_potentiation|k2p_potentiation|complex_i_block|snare_cooperativity|nachr_antagonism|glucl_potentiation,isoflurane,3000.0,219,0.9791666666666666,0.9427083333333334,0.3204166666666667
worm,gaba_potentiation|k2p_potentiation|complex_i_block|snare_cooperativity|nachr_antagonism|glucl_potentiation,isoflurane,3000.0,331,1.0,0.9921875,0.3273611111111111
worm,gaba_potentiation|k2p_potentiation|complex_i_block|snare_cooperativity|nachr_antagonism|glucl_potentiation,isoflurane,3000.0,443,1.0,0.5338541666666666,0.27805555555555556
worm,gaba_potentiation|k2p_potentiation|snare_cooperativity|nca_block|nachr_antagonism|glucl_potentiation,isoflurane,10.0,443,0.0,22.309895833333332,6.949166666666667
worm,gaba_potentiation|k2p_potentiation|snare_cooperativity|nca_block|nachr_antagonism|glucl_potentiation,isoflurane,30.0,42,0.0,18.651041666666668,5.740555555555556
worm,gaba_potentiation|k2p_potentiation|snare_cooperativity|nca_block|nachr_antagonism|glucl_potentiation,isoflurane,30.0,137,0.0,17.8671875,5.5552777777777775
worm,gaba_potentiation|k2p_potentiation|snare_cooperativity|nca_block|nachr_antagonism|glucl_potentiation,isoflurane,30.0,219,0.0,19.1953125,5.921944444444445
worm,gaba_potentiation|k2p_potentiation|snare_cooperativity|nca_block|nachr_antagonism|glucl_potentiation,isoflurane,10.0,42,0.0,21.895833333333332,6.800138888888889
worm,gaba_potentiation|k2p_potentiation|snare_cooperativity|nca_block|nachr_antagonism|glucl_potentiation,isoflurane,10.0,137,0.0,20.908854166666668,6.594861111111111
worm,gaba_potentiation|k2p_potentiation|snare_cooperativity|nca_block|nachr_antagonism|glucl_potentiation,isoflurane,10.0,219,0.0,22.046875,6.902638888888889
worm,gaba_potentiation|k2p_potentiation|snare_cooperativity|nca_block|nachr_antagonism|glucl_potentiation,isoflurane,10.0,331,0.0,21.502604166666668,6.703611111111111
worm,gaba_potentiation|k2p_potentiation|complex_i_block|snare_cooperativity|nachr_antagonism|glucl_potentiation,isoflurane,200.0,137,0.041666666666666664,6.53125,1.8516666666666666
worm,gaba_potentiation|k2p_potentiation|complex_i_block|snare_cooperativity|nachr_antagonism|glucl_potentiation,isoflurane,200.0,219,0.0625,6.96875,1.9879166666666668
worm,gaba_potentiation|k2p_potentiation|complex_i_block|snare_cooperativity|nachr_antagonism|glucl_potentiation,isoflurane,200.0,331,0.041666666666666664,6.877604166666667,1.9470833333333333
worm,gaba_potentiation|k2p_potentiation|complex_i_block|snare_cooperativity|nachr_antagonism|glucl_potentiation,isoflurane,200.0,443,0.041666666666666664,6.505208333333333,1.8747222222222222
worm,gaba_potentiation|k2p_potentiation|complex_i_block|snare_cooperativity|nachr_antagonism|glucl_potentiation,isoflurane,290.0,42,0.14583333333333334,4.861979166666667,1.333888888888889
worm,gaba_potentiation|k2p_potentiation|complex_i_block|snare_cooperativity|nachr_antagonism|glucl_potentiation,isoflurane,290.0,137,0.2708333333333333,4.34375,1.2344444444444445
worm,gaba_potentiation|k2p_potentiation|complex_i_block|snare_cooperativity|nachr_antagonism|glucl_potentiation,isoflurane,290.0,219,0.125,5.1015625,1.4165277777777778
worm,gaba_potentiation|k2p_potentiation|complex_i_block|snare_cooperativity|nachr_antagonism|glucl_potentiation,isoflurane,290.0,331,0.125,4.8984375,1.3470833333333334
worm,gaba_potentiation|k2p_potentiation|complex_i_block|snare_cooperativity|nachr_antagonism|glucl_potentiation,isoflurane,290.0,443,0.2708333333333333,4.216145833333333,1.2273611111111111
worm,gaba_potentiation|k2p_potentiation|complex_i_block|snare_cooperativity|nachr_antagonism|glucl_potentiation,isoflurane,500.0,42,0.5,2.8411458333333335,0.7880555555555555
worm,gaba_potentiation|k2p_potentiation|complex_i_block|snare_cooperativity|nachr_antagonism|glucl_potentiation,isoflurane,500.0,137,0.6041666666666666,2.5859375,0.7573611111111112
worm,gaba_potentiation|k2p_potentiation|complex_i_block|snare_cooperativity|nachr_antagonism|glucl_potentiation,isoflurane,500.0,219,0.5416666666666666,2.8932291666666665,0.8223611111111111
worm,gaba_potentiation|k2p_potentiation|complex_i_block|snare_cooperativity|nachr_antagonism|glucl_potentiation,isoflurane,500.0,331,0.5833333333333334,3.0,0.8208333333333333
worm,gaba_potentiation|k2p_potentiation|complex_i_block|snare_cooperativity|nachr_antagonism|glucl_potentiation,isoflurane,500.0,443,0.7083333333333334,2.2942708333333335,0.7068055555555556
worm,gaba_potentiation|k2p_potentiation|complex_i_block|snare_cooperativity|nachr_antagonism|glucl_potentiation,isoflurane,1000.0,42,0.9583333333333334,1.4583333333333333,0.4598611111111111
worm,gaba_potentiation|k2p_potentiation|complex_i_block|snare_cooperativity|nachr_antagonism|glucl_potentiation,isoflurane,1000.0,137,0.9166666666666666,1.3802083333333333,0.44277777777777777
worm,gaba_potentiation|k2p_potentiation|snare_cooperativity|nca_block|nachr_antagonism|glucl_potentiation,isoflurane,30.0,331,0.0,18.317708333333332,5.6530555555555555
worm,gaba_potentiation|k2p_potentiation|snare_cooperativity|nca_block|nachr_antagonism|glucl_potentiation,isoflurane,30.0,443,0.0,19.333333333333332,5.922916666666667
worm,gaba_potentiation|k2p_potentiation|snare_cooperativity|nca_block|nachr_antagonism|glucl_potentiation,isoflurane,100.0,42,0.0,12.005208333333334,3.5369444444444444
worm,gaba_potentiation|k2p_potentiation|snare_cooperativity|nca_block|nachr_antagonism|glucl_potentiation,isoflurane,100.0,137,0.0,11.166666666666666,3.3454166666666665
worm,gaba_potentiation|k2p_potentiation|snare_cooperativity|nca_block|nachr_antagonism|glucl_potentiation,isoflurane,3000.0,137,0.9791666666666666,0.953125,0.35875
worm,gaba_potentiation|k2p_potentiation|snare_cooperativity|nca_block|nachr_antagonism|glucl_potentiation,isoflurane,3000.0,219,0.9166666666666666,1.234375,0.4113888888888889
worm,gaba_potentiation|k2p_potentiation|snare_cooperativity|nca_block|nachr_antagonism|glucl_potentiation,isoflurane,3000.0,331,0.9375,1.3046875,0.40930555555555553
worm,gaba_potentiation|k2p_potentiation|snare_cooperativity|nca_block|nachr_antagonism|glucl_potentiation,isoflurane,3000.0,443,1.0,0.7135416666666666,0.34305555555555556
worm,gaba_potentiation|k2p_potentiation|snare_cooperativity|nca_block|nachr_antagonism|glucl_potentiation,isoflurane,500.0,331,0.375,3.6458333333333335,0.9909722222222223
worm,gaba_potentiation|k2p_potentiation|snare_cooperativity|nca_block|nachr_antagonism|glucl_potentiation,isoflurane,500.0,443,0.5208333333333334,2.9270833333333335,0.8727777777777778
worm,gaba_potentiation|k2p_potentiation|snare_cooperativity|nca_block|nachr_antagonism|glucl_potentiation,isoflurane,1000.0,42,0.7916666666666666,2.0260416666666665,0.5858333333333333
worm,gaba_potentiation|k2p_potentiation|snare_cooperativity|nca_block|nachr_antagonism|glucl_potentiation,isoflurane,1000.0,137,0.8333333333333334,1.7942708333333333,0.5572222222222222
worm,gaba_potentiation|k2p_potentiation|snare_cooperativity|nca_block|nachr_antagonism|glucl_potentiation,isoflurane,1000.0,219,0.75,2.0807291666666665,0.6144444444444445
worm,gaba_potentiation|k2p_potentiation|snare_cooperativity|nca_block|nachr_antagonism|glucl_potentiation,isoflurane,1000.0,331,0.8333333333333334,2.0703125,0.6001388888888889
worm,gaba_potentiation|k2p_potentiation|snare_cooperativity|nca_block|nachr_antagonism|glucl_potentiation,isoflurane,1000.0,443,0.9166666666666666,1.3515625,0.5015277777777778
worm,gaba_potentiation|k2p_potentiation|snare_cooperativity|nca_block|nachr_antagonism|glucl_potentiation,isoflurane,3000.0,42,0.9791666666666666,1.0234375,0.38083333333333336
worm,gaba_potentiation|k2p_potentiation|snare_cooperativity|nca_block|nachr_antagonism|glucl_potentiation,isoflurane,100.0,219,0.0,12.359375,3.6525
worm,gaba_potentiation|k2p_potentiation|snare_cooperativity|nca_block|nachr_antagonism|glucl_potentiation,isoflurane,100.0,331,0.0,11.729166666666666,3.502222222222222
worm,gaba_potentiation|k2p_potentiation|snare_cooperativity|nca_block|nachr_antagonism|glucl_potentiation,isoflurane,100.0,443,0.0,12.127604166666666,3.5765277777777778
worm,gaba_potentiation|k2p_potentiation|snare_cooperativity|nca_block|nachr_antagonism|glucl_potentiation,isoflurane,200.0,42,0.0,7.4765625,2.1238888888888887
worm,gaba_potentiation|k2p_potentiation|snare_cooperativity|nca_block|nachr_antagonism|glucl_potentiation,isoflurane,200.0,137,0.041666666666666664,7.083333333333333,2.040138888888889
worm,gaba_potentiation|k2p_potentiation|snare_cooperativity|nca_block|nachr_antagonism|glucl_potentiation,isoflurane,200.0,219,0.020833333333333332,7.252604166666667,2.1061111111111113
worm,gaba_potentiation|k2p_potentiation|snare_cooperativity|nca_block|nachr_antagonism|glucl_potentiation,isoflurane,200.0,331,0.020833333333333332,7.609375,2.155972222222222
worm,gaba_potentiation|k2p_potentiation|snare_cooperativity|nca_block|nachr_antagonism|glucl_potentiation,isoflurane,200.0,443,0.041666666666666664,7.302083333333333,2.096111111111111
worm,gaba_potentiation|k2p_potentiation|snare_cooperativity|nca_block|nachr_antagonism|glucl_potentiation,isoflurane,290.0,42,0.0625,5.421875,1.506388888888889
worm,gaba_potentiation|k2p_potentiation|snare_cooperativity|nca_block|nachr_antagonism|glucl_potentiation,isoflurane,290.0,137,0.125,5.1484375,1.4584722222222222
worm,gaba_potentiation|k2p_potentiation|snare_cooperativity|nca_block|nachr_antagonism|glucl_potentiation,isoflurane,290.0,219,0.125,5.791666666666667,1.621388888888889
worm,gaba_potentiation|k2p_potentiation|snare_cooperativity|nca_block|nachr_antagonism|glucl_potentiation,isoflurane,290.0,331,0.08333333333333333,5.567708333333333,1.5430555555555556
worm,gaba_potentiation|complex_i_block|snare_cooperativity|nca_block|nachr_antagonism|glucl_potentiation,isoflurane,200.0,137,0.0625,6.296875,1.7805555555555554
worm,gaba_potentiation|complex_i_block|snare_cooperativity|nca_block|nachr_antagonism|glucl_potentiation,isoflurane,200.0,219,0.0625,6.833333333333333,1.9361111111111111
worm,gaba_potentiation|complex_i_block|snare_cooperativity|nca_block|nachr_antagonism|glucl_potentiation,isoflurane,200.0,331,0.041666666666666664,6.708333333333333,1.8923611111111112
worm,gaba_potentiation|complex_i_block|snare_cooperativity|nca_block|nachr_antagonism|glucl_potentiation,isoflurane,200.0,443,0.0625,6.033854166666667,1.75375
worm,gaba_potentiation|k2p_potentiation|snare_cooperativity|nca_block|nachr_antagonism|glucl_potentiation,isoflurane,290.0,443,0.16666666666666666,4.84375,1.417361111111111
worm,gaba_potentiation|k2p_potentiation|snare_cooperativity|nca_block|nachr_antagonism|glucl_potentiation,isoflurane,500.0,42,0.3958333333333333,3.5755208333333335,0.9708333333333333
worm,gaba_potentiation|k2p_potentiation|snare_cooperativity|nca_block|nachr_antagonism|glucl_potentiation,isoflurane,500.0,137,0.4791666666666667,3.3697916666666665,0.9434722222222223
worm,gaba_potentiation|k2p_potentiation|snare_cooperativity|nca_block|nachr_antagonism|glucl_potentiation,isoflurane,500.0,219,0.3958333333333333,3.5130208333333335,0.985
worm,gaba_potentiation|complex_i_block|snare_cooperativity|nca_block|nachr_antagonism|glucl_potentiation,isoflurane,10.0,42,0.0,21.861979166666668,6.774444444444445
worm,gaba_potentiation|complex_i_block|snare_cooperativity|nca_block|nachr_antagonism|glucl_potentiation,isoflurane,10.0,137,0.0,20.802083333333332,6.56625
worm,gaba_potentiation|complex_i_block|snare_cooperativity|nca_block|nachr_antagonism|glucl_potentiation,isoflurane,10.0,219,0.0,21.901041666666668,6.846527777777778
worm,gaba_potentiation|complex_i_block|snare_cooperativity|nca_block|nachr_antagonism|glucl_potentiation,isoflurane,10.0,331,0.0,21.536458333333332,6.707638888888889
worm,gaba_potentiation|complex_i_block|snare_cooperativity|nca_block|nachr_antagonism|glucl_potentiation,isoflurane,10.0,443,0.0,22.229166666666668,6.923611111111111
worm,gaba_potentiation|complex_i_block|snare_cooperativity|nca_block|nachr_antagonism|glucl_potentiation,isoflurane,30.0,42,0.0,18.229166666666668,5.597222222222222
worm,gaba_potentiation|complex_i_block|snare_cooperativity|nca_block|nachr_antagonism|glucl_potentiation,isoflurane,30.0,137,0.0,17.408854166666668,5.413055555555555
worm,gaba_potentiation|complex_i_block|snare_cooperativity|nca_block|nachr_antagonism|glucl_potentiation,isoflurane,30.0,219,0.0,18.747395833333332,5.776527777777778
worm,gaba_potentiation|complex_i_block|snare_cooperativity|nca_block|nachr_antagonism|glucl_potentiation,isoflurane,100.0,219,0.0,11.658854166666666,3.412361111111111
worm,gaba_potentiation|complex_i_block|snare_cooperativity|nca_block|nachr_antagonism|glucl_potentiation,isoflurane,100.0,331,0.0,11.138020833333334,3.301527777777778
worm,gaba_potentiation|complex_i_block|snare_cooperativity|nca_block|nachr_antagonism|glucl_potentiation,isoflurane,100.0,443,0.0,11.231770833333334,3.312777777777778
worm,gaba_potentiation|complex_i_block|snare_cooperativity|nca_block|nachr_antagonism|glucl_potentiation,isoflurane,200.0,42,0.041666666666666664,6.5390625,1.8527777777777779
worm,gaba_potentiation|complex_i_block|snare_cooperativity|nca_block|nachr_antagonism|glucl_potentiation,isoflurane,30.0,331,0.0,17.888020833333332,5.5072222222222225
worm,gaba_potentiation|complex_i_block|snare_cooperativity|nca_block|nachr_antagonism|glucl_potentiation,isoflurane,30.0,443,0.0,18.6796875,5.721805555555555
worm,gaba_potentiation|complex_i_block|snare_cooperativity|nca_block|nachr_antagonism|glucl_potentiation,isoflurane,100.0,42,0.0,11.091145833333334,3.2608333333333333
worm,gaba_potentiation|complex_i_block|snare_cooperativity|nca_block|nachr_antagonism|glucl_potentiation,isoflurane,100.0,137,0.0,10.411458333333334,3.0927777777777776
worm,gaba_potentiation|complex_i_block|snare_cooperativity|nca_block|nachr_antagonism|glucl_potentiation,isoflurane,290.0,42,0.1875,4.6796875,1.2758333333333334
worm,gaba_potentiation|complex_i_block|snare_cooperativity|nca_block|nachr_antagonism|glucl_potentiation,isoflurane,290.0,137,0.3333333333333333,4.067708333333333,1.1609722222222223
worm,gaba_potentiation|complex_i_block|snare_cooperativity|nca_block|nachr_antagonism|glucl_potentiation,isoflurane,290.0,219,0.16666666666666666,4.815104166666667,1.3383333333333334
worm,gaba_potentiation|complex_i_block|snare_cooperativity|nca_block|nachr_antagonism|glucl_potentiation,isoflurane,290.0,331,0.10416666666666667,4.838541666666667,1.3179166666666666
worm,gaba_potentiation|complex_i_block|snare_cooperativity|nca_block|nachr_antagonism|glucl_potentiation,isoflurane,290.0,443,0.375,3.9166666666666665,1.146111111111111
worm,gaba_potentiation|complex_i_block|snare_cooperativity|nca_block|nachr_antagonism|glucl_potentiation,isoflurane,500.0,42,0.5833333333333334,2.5859375,0.7233333333333334
worm,gaba_potentiation|complex_i_block|snare_cooperativity|nca_block|nachr_antagonism|glucl_potentiation,isoflurane,500.0,137,0.6458333333333334,2.3723958333333335,0.6976388888888889
worm,gaba_potentiation|complex_i_block|snare_cooperativity|nca_block|nachr_antagonism|glucl_potentiation,isoflurane,500.0,219,0.5625,2.765625,0.77875
worm,gaba_potentiation|complex_i_block|snare_cooperativity|nca_block|nachr_antagonism|glucl_potentiation,isoflurane,500.0,331,0.6458333333333334,2.6692708333333335,0.7490277777777777
worm,gaba_potentiation|complex_i_block|snare_cooperativity|nca_block|nachr_antagonism|glucl_potentiation,isoflurane,500.0,443,0.7708333333333334,2.0234375,0.6463888888888889
worm,gaba_potentiation|complex_i_block|snare_cooperativity|nca_block|nachr_antagonism|glucl_potentiation,isoflurane,1000.0,42,0.9583333333333334,1.3411458333333333,0.4220833333333333
worm,gaba_potentiation|complex_i_block|snare_cooperativity|nca_block|nachr_antagonism|glucl_potentiation,isoflurane,1000.0,137,0.9583333333333334,1.2552083333333333,0.4083333333333333
worm,k2p_potentiation|complex_i_block|snare_cooperativity|nca_block|nachr_antagonism|glucl_potentiation,isoflurane,10.0,443,0.0,22.1484375,6.898194444444444
worm,k2p_potentiation|complex_i_block|snare_cooperativity|nca_block|nachr_antagonism|glucl_potentiation,isoflurane,30.0,42,0.0,18.1484375,5.5725
worm,k2p_potentiation|complex_i_block|snare_cooperativity|nca_block|nachr_antagonism|glucl_potentiation,isoflurane,30.0,137,0.0,17.1640625,5.3318055555555555
worm,k2p_potentiation|complex_i_block|snare_cooperativity|nca_block|nachr_antagonism|glucl_potentiation,isoflurane,30.0,219,0.0,18.5,5.708194444444445
worm,gaba_potentiation|complex_i_block|snare_cooperativity|nca_block|nachr_antagonism|glucl_potentiation,isoflurane,1000.0,219,0.8333333333333334,1.4609375,0.44972222222222225
worm,gaba_potentiation|complex_i_block|snare_cooperativity|nca_block|nachr_antagonism|glucl_potentiation,isoflurane,1000.0,331,0.8958333333333334,1.5104166666666667,0.4488888888888889
worm,gaba_potentiation|complex_i_block|snare_cooperativity|nca_block|nachr_antagonism|glucl_potentiation,isoflurane,1000.0,443,0.9791666666666666,0.9401041666666666,0.37916666666666665
worm,gaba_potentiation|complex_i_block|snare_cooperativity|nca_block|nachr_antagonism|glucl_potentiation,isoflurane,3000.0,42,0.9791666666666666,0.6744791666666666,0.27375
worm,k2p_potentiation|complex_i_block|snare_cooperativity|nca_block|nachr_antagonism|glucl_potentiation,isoflurane,1000.0,219,0.8333333333333334,1.4348958333333333,0.44472222222222224
worm,k2p_potentiation|complex_i_block|snare_cooperativity|nca_block|nachr_antagonism|glucl_potentiation,isoflurane,1000.0,331,0.8958333333333334,1.5208333333333333,0.44708333333333333
worm,k2p_potentiation|complex_i_block|snare_cooperativity|nca_block|nachr_antagonism|glucl_potentiation,isoflurane,1000.0,443,0.9791666666666666,0.9322916666666666,0.37527777777777777
worm,k2p_potentiation|complex_i_block|snare_cooperativity|nca_block|nachr_antagonism|glucl_potentiation,isoflurane,3000.0,42,0.9791666666666666,0.6692708333333334,0.27152777777777776
worm,k2p_potentiation|complex_i_block|snare_cooperativity|nca_block|nachr_antagonism|glucl_potentiation,isoflurane,3000.0,137,0.9791666666666666,0.7552083333333334,0.2654166666666667
worm,k2p_potentiation|complex_i_block|snare_cooperativity|nca_block|nachr_antagonism|glucl_potentiation,isoflurane,3000.0,219,0.9791666666666666,0.8671875,0.29333333333333333
worm,k2p_potentiation|complex_i_block|snare_cooperativity|nca_block|nachr_antagonism|glucl_potentiation,isoflurane,3000.0,331,1.0,0.9244791666666666,0.29944444444444446
worm,k2p_potentiation|complex_i_block|snare_cooperativity|nca_block|nachr_antagonism|glucl_potentiation,isoflurane,3000.0,443,1.0,0.4296875,0.24583333333333332
worm,k2p_potentiation|complex_i_block|snare_cooperativity|nca_block|nachr_antagonism|glucl_potentiation,isoflurane,500.0,331,0.6458333333333334,2.6614583333333335,0.7426388888888888
worm,k2p_potentiation|complex_i_block|snare_cooperativity|nca_block|nachr_antagonism|glucl_potentiation,isoflurane,500.0,443,0.7708333333333334,1.9869791666666667,0.6352777777777778
worm,k2p_potentiation|complex_i_block|snare_cooperativity|nca_block|nachr_antagonism|glucl_potentiation,isoflurane,1000.0,42,0.9583333333333334,1.3333333333333333,0.4195833333333333
worm,k2p_potentiation|complex_i_block|snare_cooperativity|nca_block|nachr_antagonism|glucl_potentiation,isoflurane,1000.0,137,0.9583333333333334,1.2317708333333333,0.4027777777777778
worm,k2p_potentiation|complex_i_block|snare_cooperativity|nca_block|nachr_antagonism|glucl_potentiation,isoflurane,10.0,42,0.0,21.768229166666668,6.7425
worm,k2p_potentiation|complex_i_block|snare_cooperativity|nca_block|nachr_antagonism|glucl_potentiation,isoflurane,10.0,137,0.0,20.713541666666668,6.539583333333334
worm,k2p_potentiation|complex_i_block|snare_cooperativity|nca_block|nachr_antagonism|glucl_potentiation,isoflurane,10.0,219,0.0,21.908854166666668,6.843472222222222
worm,k2p_potentiation|complex_i_block|snare_cooperativity|nca_block|nachr_antagonism|glucl_potentiation,isoflurane,10.0,331,0.0,21.6015625,6.726111111111111
worm,gaba_potentiation|complex_i_block|snare_cooperativity|nca_block|nachr_antagonism|glucl_potentiation,isoflurane,3000.0,137,0.9791666666666666,0.7708333333333334,0.2679166666666667
worm,gaba_potentiation|complex_i_block|snare_cooperativity|nca_block|nachr_antagonism|glucl_potentiation,isoflurane,3000.0,219,0.9791666666666666,0.8802083333333334,0.29597222222222225
worm,gaba_potentiation|complex_i_block|snare_cooperativity|nca_block|nachr_antagonism|glucl_potentiation,isoflurane,3000.0,331,1.0,0.9244791666666666,0.3005555555555556
worm,gaba_potentiation|complex_i_block|snare_cooperativity|nca_block|nachr_antagonism|glucl_potentiation,isoflurane,3000.0,443,1.0,0.4322916666666667,0.2461111111111111
worm,k2p_potentiation|complex_i_block|snare_cooperativity|nca_block|nachr_antagonism|glucl_potentiation,isoflurane,30.0,331,0.0,17.861979166666668,5.494027777777778
worm,k2p_potentiation|complex_i_block|snare_cooperativity|nca_block|nachr_antagonism|glucl_potentiation,isoflurane,30.0,443,0.0,18.484375,5.666388888888889
worm,k2p_potentiation|complex_i_block|snare_cooperativity|nca_block|nachr_antagonism|glucl_potentiation,isoflurane,100.0,42,0.0,10.888020833333334,3.20375
worm,k2p_potentiation|complex_i_block|snare_cooperativity|nca_block|nachr_antagonism|glucl_potentiation,isoflurane,100.0,137,0.0,10.265625,3.051111111111111
worm,k2p_potentiation|complex_i_block|snare_cooperativity|nca_block|nachr_antagonism|glucl_potentiation,isoflurane,100.0,219,0.0,11.4921875,3.3627777777777776
worm,k2p_potentiation|complex_i_block|snare_cooperativity|nca_block|nachr_antagonism|glucl_potentiation,isoflurane,100.0,331,0.0,10.947916666666666,3.235
worm,k2p_potentiation|complex_i_block|snare_cooperativity|nca_block|nachr_antagonism|glucl_potentiation,isoflurane,100.0,443,0.0,11.171875,3.294027777777778
worm,k2p_potentiation|complex_i_block|snare_cooperativity|nca_block|nachr_antagonism|glucl_potentiation,isoflurane,200.0,42,0.041666666666666664,6.5078125,1.8358333333333334
worm,k2p_potentiation|complex_i_block|snare_cooperativity|nca_block|nachr_antagonism|glucl_potentiation,isoflurane,290.0,42,0.1875,4.638020833333333,1.2597222222222222
worm,k2p_potentiation|complex_i_block|snare_cooperativity|nca_block|nachr_antagonism|glucl_potentiation,isoflurane,290.0,137,0.3333333333333333,4.044270833333333,1.1516666666666666
worm,k2p_potentiation|complex_i_block|snare_cooperativity|nca_block|nachr_antagonism|glucl_potentiation,isoflurane,290.0,219,0.22916666666666666,4.703125,1.3079166666666666
worm,k2p_potentiation|complex_i_block|snare_cooperativity|nca_block|nachr_antagonism|glucl_potentiation,isoflurane,290.0,331,0.10416666666666667,4.796875,1.3016666666666667
worm,k2p_potentiation|complex_i_block|snare_cooperativity|nca_block|nachr_antagonism|glucl_potentiation,isoflurane,200.0,137,0.0625,6.2109375,1.7575
worm,k2p_potentiation|complex_i_block|snare_cooperativity|nca_block|nachr_antagonism|glucl_potentiation,isoflurane,200.0,219,0.0625,6.6328125,1.87875
worm,k2p_potentiation|complex_i_block|snare_cooperativity|nca_block|nachr_antagonism|glucl_potentiation,isoflurane,200.0,331,0.041666666666666664,6.567708333333333,1.8481944444444445
worm,k2p_potentiation|complex_i_block|snare_cooperativity|nca_block|nachr_antagonism|glucl_potentiation,isoflurane,200.0,443,0.08333333333333333,5.966145833333333,1.7255555555555555
worm,gaba_potentiation|k2p_potentiation|complex_i_block|snare_cooperativity|nca_block|nachr_antagonism|glucl_potentiation,isoflurane,10.0,42,0.0,21.424479166666668,6.640694444444445
worm,gaba_potentiation|k2p_potentiation|complex_i_block|snare_cooperativity|nca_block|nachr_antagonism|glucl_potentiation,isoflurane,10.0,137,0.0,20.5078125,6.465277777777778
worm,gaba_potentiation|k2p_potentiation|complex_i_block|snare_cooperativity|nca_block|nachr_antagonism|glucl_potentiation,isoflurane,10.0,219,0.0,21.986979166666668,6.8502777777777775
worm,gaba_potentiation|k2p_potentiation|complex_i_block|snare_cooperativity|nca_block|nachr_antagonism|glucl_potentiation,isoflurane,10.0,331,0.0,21.338541666666668,6.634722222222222
worm,k2p_potentiation|complex_i_block|snare_cooperativity|nca_block|nachr_antagonism|glucl_potentiation,isoflurane,290.0,443,0.375,3.859375,1.1216666666666666
worm,k2p_potentiation|complex_i_block|snare_cooperativity|nca_block|nachr_antagonism|glucl_potentiation,isoflurane,500.0,42,0.6041666666666666,2.546875,0.7101388888888889
worm,k2p_potentiation|complex_i_block|snare_cooperativity|nca_block|nachr_antagonism|glucl_potentiation,isoflurane,500.0,137,0.6458333333333334,2.2682291666666665,0.6723611111111111
worm,k2p_potentiation|complex_i_block|snare_cooperativity|nca_block|nachr_antagonism|glucl_potentiation,isoflurane,500.0,219,0.625,2.6588541666666665,0.7544444444444445
worm,gaba_potentiation|k2p_potentiation|complex_i_block|snare_cooperativity|nca_block|nachr_antagonism|glucl_potentiation,isoflurane,30.0,331,0.0,17.3984375,5.354305555555555
worm,gaba_potentiation|k2p_potentiation|complex_i_block|snare_cooperativity|nca_block|nachr_antagonism|glucl_potentiation,isoflurane,30.0,443,0.0,17.869791666666668,5.466666666666667
worm,gaba_potentiation|k2p_potentiation|complex_i_block|snare_cooperativity|nca_block|nachr_antagonism|glucl_potentiation,isoflurane,100.0,42,0.0,10.080729166666666,2.9355555555555557
worm,gaba_potentiation|k2p_potentiation|complex_i_block|snare_cooperativity|nca_block|nachr_antagonism|glucl_potentiation,isoflurane,100.0,137,0.0,9.221354166666666,2.73
worm,gaba_potentiation|k2p_potentiation|complex_i_block|snare_cooperativity|nca_block|nachr_antagonism|glucl_potentiation,isoflurane,200.0,137,0.125,5.15625,1.4554166666666666
worm,gaba_potentiation|k2p_potentiation|complex_i_block|snare_cooperativity|nca_block|nachr_antagonism|glucl_potentiation,isoflurane,200.0,219,0.10416666666666667,5.619791666666667,1.5895833333333333
worm,gaba_potentiation|k2p_potentiation|complex_i_block|snare_cooperativity|nca_block|nachr_antagonism|glucl_potentiation,isoflurane,200.0,331,0.08333333333333333,5.609375,1.5545833333333334
worm,gaba_potentiation|k2p_potentiation|complex_i_block|snare_cooperativity|nca_block|nachr_antagonism|glucl_potentiation,isoflurane,200.0,443,0.14583333333333334,4.903645833333333,1.4140277777777779
worm,gaba_potentiation|k2p_potentiation|complex_i_block|snare_cooperativity|nca_block|nachr_antagonism|glucl_potentiation,isoflurane,100.0,219,0.0,10.098958333333334,2.970138888888889
worm,gaba_potentiation|k2p_potentiation|complex_i_block|snare_cooperativity|nca_block|nachr_antagonism|glucl_potentiation,isoflurane,100.0,331,0.020833333333333332,10.059895833333334,2.9518055555555556
worm,gaba_potentiation|k2p_potentiation|complex_i_block|snare_cooperativity|nca_block|nachr_antagonism|glucl_potentiation,isoflurane,100.0,443,0.020833333333333332,9.822916666666666,2.8870833333333334
worm,gaba_potentiation|k2p_potentiation|complex_i_block|snare_cooperativity|nca_block|nachr_antagonism|glucl_potentiation,isoflurane,200.0,42,0.10416666666666667,5.442708333333333,1.5293055555555555
worm,gaba_potentiation|k2p_potentiation|complex_i_block|snare_cooperativity|nca_block|nachr_antagonism|glucl_potentiation,isoflurane,10.0,443,0.0,22.223958333333332,6.911527777777778
worm,gaba_potentiation|k2p_potentiation|complex_i_block|snare_cooperativity|nca_block|nachr_antagonism|glucl_potentiation,isoflurane,30.0,42,0.0,17.71875,5.420833333333333
worm,gaba_potentiation|k2p_potentiation|complex_i_block|snare_cooperativity|nca_block|nachr_antagonism|glucl_potentiation,isoflurane,30.0,137,0.0,16.736979166666668,5.1809722222222225
worm,gaba_potentiation|k2p_potentiation|complex_i_block|snare_cooperativity|nca_block|nachr_antagonism|glucl_potentiation,isoflurane,30.0,219,0.0,18.309895833333332,5.637777777777778
worm,gaba_potentiation|k2p_potentiation|complex_i_block|snare_cooperativity|nca_block|nachr_antagonism|glucl_potentiation,isoflurane,500.0,331,0.75,2.1276041666666665,0.5851388888888889
worm,gaba_potentiation|k2p_potentiation|complex_i_block|snare_cooperativity|nca_block|nachr_antagonism|glucl_potentiation,isoflurane,500.0,443,0.8958333333333334,1.3046875,0.4636111111111111
worm,gaba_potentiation|k2p_potentiation|complex_i_block|snare_cooperativity|nca_block|nachr_antagonism|glucl_potentiation,isoflurane,1000.0,42,0.9791666666666666,0.921875,0.31027777777777776
worm,gaba_potentiation|k2p_potentiation|complex_i_block|snare_cooperativity|nca_block|nachr_antagonism|glucl_potentiation,isoflurane,1000.0,137,1.0,0.890625,0.2947222222222222
worm,gaba_potentiation|k2p_potentiation|complex_i_block|snare_cooperativity|nca_block|nachr_antagonism|glucl_potentiation,isoflurane,290.0,443,0.5625,3.1432291666666665,0.9183333333333333
worm,gaba_potentiation|k2p_potentiation|complex_i_block|snare_cooperativity|nca_block|nachr_antagonism|glucl_potentiation,isoflurane,500.0,42,0.8333333333333334,1.8098958333333333,0.5206944444444445
worm,gaba_potentiation|k2p_potentiation|complex_i_block|snare_cooperativity|nca_block|nachr_antagonism|glucl_potentiation,isoflurane,500.0,137,0.9166666666666666,1.7265625,0.5180555555555556
worm,gaba_potentiation|k2p_potentiation|complex_i_block|snare_cooperativity|nca_block|nachr_antagonism|glucl_potentiation,isoflurane,500.0,219,0.75,1.875,0.5530555555555555
worm,gaba_potentiation|k2p_potentiation|complex_i_block|snare_cooperativity|nca_block|nachr_antagonism|glucl_potentiation,isoflurane,290.0,42,0.3541666666666667,3.7552083333333335,1.0272222222222223
worm,gaba_potentiation|k2p_potentiation|complex_i_block|snare_cooperativity|nca_block|nachr_antagonism|glucl_potentiation,isoflurane,290.0,137,0.5,3.2916666666666665,0.9429166666666666
worm,gaba_potentiation|k2p_potentiation|complex_i_block|snare_cooperativity|nca_block|nachr_antagonism|glucl_potentiation,isoflurane,290.0,219,0.2708333333333333,4.041666666666667,1.1180555555555556
worm,gaba_potentiation|k2p_potentiation|complex_i_block|snare_cooperativity|nca_block|nachr_antagonism|glucl_potentiation,isoflurane,290.0,331,0.3333333333333333,3.7916666666666665,1.0356944444444445
worm,gaba_potentiation|k2p_potentiation|complex_i_block|snare_cooperativity|nca_block|nachr_antagonism|glucl_potentiation,isoflurane,1000.0,219,0.9791666666666666,1.0286458333333333,0.32708333333333334
worm,gaba_potentiation|k2p_potentiation|complex_i_block|snare_cooperativity|nca_block|nachr_antagonism|glucl_potentiation,isoflurane,1000.0,331,0.9791666666666666,1.0755208333333333,0.32916666666666666
worm,gaba_potentiation|k2p_potentiation|complex_i_block|snare_cooperativity|nca_block|nachr_antagonism|glucl_potentiation,isoflurane,1000.0,443,1.0,0.625,0.2786111111111111
worm,gaba_potentiation|k2p_potentiation|complex_i_block|snare_cooperativity|nca_block|nachr_antagonism|glucl_potentiation,isoflurane,3000.0,42,1.0,0.46875,0.1934722222222222
worm,gaba_potentiation|k2p_potentiation|complex_i_block|snare_cooperativity|nca_block|nachr_antagonism|glucl_potentiation,isoflurane,3000.0,137,1.0,0.4791666666666667,0.19180555555555556
worm,gaba_potentiation|k2p_potentiation|complex_i_block|snare_cooperativity|nca_block|nachr_antagonism|glucl_potentiation,isoflurane,3000.0,219,1.0,0.5234375,0.19722222222222222
worm,gaba_potentiation|k2p_potentiation|complex_i_block|snare_cooperativity|nca_block|nachr_antagonism|glucl_potentiation,isoflurane,3000.0,331,1.0,0.5390625,0.20402777777777778
worm,gaba_potentiation|k2p_potentiation|complex_i_block|snare_cooperativity|nca_block|nachr_antagonism|glucl_potentiation,isoflurane,3000.0,443,1.0,0.2630208333333333,0.1736111111111111
fly,gaba_potentiation|k2p_potentiation|complex_i_block|snare_cooperativity|nca_block|nachr_antagonism,isoflurane,10.0,443,0.0,1.8922872340425532,2.056444783197832
fly,gaba_potentiation|k2p_potentiation|complex_i_block|snare_cooperativity|nca_block|nachr_antagonism,isoflurane,30.0,42,0.0,1.7250506585612968,1.840672990063234
fly,gaba_potentiation|k2p_potentiation|complex_i_block|snare_cooperativity|nca_block|nachr_antagonism,isoflurane,30.0,137,0.0,1.6945288753799392,1.826784101174345
fly,gaba_potentiation|k2p_potentiation|complex_i_block|snare_cooperativity|nca_block|nachr_antagonism,isoflurane,30.0,219,0.0,1.6897796352583587,1.8039041327913279
fly,gaba_potentiation|k2p_potentiation|complex_i_block|snare_cooperativity|nca_block|nachr_antagonism,isoflurane,200.0,137,0.0,1.198644883485309,1.2404866757000903
fly,gaba_potentiation|k2p_potentiation|complex_i_block|snare_cooperativity|nca_block|nachr_antagonism,isoflurane,200.0,219,0.0,1.1996580547112463,1.2330623306233062
fly,gaba_potentiation|k2p_potentiation|complex_i_block|snare_cooperativity|nca_block|nachr_antagonism,isoflurane,200.0,331,0.0,1.206306990881459,1.2369721093044264
fly,gaba_potentiation|k2p_potentiation|complex_i_block|snare_cooperativity|nca_block|nachr_antagonism,isoflurane,200.0,443,0.0,1.202001013171226,1.229858288166215
fly,gaba_potentiation|k2p_potentiation|complex_i_block|snare_cooperativity|nca_block|nachr_antagonism,isoflurane,290.0,42,0.041666666666666664,1.1163247213779128,1.135035569105691
fly,gaba_potentiation|k2p_potentiation|complex_i_block|snare_cooperativity|nca_block|nachr_antagonism,isoflurane,290.0,137,0.0625,1.1083459979736576,1.139721657633243
fly,gaba_potentiation|k2p_potentiation|complex_i_block|snare_cooperativity|nca_block|nachr_antagonism,isoflurane,290.0,219,0.020833333333333332,1.1067629179331306,1.130758807588076
fly,gaba_potentiation|k2p_potentiation|complex_i_block|snare_cooperativity|nca_block|nachr_antagonism,isoflurane,290.0,331,0.0,1.1073328267477203,1.1355860433604337
fly,gaba_potentiation|k2p_potentiation|complex_i_block|snare_cooperativity|nca_block|nachr_antagonism,isoflurane,100.0,219,0.0,1.3856382978723403,1.4448537714543812
fly,gaba_potentiation|k2p_potentiation|complex_i_block|snare_cooperativity|nca_block|nachr_antagonism,isoflurane,100.0,331,0.0,1.3989361702127658,1.4571194670280037
fly,gaba_potentiation|k2p_potentiation|complex_i_block|snare_cooperativity|nca_block|nachr_antagonism,isoflurane,100.0,443,0.0,1.388804457953394,1.4389961607949413
fly,gaba_potentiation|k2p_potentiation|complex_i_block|snare_cooperativity|nca_block|nachr_antagonism,isoflurane,200.0,42,0.0,1.2148556231003038,1.2402043812104788
fly,gaba_potentiation|k2p_potentiation|complex_i_block|snare_cooperativity|nca_block|nachr_antagonism,isoflurane,30.0,331,0.0,1.7204280648429584,1.838160569105691
fly,gaba_potentiation|k2p_potentiation|complex_i_block|snare_cooperativity|nca_block|nachr_antagonism,isoflurane,30.0,443,0.0,1.6861702127659572,1.8104110207768744
fly,gaba_potentiation|k2p_potentiation|complex_i_block|snare_cooperativity|nca_block|nachr_antagonism,isoflurane,100.0,42,0.0,1.4073581560283686,1.4590672990063234
fly,gaba_potentiation|k2p_potentiation|complex_i_block|snare_cooperativity|nca_block|nachr_antagonism,isoflurane,100.0,137,0.0,1.387031408308004,1.4550022583559168
fly,gaba_potentiation|k2p_potentiation|complex_i_block|snare_cooperativity|nca_block|nachr_antagonism,isoflurane,10.0,42,0.0,1.939463019250253,2.105027664859982
fly,gaba_potentiation|k2p_potentiation|complex_i_block|snare_cooperativity|nca_block|nachr_antagonism,isoflurane,10.0,137,0.0,1.9034321175278623,2.0863821138211383
fly,gaba_potentiation|k2p_potentiation|complex_i_block|snare_cooperativity|nca_block|nachr_antagonism,isoflurane,10.0,219,0.0,1.8829787234042552,2.0383214769647697
fly,gaba_potentiation|k2p_potentiation|complex_i_block|snare_cooperativity|nca_block|nachr_antagonism,isoflurane,10.0,331,0.0,1.931800911854103,2.100440379403794
fly,gaba_potentiation|k2p_potentiation|complex_i_block|snare_cooperativity|nca_block|nachr_antagonism,isoflurane,1000.0,219,1.0,0.8868414387031409,0.8971883468834688
fly,gaba_potentiation|k2p_potentiation|complex_i_block|snare_cooperativity|nca_block|nachr_antagonism,isoflurane,1000.0,331,1.0,0.8926671732522796,0.8996019647696477
fly,gaba_potentiation|k2p_potentiation|complex_i_block|snare_cooperativity|nca_block|nachr_antagonism,isoflurane,1000.0,443,0.9791666666666666,0.8970364741641337,0.8979787714543812
fly,gaba_potentiation|k2p_potentiation|complex_i_block|snare_cooperativity|nca_block|nachr_antagonism,isoflurane,3000.0,42,1.0,0.804901215805471,0.809056007226739
fly,gaba_potentiation|k2p_potentiation|complex_i_block|snare_cooperativity|nca_block|nachr_antagonism,isoflurane,500.0,331,0.5208333333333334,0.9931610942249239,1.011404697380307
fly,gaba_potentiation|k2p_potentiation|complex_i_block|snare_cooperativity|nca_block|nachr_antagonism,isoflurane,500.0,443,0.5208333333333334,0.9960106382978724,1.0060269873532068
fly,gaba_potentiation|k2p_potentiation|complex_i_block|snare_cooperativity|nca_block|nachr_antagonism,isoflurane,1000.0,42,0.9791666666666666,0.8880445795339412,0.8977105916892503
fly,gaba_potentiation|k2p_potentiation|complex_i_block|snare_cooperativity|nca_block|nachr_antagonism,isoflurane,1000.0,137,0.9583333333333334,0.8898176291793312,0.9039916440831075
fly,gaba_potentiation|k2p_potentiation|complex_i_block|snare_cooperativity|nca_block|nachr_antagonism,isoflurane,290.0,443,0.041666666666666664,1.111258865248227,1.128246386630533
fly,gaba_potentiation|k2p_potentiation|complex_i_block|snare_cooperativity|nca_block|nachr_antagonism,isoflurane,500.0,42,0.4791666666666667,0.9960106382978724,1.0086805555555556
fly,gaba_potentiation|k2p_potentiation|complex_i_block|snare_cooperativity|nca_block|nachr_antagonism,isoflurane,500.0,137,0.5833333333333334,0.9915780141843972,1.0135924796747968
fly,gaba_potentiation|k2p_potentiation|complex_i_block|snare_cooperativity|nca_block|nachr_antagonism,isoflurane,500.0,219,0.6458333333333334,0.9924645390070923,1.0072973125564588
fly,gaba_potentiation|k2p_potentiation|complex_i_block|snare_cooperativity|nca_block|glucl_potentiation,isoflurane,30.0,331,0.0,1.7327760891590678,1.8487748419150858
fly,gaba_potentiation|k2p_potentiation|complex_i_block|snare_cooperativity|nca_block|glucl_potentiation,isoflurane,30.0,443,0.0,1.696808510638298,1.819557362240289
fly,gaba_potentiation|k2p_potentiation|complex_i_block|snare_cooperativity|nca_block|glucl_potentiation,isoflurane,100.0,42,0.0,1.4269250253292807,1.4816226287262872
fly,gaba_potentiation|k2p_potentiation|complex_i_block|snare_cooperativity|nca_block|glucl_potentiation,isoflurane,100.0,137,0.0,1.4068515704154005,1.4776705058717254
fly,gaba_potentiation|k2p_potentiation|complex_i_block|snare_cooperativity|nca_block|nachr_antagonism,isoflurane,3000.0,137,1.0,0.8036347517730497,0.8144196025293586
fly,gaba_potentiation|k2p_potentiation|complex_i_block|snare_cooperativity|nca_block|nachr_antagonism,isoflurane,3000.0,219,1.0,0.8011651469098279,0.8103404471544715
fly,gaba_potentiation|k2p_potentiation|complex_i_block|snare_cooperativity|nca_block|nachr_antagonism,isoflurane,3000.0,331,1.0,0.8099037487335359,0.8113143631436315
fly,gaba_potentiation|k2p_potentiation|complex_i_block|snare_cooperativity|nca_block|nachr_antagonism,isoflurane,3000.0,443,1.0,0.8097771023302939,0.8115825429087624
fly,gaba_potentiation|k2p_potentiation|complex_i_block|snare_cooperativity|nca_block|glucl_potentiation,isoflurane,10.0,42,0.0,1.9302811550151973,2.0904048102981028
fly,gaba_potentiation|k2p_potentiation|complex_i_block|snare_cooperativity|nca_block|glucl_potentiation,isoflurane,10.0,137,0.0,1.9173632218844983,2.0995793812104786
fly,gaba_potentiation|k2p_potentiation|complex_i_block|snare_cooperativity|nca_block|glucl_potentiation,isoflurane,10.0,219,0.0,1.8903242147922998,2.0467620822041552
fly,gaba_potentiation|k2p_potentiation|complex_i_block|snare_cooperativity|nca_block|glucl_potentiation,isoflurane,10.0,331,0.0,1.9331306990881458,2.10278342366757
fly,gaba_potentiation|k2p_potentiation|complex_i_block|snare_cooperativity|nca_block|glucl_potentiation,isoflurane,100.0,219,0.0,1.4060283687943265,1.4691310975609757
fly,gaba_potentiation|k2p_potentiation|complex_i_block|snare_cooperativity|nca_block|glucl_potentiation,isoflurane,100.0,331,0.0,1.4192629179331309,1.4803381887985547
fly,gaba_potentiation|k2p_potentiation|complex_i_block|snare_cooperativity|nca_block|glucl_potentiation,isoflurane,100.0,443,0.0,1.4097644376899694,1.4614385727190604
fly,gaba_potentiation|k2p_potentiation|complex_i_block|snare_cooperativity|nca_block|glucl_potentiation,isoflurane,200.0,42,0.0,1.2413247213779128,1.267897470641373
fly,gaba_potentiation|k2p_potentiation|complex_i_block|snare_cooperativity|nca_block|glucl_potentiation,isoflurane,10.0,443,0.0,1.9104609929078016,2.0793388663053296
fly,gaba_potentiation|k2p_potentiation|complex_i_block|snare_cooperativity|nca_block|glucl_potentiation,isoflurane,30.0,42,0.0,1.733535967578521,1.84619184733514
fly,gaba_potentiation|k2p_potentiation|complex_i_block|snare_cooperativity|nca_block|glucl_potentiation,isoflurane,30.0,137,0.0,1.7082066869300911,1.8419150858175248
fly,gaba_potentiation|k2p_potentiation|complex_i_block|snare_cooperativity|nca_block|glucl_potentiation,isoflurane,30.0,219,0.0,1.7016843971631204,1.8155346657633242
fly,gaba_potentiation|k2p_potentiation|complex_i_block|snare_cooperativity|nca_block|glucl_potentiation,isoflurane,200.0,137,0.0,1.2242907801418441,1.266768292682927
fly,gaba_potentiation|k2p_potentiation|complex_i_block|snare_cooperativity|nca_block|glucl_potentiation,isoflurane,200.0,219,0.0,1.2264437689969605,1.259668586269196
fly,gaba_potentiation|k2p_potentiation|complex_i_block|snare_cooperativity|nca_block|glucl_potentiation,isoflurane,200.0,331,0.0,1.2330293819655522,1.2639312330623307
fly,gaba_potentiation|k2p_potentiation|complex_i_block|snare_cooperativity|nca_block|glucl_potentiation,isoflurane,200.0,443,0.0,1.2250506585612968,1.2571985094850948
fly,gaba_potentiation|k2p_potentiation|complex_i_block|snare_cooperativity|nca_block|glucl_potentiation,isoflurane,1000.0,219,0.9166666666666666,0.9192629179331308,0.9293558039747064
fly,gaba_potentiation|k2p_potentiation|complex_i_block|snare_cooperativity|nca_block|glucl_potentiation,isoflurane,1000.0,331,0.9791666666666666,0.9221757852077,0.9317976513098465
fly,gaba_potentiation|k2p_potentiation|complex_i_block|snare_cooperativity|nca_block|glucl_potentiation,isoflurane,1000.0,443,0.9166666666666666,0.9271149949341438,0.9296522131887985
fly,gaba_potentiation|k2p_potentiation|complex_i_block|snare_cooperativity|nca_block|glucl_potentiation,isoflurane,3000.0,42,1.0,0.8366261398176293,0.8419574299909666
fly,gaba_potentiation|k2p_potentiation|complex_i_block|snare_cooperativity|nca_block|glucl_potentiation,isoflurane,290.0,42,0.0,1.1453900709219857,1.165819783197832
fly,gaba_potentiation|k2p_potentiation|complex_i_block|snare_cooperativity|nca_block|glucl_potentiation,isoflurane,290.0,137,0.0,1.13443515704154,1.1682898599819331
fly,gaba_potentiation|k2p_potentiation|complex_i_block|snare_cooperativity|nca_block|glucl_potentiation,isoflurane,290.0,219,0.0,1.1334853090172239,1.1606537940379404
fly,gaba_potentiation|k2p_potentiation|complex_i_block|snare_cooperativity|nca_block|glucl_potentiation,isoflurane,290.0,331,0.0,1.1366514690982774,1.1635896567299007
fly,gaba_potentiation|k2p_potentiation|complex_i_block|nca_block|nachr_antagonism|glucl_potentiation,isoflurane,10.0,443,0.0,1.9549138804457955,2.1500395212285457
fly,gaba_potentiation|k2p_potentiation|complex_i_block|nca_block|nachr_antagonism|glucl_potentiation,isoflurane,30.0,42,0.0,1.8192755825734548,1.975369805781391
fly,gaba_potentiation|k2p_potentiation|complex_i_block|nca_block|nachr_antagonism|glucl_potentiation,isoflurane,30.0,137,0.0,1.7867907801418441,1.951925248419151
fly,gaba_potentiation|k2p_potentiation|complex_i_block|nca_block|nachr_antagonism|glucl_potentiation,isoflurane,30.0,219,0.0,1.7567122593718338,1.8967507904245708
fly,gaba_potentiation|k2p_potentiation|complex_i_block|snare_cooperativity|nca_block|glucl_potentiation,isoflurane,500.0,331,0.3125,1.0231762917933132,1.041525519421861
fly,gaba_potentiation|k2p_potentiation|complex_i_block|snare_cooperativity|nca_block|glucl_potentiation,isoflurane,500.0,443,0.2916666666666667,1.027482269503546,1.035667908762421
fly,gaba_potentiation|k2p_potentiation|complex_i_block|snare_cooperativity|nca_block|glucl_potentiation,isoflurane,1000.0,42,0.9375,0.9190729483282674,0.9291299683830172
fly,gaba_potentiation|k2p_potentiation|complex_i_block|snare_cooperativity|nca_block|glucl_potentiation,isoflurane,1000.0,137,0.8541666666666666,0.9191362715298886,0.9352134146341463
fly,gaba_potentiation|k2p_potentiation|complex_i_block|snare_cooperativity|nca_block|glucl_potentiation,isoflurane,290.0,443,0.0,1.1398176291793314,1.1579578816621499
fly,gaba_potentiation|k2p_potentiation|complex_i_block|snare_cooperativity|nca_block|glucl_potentiation,isoflurane,500.0,42,0.22916666666666666,1.026595744680851,1.0381944444444444
fly,gaba_potentiation|k2p_potentiation|complex_i_block|snare_cooperativity|nca_block|glucl_potentiation,isoflurane,500.0,137,0.375,1.0220997973657548,1.0440379403794038
fly,gaba_potentiation|k2p_potentiation|complex_i_block|snare_cooperativity|nca_block|glucl_potentiation,isoflurane,500.0,219,0.3333333333333333,1.0237462006079028,1.0380815266485999
fly,gaba_potentiation|k2p_potentiation|complex_i_block|nca_block|nachr_antagonism|glucl_potentiation,isoflurane,200.0,137,0.0,1.230306484295846,1.3061907181571815
fly,gaba_potentiation|k2p_potentiation|complex_i_block|nca_block|nachr_antagonism|glucl_potentiation,isoflurane,200.0,219,0.0,1.2352456940222898,1.3015469738030714
fly,gaba_potentiation|k2p_potentiation|complex_i_block|nca_block|nachr_antagonism|glucl_potentiation,isoflurane,200.0,331,0.0,1.2433510638297873,1.307009372177055
fly,gaba_potentiation|k2p_potentiation|complex_i_block|nca_block|nachr_antagonism|glucl_potentiation,isoflurane,200.0,443,0.0,1.2323328267477203,1.2907633242999097
fly,gaba_potentiation|k2p_potentiation|complex_i_block|nca_block|nachr_antagonism|glucl_potentiation,isoflurane,290.0,443,0.020833333333333332,1.1331686930091185,1.1811342592592593
fly,gaba_potentiation|k2p_potentiation|complex_i_block|nca_block|nachr_antagonism|glucl_potentiation,isoflurane,500.0,42,0.375,1.0031028368794326,1.0454211833785005
fly,gaba_potentiation|k2p_potentiation|complex_i_block|nca_block|nachr_antagonism|glucl_potentiation,isoflurane,500.0,137,0.4583333333333333,1.0034827760891591,1.0540593947606143
fly,gaba_potentiation|k2p_potentiation|complex_i_block|nca_block|nachr_antagonism|glucl_potentiation,isoflurane,500.0,219,0.5416666666666666,1.0003799392097263,1.0439814814814814
fly,gaba_potentiation|k2p_potentiation|complex_i_block|snare_cooperativity|nca_block|glucl_potentiation,isoflurane,3000.0,137,1.0,0.8363095238095237,0.847193992773261
fly,gaba_potentiation|k2p_potentiation|complex_i_block|snare_cooperativity|nca_block|glucl_potentiation,isoflurane,3000.0,219,1.0,0.8323834853090171,0.840941169828365
fly,gaba_potentiation|k2p_potentiation|complex_i_block|snare_cooperativity|nca_block|glucl_potentiation,isoflurane,3000.0,331,1.0,0.839982269503546,0.8433124435411021
fly,gaba_potentiation|k2p_potentiation|complex_i_block|snare_cooperativity|nca_block|glucl_potentiation,isoflurane,3000.0,443,1.0,0.8428951367781155,0.8422256097560976
fly,gaba_potentiation|k2p_potentiation|complex_i_block|nca_block|nachr_antagonism|glucl_potentiation,isoflurane,10.0,42,0.0,2.0148809523809526,2.1957429990966575
fly,gaba_potentiation|k2p_potentiation|complex_i_block|nca_block|nachr_antagonism|glucl_potentiation,isoflurane,10.0,137,0.0,1.9795466058763933,2.1801179990966575
fly,gaba_potentiation|k2p_potentiation|complex_i_block|nca_block|nachr_antagonism|glucl_potentiation,isoflurane,10.0,219,0.0,1.9608662613981764,2.1354590108401084
fly,gaba_potentiation|k2p_potentiation|complex_i_block|nca_block|nachr_antagonism|glucl_potentiation,isoflurane,10.0,331,0.0,1.976127152988855,2.151690943992773
fly,gaba_potentiation|k2p_potentiation|complex_i_block|nca_block|nachr_antagonism|glucl_potentiation,isoflurane,500.0,331,0.4583333333333333,1.0032928064842959,1.0488934056007226
fly,gaba_potentiation|k2p_potentiation|complex_i_block|nca_block|nachr_antagonism|glucl_potentiation,isoflurane,500.0,443,0.4375,1.0055091185410334,1.0418078139114724
fly,gaba_potentiation|k2p_potentiation|complex_i_block|nca_block|nachr_antagonism|glucl_potentiation,isoflurane,1000.0,42,0.9791666666666666,0.8914640324214792,0.9222984417344173
fly,gaba_potentiation|k2p_potentiation|complex_i_block|nca_block|nachr_antagonism|glucl_potentiation,isoflurane,1000.0,137,0.9375,0.8927938196555217,0.9293981481481481
fly,gaba_potentiation|k2p_potentiation|complex_i_block|nca_block|nachr_antagonism|glucl_potentiation,isoflurane,30.0,331,0.0,1.8008485309017221,1.945531278229449
fly,gaba_potentiation|k2p_potentiation|complex_i_block|nca_block|nachr_antagonism|glucl_potentiation,isoflurane,30.0,443,0.0,1.7754559270516719,1.9292993450767841
fly,gaba_potentiation|k2p_potentiation|complex_i_block|nca_block|nachr_antagonism|glucl_potentiation,isoflurane,100.0,42,0.0,1.4624493414387032,1.5478348012646792
fly,gaba_potentiation|k2p_potentiation|complex_i_block|nca_block|nachr_antagonism|glucl_potentiation,isoflurane,100.0,137,0.0,1.4407294832826747,1.5532548554652212
fly,gaba_potentiation|k2p_potentiation|complex_i_block|nca_block|nachr_antagonism|glucl_potentiation,isoflurane,100.0,219,0.0,1.4390197568389056,1.5338329945799458
fly,gaba_potentiation|k2p_potentiation|complex_i_block|nca_block|nachr_antagonism|glucl_potentiation,isoflurane,100.0,331,0.0,1.4661220871327254,1.5590701219512195
fly,gaba_potentiation|k2p_potentiation|complex_i_block|nca_block|nachr_antagonism|glucl_potentiation,isoflurane,100.0,443,0.0,1.4450987841945289,1.534792795844625
fly,gaba_potentiation|k2p_potentiation|complex_i_block|nca_block|nachr_antagonism|glucl_potentiation,isoflurane,200.0,42,0.0,1.2496200607902737,1.3102981029810299
fly,gaba_potentiation|k2p_potentiation|complex_i_block|nca_block|nachr_antagonism|glucl_potentiation,isoflurane,290.0,42,0.0,1.1403875379939208,1.1866107723577235
fly,gaba_potentiation|k2p_potentiation|complex_i_block|nca_block|nachr_antagonism|glucl_potentiation,isoflurane,290.0,137,0.0,1.1299392097264438,1.1908028455284554
fly,gaba_potentiation|k2p_potentiation|complex_i_block|nca_block|nachr_antagonism|glucl_potentiation,isoflurane,290.0,219,0.020833333333333332,1.1291160081053697,1.1834914182475158
fly,gaba_potentiation|k2p_potentiation|complex_i_block|nca_block|nachr_antagonism|glucl_potentiation,isoflurane,290.0,331,0.0,1.1362082066869301,1.19164972899729
fly,gaba_potentiation|k2p_potentiation|complex_i_block|nca_block|nachr_antagonism|glucl_potentiation,isoflurane,3000.0,137,1.0,0.7974290780141843,0.8268264453477868
fly,gaba_potentiation|k2p_potentiation|complex_i_block|nca_block|nachr_antagonism|glucl_potentiation,isoflurane,3000.0,219,1.0,0.7912234042553191,0.8200796070460704
fly,gaba_potentiation|k2p_potentiation|complex_i_block|nca_block|nachr_antagonism|glucl_potentiation,isoflurane,3000.0,331,1.0,0.7990121580547113,0.8218721770551038
fly,gaba_potentiation|k2p_potentiation|complex_i_block|nca_block|nachr_antagonism|glucl_potentiation,isoflurane,3000.0,443,1.0,0.7990754812563323,0.822069783197832
fly,k2p_potentiation|complex_i_block|snare_cooperativity|nca_block|nachr_antagonism|glucl_potentiation,isoflurane,30.0,331,0.0,1.7327760891590678,1.8487748419150858
fly,k2p_potentiation|complex_i_block|snare_cooperativity|nca_block|nachr_antagonism|glucl_potentiation,isoflurane,30.0,443,0.0,1.696808510638298,1.819557362240289
fly,k2p_potentiation|complex_i_block|snare_cooperativity|nca_block|nachr_antagonism|glucl_potentiation,isoflurane,100.0,42,0.0,1.4269250253292807,1.4816226287262872
fly,k2p_potentiation|complex_i_block|snare_cooperativity|nca_block|nachr_antagonism|glucl_potentiation,isoflurane,100.0,137,0.0,1.4068515704154005,1.4776705058717254
fly,k2p_potentiation|complex_i_block|snare_cooperativity|nca_block|nachr_antagonism|glucl_potentiation,isoflurane,100.0,219,0.0,1.4060283687943265,1.4691310975609757
fly,k2p_potentiation|complex_i_block|snare_cooperativity|nca_block|nachr_antagonism|glucl_potentiation,isoflurane,100.0,331,0.0,1.4192629179331309,1.4803381887985547
fly,k2p_potentiation|complex_i_block|snare_cooperativity|nca_block|nachr_antagonism|glucl_potentiation,isoflurane,100.0,443,0.0,1.4097644376899694,1.4614385727190604
fly,k2p_potentiation|complex_i_block|snare_cooperativity|nca_block|nachr_antagonism|glucl_potentiation,isoflurane,200.0,42,0.0,1.2413247213779128,1.267897470641373
fly,gaba_potentiation|k2p_potentiation|complex_i_block|nca_block|nachr_antagonism|glucl_potentiation,isoflurane,1000.0,219,1.0,0.8836752786220871,0.9205341011743451
fly,gaba_potentiation|k2p_potentiation|complex_i_block|nca_block|nachr_antagonism|glucl_potentiation,isoflurane,1000.0,331,1.0,0.8915273556231004,0.9211974932249323
fly,gaba_potentiation|k2p_potentiation|complex_i_block|nca_block|nachr_antagonism|glucl_potentiation,isoflurane,1000.0,443,1.0,0.8926038500506586,0.9213809846431797
fly,gaba_potentiation|k2p_potentiation|complex_i_block|nca_block|nachr_antagonism|glucl_potentiation,isoflurane,3000.0,42,1.0,0.7946428571428571,0.8189080849141824
fly,k2p_potentiation|complex_i_block|snare_cooperativity|nca_block|nachr_antagonism|glucl_potentiation,isoflurane,290.0,443,0.0,1.1398176291793314,1.1579578816621499
fly,k2p_potentiation|complex_i_block|snare_cooperativity|nca_block|nachr_antagonism|glucl_potentiation,isoflurane,500.0,42,0.22916666666666666,1.026595744680851,1.0381944444444444
fly,k2p_potentiation|complex_i_block|snare_cooperativity|nca_block|nachr_antagonism|glucl_potentiation,isoflurane,500.0,137,0.375,1.0220997973657548,1.0440379403794038
fly,k2p_potentiation|complex_i_block|snare_cooperativity|nca_block|nachr_antagonism|glucl_potentiation,isoflurane,500.0,219,0.3333333333333333,1.0237462006079028,1.0380815266485999
fly,k2p_potentiation|complex_i_block|snare_cooperativity|nca_block|nachr_antagonism|glucl_potentiation,isoflurane,10.0,42,0.0,1.9302811550151973,2.0904048102981028
fly,k2p_potentiation|complex_i_block|snare_cooperativity|nca_block|nachr_antagonism|glucl_potentiation,isoflurane,10.0,137,0.0,1.9173632218844983,2.0995793812104786
fly,k2p_potentiation|complex_i_block|snare_cooperativity|nca_block|nachr_antagonism|glucl_potentiation,isoflurane,10.0,219,0.0,1.8903242147922998,2.0467620822041552
fly,k2p_potentiation|complex_i_block|snare_cooperativity|nca_block|nachr_antagonism|glucl_potentiation,isoflurane,10.0,331,0.0,1.9331306990881458,2.10278342366757
fly,k2p_potentiation|complex_i_block|snare_cooperativity|nca_block|nachr_antagonism|glucl_potentiation,isoflurane,10.0,443,0.0,1.9104609929078016,2.0793388663053296
fly,k2p_potentiation|complex_i_block|snare_cooperativity|nca_block|nachr_antagonism|glucl_potentiation,isoflurane,30.0,42,0.0,1.733535967578521,1.84619184733514
fly,k2p_potentiation|complex_i_block|snare_cooperativity|nca_block|nachr_antagonism|glucl_potentiation,isoflurane,30.0,137,0.0,1.7082066869300911,1.8419150858175248
fly,k2p_potentiation|complex_i_block|snare_cooperativity|nca_block|nachr_antagonism|glucl_potentiation,isoflurane,30.0,219,0.0,1.7016843971631204,1.8155346657633242
fly,k2p_potentiation|complex_i_block|snare_cooperativity|nca_block|nachr_antagonism|glucl_potentiation,isoflurane,200.0,137,0.0,1.2242907801418441,1.266768292682927
fly,k2p_potentiation|complex_i_block|snare_cooperativity|nca_block|nachr_antagonism|glucl_potentiation,isoflurane,200.0,219,0.0,1.2264437689969605,1.259668586269196
fly,k2p_potentiation|complex_i_block|snare_cooperativity|nca_block|nachr_antagonism|glucl_potentiation,isoflurane,200.0,331,0.0,1.2330293819655522,1.2639312330623307
fly,k2p_potentiation|complex_i_block|snare_cooperativity|nca_block|nachr_antagonism|glucl_potentiation,isoflurane,200.0,443,0.0,1.2250506585612968,1.2571985094850948
fly,k2p_potentiation|complex_i_block|snare_cooperativity|nca_block|nachr_antagonism|glucl_potentiation,isoflurane,3000.0,137,1.0,0.8363095238095237,0.847193992773261
fly,k2p_potentiation|complex_i_block|snare_cooperativity|nca_block|nachr_antagonism|glucl_potentiation,isoflurane,3000.0,219,1.0,0.8323834853090171,0.840941169828365
fly,k2p_potentiation|complex_i_block|snare_cooperativity|nca_block|nachr_antagonism|glucl_potentiation,isoflurane,3000.0,331,1.0,0.839982269503546,0.8433124435411021
fly,k2p_potentiation|complex_i_block|snare_cooperativity|nca_block|nachr_antagonism|glucl_potentiation,isoflurane,3000.0,443,1.0,0.8428951367781155,0.8422256097560976
fly,k2p_potentiation|complex_i_block|snare_cooperativity|nca_block|nachr_antagonism|glucl_potentiation,isoflurane,290.0,42,0.0,1.1453900709219857,1.165819783197832
fly,k2p_potentiation|complex_i_block|snare_cooperativity|nca_block|nachr_antagonism|glucl_potentiation,isoflurane,290.0,137,0.0,1.13443515704154,1.1682898599819331
fly,k2p_potentiation|complex_i_block|snare_cooperativity|nca_block|nachr_antagonism|glucl_potentiation,isoflurane,290.0,219,0.0,1.1334853090172239,1.1606537940379404
fly,k2p_potentiation|complex_i_block|snare_cooperativity|nca_block|nachr_antagonism|glucl_potentiation,isoflurane,290.0,331,0.0,1.1366514690982774,1.1635896567299007
fly,k2p_potentiation|complex_i_block|snare_cooperativity|nca_block|nachr_antagonism|glucl_potentiation,isoflurane,500.0,331,0.3125,1.0231762917933132,1.041525519421861
fly,k2p_potentiation|complex_i_block|snare_cooperativity|nca_block|nachr_antagonism|glucl_potentiation,isoflurane,500.0,443,0.2916666666666667,1.027482269503546,1.035667908762421
fly,k2p_potentiation|complex_i_block|snare_cooperativity|nca_block|nachr_antagonism|glucl_potentiation,isoflurane,1000.0,42,0.9375,0.9190729483282674,0.9291299683830172
fly,k2p_potentiation|complex_i_block|snare_cooperativity|nca_block|nachr_antagonism|glucl_potentiation,isoflurane,1000.0,137,0.8541666666666666,0.9191362715298886,0.9352134146341463
fly,k2p_potentiation|complex_i_block|snare_cooperativity|nca_block|nachr_antagonism|glucl_potentiation,isoflurane,1000.0,219,0.9166666666666666,0.9192629179331308,0.9293558039747064
fly,k2p_potentiation|complex_i_block|snare_cooperativity|nca_block|nachr_antagonism|glucl_potentiation,isoflurane,1000.0,331,0.9791666666666666,0.9221757852077,0.9317976513098465
fly,k2p_potentiation|complex_i_block|snare_cooperativity|nca_block|nachr_antagonism|glucl_potentiation,isoflurane,1000.0,443,0.9166666666666666,0.9271149949341438,0.9296522131887985
fly,k2p_potentiation|complex_i_block|snare_cooperativity|nca_block|nachr_antagonism|glucl_potentiation,isoflurane,3000.0,42,1.0,0.8366261398176293,0.8419574299909666
fly,gaba_potentiation|k2p_potentiation|complex_i_block|snare_cooperativity|nca_block|nachr_antagonism|glucl_potentiation,isoflurane,10.0,42,0.0,1.9251519756838906,2.0839261517615175
fly,gaba_potentiation|k2p_potentiation|complex_i_block|snare_cooperativity|nca_block|nachr_antagonism|glucl_potentiation,isoflurane,10.0,137,0.0,1.8950101317122596,2.0727755194218607
fly,gaba_potentiation|k2p_potentiation|complex_i_block|snare_cooperativity|nca_block|nachr_antagonism|glucl_potentiation,isoflurane,10.0,219,0.0,1.876583080040527,2.030911246612466
fly,gaba_potentiation|k2p_potentiation|complex_i_block|snare_cooperativity|nca_block|nachr_antagonism|glucl_potentiation,isoflurane,10.0,331,0.0,1.9073581560283686,2.069416214995483
fly,gaba_potentiation|k2p_potentiation|complex_i_block|snare_cooperativity|nca_block|nachr_antagonism|glucl_potentiation,isoflurane,10.0,443,0.0,1.8839285714285714,2.0496414859981935
fly,gaba_potentiation|k2p_potentiation|complex_i_block|snare_cooperativity|nca_block|nachr_antagonism|glucl_potentiation,isoflurane,30.0,42,0.0,1.7091565349544073,1.8222815040650406
fly,gaba_potentiation|k2p_potentiation|complex_i_block|snare_cooperativity|nca_block|nachr_antagonism|glucl_potentiation,isoflurane,30.0,137,0.0,1.6792046605876394,1.8098464317976513
fly,gaba_potentiation|k2p_potentiation|complex_i_block|snare_cooperativity|nca_block|nachr_antagonism|glucl_potentiation,isoflurane,30.0,219,0.0,1.675658561296859,1.7863030713640469
fly,gaba_potentiation|k2p_potentiation|complex_i_block|snare_cooperativity|nca_block|nachr_antagonism|glucl_potentiation,isoflurane,30.0,331,0.0,1.70225430597771,1.8190068879855466
fly,gaba_potentiation|k2p_potentiation|complex_i_block|snare_cooperativity|nca_block|nachr_antagonism|glucl_potentiation,isoflurane,30.0,443,0.0,1.670529381965552,1.7909609304426377
fly,gaba_potentiation|k2p_potentiation|complex_i_block|snare_cooperativity|nca_block|nachr_antagonism|glucl_potentiation,isoflurane,100.0,42,0.0,1.3796859169199596,1.426391711833785
fly,gaba_potentiation|k2p_potentiation|complex_i_block|snare_cooperativity|nca_block|nachr_antagonism|glucl_potentiation,isoflurane,100.0,137,0.0,1.357079533941236,1.423314701897019
fly,gaba_potentiation|k2p_potentiation|complex_i_block|snare_cooperativity|nca_block|nachr_antagonism|glucl_potentiation,isoflurane,200.0,137,0.0,1.1612841945288752,1.1995539747064137
fly,gaba_potentiation|k2p_potentiation|complex_i_block|snare_cooperativity|nca_block|nachr_antagonism|glucl_potentiation,isoflurane,200.0,219,0.0,1.1605876393110435,1.1923554652213189
fly,gaba_potentiation|k2p_potentiation|complex_i_block|snare_cooperativity|nca_block|nachr_antagonism|glucl_potentiation,isoflurane,200.0,331,0.0,1.1643870314083082,1.1957147696476964
fly,gaba_potentiation|k2p_potentiation|complex_i_block|snare_cooperativity|nca_block|nachr_antagonism|glucl_potentiation,isoflurane,200.0,443,0.0,1.1628672745694022,1.1891937669376693
fly,gaba_potentiation|k2p_potentiation|complex_i_block|snare_cooperativity|nca_block|nachr_antagonism|glucl_potentiation,isoflurane,290.0,42,0.14583333333333334,1.069465552178318,1.0867349819331527
fly,gaba_potentiation|k2p_potentiation|complex_i_block|snare_cooperativity|nca_block|nachr_antagonism|glucl_potentiation,isoflurane,290.0,137,0.125,1.0636398176291795,1.0920280036133694
fly,gaba_potentiation|k2p_potentiation|complex_i_block|snare_cooperativity|nca_block|nachr_antagonism|glucl_potentiation,isoflurane,290.0,219,0.14583333333333334,1.063386524822695,1.0846742321589882
fly,gaba_potentiation|k2p_potentiation|complex_i_block|snare_cooperativity|nca_block|nachr_antagonism|glucl_potentiation,isoflurane,290.0,331,0.16666666666666666,1.0652862208713272,1.0890780261969286
fly,gaba_potentiation|k2p_potentiation|complex_i_block|snare_cooperativity|nca_block|nachr_antagonism|glucl_potentiation,isoflurane,100.0,219,0.0,1.3566995947315095,1.4126016260162602
fly,gaba_potentiation|k2p_potentiation|complex_i_block|snare_cooperativity|nca_block|nachr_antagonism|glucl_potentiation,isoflurane,100.0,331,0.0,1.3708839918946303,1.4238087172538392
fly,gaba_potentiation|k2p_potentiation|complex_i_block|snare_cooperativity|nca_block|nachr_antagonism|glucl_potentiation,isoflurane,100.0,443,0.0,1.3599924012158056,1.4067581300813008
fly,gaba_potentiation|k2p_potentiation|complex_i_block|snare_cooperativity|nca_block|nachr_antagonism|glucl_potentiation,isoflurane,200.0,42,0.0,1.1739488348530902,1.1988341237579043
fly,gaba_potentiation|k2p_potentiation|complex_i_block|snare_cooperativity|nca_block|nachr_antagonism|glucl_potentiation,isoflurane,1000.0,219,1.0,0.8308637284701114,0.8421973803071364
fly,gaba_potentiation|k2p_potentiation|complex_i_block|snare_cooperativity|nca_block|nachr_antagonism|glucl_potentiation,isoflurane,1000.0,331,1.0,0.8395390070921985,0.8442299006323396
fly,gaba_potentiation|k2p_potentiation|complex_i_block|snare_cooperativity|nca_block|nachr_antagonism|glucl_potentiation,isoflurane,1000.0,443,1.0,0.8415653495440729,0.8440322944896116
fly,gaba_potentiation|k2p_potentiation|complex_i_block|snare_cooperativity|nca_block|nachr_antagonism|glucl_potentiation,isoflurane,3000.0,42,1.0,0.7443009118541033,0.750098803071364
fly,gaba_potentiation|k2p_potentiation|complex_i_block|snare_cooperativity|nca_block|nachr_antagonism|glucl_potentiation,isoflurane,500.0,331,0.875,0.9433257345491389,0.9584462511291779
fly,gaba_potentiation|k2p_potentiation|complex_i_block|snare_cooperativity|nca_block|nachr_antagonism|glucl_potentiation,isoflurane,500.0,443,0.875,0.9495314083080041,0.9556233062330624
fly,gaba_potentiation|k2p_potentiation|complex_i_block|snare_cooperativity|nca_block|nachr_antagonism|glucl_potentiation,isoflurane,1000.0,42,1.0,0.836372847011145,0.8434818202348691
fly,gaba_potentiation|k2p_potentiation|complex_i_block|snare_cooperativity|nca_block|nachr_antagonism|glucl_potentiation,isoflurane,1000.0,137,1.0,0.8341565349544072,0.8481114498644986
fly,gaba_potentiation|k2p_potentiation|complex_i_block|snare_cooperativity|nca_block|nachr_antagonism|glucl_potentiation,isoflurane,290.0,443,0.10416666666666667,1.0688956433637287,1.0835309394760615
fly,gaba_potentiation|k2p_potentiation|complex_i_block|snare_cooperativity|nca_block|nachr_antagonism|glucl_potentiation,isoflurane,500.0,42,0.8958333333333334,0.9444655521783182,0.9560467479674797
fly,gaba_potentiation|k2p_potentiation|complex_i_block|snare_cooperativity|nca_block|nachr_antagonism|glucl_potentiation,isoflurane,500.0,137,0.8333333333333334,0.9440222897669707,0.9634428635953026
fly,gaba_potentiation|k2p_potentiation|complex_i_block|snare_cooperativity|nca_block|nachr_antagonism|glucl_potentiation,isoflurane,500.0,219,0.8541666666666666,0.9418059777102331,0.9553410117434508
mouse,gaba_potentiation|k2p_potentiation|complex_i_block|nca_block,isoflurane,10.0,443,0.0,1.4631944444444442,1.4481944444444443
mouse,gaba_potentiation|k2p_potentiation|complex_i_block|nca_block,isoflurane,30.0,42,0.0,1.3623611111111111,1.3545277777777778
mouse,gaba_potentiation|k2p_potentiation|complex_i_block|nca_block,isoflurane,30.0,137,0.0,1.3445833333333332,1.3440972222222223
mouse,gaba_potentiation|k2p_potentiation|complex_i_block|nca_block,isoflurane,30.0,219,0.0,1.3241666666666667,1.3454444444444444
mouse,gaba_potentiation|k2p_potentiation|complex_i_block|nca_block,isoflurane,10.0,42,0.0,1.4588888888888887,1.4513333333333334
mouse,gaba_potentiation|k2p_potentiation|complex_i_block|nca_block,isoflurane,10.0,137,0.0,1.4401388888888889,1.4402777777777778
mouse,gaba_potentiation|k2p_potentiation|complex_i_block|nca_block,isoflurane,10.0,219,0.0,1.4277777777777778,1.4415694444444445
mouse,gaba_potentiation|k2p_potentiation|complex_i_block|nca_block,isoflurane,10.0,331,0.0,1.4283333333333335,1.4479166666666667
fly,gaba_potentiation|k2p_potentiation|complex_i_block|snare_cooperativity|nca_block|nachr_antagonism|glucl_potentiation,isoflurane,3000.0,137,1.0,0.7463272543059777,0.7549966124661247
fly,gaba_potentiation|k2p_potentiation|complex_i_block|snare_cooperativity|nca_block|nachr_antagonism|glucl_potentiation,isoflurane,3000.0,219,1.0,0.7438576494427558,0.7529076332429991
fly,gaba_potentiation|k2p_potentiation|complex_i_block|snare_cooperativity|nca_block|nachr_antagonism|glucl_potentiation,isoflurane,3000.0,331,1.0,0.7541160081053698,0.7547990063233966
fly,gaba_potentiation|k2p_potentiation|complex_i_block|snare_cooperativity|nca_block|nachr_antagonism|glucl_potentiation,isoflurane,3000.0,443,1.0,0.7512664640324215,0.7527241418247516
mouse,gaba_potentiation|k2p_potentiation|complex_i_block|nca_block,isoflurane,290.0,42,0.020833333333333332,0.8762500000000001,0.8725277777777778
mouse,gaba_potentiation|k2p_potentiation|complex_i_block|nca_block,isoflurane,290.0,137,0.041666666666666664,0.8713888888888888,0.8705833333333334
mouse,gaba_potentiation|k2p_potentiation|complex_i_block|nca_block,isoflurane,290.0,219,0.10416666666666667,0.85,0.8711388888888889
mouse,gaba_potentiation|k2p_potentiation|complex_i_block|nca_block,isoflurane,290.0,331,0.041666666666666664,0.8556944444444445,0.8790972222222222
mouse,gaba_potentiation|k2p_potentiation|complex_i_block|nca_block,isoflurane,30.0,331,0.0,1.33375,1.3535972222222221
mouse,gaba_potentiation|k2p_potentiation|complex_i_block|nca_block,isoflurane,30.0,443,0.0,1.3637500000000002,1.353125
mouse,gaba_potentiation|k2p_potentiation|complex_i_block|nca_block,isoflurane,100.0,42,0.0,1.1380555555555556,1.1290277777777777
mouse,gaba_potentiation|k2p_potentiation|complex_i_block|nca_block,isoflurane,100.0,137,0.0,1.1297222222222223,1.1232916666666666
mouse,gaba_potentiation|k2p_potentiation|complex_i_block|nca_block,isoflurane,100.0,219,0.0,1.1054166666666667,1.1250694444444445
mouse,gaba_potentiation|k2p_potentiation|complex_i_block|nca_block,isoflurane,100.0,331,0.0,1.1070833333333334,1.1306944444444444
mouse,gaba_potentiation|k2p_potentiation|complex_i_block|nca_block,isoflurane,100.0,443,0.0,1.1440277777777779,1.13225
mouse,gaba_potentiation|k2p_potentiation|complex_i_block|nca_block,isoflurane,200.0,42,0.0,0.9648611111111111,0.9596944444444444
mouse,gaba_potentiation|k2p_potentiation|complex_i_block|nca_block,isoflurane,200.0,137,0.0,0.9584722222222221,0.95625
mouse,gaba_potentiation|k2p_potentiation|complex_i_block|nca_block,isoflurane,200.0,219,0.020833333333333332,0.9315277777777778,0.9557777777777777
mouse,gaba_potentiation|k2p_potentiation|complex_i_block|nca_block,isoflurane,200.0,331,0.0,0.9375,0.96625
mouse,gaba_potentiation|k2p_potentiation|complex_i_block|nca_block,isoflurane,200.0,443,0.0,0.9780555555555557,0.963875
mouse,gaba_potentiation|k2p_potentiation|complex_i_block|nca_block,isoflurane,1000.0,219,0.8958333333333334,0.6456944444444445,0.6610416666666666
mouse,gaba_potentiation|k2p_potentiation|complex_i_block|nca_block,isoflurane,1000.0,331,0.9583333333333334,0.6504166666666666,0.6711944444444444
mouse,gaba_potentiation|k2p_potentiation|complex_i_block|nca_block,isoflurane,1000.0,443,0.8333333333333334,0.6816666666666666,0.6683611111111111
mouse,gaba_potentiation|k2p_potentiation|complex_i_block|nca_block,isoflurane,3000.0,42,1.0,0.5870833333333333,0.5890138888888888
mouse,gaba_potentiation|k2p_potentiation|complex_i_block|nca_block,isoflurane,3000.0,137,1.0,0.5783333333333334,0.5820694444444444
mouse,gaba_potentiation|k2p_potentiation|complex_i_block|nca_block,isoflurane,3000.0,219,1.0,0.5711111111111111,0.5818055555555556
mouse,gaba_potentiation|k2p_potentiation|complex_i_block|nca_block,isoflurane,3000.0,331,1.0,0.5727777777777777,0.5888055555555556
mouse,gaba_potentiation|k2p_potentiation|complex_i_block|nca_block,isoflurane,3000.0,443,1.0,0.5968055555555555,0.5866388888888889
mouse,gaba_potentiation|complex_i_block|nca_block|nachr_antagonism,isoflurane,10.0,443,0.0,1.4656944444444442,1.4504722222222222
mouse,gaba_potentiation|complex_i_block|nca_block|nachr_antagonism,isoflurane,30.0,42,0.0,1.3683333333333334,1.3603611111111111
mouse,gaba_potentiation|complex_i_block|nca_block|nachr_antagonism,isoflurane,30.0,137,0.0,1.3513888888888888,1.349875
mouse,gaba_potentiation|complex_i_block|nca_block|nachr_antagonism,isoflurane,30.0,219,0.0,1.3304166666666666,1.351
mouse,gaba_potentiation|k2p_potentiation|complex_i_block|nca_block,isoflurane,290.0,443,0.041666666666666664,0.8915277777777778,0.8763055555555556
mouse,gaba_potentiation|k2p_potentiation|complex_i_block|nca_block,isoflurane,500.0,42,0.4375,0.7651388888888889,0.7642777777777777
mouse,gaba_potentiation|k2p_potentiation|complex_i_block|nca_block,isoflurane,500.0,137,0.4166666666666667,0.7597222222222223,0.7612361111111111
mouse,gaba_potentiation|k2p_potentiation|complex_i_block|nca_block,isoflurane,500.0,219,0.5833333333333334,0.7397222222222223,0.7602777777777778
mouse,gaba_potentiation|k2p_potentiation|complex_i_block|nca_block,isoflurane,500.0,331,0.5,0.7477777777777778,0.7686944444444445
mouse,gaba_potentiation|k2p_potentiation|complex_i_block|nca_block,isoflurane,500.0,443,0.3958333333333333,0.7805555555555556,0.7670694444444445
mouse,gaba_potentiation|k2p_potentiation|complex_i_block|nca_block,isoflurane,1000.0,42,0.875,0.6652777777777777,0.6670416666666666
mouse,gaba_potentiation|k2p_potentiation|complex_i_block|nca_block,isoflurane,1000.0,137,0.9583333333333334,0.6605555555555556,0.6631944444444444
mouse,gaba_potentiation|complex_i_block|nca_block|nachr_antagonism,isoflurane,200.0,137,0.0,0.9673611111111112,0.9659722222222222
mouse,gaba_potentiation|complex_i_block|nca_block|nachr_antagonism,isoflurane,200.0,219,0.020833333333333332,0.9422222222222222,0.9655
mouse,gaba_potentiation|complex_i_block|nca_block|nachr_antagonism,isoflurane,200.0,331,0.0,0.9470833333333334,0.9762222222222222
mouse,gaba_potentiation|complex_i_block|nca_block|nachr_antagonism,isoflurane,200.0,443,0.0,0.9879166666666667,0.974375
mouse,gaba_potentiation|complex_i_block|nca_block|nachr_antagonism,isoflurane,10.0,42,0.0,1.4619444444444445,1.453625
mouse,gaba_potentiation|complex_i_block|nca_block|nachr_antagonism,isoflurane,10.0,137,0.0,1.4419444444444445,1.4426527777777778
mouse,gaba_potentiation|complex_i_block|nca_block|nachr_antagonism,isoflurane,10.0,219,0.0,1.4304166666666667,1.4440833333333334
mouse,gaba_potentiation|complex_i_block|nca_block|nachr_antagonism,isoflurane,10.0,331,0.0,1.4312500000000001,1.450236111111111
mouse,gaba_potentiation|complex_i_block|nca_block|nachr_antagonism,isoflurane,30.0,331,0.0,1.3393055555555555,1.3587083333333334
mouse,gaba_potentiation|complex_i_block|nca_block|nachr_antagonism,isoflurane,30.0,443,0.0,1.37,1.3589027777777778
mouse,gaba_potentiation|complex_i_block|nca_block|nachr_antagonism,isoflurane,100.0,42,0.0,1.1480555555555556,1.1388194444444444
mouse,gaba_potentiation|complex_i_block|nca_block|nachr_antagonism,isoflurane,100.0,137,0.0,1.1416666666666668,1.1332777777777778
mouse,gaba_potentiation|complex_i_block|nca_block|nachr_antagonism,isoflurane,3000.0,137,1.0,0.5795833333333333,0.5835694444444445
mouse,gaba_potentiation|complex_i_block|nca_block|nachr_antagonism,isoflurane,3000.0,219,1.0,0.5723611111111112,0.5835694444444445
mouse,gaba_potentiation|complex_i_block|nca_block|nachr_antagonism,isoflurane,3000.0,331,1.0,0.57375,0.5906805555555555
mouse,gaba_potentiation|complex_i_block|nca_block|nachr_antagonism,isoflurane,3000.0,443,1.0,0.5984722222222222,0.5883472222222222
mouse,gaba_potentiation|complex_i_block|nca_block|nachr_antagonism,isoflurane,1000.0,219,0.875,0.6495833333333333,0.6655416666666667
mouse,gaba_potentiation|complex_i_block|nca_block|nachr_antagonism,isoflurane,1000.0,331,0.9583333333333334,0.6548611111111111,0.6758333333333333
mouse,gaba_potentiation|complex_i_block|nca_block|nachr_antagonism,isoflurane,1000.0,443,0.8333333333333334,0.6875,0.6731527777777778
mouse,gaba_potentiation|complex_i_block|nca_block|nachr_antagonism,isoflurane,3000.0,42,1.0,0.5890277777777778,0.5908055555555556
mouse,gaba_potentiation|complex_i_block|nca_block|nachr_antagonism,isoflurane,100.0,219,0.0,1.1134722222222222,1.1343333333333334
mouse,gaba_potentiation|complex_i_block|nca_block|nachr_antagonism,isoflurane,100.0,331,0.0,1.1176388888888888,1.1417083333333333
mouse,gaba_potentiation|complex_i_block|nca_block|nachr_antagonism,isoflurane,100.0,443,0.0,1.1527777777777777,1.1422916666666667
mouse,gaba_potentiation|complex_i_block|nca_block|nachr_antagonism,isoflurane,200.0,42,0.0,0.9770833333333334,0.9706111111111111
mouse,gaba_potentiation|complex_i_block|nca_block|nachr_antagonism,isoflurane,290.0,42,0.020833333333333332,0.8856944444444445,0.881875
mouse,gaba_potentiation|complex_i_block|nca_block|nachr_antagonism,isoflurane,290.0,137,0.020833333333333332,0.8805555555555555,0.8799722222222223
mouse,gaba_potentiation|complex_i_block|nca_block|nachr_antagonism,isoflurane,290.0,219,0.08333333333333333,0.8588888888888889,0.8799305555555555
mouse,gaba_potentiation|complex_i_block|nca_block|nachr_antagonism,isoflurane,290.0,331,0.020833333333333332,0.8633333333333333,0.8883055555555556
mouse,k2p_potentiation|complex_i_block|nca_block|nachr_antagonism,isoflurane,10.0,42,0.0,1.4588888888888887,1.4513333333333334
mouse,k2p_potentiation|complex_i_block|nca_block|nachr_antagonism,isoflurane,10.0,137,0.0,1.4401388888888889,1.4402777777777778
mouse,k2p_potentiation|complex_i_block|nca_block|nachr_antagonism,isoflurane,10.0,219,0.0,1.4277777777777778,1.4415694444444445
mouse,k2p_potentiation|complex_i_block|nca_block|nachr_antagonism,isoflurane,10.0,331,0.0,1.4283333333333335,1.4479166666666667
mouse,gaba_potentiation|complex_i_block|nca_block|nachr_antagonism,isoflurane,290.0,443,0.041666666666666664,0.9008333333333334,0.8858194444444445
mouse,gaba_potentiation|complex_i_block|nca_block|nachr_antagonism,isoflurane,500.0,42,0.4166666666666667,0.7715277777777779,0.7713333333333333
mouse,gaba_potentiation|complex_i_block|nca_block|nachr_antagonism,isoflurane,500.0,137,0.3541666666666667,0.7675,0.7687638888888889
mouse,gaba_potentiation|complex_i_block|nca_block|nachr_antagonism,isoflurane,500.0,219,0.5416666666666666,0.7472222222222222,0.76825
mouse,gaba_potentiation|complex_i_block|nca_block|nachr_antagonism,isoflurane,500.0,331,0.4583333333333333,0.7541666666666668,0.7755138888888888
mouse,gaba_potentiation|complex_i_block|nca_block|nachr_antagonism,isoflurane,500.0,443,0.3125,0.7891666666666666,0.7743472222222222
mouse,gaba_potentiation|complex_i_block|nca_block|nachr_antagonism,isoflurane,1000.0,42,0.8958333333333334,0.6709722222222222,0.6715138888888889
mouse,gaba_potentiation|complex_i_block|nca_block|nachr_antagonism,isoflurane,1000.0,137,0.9375,0.664861111111111,0.6678055555555555
mouse,k2p_potentiation|complex_i_block|nca_block|nachr_antagonism,isoflurane,100.0,219,0.0,1.1054166666666667,1.1250694444444445
mouse,k2p_potentiation|complex_i_block|nca_block|nachr_antagonism,isoflurane,100.0,331,0.0,1.1070833333333334,1.1306944444444444
mouse,k2p_potentiation|complex_i_block|nca_block|nachr_antagonism,isoflurane,100.0,443,0.0,1.1440277777777779,1.13225
mouse,k2p_potentiation|complex_i_block|nca_block|nachr_antagonism,isoflurane,200.0,42,0.0,0.9648611111111111,0.9596944444444444
mouse,k2p_potentiation|complex_i_block|nca_block|nachr_antagonism,isoflurane,30.0,331,0.0,1.33375,1.3535972222222221
mouse,k2p_potentiation|complex_i_block|nca_block|nachr_antagonism,isoflurane,30.0,443,0.0,1.3637500000000002,1.353125
mouse,k2p_potentiation|complex_i_block|nca_block|nachr_antagonism,isoflurane,100.0,42,0.0,1.1380555555555556,1.1290277777777777
mouse,k2p_potentiation|complex_i_block|nca_block|nachr_antagonism,isoflurane,100.0,137,0.0,1.1297222222222223,1.1232916666666666
mouse,k2p_potentiation|complex_i_block|nca_block|nachr_antagonism,isoflurane,10.0,443,0.0,1.4631944444444442,1.4481944444444443
mouse,k2p_potentiation|complex_i_block|nca_block|nachr_antagonism,isoflurane,30.0,42,0.0,1.3623611111111111,1.3545277777777778
mouse,k2p_potentiation|complex_i_block|nca_block|nachr_antagonism,isoflurane,30.0,137,0.0,1.3445833333333332,1.3440972222222223
mouse,k2p_potentiation|complex_i_block|nca_block|nachr_antagonism,isoflurane,30.0,219,0.0,1.3241666666666667,1.3454444444444444
mouse,k2p_potentiation|complex_i_block|nca_block|nachr_antagonism,isoflurane,500.0,331,0.5,0.7477777777777778,0.7686944444444445
mouse,k2p_potentiation|complex_i_block|nca_block|nachr_antagonism,isoflurane,500.0,443,0.3958333333333333,0.7805555555555556,0.7670694444444445
mouse,k2p_potentiation|complex_i_block|nca_block|nachr_antagonism,isoflurane,1000.0,42,0.875,0.6652777777777777,0.6670416666666666
mouse,k2p_potentiation|complex_i_block|nca_block|nachr_antagonism,isoflurane,1000.0,137,0.9583333333333334,0.6605555555555556,0.6631944444444444
mouse,k2p_potentiation|complex_i_block|nca_block|nachr_antagonism,isoflurane,200.0,137,0.0,0.9584722222222221,0.95625
mouse,k2p_potentiation|complex_i_block|nca_block|nachr_antagonism,isoflurane,200.0,219,0.020833333333333332,0.9315277777777778,0.9557777777777777
mouse,k2p_potentiation|complex_i_block|nca_block|nachr_antagonism,isoflurane,200.0,331,0.0,0.9375,0.96625
mouse,k2p_potentiation|complex_i_block|nca_block|nachr_antagonism,isoflurane,200.0,443,0.0,0.9780555555555557,0.963875
mouse,k2p_potentiation|complex_i_block|nca_block|nachr_antagonism,isoflurane,1000.0,219,0.8958333333333334,0.6456944444444445,0.6610416666666666
mouse,k2p_potentiation|complex_i_block|nca_block|nachr_antagonism,isoflurane,1000.0,331,0.9583333333333334,0.6504166666666666,0.6711944444444444
mouse,k2p_potentiation|complex_i_block|nca_block|nachr_antagonism,isoflurane,1000.0,443,0.8333333333333334,0.6816666666666666,0.6683611111111111
mouse,k2p_potentiation|complex_i_block|nca_block|nachr_antagonism,isoflurane,3000.0,42,1.0,0.5870833333333333,0.5890138888888888
mouse,k2p_potentiation|complex_i_block|nca_block|nachr_antagonism,isoflurane,290.0,443,0.041666666666666664,0.8915277777777778,0.8763055555555556
mouse,k2p_potentiation|complex_i_block|nca_block|nachr_antagonism,isoflurane,500.0,42,0.4375,0.7651388888888889,0.7642777777777777
mouse,k2p_potentiation|complex_i_block|nca_block|nachr_antagonism,isoflurane,500.0,137,0.4166666666666667,0.7597222222222223,0.7612361111111111
mouse,k2p_potentiation|complex_i_block|nca_block|nachr_antagonism,isoflurane,500.0,219,0.5833333333333334,0.7397222222222223,0.7602777777777778
mouse,k2p_potentiation|complex_i_block|nca_block|nachr_antagonism,isoflurane,290.0,42,0.020833333333333332,0.8762500000000001,0.8725277777777778
mouse,k2p_potentiation|complex_i_block|nca_block|nachr_antagonism,isoflurane,290.0,137,0.041666666666666664,0.8713888888888888,0.8705833333333334
mouse,k2p_potentiation|complex_i_block|nca_block|nachr_antagonism,isoflurane,290.0,219,0.10416666666666667,0.85,0.8711388888888889
mouse,k2p_potentiation|complex_i_block|nca_block|nachr_antagonism,isoflurane,290.0,331,0.041666666666666664,0.8556944444444445,0.8790972222222222
mouse,k2p_potentiation|complex_i_block|nca_block|nachr_antagonism,isoflurane,3000.0,137,1.0,0.5783333333333334,0.5820694444444444
mouse,k2p_potentiation|complex_i_block|nca_block|nachr_antagonism,isoflurane,3000.0,219,1.0,0.5711111111111111,0.5818055555555556
mouse,k2p_potentiation|complex_i_block|nca_block|nachr_antagonism,isoflurane,3000.0,331,1.0,0.5727777777777777,0.5888055555555556
mouse,k2p_potentiation|complex_i_block|nca_block|nachr_antagonism,isoflurane,3000.0,443,1.0,0.5968055555555555,0.5866388888888889
mouse,gaba_potentiation|k2p_potentiation|complex_i_block|snare_cooperativity|nca_block,isoflurane,10.0,443,0.0,1.4622222222222223,1.447263888888889
mouse,gaba_potentiation|k2p_potentiation|complex_i_block|snare_cooperativity|nca_block,isoflurane,30.0,42,0.0,1.3611111111111114,1.35225
mouse,gaba_potentiation|k2p_potentiation|complex_i_block|snare_cooperativity|nca_block,isoflurane,30.0,137,0.0,1.3425,1.3420416666666666
mouse,gaba_potentiation|k2p_potentiation|complex_i_block|snare_cooperativity|nca_block,isoflurane,30.0,219,0.0,1.322638888888889,1.3427361111111111
mouse,gaba_potentiation|k2p_potentiation|complex_i_block|snare_cooperativity|nca_block,isoflurane,30.0,331,0.0,1.331388888888889,1.3512083333333333
mouse,gaba_potentiation|k2p_potentiation|complex_i_block|snare_cooperativity|nca_block,isoflurane,30.0,443,0.0,1.3605555555555557,1.350486111111111
mouse,gaba_potentiation|k2p_potentiation|complex_i_block|snare_cooperativity|nca_block,isoflurane,100.0,42,0.0,1.1327777777777779,1.1238194444444445
mouse,gaba_potentiation|k2p_potentiation|complex_i_block|snare_cooperativity|nca_block,isoflurane,100.0,137,0.0,1.1252777777777778,1.1185694444444445
mouse,gaba_potentiation|k2p_potentiation|complex_i_block|snare_cooperativity|nca_block,isoflurane,100.0,219,0.0,1.0993055555555555,1.12
mouse,gaba_potentiation|k2p_potentiation|complex_i_block|snare_cooperativity|nca_block,isoflurane,100.0,331,0.0,1.1023611111111111,1.1261805555555555
mouse,gaba_potentiation|k2p_potentiation|complex_i_block|snare_cooperativity|nca_block,isoflurane,100.0,443,0.0,1.1398611111111112,1.1278333333333332
mouse,gaba_potentiation|k2p_potentiation|complex_i_block|snare_cooperativity|nca_block,isoflurane,200.0,42,0.0,0.96,0.9544722222222223
mouse,gaba_potentiation|k2p_potentiation|complex_i_block|snare_cooperativity|nca_block,isoflurane,10.0,42,0.0,1.4579166666666665,1.4502916666666668
mouse,gaba_potentiation|k2p_potentiation|complex_i_block|snare_cooperativity|nca_block,isoflurane,10.0,137,0.0,1.4394444444444445,1.4393888888888888
mouse,gaba_potentiation|k2p_potentiation|complex_i_block|snare_cooperativity|nca_block,isoflurane,10.0,219,0.0,1.4265277777777776,1.4406944444444445
mouse,gaba_potentiation|k2p_potentiation|complex_i_block|snare_cooperativity|nca_block,isoflurane,10.0,331,0.0,1.4270833333333333,1.4469583333333333
mouse,gaba_potentiation|k2p_potentiation|complex_i_block|snare_cooperativity|nca_block,isoflurane,290.0,42,0.041666666666666664,0.87,0.8670277777777777
mouse,gaba_potentiation|k2p_potentiation|complex_i_block|snare_cooperativity|nca_block,isoflurane,290.0,137,0.0625,0.8658333333333333,0.8655138888888889
mouse,gaba_potentiation|k2p_potentiation|complex_i_block|snare_cooperativity|nca_block,isoflurane,290.0,219,0.125,0.8441666666666667,0.8649583333333334
mouse,gaba_potentiation|k2p_potentiation|complex_i_block|snare_cooperativity|nca_block,isoflurane,290.0,331,0.041666666666666664,0.8500000000000001,0.8733333333333333
mouse,gaba_potentiation|k2p_potentiation|complex_i_block|snare_cooperativity|nca_block,isoflurane,200.0,137,0.0,0.9541666666666666,0.9513472222222222
mouse,gaba_potentiation|k2p_potentiation|complex_i_block|snare_cooperativity|nca_block,isoflurane,200.0,219,0.020833333333333332,0.9254166666666667,0.9502222222222222
mouse,gaba_potentiation|k2p_potentiation|complex_i_block|snare_cooperativity|nca_block,isoflurane,200.0,331,0.0,0.93125,0.9605
mouse,gaba_potentiation|k2p_potentiation|complex_i_block|snare_cooperativity|nca_block,isoflurane,200.0,443,0.0,0.9722222222222222,0.9588333333333333
mouse,gaba_potentiation|k2p_potentiation|complex_i_block|snare_cooperativity|nca_block,isoflurane,1000.0,219,0.8958333333333334,0.64125,0.6557222222222222
mouse,gaba_potentiation|k2p_potentiation|complex_i_block|snare_cooperativity|nca_block,isoflurane,1000.0,331,0.9791666666666666,0.6455555555555555,0.6655833333333333
mouse,gaba_potentiation|k2p_potentiation|complex_i_block|snare_cooperativity|nca_block,isoflurane,1000.0,443,0.8333333333333334,0.6759722222222222,0.6632222222222223
mouse,gaba_potentiation|k2p_potentiation|complex_i_block|snare_cooperativity|nca_block,isoflurane,3000.0,42,1.0,0.5843055555555555,0.5839861111111111
mouse,gaba_potentiation|k2p_potentiation|complex_i_block|snare_cooperativity|nca_block,isoflurane,3000.0,137,1.0,0.5734722222222222,0.5773333333333334
mouse,gaba_potentiation|k2p_potentiation|complex_i_block|snare_cooperativity|nca_block,isoflurane,3000.0,219,1.0,0.5663888888888889,0.5772638888888889
mouse,gaba_potentiation|k2p_potentiation|complex_i_block|snare_cooperativity|nca_block,isoflurane,3000.0,331,1.0,0.5683333333333334,0.5836527777777778
mouse,gaba_potentiation|k2p_potentiation|complex_i_block|snare_cooperativity|nca_block,isoflurane,3000.0,443,1.0,0.5916666666666667,0.5814027777777778
mouse,gaba_potentiation|k2p_potentiation|complex_i_block|nca_block|nachr_antagonism,isoflurane,30.0,331,0.0,1.306527777777778,1.328111111111111
mouse,gaba_potentiation|k2p_potentiation|complex_i_block|nca_block|nachr_antagonism,isoflurane,30.0,443,0.0,1.335138888888889,1.326361111111111
mouse,gaba_potentiation|k2p_potentiation|complex_i_block|nca_block|nachr_antagonism,isoflurane,100.0,42,0.0,1.0793055555555557,1.0705972222222222
mouse,gaba_potentiation|k2p_potentiation|complex_i_block|nca_block|nachr_antagonism,isoflurane,100.0,137,0.0,1.0704166666666668,1.063125
mouse,gaba_potentiation|k2p_potentiation|complex_i_block|snare_cooperativity|nca_block,isoflurane,290.0,443,0.041666666666666664,0.8877777777777777,0.8707916666666666
mouse,gaba_potentiation|k2p_potentiation|complex_i_block|snare_cooperativity|nca_block,isoflurane,500.0,42,0.5,0.7595833333333334,0.7583194444444444
mouse,gaba_potentiation|k2p_potentiation|complex_i_block|snare_cooperativity|nca_block,isoflurane,500.0,137,0.4583333333333333,0.7533333333333333,0.7557083333333333
mouse,gaba_potentiation|k2p_potentiation|complex_i_block|snare_cooperativity|nca_block,isoflurane,500.0,219,0.5833333333333334,0.73375,0.7548055555555555
mouse,gaba_potentiation|k2p_potentiation|complex_i_block|nca_block|nachr_antagonism,isoflurane,100.0,219,0.0,1.0480555555555555,1.0659166666666666
mouse,gaba_potentiation|k2p_potentiation|complex_i_block|nca_block|nachr_antagonism,isoflurane,100.0,331,0.0,1.050138888888889,1.0743333333333334
mouse,gaba_potentiation|k2p_potentiation|complex_i_block|nca_block|nachr_antagonism,isoflurane,100.0,443,0.0,1.0852777777777778,1.0730277777777777
mouse,gaba_potentiation|k2p_potentiation|complex_i_block|nca_block|nachr_antagonism,isoflurane,200.0,42,0.020833333333333332,0.8840277777777779,0.8807083333333333
mouse,gaba_potentiation|k2p_potentiation|complex_i_block|snare_cooperativity|nca_block,isoflurane,500.0,331,0.5833333333333334,0.7405555555555555,0.7624583333333333
mouse,gaba_potentiation|k2p_potentiation|complex_i_block|snare_cooperativity|nca_block,isoflurane,500.0,443,0.4166666666666667,0.7743055555555557,0.7611666666666667
mouse,gaba_potentiation|k2p_potentiation|complex_i_block|snare_cooperativity|nca_block,isoflurane,1000.0,42,0.875,0.6604166666666668,0.6621111111111111
mouse,gaba_potentiation|k2p_potentiation|complex_i_block|snare_cooperativity|nca_block,isoflurane,1000.0,137,0.9583333333333334,0.6556944444444445,0.6580277777777778
mouse,gaba_potentiation|k2p_potentiation|complex_i_block|nca_block|nachr_antagonism,isoflurane,10.0,42,0.0,1.4475,1.4406805555555555
mouse,gaba_potentiation|k2p_potentiation|complex_i_block|nca_block|nachr_antagonism,isoflurane,10.0,137,0.0,1.4322222222222223,1.4306805555555555
mouse,gaba_potentiation|k2p_potentiation|complex_i_block|nca_block|nachr_antagonism,isoflurane,10.0,219,0.0,1.417361111111111,1.4317222222222221
mouse,gaba_potentiation|k2p_potentiation|complex_i_block|nca_block|nachr_antagonism,isoflurane,10.0,331,0.0,1.4194444444444443,1.4381527777777778
mouse,gaba_potentiation|k2p_potentiation|complex_i_block|nca_block|nachr_antagonism,isoflurane,10.0,443,0.0,1.451527777777778,1.438388888888889
mouse,gaba_potentiation|k2p_potentiation|complex_i_block|nca_block|nachr_antagonism,isoflurane,30.0,42,0.0,1.340138888888889,1.3287083333333334
mouse,gaba_potentiation|k2p_potentiation|complex_i_block|nca_block|nachr_antagonism,isoflurane,30.0,137,0.0,1.320138888888889,1.318138888888889
mouse,gaba_potentiation|k2p_potentiation|complex_i_block|nca_block|nachr_antagonism,isoflurane,30.0,219,0.0,1.3002777777777779,1.3186944444444444
mouse,gaba_potentiation|k2p_potentiation|complex_i_block|nca_block|nachr_antagonism,isoflurane,290.0,443,0.2708333333333333,0.805,0.7895972222222222
mouse,gaba_potentiation|k2p_potentiation|complex_i_block|nca_block|nachr_antagonism,isoflurane,500.0,42,0.8958333333333334,0.6702777777777778,0.6709861111111111
mouse,gaba_potentiation|k2p_potentiation|complex_i_block|nca_block|nachr_antagonism,isoflurane,500.0,137,0.9375,0.6645833333333333,0.6674027777777778
mouse,gaba_potentiation|k2p_potentiation|complex_i_block|nca_block|nachr_antagonism,isoflurane,500.0,219,0.8958333333333334,0.6494444444444444,0.6651666666666667
mouse,gaba_potentiation|k2p_potentiation|complex_i_block|nca_block|nachr_antagonism,isoflurane,200.0,137,0.020833333333333332,0.8797222222222222,0.8787638888888889
mouse,gaba_potentiation|k2p_potentiation|complex_i_block|nca_block|nachr_antagonism,isoflurane,200.0,219,0.08333333333333333,0.8579166666666667,0.8788611111111111
mouse,gaba_potentiation|k2p_potentiation|complex_i_block|nca_block|nachr_antagonism,isoflurane,200.0,331,0.020833333333333332,0.8626388888888888,0.8872083333333334
mouse,gaba_potentiation|k2p_potentiation|complex_i_block|nca_block|nachr_antagonism,isoflurane,200.0,443,0.041666666666666664,0.9002777777777778,0.8850416666666666
mouse,gaba_potentiation|k2p_potentiation|complex_i_block|nca_block|nachr_antagonism,isoflurane,500.0,331,0.9583333333333334,0.6541666666666667,0.6753888888888889
mouse,gaba_potentiation|k2p_potentiation|complex_i_block|nca_block|nachr_antagonism,isoflurane,500.0,443,0.8333333333333334,0.6869444444444445,0.6726805555555555
mouse,gaba_potentiation|k2p_potentiation|complex_i_block|nca_block|nachr_antagonism,isoflurane,1000.0,42,1.0,0.57,0.5699583333333333
mouse,gaba_potentiation|k2p_potentiation|complex_i_block|nca_block|nachr_antagonism,isoflurane,1000.0,137,1.0,0.5588888888888889,0.5632916666666666
mouse,gaba_potentiation|k2p_potentiation|complex_i_block|nca_block|nachr_antagonism,isoflurane,290.0,42,0.2916666666666667,0.7858333333333333,0.785875
mouse,gaba_potentiation|k2p_potentiation|complex_i_block|nca_block|nachr_antagonism,isoflurane,290.0,137,0.2916666666666667,0.7823611111111112,0.7834166666666667
mouse,gaba_potentiation|k2p_potentiation|complex_i_block|nca_block|nachr_antagonism,isoflurane,290.0,219,0.4166666666666667,0.7620833333333333,0.7827083333333333
mouse,gaba_potentiation|k2p_potentiation|complex_i_block|nca_block|nachr_antagonism,isoflurane,290.0,331,0.3541666666666667,0.7708333333333334,0.7906666666666666
mouse,gaba_potentiation|k2p_potentiation|complex_i_block|nca_block|nachr_antagonism,isoflurane,1000.0,219,1.0,0.5497222222222221,0.5626666666666666
mouse,gaba_potentiation|k2p_potentiation|complex_i_block|nca_block|nachr_antagonism,isoflurane,1000.0,331,1.0,0.5534722222222223,0.5701944444444444
mouse,gaba_potentiation|k2p_potentiation|complex_i_block|nca_block|nachr_antagonism,isoflurane,1000.0,443,1.0,0.5769444444444445,0.5674722222222223
mouse,gaba_potentiation|k2p_potentiation|complex_i_block|nca_block|nachr_antagonism,isoflurane,3000.0,42,1.0,0.48722222222222217,0.48615277777777777
mouse,gaba_potentiation|k2p_potentiation|complex_i_block|nca_block|nachr_antagonism,isoflurane,3000.0,137,1.0,0.4748611111111111,0.48059722222222223
mouse,gaba_potentiation|k2p_potentiation|complex_i_block|nca_block|nachr_antagonism,isoflurane,3000.0,219,1.0,0.47000000000000003,0.4815833333333333
mouse,gaba_potentiation|k2p_potentiation|complex_i_block|nca_block|nachr_antagonism,isoflurane,3000.0,331,1.0,0.47041666666666665,0.487375
mouse,gaba_potentiation|k2p_potentiation|complex_i_block|nca_block|nachr_antagonism,isoflurane,3000.0,443,1.0,0.49041666666666667,0.48468055555555556
mouse,gaba_potentiation|complex_i_block|snare_cooperativity|nca_block|nachr_antagonism,isoflurane,10.0,42,0.0,1.4609722222222221,1.4529027777777779
mouse,gaba_potentiation|complex_i_block|snare_cooperativity|nca_block|nachr_antagonism,isoflurane,10.0,137,0.0,1.4408333333333332,1.4416944444444444
mouse,gaba_potentiation|complex_i_block|snare_cooperativity|nca_block|nachr_antagonism,isoflurane,10.0,219,0.0,1.4290277777777778,1.4428472222222222
mouse,gaba_potentiation|complex_i_block|snare_cooperativity|nca_block|nachr_antagonism,isoflurane,10.0,331,0.0,1.430138888888889,1.4493055555555556
mouse,gaba_potentiation|complex_i_block|snare_cooperativity|nca_block|nachr_antagonism,isoflurane,30.0,331,0.0,1.3368055555555554,1.3565972222222222
mouse,gaba_potentiation|complex_i_block|snare_cooperativity|nca_block|nachr_antagonism,isoflurane,30.0,443,0.0,1.3670833333333334,1.356263888888889
mouse,gaba_potentiation|complex_i_block|snare_cooperativity|nca_block|nachr_antagonism,isoflurane,100.0,42,0.0,1.1434722222222222,1.1339027777777777
mouse,gaba_potentiation|complex_i_block|snare_cooperativity|nca_block|nachr_antagonism,isoflurane,100.0,137,0.0,1.1366666666666667,1.128625
mouse,gaba_potentiation|complex_i_block|snare_cooperativity|nca_block|nachr_antagonism,isoflurane,10.0,443,0.0,1.4647222222222223,1.4494305555555556
mouse,gaba_potentiation|complex_i_block|snare_cooperativity|nca_block|nachr_antagonism,isoflurane,30.0,42,0.0,1.366388888888889,1.3580555555555556
mouse,gaba_potentiation|complex_i_block|snare_cooperativity|nca_block|nachr_antagonism,isoflurane,30.0,137,0.0,1.3490277777777777,1.3475
mouse,gaba_potentiation|complex_i_block|snare_cooperativity|nca_block|nachr_antagonism,isoflurane,30.0,219,0.0,1.3281944444444445,1.3488055555555556
mouse,gaba_potentiation|complex_i_block|snare_cooperativity|nca_block|nachr_antagonism,isoflurane,290.0,443,0.041666666666666664,0.8968055555555555,0.8797638888888889
mouse,gaba_potentiation|complex_i_block|snare_cooperativity|nca_block|nachr_antagonism,isoflurane,500.0,42,0.4166666666666667,0.7655555555555557,0.7654444444444445
mouse,gaba_potentiation|complex_i_block|snare_cooperativity|nca_block|nachr_antagonism,isoflurane,500.0,137,0.4166666666666667,0.7616666666666667,0.7630694444444445
mouse,gaba_potentiation|complex_i_block|snare_cooperativity|nca_block|nachr_antagonism,isoflurane,500.0,219,0.5625,0.7413888888888889,0.7623472222222222
mouse,gaba_potentiation|complex_i_block|snare_cooperativity|nca_block|nachr_antagonism,isoflurane,100.0,219,0.0,1.1098611111111112,1.1298055555555555
mouse,gaba_potentiation|complex_i_block|snare_cooperativity|nca_block|nachr_antagonism,isoflurane,100.0,331,0.0,1.1127777777777779,1.1366944444444445
mouse,gaba_potentiation|complex_i_block|snare_cooperativity|nca_block|nachr_antagonism,isoflurane,100.0,443,0.0,1.1480555555555556,1.1376388888888889
mouse,gaba_potentiation|complex_i_block|snare_cooperativity|nca_block|nachr_antagonism,isoflurane,200.0,42,0.0,0.9716666666666667,0.96475
mouse,gaba_potentiation|complex_i_block|snare_cooperativity|nca_block|nachr_antagonism,isoflurane,200.0,137,0.0,0.9636111111111112,0.96075
mouse,gaba_potentiation|complex_i_block|snare_cooperativity|nca_block|nachr_antagonism,isoflurane,200.0,219,0.020833333333333332,0.9355555555555556,0.9598888888888889
mouse,gaba_potentiation|complex_i_block|snare_cooperativity|nca_block|nachr_antagonism,isoflurane,200.0,331,0.0,0.9427777777777777,0.9709166666666667
mouse,gaba_potentiation|complex_i_block|snare_cooperativity|nca_block|nachr_antagonism,isoflurane,200.0,443,0.0,0.9830555555555556,0.9687083333333333
mouse,gaba_potentiation|complex_i_block|snare_cooperativity|nca_block|nachr_antagonism,isoflurane,290.0,42,0.020833333333333332,0.8793055555555555,0.8761805555555555
mouse,gaba_potentiation|complex_i_block|snare_cooperativity|nca_block|nachr_antagonism,isoflurane,290.0,137,0.041666666666666664,0.875,0.8743194444444444
mouse,gaba_potentiation|complex_i_block|snare_cooperativity|nca_block|nachr_antagonism,isoflurane,290.0,219,0.08333333333333333,0.853611111111111,0.8743194444444444
mouse,gaba_potentiation|complex_i_block|snare_cooperativity|nca_block|nachr_antagonism,isoflurane,290.0,331,0.041666666666666664,0.8597222222222222,0.8825972222222223
mouse,gaba_potentiation|complex_i_block|snare_cooperativity|nca_block|nachr_antagonism,isoflurane,1000.0,219,0.8958333333333334,0.6458333333333334,0.6603888888888889
mouse,gaba_potentiation|complex_i_block|snare_cooperativity|nca_block|nachr_antagonism,isoflurane,1000.0,331,0.9791666666666666,0.6505555555555556,0.6701111111111111
mouse,gaba_potentiation|complex_i_block|snare_cooperativity|nca_block|nachr_antagonism,isoflurane,1000.0,443,0.8333333333333334,0.6811111111111111,0.6674583333333334
mouse,gaba_potentiation|complex_i_block|snare_cooperativity|nca_block|nachr_antagonism,isoflurane,3000.0,42,1.0,0.5852777777777778,0.5857361111111111
mouse,k2p_potentiation|complex_i_block|snare_cooperativity|nca_block|nachr_antagonism,isoflurane,30.0,331,0.0,1.331388888888889,1.3512083333333333
mouse,k2p_potentiation|complex_i_block|snare_cooperativity|nca_block|nachr_antagonism,isoflurane,30.0,443,0.0,1.3605555555555557,1.350486111111111
mouse,k2p_potentiation|complex_i_block|snare_cooperativity|nca_block|nachr_antagonism,isoflurane,100.0,42,0.0,1.1327777777777779,1.1238194444444445
mouse,k2p_potentiation|complex_i_block|snare_cooperativity|nca_block|nachr_antagonism,isoflurane,100.0,137,0.0,1.1252777777777778,1.1185694444444445
mouse,k2p_potentiation|complex_i_block|snare_cooperativity|nca_block|nachr_antagonism,isoflurane,10.0,42,0.0,1.4579166666666665,1.4502916666666668
mouse,k2p_potentiation|complex_i_block|snare_cooperativity|nca_block|nachr_antagonism,isoflurane,10.0,137,0.0,1.4394444444444445,1.4393888888888888
mouse,k2p_potentiation|complex_i_block|snare_cooperativity|nca_block|nachr_antagonism,isoflurane,10.0,219,0.0,1.4265277777777776,1.4406944444444445
mouse,k2p_potentiation|complex_i_block|snare_cooperativity|nca_block|nachr_antagonism,isoflurane,10.0,331,0.0,1.4270833333333333,1.4469583333333333
mouse,k2p_potentiation|complex_i_block|snare_cooperativity|nca_block|nachr_antagonism,isoflurane,10.0,443,0.0,1.4622222222222223,1.447263888888889
mouse,k2p_potentiation|complex_i_block|snare_cooperativity|nca_block|nachr_antagonism,isoflurane,30.0,42,0.0,1.3611111111111114,1.35225
mouse,k2p_potentiation|complex_i_block|snare_cooperativity|nca_block|nachr_antagonism,isoflurane,30.0,137,0.0,1.3425,1.3420416666666666
mouse,k2p_potentiation|complex_i_block|snare_cooperativity|nca_block|nachr_antagonism,isoflurane,30.0,219,0.0,1.322638888888889,1.3427361111111111
mouse,gaba_potentiation|complex_i_block|snare_cooperativity|nca_block|nachr_antagonism,isoflurane,3000.0,137,1.0,0.5743055555555555,0.5788888888888889
mouse,gaba_potentiation|complex_i_block|snare_cooperativity|nca_block|nachr_antagonism,isoflurane,3000.0,219,1.0,0.5672222222222222,0.5788888888888889
mouse,gaba_potentiation|complex_i_block|snare_cooperativity|nca_block|nachr_antagonism,isoflurane,3000.0,331,1.0,0.5693055555555556,0.5855138888888889
mouse,gaba_potentiation|complex_i_block|snare_cooperativity|nca_block|nachr_antagonism,isoflurane,3000.0,443,1.0,0.5927777777777777,0.5831111111111111
mouse,gaba_potentiation|complex_i_block|snare_cooperativity|nca_block|nachr_antagonism,isoflurane,500.0,331,0.5208333333333334,0.7487500000000001,0.7698055555555555
mouse,gaba_potentiation|complex_i_block|snare_cooperativity|nca_block|nachr_antagonism,isoflurane,500.0,443,0.375,0.7825000000000001,0.7683194444444444
mouse,gaba_potentiation|complex_i_block|snare_cooperativity|nca_block|nachr_antagonism,isoflurane,1000.0,42,0.875,0.6654166666666667,0.6663333333333333
mouse,gaba_potentiation|complex_i_block|snare_cooperativity|nca_block|nachr_antagonism,isoflurane,1000.0,137,0.9583333333333334,0.6598611111111111,0.6625138888888888
mouse,k2p_potentiation|complex_i_block|snare_cooperativity|nca_block|nachr_antagonism,isoflurane,290.0,42,0.041666666666666664,0.87,0.8670277777777777
mouse,k2p_potentiation|complex_i_block|snare_cooperativity|nca_block|nachr_antagonism,isoflurane,290.0,137,0.0625,0.8658333333333333,0.8655138888888889
mouse,k2p_potentiation|complex_i_block|snare_cooperativity|nca_block|nachr_antagonism,isoflurane,290.0,219,0.125,0.8441666666666667,0.8649583333333334
mouse,k2p_potentiation|complex_i_block|snare_cooperativity|nca_block|nachr_antagonism,isoflurane,290.0,331,0.041666666666666664,0.8500000000000001,0.8733333333333333
mouse,k2p_potentiation|complex_i_block|snare_cooperativity|nca_block|nachr_antagonism,isoflurane,290.0,443,0.041666666666666664,0.8877777777777777,0.8707916666666666
mouse,k2p_potentiation|complex_i_block|snare_cooperativity|nca_block|nachr_antagonism,isoflurane,500.0,42,0.5,0.7595833333333334,0.7583194444444444
mouse,k2p_potentiation|complex_i_block|snare_cooperativity|nca_block|nachr_antagonism,isoflurane,500.0,137,0.4583333333333333,0.7533333333333333,0.7557083333333333
mouse,k2p_potentiation|complex_i_block|snare_cooperativity|nca_block|nachr_antagonism,isoflurane,500.0,219,0.5833333333333334,0.73375,0.7548055555555555
mouse,k2p_potentiation|complex_i_block|snare_cooperativity|nca_block|nachr_antagonism,isoflurane,100.0,219,0.0,1.0993055555555555,1.12
mouse,k2p_potentiation|complex_i_block|snare_cooperativity|nca_block|nachr_antagonism,isoflurane,100.0,331,0.0,1.1023611111111111,1.1261805555555555
mouse,k2p_potentiation|complex_i_block|snare_cooperativity|nca_block|nachr_antagonism,isoflurane,100.0,443,0.0,1.1398611111111112,1.1278333333333332
mouse,k2p_potentiation|complex_i_block|snare_cooperativity|nca_block|nachr_antagonism,isoflurane,200.0,42,0.0,0.96,0.9544722222222223
mouse,k2p_potentiation|complex_i_block|snare_cooperativity|nca_block|nachr_antagonism,isoflurane,3000.0,137,1.0,0.5734722222222222,0.5773333333333334
mouse,k2p_potentiation|complex_i_block|snare_cooperativity|nca_block|nachr_antagonism,isoflurane,3000.0,219,1.0,0.5663888888888889,0.5772638888888889
mouse,k2p_potentiation|complex_i_block|snare_cooperativity|nca_block|nachr_antagonism,isoflurane,3000.0,331,1.0,0.5683333333333334,0.5836527777777778
mouse,k2p_potentiation|complex_i_block|snare_cooperativity|nca_block|nachr_antagonism,isoflurane,3000.0,443,1.0,0.5916666666666667,0.5814027777777778
mouse,k2p_potentiation|complex_i_block|snare_cooperativity|nca_block|nachr_antagonism,isoflurane,200.0,137,0.0,0.9541666666666666,0.9513472222222222
mouse,k2p_potentiation|complex_i_block|snare_cooperativity|nca_block|nachr_antagonism,isoflurane,200.0,219,0.020833333333333332,0.9254166666666667,0.9502222222222222
mouse,k2p_potentiation|complex_i_block|snare_cooperativity|nca_block|nachr_antagonism,isoflurane,200.0,331,0.0,0.93125,0.9605
mouse,k2p_potentiation|complex_i_block|snare_cooperativity|nca_block|nachr_antagonism,isoflurane,200.0,443,0.0,0.9722222222222222,0.9588333333333333
mouse,gaba_potentiation|k2p_potentiation|complex_i_block|snare_cooperativity|nca_block|nachr_antagonism,isoflurane,100.0,219,0.0,1.043611111111111,1.0615972222222223
mouse,gaba_potentiation|k2p_potentiation|complex_i_block|snare_cooperativity|nca_block|nachr_antagonism,isoflurane,100.0,331,0.0,1.0466666666666666,1.0698611111111112
mouse,gaba_potentiation|k2p_potentiation|complex_i_block|snare_cooperativity|nca_block|nachr_antagonism,isoflurane,100.0,443,0.0,1.08,1.068638888888889
mouse,gaba_potentiation|k2p_potentiation|complex_i_block|snare_cooperativity|nca_block|nachr_antagonism,isoflurane,200.0,42,0.020833333333333332,0.8794444444444444,0.8759583333333333
mouse,k2p_potentiation|complex_i_block|snare_cooperativity|nca_block|nachr_antagonism,isoflurane,500.0,331,0.5833333333333334,0.7405555555555555,0.7624583333333333
mouse,k2p_potentiation|complex_i_block|snare_cooperativity|nca_block|nachr_antagonism,isoflurane,500.0,443,0.4166666666666667,0.7743055555555557,0.7611666666666667
mouse,k2p_potentiation|complex_i_block|snare_cooperativity|nca_block|nachr_antagonism,isoflurane,1000.0,42,0.875,0.6604166666666668,0.6621111111111111
mouse,k2p_potentiation|complex_i_block|snare_cooperativity|nca_block|nachr_antagonism,isoflurane,1000.0,137,0.9583333333333334,0.6556944444444445,0.6580277777777778
mouse,k2p_potentiation|complex_i_block|snare_cooperativity|nca_block|nachr_antagonism,isoflurane,1000.0,219,0.8958333333333334,0.64125,0.6557222222222222
mouse,k2p_potentiation|complex_i_block|snare_cooperativity|nca_block|nachr_antagonism,isoflurane,1000.0,331,0.9791666666666666,0.6455555555555555,0.6655833333333333
mouse,k2p_potentiation|complex_i_block|snare_cooperativity|nca_block|nachr_antagonism,isoflurane,1000.0,443,0.8333333333333334,0.6759722222222222,0.6632222222222223
mouse,k2p_potentiation|complex_i_block|snare_cooperativity|nca_block|nachr_antagonism,isoflurane,3000.0,42,1.0,0.5843055555555555,0.5839861111111111
mouse,gaba_potentiation|k2p_potentiation|complex_i_block|snare_cooperativity|nca_block|nachr_antagonism,isoflurane,10.0,42,0.0,1.4456944444444446,1.4392777777777779
mouse,gaba_potentiation|k2p_potentiation|complex_i_block|snare_cooperativity|nca_block|nachr_antagonism,isoflurane,10.0,137,0.0,1.4318055555555558,1.4297083333333334
mouse,gaba_potentiation|k2p_potentiation|complex_i_block|snare_cooperativity|nca_block|nachr_antagonism,isoflurane,10.0,219,0.0,1.41625,1.430875
mouse,gaba_potentiation|k2p_potentiation|complex_i_block|snare_cooperativity|nca_block|nachr_antagonism,isoflurane,10.0,331,0.0,1.419027777777778,1.4375277777777777
mouse,gaba_potentiation|k2p_potentiation|complex_i_block|snare_cooperativity|nca_block|nachr_antagonism,isoflurane,10.0,443,0.0,1.4513888888888886,1.437486111111111
mouse,gaba_potentiation|k2p_potentiation|complex_i_block|snare_cooperativity|nca_block|nachr_antagonism,isoflurane,30.0,42,0.0,1.3380555555555553,1.3264444444444445
mouse,gaba_potentiation|k2p_potentiation|complex_i_block|snare_cooperativity|nca_block|nachr_antagonism,isoflurane,30.0,137,0.0,1.317222222222222,1.315611111111111
mouse,gaba_potentiation|k2p_potentiation|complex_i_block|snare_cooperativity|nca_block|nachr_antagonism,isoflurane,30.0,219,0.0,1.2981944444444444,1.3166111111111112
mouse,gaba_potentiation|k2p_potentiation|complex_i_block|snare_cooperativity|nca_block|nachr_antagonism,isoflurane,290.0,443,0.2916666666666667,0.7987500000000001,0.7844166666666667
mouse,gaba_potentiation|k2p_potentiation|complex_i_block|snare_cooperativity|nca_block|nachr_antagonism,isoflurane,500.0,42,0.875,0.666111111111111,0.6666805555555556
mouse,gaba_potentiation|k2p_potentiation|complex_i_block|snare_cooperativity|nca_block|nachr_antagonism,isoflurane,500.0,137,0.9583333333333334,0.6598611111111111,0.663
mouse,gaba_potentiation|k2p_potentiation|complex_i_block|snare_cooperativity|nca_block|nachr_antagonism,isoflurane,500.0,219,0.875,0.6466666666666666,0.6609583333333333
mouse,gaba_potentiation|k2p_potentiation|complex_i_block|snare_cooperativity|nca_block|nachr_antagonism,isoflurane,290.0,42,0.3125,0.7808333333333334,0.7810277777777778
mouse,gaba_potentiation|k2p_potentiation|complex_i_block|snare_cooperativity|nca_block|nachr_antagonism,isoflurane,290.0,137,0.3125,0.7774999999999999,0.7785
mouse,gaba_potentiation|k2p_potentiation|complex_i_block|snare_cooperativity|nca_block|nachr_antagonism,isoflurane,290.0,219,0.4791666666666667,0.7577777777777778,0.7781527777777778
mouse,gaba_potentiation|k2p_potentiation|complex_i_block|snare_cooperativity|nca_block|nachr_antagonism,isoflurane,290.0,331,0.375,0.7661111111111113,0.786
mouse,gaba_potentiation|k2p_potentiation|complex_i_block|snare_cooperativity|nca_block|nachr_antagonism,isoflurane,30.0,331,0.0,1.3044444444444443,1.3258333333333334
mouse,gaba_potentiation|k2p_potentiation|complex_i_block|snare_cooperativity|nca_block|nachr_antagonism,isoflurane,30.0,443,0.0,1.3327777777777776,1.3244444444444445
mouse,gaba_potentiation|k2p_potentiation|complex_i_block|snare_cooperativity|nca_block|nachr_antagonism,isoflurane,100.0,42,0.0,1.0741666666666667,1.0664305555555555
mouse,gaba_potentiation|k2p_potentiation|complex_i_block|snare_cooperativity|nca_block|nachr_antagonism,isoflurane,100.0,137,0.0,1.0665277777777777,1.0590555555555556
mouse,gaba_potentiation|k2p_potentiation|complex_i_block|snare_cooperativity|nca_block|nachr_antagonism,isoflurane,200.0,137,0.041666666666666664,0.8754166666666666,0.8742777777777778
mouse,gaba_potentiation|k2p_potentiation|complex_i_block|snare_cooperativity|nca_block|nachr_antagonism,isoflurane,200.0,219,0.08333333333333333,0.853611111111111,0.8741388888888889
mouse,gaba_potentiation|k2p_potentiation|complex_i_block|snare_cooperativity|nca_block|nachr_antagonism,isoflurane,200.0,331,0.041666666666666664,0.8594444444444443,0.8826944444444444
mouse,gaba_potentiation|k2p_potentiation|complex_i_block|snare_cooperativity|nca_block|nachr_antagonism,isoflurane,200.0,443,0.041666666666666664,0.8966666666666666,0.8796944444444444
mouse,gaba_potentiation|k2p_potentiation|complex_i_block|snare_cooperativity|nca_block|nachr_antagonism,isoflurane,500.0,331,0.9583333333333334,0.6504166666666666,0.6706388888888889
mouse,gaba_potentiation|k2p_potentiation|complex_i_block|snare_cooperativity|nca_block|nachr_antagonism,isoflurane,500.0,443,0.8333333333333334,0.6809722222222222,0.6676666666666666
mouse,gaba_potentiation|k2p_potentiation|complex_i_block|snare_cooperativity|nca_block|nachr_antagonism,isoflurane,1000.0,42,1.0,0.56625,0.5658333333333333
mouse,gaba_potentiation|k2p_potentiation|complex_i_block|snare_cooperativity|nca_block|nachr_antagonism,isoflurane,1000.0,137,1.0,0.555,0.5592638888888889
mouse,gaba_potentiation|k2p_potentiation|complex_i_block|snare_cooperativity|nca_block|nachr_antagonism,isoflurane,1000.0,219,1.0,0.5466666666666666,0.55925
mouse,gaba_potentiation|k2p_potentiation|complex_i_block|snare_cooperativity|nca_block|nachr_antagonism,isoflurane,1000.0,331,1.0,0.5513888888888889,0.5660277777777778
mouse,gaba_potentiation|k2p_potentiation|complex_i_block|snare_cooperativity|nca_block|nachr_antagonism,isoflurane,1000.0,443,1.0,0.5736111111111112,0.5632777777777778
mouse,gaba_potentiation|k2p_potentiation|complex_i_block|snare_cooperativity|nca_block|nachr_antagonism,isoflurane,3000.0,42,1.0,0.48333333333333334,0.48275
mouse,gaba_potentiation|k2p_potentiation|complex_i_block|snare_cooperativity|nca_block|nachr_antagonism,isoflurane,3000.0,137,1.0,0.47138888888888886,0.4769305555555556
mouse,gaba_potentiation|k2p_potentiation|complex_i_block|snare_cooperativity|nca_block|nachr_antagonism,isoflurane,3000.0,219,1.0,0.46625000000000005,0.4781666666666667
mouse,gaba_potentiation|k2p_potentiation|complex_i_block|snare_cooperativity|nca_block|nachr_antagonism,isoflurane,3000.0,331,1.0,0.46680555555555553,0.48383333333333334
mouse,gaba_potentiation|k2p_potentiation|complex_i_block|snare_cooperativity|nca_block|nachr_antagonism,isoflurane,3000.0,443,1.0,0.48875,0.4814027777777778
