organism,subset,compound,dose_uM,seed,quiescent_fraction,command_rate_hz,network_rate_hz
worm,gaba_potentiation|k2p_potentiation|complex_i_block|snare_cooperativity|nca_block,cis_12_dichloroethylene,10000.0,331,0.7291666666666666,2.0442708333333335,0.5515277777777777
worm,gaba_potentiation|k2p_potentiation|complex_i_block|snare_cooperativity|nca_block,cis_12_dichloroethylene,10000.0,443,0.9166666666666666,1.2552083333333333,0.43875
worm,gaba_potentiation|k2p_potentiation|complex_i_block|snare_cooperativity|nca_block,cis_12_dichloroethylene,30000.0,42,0.9375,1.4270833333333333,0.42375
worm,gaba_potentiation|k2p_potentiation|complex_i_block|snare_cooperativity|nca_block,cis_12_dichloroethylene,30000.0,137,0.9166666666666666,1.3489583333333333,0.40944444444444444
worm,gaba_potentiation|k2p_potentiation|complex_i_block|snare_cooperativity|nca_block,cis_12_dichloroethylene,30.0,443,0.0,22.338541666666668,6.979305555555555
worm,gaba_potentiation|k2p_potentiation|complex_i_block|snare_cooperativity|nca_block,cis_12_dichloroethylene,100.0,42,0.0,18.643229166666668,5.745972222222222
worm,gaba_potentiation|k2p_potentiation|complex_i_block|snare_cooperativity|nca_block,cis_12_dichloroethylene,100.0,137,0.0,17.721354166666668,5.511111111111111
worm,gaba_potentiation|k2p_potentiation|complex_i_block|snare_cooperativity|nca_block,cis_12_dichloroethylene,100.0,219,0.0,18.9375,5.8718055555555555
worm,gaba_potentiation|k2p_potentiation|complex_i_block|snare_cooperativity|nca_block,trans_12_dichloroethylene,30.0,137,0.0,22.841145833333332,7.234861111111111
worm,gaba_potentiation|k2p_potentiation|complex_i_block|snare_cooperativity|nca_block,trans_12_dichloroethylene,30.0,219,0.0,23.359375,7.359583333333333
worm,gaba_potentiation|k2p_potentiation|complex_i_block|snare_cooperativity|nca_block,trans_12_dichloroethylene,30.0,331,0.0,23.315104166666668,7.328194444444445
worm,gaba_potentiation|k2p_potentiation|complex_i_block|snare_cooperativity|nca_block,trans_12_dichloroethylene,30.0,443,0.0,24.140625,7.568611111111111
worm,gaba_potentiation|k2p_potentiation|complex_i_block|snare_cooperativity|nca_block,trans_12_dichloroethylene,100.0,443,0.0,23.955729166666668,7.5065277777777775
worm,gaba_potentiation|k2p_potentiation|complex_i_block|snare_cooperativity|nca_block,trans_12_dichloroethylene,300.0,42,0.0,23.255208333333332,7.273333333333333
worm,gaba_potentiation|k2p_potentiation|complex_i_block|snare_cooperativity|nca_block,trans_12_dichloroethylene,300.0,137,0.0,22.354166666666668,7.06875
worm,gaba_potentiation|k2p_potentiation|complex_i_block|snare_cooperativity|nca_block,trans_12_dichloroethylene,300.0,219,0.0,23.122395833333332,7.282916666666667
worm,gaba_potentiation|k2p_potentiation|complex_i_block|snare_cooperativity|nca_block,cis_12_dichloroethylene,300.0,219,0.0,13.052083333333334,3.8941666666666666
worm,gaba_potentiation|k2p_potentiation|complex_i_block|snare_cooperativity|nca_block,cis_12_dichloroethylene,300.0,331,0.0,12.169270833333334,3.6884722222222224
worm,gaba_potentiation|k2p_potentiation|complex_i_block|snare_cooperativity|nca_block,cis_12_dichloroethylene,300.0,443,0.0,12.4375,3.7205555555555554
worm,gaba_potentiation|k2p_potentiation|complex_i_block|snare_cooperativity|nca_block,cis_12_dichloroethylene,1000.0,42,0.0625,6.015625,1.6940277777777777
worm,gaba_potentiation|k2p_potentiation|complex_i_block|snare_cooperativity|nca_block,cis_12_dichloroethylene,3000.0,443,0.8125,2.1536458333333335,0.6706944444444445
worm,gaba_potentiation|k2p_potentiation|complex_i_block|snare_cooperativity|nca_block,cis_12_dichloroethylene,10000.0,42,0.8333333333333334,1.6822916666666667,0.4872222222222222
worm,gaba_potentiation|k2p_potentiation|complex_i_block|snare_cooperativity|nca_block,cis_12_dichloroethylene,10000.0,137,0.9166666666666666,1.5598958333333333,0.46819444444444447
worm,gaba_potentiation|k2p_potentiation|complex_i_block|snare_cooperativity|nca_block,cis_12_dichloroethylene,10000.0,219,0.7708333333333334,1.6927083333333333,0.4963888888888889
worm,gaba_potentiation|k2p_potentiation|complex_i_block|snare_cooperativity|nca_block,cis_12_dichloroethylene,100.0,331,0.0,18.1953125,5.633055555555556
worm,gaba_potentiation|k2p_potentiation|complex_i_block|snare_cooperativity|nca_block,cis_12_dichloroethylene,100.0,443,0.0,19.247395833333332,5.904444444444445
worm,gaba_potentiation|k2p_potentiation|complex_i_block|snare_cooperativity|nca_block,cis_12_dichloroethylene,300.0,42,0.0,12.778645833333334,3.8097222222222222
worm,gaba_potentiation|k2p_potentiation|complex_i_block|snare_cooperativity|nca_block,cis_12_dichloroethylene,300.0,137,0.0,11.997395833333334,3.618888888888889
worm,gaba_potentiation|k2p_potentiation|complex_i_block|snare_cooperativity|nca_block,cis_12_dichloroethylene,30000.0,219,0.7916666666666666,1.5651041666666667,0.4543055555555556
worm,gaba_potentiation|k2p_potentiation|complex_i_block|snare_cooperativity|nca_block,cis_12_dichloroethylene,30000.0,331,0.8125,1.6822916666666667,0.46805555555555556
worm,gaba_potentiation|k2p_potentiation|complex_i_block|snare_cooperativity|nca_block,cis_12_dichloroethylene,30000.0,443,0.9583333333333334,1.0338541666666667,0.3775
worm,gaba_potentiation|k2p_potentiation|complex_i_block|snare_cooperativity|nca_block,trans_12_dichloroethylene,30.0,42,0.0,23.341145833333332,7.324722222222222
worm,gaba_potentiation|k2p_potentiation|complex_i_block|snare_cooperativity|nca_block,cis_12_dichloroethylene,30.0,42,0.0,22.171875,6.879444444444444
worm,gaba_potentiation|k2p_potentiation|complex_i_block|snare_cooperativity|nca_block,cis_12_dichloroethylene,30.0,137,0.0,21.140625,6.668055555555555
worm,gaba_potentiation|k2p_potentiation|complex_i_block|snare_cooperativity|nca_block,cis_12_dichloroethylene,30.0,219,0.0,22.127604166666668,6.929305555555556
worm,gaba_potentiation|k2p_potentiation|complex_i_block|snare_cooperativity|nca_block,cis_12_dichloroethylene,30.0,331,0.0,21.565104166666668,6.748611111111111
worm,gaba_potentiation|k2p_potentiation|complex_i_block|snare_cooperativity|nca_block,trans_12_dichloroethylene,100.0,42,0.0,23.408854166666668,7.336111111111111
worm,gaba_potentiation|k2p_potentiation|complex_i_block|snare_cooperativity|nca_block,trans_12_dichloroethylene,100.0,137,0.0,22.661458333333332,7.169305555555556
worm,gaba_potentiation|k2p_potentiation|complex_i_block|snare_cooperativity|nca_block,trans_12_dichloroethylene,100.0,219,0.0,23.307291666666668,7.336805555555555
worm,gaba_potentiation|k2p_potentiation|complex_i_block|snare_cooperativity|nca_block,trans_12_dichloroethylene,100.0,331,0.0,23.223958333333332,7.300416666666667
worm,gaba_potentiation|k2p_potentiation|complex_i_block|snare_cooperativity|nca_block,cis_12_dichloroethylene,1000.0,137,0.10416666666666667,5.700520833333333,1.62125
worm,gaba_potentiation|k2p_potentiation|complex_i_block|snare_cooperativity|nca_block,cis_12_dichloroethylene,1000.0,219,0.0625,6.0859375,1.7261111111111112
worm,gaba_potentiation|k2p_potentiation|complex_i_block|snare_cooperativity|nca_block,cis_12_dichloroethylene,1000.0,331,0.08333333333333333,5.940104166666667,1.6754166666666668
worm,gaba_potentiation|k2p_potentiation|complex_i_block|snare_cooperativity|nca_block,cis_12_dichloroethylene,1000.0,443,0.125,5.440104166666667,1.5790277777777777
worm,gaba_potentiation|k2p_potentiation|complex_i_block|snare_cooperativity|nca_block,cis_12_dichloroethylene,3000.0,42,0.5416666666666666,2.8411458333333335,0.7816666666666666
worm,gaba_potentiation|k2p_potentiation|complex_i_block|snare_cooperativity|nca_block,cis_12_dichloroethylene,3000.0,137,0.6458333333333334,2.5052083333333335,0.7222222222222222
worm,gaba_potentiation|k2p_potentiation|complex_i_block|snare_cooperativity|nca_block,cis_12_dichloroethylene,3000.0,219,0.5,3.1067708333333335,0.8508333333333333
worm,gaba_potentiation|k2p_potentiation|complex_i_block|snare_cooperativity|nca_block,cis_12_dichloroethylene,3000.0,331,0.4166666666666667,3.1302083333333335,0.8461111111111111
worm,gaba_potentiation|k2p_potentiation|complex_i_block|snare_cooperativity|nca_block,trans_12_dichloroethylene,1000.0,219,0.0,22.3046875,7.011388888888889
worm,gaba_potentiation|k2p_potentiation|complex_i_block|snare_cooperativity|nca_block,trans_12_dichloroethylene,1000.0,331,0.0,21.885416666666668,6.861944444444444
worm,gaba_potentiation|k2p_potentiation|complex_i_block|snare_cooperativity|nca_block,trans_12_dichloroethylene,1000.0,443,0.0,22.747395833333332,7.124444444444444
worm,gaba_potentiation|k2p_potentiation|complex_i_block|snare_cooperativity|nca_block,trans_12_dichloroethylene,3000.0,42,0.0,20.986979166666668,6.518611111111111
worm,gaba_potentiation|k2p_potentiation|complex_i_block|snare_cooperativity|nca_block,trans_12_dichloroethylene,300.0,331,0.0,22.690104166666668,7.126666666666667
worm,gaba_potentiation|k2p_potentiation|complex_i_block|snare_cooperativity|nca_block,trans_12_dichloroethylene,300.0,443,0.0,23.567708333333332,7.38625
worm,gaba_potentiation|k2p_potentiation|complex_i_block|snare_cooperativity|nca_block,trans_12_dichloroethylene,1000.0,42,0.0,22.46875,7.0193055555555555
worm,gaba_potentiation|k2p_potentiation|complex_i_block|snare_cooperativity|nca_block,trans_12_dichloroethylene,1000.0,137,0.0,21.510416666666668,6.783055555555555
worm,gaba_potentiation|k2p_potentiation|complex_i_block|snare_cooperativity|nca_block,trans_12_dichloroethylene,3000.0,137,0.0,19.677083333333332,6.2098611111111115
worm,gaba_potentiation|k2p_potentiation|complex_i_block|snare_cooperativity|nca_block,trans_12_dichloroethylene,3000.0,219,0.0,21.1171875,6.628611111111111
worm,gaba_potentiation|k2p_potentiation|complex_i_block|snare_cooperativity|nca_block,trans_12_dichloroethylene,3000.0,331,0.0,20.541666666666668,6.42125
worm,gaba_potentiation|k2p_potentiation|complex_i_block|snare_cooperativity|nca_block,trans_12_dichloroethylene,3000.0,443,0.0,21.4296875,6.6738888888888885
worm,gaba_potentiation|k2p_potentiation|complex_i_block|snare_cooperativity|nca_block,trans_12_dichloroethylene,10000.0,42,0.0,19.377604166666668,6.0008333333333335
worm,gaba_potentiation|k2p_potentiation|complex_i_block|snare_cooperativity|nca_block,trans_12_dichloroethylene,10000.0,137,0.0,18.471354166666668,5.805
worm,gaba_potentiation|k2p_potentiation|complex_i_block|snare_cooperativity|nca_block,trans_12_dichloroethylene,10000.0,219,0.0,19.861979166666668,6.223055555555556
worm,gaba_potentiation|k2p_potentiation|complex_i_block|snare_cooperativity|nca_block,trans_12_dichloroethylene,10000.0,331,0.0,18.947916666666668,5.9325
worm,gaba_potentiation|k2p_potentiation|complex_i_block|snare_cooperativity|nca_block,hexafluoroethane,10000.0,137,0.0,19.005208333333332,5.958055555555555
worm,gaba_potentiation|k2p_potentiation|complex_i_block|snare_cooperativity|nca_block,hexafluoroethane,10000.0,219,0.0,20.252604166666668,6.36125
worm,gaba_potentiation|k2p_potentiation|complex_i_block|snare_cooperativity|nca_block,hexafluoroethane,10000.0,331,0.0,19.489583333333332,6.097777777777778
worm,gaba_potentiation|k2p_potentiation|complex_i_block|snare_cooperativity|nca_block,hexafluoroethane,10000.0,443,0.0,20.361979166666668,6.332083333333333
worm,gaba_potentiation|k2p_potentiation|complex_i_block|snare_cooperativity|nca_block,hexafluoroethane,30000.0,443,0.0,19.234375,5.978611111111111
worm,gaba_potentiation|k2p_potentiation|complex_i_block|snare_cooperativity|nachr_antagonism,cis_12_dichloroethylene,30.0,42,0.0,22.247395833333332,6.907916666666667
worm,gaba_potentiation|k2p_potentiation|complex_i_block|snare_cooperativity|nachr_antagonism,cis_12_dichloroethylene,30.0,137,0.0,21.135416666666668,6.660138888888889
worm,gaba_potentiation|k2p_potentiation|complex_i_block|snare_cooperativity|nachr_antagonism,cis_12_dichloroethylene,30.0,219,0.0,22.1640625,6.941388888888889
worm,gaba_potentiation|k2p_potentiation|complex_i_block|snare_cooperativity|nca_block,hexafluoroethane,30000.0,42,0.0,19.109375,5.922361111111111
worm,gaba_potentiation|k2p_potentiation|complex_i_block|snare_cooperativity|nca_block,hexafluoroethane,30000.0,137,0.0,17.955729166666668,5.635555555555555
worm,gaba_potentiation|k2p_potentiation|complex_i_block|snare_cooperativity|nca_block,hexafluoroethane,30000.0,219,0.0,19.354166666666668,6.053472222222222
worm,gaba_potentiation|k2p_potentiation|complex_i_block|snare_cooperativity|nca_block,hexafluoroethane,30000.0,331,0.0,18.515625,5.784722222222222
worm,gaba_potentiation|k2p_potentiation|complex_i_block|snare_cooperativity|nachr_antagonism,cis_12_dichloroethylene,30.0,331,0.0,21.666666666666668,6.776805555555556
worm,gaba_potentiation|k2p_potentiation|complex_i_block|snare_cooperativity|nachr_antagonism,cis_12_dichloroethylene,30.0,443,0.0,22.5078125,7.029861111111111
worm,gaba_potentiation|k2p_potentiation|complex_i_block|snare_cooperativity|nachr_antagonism,cis_12_dichloroethylene,100.0,42,0.0,18.674479166666668,5.765
worm,gaba_potentiation|k2p_potentiation|complex_i_block|snare_cooperativity|nachr_antagonism,cis_12_dichloroethylene,100.0,137,0.0,17.9375,5.585138888888889
worm,gaba_potentiation|k2p_potentiation|complex_i_block|snare_cooperativity|nca_block,trans_12_dichloroethylene,10000.0,443,0.0,19.859375,6.179861111111111
worm,gaba_potentiation|k2p_potentiation|complex_i_block|snare_cooperativity|nca_block,trans_12_dichloroethylene,30000.0,42,0.0,18.640625,5.78375
worm,gaba_potentiation|k2p_potentiation|complex_i_block|snare_cooperativity|nca_block,trans_12_dichloroethylene,30000.0,137,0.0,17.864583333333332,5.5881944444444445
worm,gaba_potentiation|k2p_potentiation|complex_i_block|snare_cooperativity|nca_block,trans_12_dichloroethylene,30000.0,219,0.0,18.9453125,5.924722222222222
worm,gaba_potentiation|k2p_potentiation|complex_i_block|snare_cooperativity|nca_block,trans_12_dichloroethylene,30000.0,331,0.0,18.453125,5.756666666666667
worm,gaba_potentiation|k2p_potentiation|complex_i_block|snare_cooperativity|nca_block,trans_12_dichloroethylene,30000.0,443,0.0,18.635416666666668,5.8025
worm,gaba_potentiation|k2p_potentiation|complex_i_block|snare_cooperativity|nca_block,hexafluoroethane,30.0,42,0.0,23.416666666666668,7.349583333333333
worm,gaba_potentiation|k2p_potentiation|complex_i_block|snare_cooperativity|nca_block,hexafluoroethane,30.0,137,0.0,22.9453125,7.266111111111111
worm,gaba_potentiation|k2p_potentiation|complex_i_block|snare_cooperativity|nca_block,hexafluoroethane,30.0,219,0.0,23.434895833333332,7.381805555555555
worm,gaba_potentiation|k2p_potentiation|complex_i_block|snare_cooperativity|nca_block,hexafluoroethane,30.0,331,0.0,23.3515625,7.341527777777777
worm,gaba_potentiation|k2p_potentiation|complex_i_block|snare_cooperativity|nca_block,hexafluoroethane,30.0,443,0.0,24.119791666666668,7.563194444444444
worm,gaba_potentiation|k2p_potentiation|complex_i_block|snare_cooperativity|nca_block,hexafluoroethane,100.0,42,0.0,23.4296875,7.344305555555556
worm,gaba_potentiation|k2p_potentiation|complex_i_block|snare_cooperativity|nca_block,hexafluoroethane,300.0,42,0.0,23.4375,7.337777777777778
worm,gaba_potentiation|k2p_potentiation|complex_i_block|snare_cooperativity|nca_block,hexafluoroethane,300.0,137,0.0,22.5,7.122083333333333
worm,gaba_potentiation|k2p_potentiation|complex_i_block|snare_cooperativity|nca_block,hexafluoroethane,300.0,219,0.0,23.3359375,7.35125
worm,gaba_potentiation|k2p_potentiation|complex_i_block|snare_cooperativity|nca_block,hexafluoroethane,300.0,331,0.0,23.018229166666668,7.234166666666667
worm,gaba_potentiation|k2p_potentiation|complex_i_block|snare_cooperativity|nca_block,hexafluoroethane,300.0,443,0.0,23.765625,7.462916666666667
worm,gaba_potentiation|k2p_potentiation|complex_i_block|snare_cooperativity|nca_block,hexafluoroethane,1000.0,42,0.0,22.981770833333332,7.175833333333333
worm,gaba_potentiation|k2p_potentiation|complex_i_block|snare_cooperativity|nca_block,hexafluoroethane,1000.0,137,0.0,22.114583333333332,6.974444444444444
worm,gaba_potentiation|k2p_potentiation|complex_i_block|snare_cooperativity|nca_block,hexafluoroethane,1000.0,219,0.0,22.815104166666668,7.17625
worm,gaba_potentiation|k2p_potentiation|complex_i_block|snare_cooperativity|nca_block,hexafluoroethane,100.0,137,0.0,22.700520833333332,7.192083333333334
worm,gaba_potentiation|k2p_potentiation|complex_i_block|snare_cooperativity|nca_block,hexafluoroethane,100.0,219,0.0,23.286458333333332,7.3348611111111115
worm,gaba_potentiation|k2p_potentiation|complex_i_block|snare_cooperativity|nca_block,hexafluoroethane,100.0,331,0.0,23.1875,7.289166666666667
worm,gaba_potentiation|k2p_potentiation|complex_i_block|snare_cooperativity|nca_block,hexafluoroethane,100.0,443,0.0,24.169270833333332,7.5744444444444445
worm,gaba_potentiation|k2p_potentiation|complex_i_block|snare_cooperativity|nca_block,hexafluoroethane,1000.0,331,0.0,22.21875,6.977916666666666
worm,gaba_potentiation|k2p_potentiation|complex_i_block|snare_cooperativity|nca_block,hexafluoroethane,1000.0,443,0.0,23.057291666666668,7.233194444444444
worm,gaba_potentiation|k2p_potentiation|complex_i_block|snare_cooperativity|nca_block,hexafluoroethane,3000.0,42,0.0,21.973958333333332,6.841388888888889
worm,gaba_potentiation|k2p_potentiation|complex_i_block|snare_cooperativity|nca_block,hexafluoroethane,3000.0,137,0.0,20.2265625,6.402361111111111
worm,gaba_potentiation|k2p_potentiation|complex_i_block|snare_cooperativity|nca_block,hexafluoroethane,3000.0,219,0.0,21.606770833333332,6.789861111111111
worm,gaba_potentiation|k2p_potentiation|complex_i_block|snare_cooperativity|nca_block,hexafluoroethane,3000.0,331,0.0,20.950520833333332,6.571805555555556
worm,gaba_potentiation|k2p_potentiation|complex_i_block|snare_cooperativity|nca_block,hexafluoroethane,3000.0,443,0.0,21.973958333333332,6.876805555555555
worm,gaba_potentiation|k2p_potentiation|complex_i_block|snare_cooperativity|nca_block,hexafluoroethane,10000.0,42,0.0,20.018229166666668,6.220972222222223
worm,gaba_potentiation|k2p_potentiation|complex_i_block|snare_cooperativity|nachr_antagonism,cis_12_dichloroethylene,100.0,219,0.0,19.140625,5.9286111111111115
worm,gaba_potentiation|k2p_potentiation|complex_i_block|snare_cooperativity|nachr_antagonism,cis_12_dichloroethylene,100.0,331,0.0,18.356770833333332,5.689305555555555
worm,gaba_potentiation|k2p_potentiation|complex_i_block|snare_cooperativity|nachr_antagonism,cis_12_dichloroethylene,100.0,443,0.0,19.549479166666668,5.995
worm,gaba_potentiation|k2p_potentiation|complex_i_block|snare_cooperativity|nachr_antagonism,cis_12_dichloroethylene,300.0,42,0.0,12.963541666666666,3.877638888888889
worm,gaba_potentiation|k2p_potentiation|complex_i_block|snare_cooperativity|nachr_antagonism,cis_12_dichloroethylene,300.0,137,0.0,12.333333333333334,3.7291666666666665
worm,gaba_potentiation|k2p_potentiation|complex_i_block|snare_cooperativity|nachr_antagonism,cis_12_dichloroethylene,300.0,219,0.0,13.4765625,4.01875
worm,gaba_potentiation|k2p_potentiation|complex_i_block|snare_cooperativity|nachr_antagonism,cis_12_dichloroethylene,300.0,331,0.0,12.578125,3.8068055555555556
worm,gaba_potentiation|k2p_potentiation|complex_i_block|snare_cooperativity|nachr_antagonism,cis_12_dichloroethylene,300.0,443,0.0,12.864583333333334,3.8470833333333334
worm,gaba_potentiation|k2p_potentiation|complex_i_block|snare_cooperativity|nachr_antagonism,cis_12_dichloroethylene,1000.0,42,0.041666666666666664,6.333333333333333,1.792361111111111
worm,gaba_potentiation|k2p_potentiation|complex_i_block|snare_cooperativity|nachr_antagonism,cis_12_dichloroethylene,1000.0,137,0.0625,6.1953125,1.7633333333333334
worm,gaba_potentiation|k2p_potentiation|complex_i_block|snare_cooperativity|nachr_antagonism,cis_12_dichloroethylene,1000.0,219,0.041666666666666664,6.59375,1.8683333333333334
worm,gaba_potentiation|k2p_potentiation|complex_i_block|snare_cooperativity|nachr_antagonism,cis_12_dichloroethylene,1000.0,331,0.0625,6.294270833333333,1.7884722222222222
worm,gaba_potentiation|k2p_potentiation|complex_i_block|snare_cooperativity|nachr_antagonism,cis_12_dichloroethylene,1000.0,443,0.125,5.760416666666667,1.6884722222222222
worm,gaba_potentiation|k2p_potentiation|complex_i_block|snare_cooperativity|nachr_antagonism,cis_12_dichloroethylene,3000.0,42,0.4791666666666667,3.2135416666666665,0.8808333333333334
worm,gaba_potentiation|k2p_potentiation|complex_i_block|snare_cooperativity|nachr_antagonism,cis_12_dichloroethylene,3000.0,137,0.5,2.8984375,0.8331944444444445
worm,gaba_potentiation|k2p_potentiation|complex_i_block|snare_cooperativity|nachr_antagonism,cis_12_dichloroethylene,3000.0,219,0.4375,3.4609375,0.9554166666666667
worm,gaba_potentiation|k2p_potentiation|complex_i_block|snare_cooperativity|nachr_antagonism,cis_12_dichloroethylene,10000.0,219,0.7291666666666666,1.9140625,0.5669444444444445
worm,gaba_potentiation|k2p_potentiation|complex_i_block|snare_cooperativity|nachr_antagonism,cis_12_dichloroethylene,10000.0,331,0.7291666666666666,2.2135416666666665,0.60875
worm,gaba_potentiation|k2p_potentiation|complex_i_block|snare_cooperativity|nachr_antagonism,cis_12_dichloroethylene,10000.0,443,0.875,1.4192708333333333,0.4872222222222222
worm,gaba_potentiation|k2p_potentiation|complex_i_block|snare_cooperativity|nachr_antagonism,cis_12_dichloroethylene,30000.0,42,0.8541666666666666,1.6276041666666667,0.4761111111111111
worm,gaba_potentiation|k2p_potentiation|complex_i_block|snare_cooperativity|nachr_antagonism,cis_12_dichloroethylene,30000.0,137,0.9166666666666666,1.5130208333333333,0.46152777777777776
worm,gaba_potentiation|k2p_potentiation|complex_i_block|snare_cooperativity|nachr_antagonism,cis_12_dichloroethylene,30000.0,219,0.7708333333333334,1.7109375,0.5052777777777778
worm,gaba_potentiation|k2p_potentiation|complex_i_block|snare_cooperativity|nachr_antagonism,cis_12_dichloroethylene,30000.0,331,0.75,2.0026041666666665,0.5456944444444445
worm,gaba_potentiation|k2p_potentiation|complex_i_block|snare_cooperativity|nachr_antagonism,cis_12_dichloroethylene,30000.0,443,0.9166666666666666,1.1875,0.4265277777777778
worm,gaba_potentiation|k2p_potentiation|complex_i_block|snare_cooperativity|nachr_antagonism,cis_12_dichloroethylene,3000.0,331,0.375,3.3880208333333335,0.9194444444444444
worm,gaba_potentiation|k2p_potentiation|complex_i_block|snare_cooperativity|nachr_antagonism,cis_12_dichloroethylene,3000.0,443,0.7291666666666666,2.609375,0.7826388888888889
worm,gaba_potentiation|k2p_potentiation|complex_i_block|snare_cooperativity|nachr_antagonism,cis_12_dichloroethylene,10000.0,42,0.8125,1.9401041666666667,0.5493055555555556
worm,gaba_potentiation|k2p_potentiation|complex_i_block|snare_cooperativity|nachr_antagonism,cis_12_dichloroethylene,10000.0,137,0.8958333333333334,1.7630208333333333,0.53
worm,gaba_potentiation|k2p_potentiation|complex_i_block|snare_cooperativity|nachr_antagonism,trans_12_dichloroethylene,3000.0,42,0.0,20.986979166666668,6.518611111111111
worm,gaba_potentiation|k2p_potentiation|complex_i_block|snare_cooperativity|nachr_antagonism,trans_12_dichloroethylene,3000.0,137,0.0,19.677083333333332,6.2098611111111115
worm,gaba_potentiation|k2p_potentiation|complex_i_block|snare_cooperativity|nachr_antagonism,trans_12_dichloroethylene,3000.0,219,0.0,21.1171875,6.628611111111111
worm,gaba_potentiation|k2p_potentiation|complex_i_block|snare_cooperativity|nachr_antagonism,trans_12_dichloroethylene,3000.0,331,0.0,20.541666666666668,6.42125
worm,gaba_potentiation|k2p_potentiation|complex_i_block|snare_cooperativity|nachr_antagonism,trans_12_dichloroethylene,3000.0,443,0.0,21.4296875,6.6738888888888885
worm,gaba_potentiation|k2p_potentiation|complex_i_block|snare_cooperativity|nachr_antagonism,trans_12_dichloroethylene,10000.0,42,0.0,19.377604166666668,6.0008333333333335
worm,gaba_potentiation|k2p_potentiation|complex_i_block|snare_cooperativity|nachr_antagonism,trans_12_dichloroethylene,10000.0,137,0.0,18.471354166666668,5.805
worm,gaba_potentiation|k2p_potentiation|complex_i_block|snare_cooperativity|nachr_antagonism,trans_12_dichloroethylene,10000.0,219,0.0,19.861979166666668,6.223055555555556
worm,gaba_potentiation|k2p_potentiation|complex_i_block|snare_cooperativity|nachr_antagonism,trans_12_dichloroethylene,30.0,42,0.0,23.341145833333332,7.324722222222222
worm,gaba_potentiation|k2p_potentiation|complex_i_block|snare_cooperativity|nachr_antagonism,trans_12_dichloroethylene,30.0,137,0.0,22.841145833333332,7.234861111111111
worm,gaba_potentiation|k2p_potentiation|complex_i_block|snare_cooperativity|nachr_antagonism,trans_12_dichloroethylene,30.0,219,0.0,23.359375,7.359583333333333
worm,gaba_potentiation|k2p_potentiation|complex_i_block|snare_cooperativity|nachr_antagonism,trans_12_dichloroethylene,30.0,331,0.0,23.315104166666668,7.328194444444445
worm,gaba_potentiation|k2p_potentiation|complex_i_block|snare_cooperativity|nachr_antagonism,trans_12_dichloroethylene,30.0,443,0.0,24.140625,7.568611111111111
worm,gaba_potentiation|k2p_potentiation|complex_i_block|snare_cooperativity|nachr_antagonism,trans_12_dichloroethylene,100.0,42,0.0,23.408854166666668,7.336111111111111
worm,gaba_potentiation|k2p_potentiation|complex_i_block|snare_cooperativity|nachr_antagonism,trans_12_dichloroethylene,100.0,137,0.0,22.661458333333332,7.169305555555556
worm,gaba_potentiation|k2p_potentiation|complex_i_block|snare_cooperativity|nachr_antagonism,trans_12_dichloroethylene,100.0,219,0.0,23.307291666666668,7.336805555555555
worm,gaba_potentiation|k2p_potentiation|complex_i_block|snare_cooperativity|nachr_antagonism,trans_12_dichloroethylene,100.0,331,0.0,23.223958333333332,7.300416666666667
worm,gaba_potentiation|k2p_potentiation|complex_i_block|snare_cooperativity|nachr_antagonism,trans_12_dichloroethylene,100.0,443,0.0,23.955729166666668,7.5065277777777775
worm,gaba_potentiation|k2p_potentiation|complex_i_block|snare_cooperativity|nachr_antagonism,trans_12_dichloroethylene,300.0,42,0.0,23.255208333333332,7.273333333333333
worm,gaba_potentiation|k2p_potentiation|complex_i_block|snare_cooperativity|nachr_antagonism,trans_12_dichloroethylene,300.0,137,0.0,22.354166666666668,7.06875
worm,gaba_potentiation|k2p_potentiation|complex_i_block|snare_cooperativity|nachr_antagonism,trans_12_dichloroethylene,300.0,219,0.0,23.122395833333332,7.282916666666667
worm,gaba_potentiation|k2p_potentiation|complex_i_block|snare_cooperativity|nachr_antagonism,trans_12_dichloroethylene,300.0,331,0.0,22.690104166666668,7.126666666666667
worm,gaba_potentiation|k2p_potentiation|complex_i_block|snare_cooperativity|nachr_antagonism,trans_12_dichloroethylene,300.0,443,0.0,23.567708333333332,7.38625
worm,gaba_potentiation|k2p_potentiation|complex_i_block|snare_cooperativity|nachr_antagonism,trans_12_dichloroethylene,1000.0,42,0.0,22.46875,7.0193055555555555
worm,gaba_potentiation|k2p_potentiation|complex_i_block|snare_cooperativity|nachr_antagonism,trans_12_dichloroethylene,1000.0,137,0.0,21.510416666666668,6.783055555555555
worm,gaba_potentiation|k2p_potentiation|complex_i_block|snare_cooperativity|nachr_antagonism,trans_12_dichloroethylene,1000.0,219,0.0,22.3046875,7.011388888888889
worm,gaba_potentiation|k2p_potentiation|complex_i_block|snare_cooperativity|nachr_antagonism,trans_12_dichloroethylene,1000.0,331,0.0,21.885416666666668,6.861944444444444
worm,gaba_potentiation|k2p_potentiation|complex_i_block|snare_cooperativity|nachr_antagonism,trans_12_dichloroethylene,1000.0,443,0.0,22.747395833333332,7.124444444444444
worm,gaba_potentiation|k2p_potentiation|complex_i_block|snare_cooperativity|nachr_antagonism,trans_12_dichloroethylene,10000.0,331,0.0,18.947916666666668,5.9325
worm,gaba_potentiation|k2p_potentiation|complex_i_block|snare_cooperativity|nachr_antagonism,trans_12_dichloroethylene,10000.0,443,0.0,19.859375,6.179861111111111
worm,gaba_potentiation|k2p_potentiation|complex_i_block|snare_cooperativity|nachr_antagonism,trans_12_dichloroethylene,30000.0,42,0.0,18.640625,5.78375
worm,gaba_potentiation|k2p_potentiation|complex_i_block|snare_cooperativity|nachr_antagonism,trans_12_dichloroethylene,30000.0,137,0.0,17.864583333333332,5.5881944444444445
worm,gaba_potentiation|k2p_potentiation|complex_i_block|snare_cooperativity|nachr_antagonism,trans_12_dichloroethylene,30000.0,219,0.0,18.9453125,5.924722222222222
worm,gaba_potentiation|k2p_potentiation|complex_i_block|snare_cooperativity|nachr_antagonism,trans_12_dichloroethylene,30000.0,331,0.0,18.453125,5.756666666666667
worm,gaba_potentiation|k2p_potentiation|complex_i_block|snare_cooperativity|nachr_antagonism,trans_12_dichloroethylene,30000.0,443,0.0,18.635416666666668,5.8025
worm,gaba_potentiation|k2p_potentiation|complex_i_block|snare_cooperativity|nachr_antagonism,hexafluoroethane,30.0,42,0.0,23.416666666666668,7.349583333333333
worm,gaba_potentiation|k2p_potentiation|complex_i_block|snare_cooperativity|nachr_antagonism,hexafluoroethane,300.0,331,0.0,23.018229166666668,7.234166666666667
worm,gaba_potentiation|k2p_potentiation|complex_i_block|snare_cooperativity|nachr_antagonism,hexafluoroethane,300.0,443,0.0,23.765625,7.462916666666667
worm,gaba_potentiation|k2p_potentiation|complex_i_block|snare_cooperativity|nachr_antagonism,hexafluoroethane,1000.0,42,0.0,22.981770833333332,7.175833333333333
worm,gaba_potentiation|k2p_potentiation|complex_i_block|snare_cooperativity|nachr_antagonism,hexafluoroethane,1000.0,137,0.0,22.114583333333332,6.974444444444444
worm,gaba_potentiation|k2p_potentiation|complex_i_block|snare_cooperativity|nachr_antagonism,hexafluoroethane,1000.0,219,0.0,22.815104166666668,7.17625
worm,gaba_potentiation|k2p_potentiation|complex_i_block|snare_cooperativity|nachr_antagonism,hexafluoroethane,1000.0,331,0.0,22.21875,6.977916666666666
worm,gaba_potentiation|k2p_potentiation|complex_i_block|snare_cooperativity|nachr_antagonism,hexafluoroethane,1000.0,443,0.0,23.057291666666668,7.233194444444444
worm,gaba_potentiation|k2p_potentiation|complex_i_block|snare_cooperativity|nachr_antagonism,hexafluoroethane,3000.0,42,0.0,21.973958333333332,6.841388888888889
worm,gaba_potentiation|complex_i_block|snare_cooperativity|nca_block|nachr_antagonism,cis_12_dichloroethylene,100.0,137,0.0,17.924479166666668,5.595416666666667
worm,gaba_potentiation|complex_i_block|snare_cooperativity|nca_block|nachr_antagonism,cis_12_dichloroethylene,100.0,219,0.0,19.299479166666668,5.9775
worm,gaba_potentiation|complex_i_block|snare_cooperativity|nca_block|nachr_antagonism,cis_12_dichloroethylene,100.0,331,0.0,18.515625,5.739166666666667
worm,gaba_potentiation|complex_i_block|snare_cooperativity|nca_block|nachr_antagonism,cis_12_dichloroethylene,100.0,443,0.0,19.6484375,6.024305555555555
worm,gaba_potentiation|complex_i_block|snare_cooperativity|nca_block|nachr_antagonism,cis_12_dichloroethylene,300.0,42,0.0,13.005208333333334,3.8879166666666665
worm,gaba_potentiation|complex_i_block|snare_cooperativity|nca_block|nachr_antagonism,cis_12_dichloroethylene,300.0,137,0.0,12.278645833333334,3.716666666666667
worm,gaba_potentiation|complex_i_block|snare_cooperativity|nca_block|nachr_antagonism,cis_12_dichloroethylene,300.0,219,0.0,13.4765625,4.025138888888889
worm,gaba_potentiation|complex_i_block|snare_cooperativity|nca_block|nachr_antagonism,cis_12_dichloroethylene,300.0,331,0.0,12.6328125,3.8248611111111113
worm,gaba_potentiation|k2p_potentiation|complex_i_block|snare_cooperativity|nachr_antagonism,hexafluoroethane,30.0,137,0.0,22.9453125,7.266111111111111
worm,gaba_potentiation|k2p_potentiation|complex_i_block|snare_cooperativity|nachr_antagonism,hexafluoroethane,30.0,219,0.0,23.434895833333332,7.381805555555555
worm,gaba_potentiation|k2p_potentiation|complex_i_block|snare_cooperativity|nachr_antagonism,hexafluoroethane,30.0,331,0.0,23.3515625,7.341527777777777
worm,gaba_potentiation|k2p_potentiation|complex_i_block|snare_cooperativity|nachr_antagonism,hexafluoroethane,30.0,443,0.0,24.119791666666668,7.563194444444444
worm,gaba_potentiation|k2p_potentiation|complex_i_block|snare_cooperativity|nachr_antagonism,hexafluoroethane,100.0,42,0.0,23.4296875,7.344305555555556
worm,gaba_potentiation|k2p_potentiation|complex_i_block|snare_cooperativity|nachr_antagonism,hexafluoroethane,100.0,137,0.0,22.700520833333332,7.192083333333334
worm,gaba_potentiation|k2p_potentiation|complex_i_block|snare_cooperativity|nachr_antagonism,hexafluoroethane,100.0,219,0.0,23.286458333333332,7.3348611111111115
worm,gaba_potentiation|k2p_potentiation|complex_i_block|snare_cooperativity|nachr_antagonism,hexafluoroethane,100.0,331,0.0,23.1875,7.289166666666667
worm,gaba_potentiation|k2p_potentiation|complex_i_block|snare_cooperativity|nachr_antagonism,hexafluoroethane,100.0,443,0.0,24.169270833333332,7.5744444444444445
worm,gaba_potentiation|k2p_potentiation|complex_i_block|snare_cooperativity|nachr_antagonism,hexafluoroethane,300.0,42,0.0,23.4375,7.337777777777778
worm,gaba_potentiation|k2p_potentiation|complex_i_block|snare_cooperativity|nachr_antagonism,hexafluoroethane,300.0,137,0.0,22.5,7.122083333333333
worm,gaba_potentiation|k2p_potentiation|complex_i_block|snare_cooperativity|nachr_antagonism,hexafluoroethane,300.0,219,0.0,23.3359375,7.35125
worm,gaba_potentiation|k2p_potentiation|complex_i_block|snare_cooperativity|nachr_antagonism,hexafluoroethane,3000.0,137,0.0,20.2265625,6.402361111111111
worm,gaba_potentiation|k2p_potentiation|complex_i_block|snare_cooperativity|nachr_antagonism,hexafluoroethane,3000.0,219,0.0,21.606770833333332,6.789861111111111
worm,gaba_potentiation|k2p_potentiation|complex_i_block|snare_cooperativity|nachr_antagonism,hexafluoroethane,3000.0,331,0.0,20.950520833333332,6.571805555555556
worm,gaba_potentiation|k2p_potentiation|complex_i_block|snare_cooperativity|nachr_antagonism,hexafluoroethane,3000.0,443,0.0,21.973958333333332,6.876805555555555
worm,gaba_potentiation|k2p_potentiation|complex_i_block|snare_cooperativity|nachr_antagonism,hexafluoroethane,10000.0,443,0.0,20.361979166666668,6.332083333333333
worm,gaba_potentiation|k2p_potentiation|complex_i_block|snare_cooperativity|nachr_antagonism,hexafluoroethane,30000.0,42,0.0,19.109375,5.922361111111111
worm,gaba_potentiation|k2p_potentiation|complex_i_block|snare_cooperativity|nachr_antagonism,hexafluoroethane,30000.0,137,0.0,17.955729166666668,5.635555555555555
worm,gaba_potentiation|k2p_potentiation|complex_i_block|snare_cooperativity|nachr_antagonism,hexafluoroethane,30000.0,219,0.0,19.354166666666668,6.053472222222222
worm,gaba_potentiation|k2p_potentiation|complex_i_block|snare_cooperativity|nachr_antagonism,hexafluoroethane,10000.0,42,0.0,20.018229166666668,6.220972222222223
worm,gaba_potentiation|k2p_potentiation|complex_i_block|snare_cooperativity|nachr_antagonism,hexafluoroethane,10000.0,137,0.0,19.005208333333332,5.958055555555555
worm,gaba_potentiation|k2p_potentiation|complex_i_block|snare_cooperativity|nachr_antagonism,hexafluoroethane,10000.0,219,0.0,20.252604166666668,6.36125
worm,gaba_potentiation|k2p_potentiation|complex_i_block|snare_cooperativity|nachr_antagonism,hexafluoroethane,10000.0,331,0.0,19.489583333333332,6.097777777777778
worm,gaba_potentiation|k2p_potentiation|complex_i_block|snare_cooperativity|nachr_antagonism,hexafluoroethane,30000.0,331,0.0,18.515625,5.784722222222222
worm,gaba_potentiation|k2p_potentiation|complex_i_block|snare_cooperativity|nachr_antagonism,hexafluoroethane,30000.0,443,0.0,19.234375,5.978611111111111
worm,gaba_potentiation|complex_i_block|snare_cooperativity|nca_block|nachr_antagonism,cis_12_dichloroethylene,30.0,42,0.0,22.283854166666668,6.921666666666667
worm,gaba_potentiation|complex_i_block|snare_cooperativity|nca_block|nachr_antagonism,cis_12_dichloroethylene,30.0,137,0.0,21.2734375,6.6994444444444445
worm,gaba_potentiation|complex_i_block|snare_cooperativity|nca_block|nachr_antagonism,cis_12_dichloroethylene,30.0,219,0.0,22.268229166666668,6.97375
worm,gaba_potentiation|complex_i_block|snare_cooperativity|nca_block|nachr_antagonism,cis_12_dichloroethylene,30.0,331,0.0,21.807291666666668,6.814444444444445
worm,gaba_potentiation|complex_i_block|snare_cooperativity|nca_block|nachr_antagonism,cis_12_dichloroethylene,30.0,443,0.0,22.53125,7.046111111111111
worm,gaba_potentiation|complex_i_block|snare_cooperativity|nca_block|nachr_antagonism,cis_12_dichloroethylene,100.0,42,0.0,18.778645833333332,5.794583333333334
worm,gaba_potentiation|complex_i_block|snare_cooperativity|nca_block|nachr_antagonism,cis_12_dichloroethylene,300.0,443,0.0,12.890625,3.854722222222222
worm,gaba_potentiation|complex_i_block|snare_cooperativity|nca_block|nachr_antagonism,cis_12_dichloroethylene,1000.0,42,0.041666666666666664,6.260416666666667,1.7702777777777778
worm,gaba_potentiation|complex_i_block|snare_cooperativity|nca_block|nachr_antagonism,cis_12_dichloroethylene,1000.0,137,0.08333333333333333,5.953125,1.6955555555555555
worm,gaba_potentiation|complex_i_block|snare_cooperativity|nca_block|nachr_antagonism,cis_12_dichloroethylene,1000.0,219,0.041666666666666664,6.416666666666667,1.8177777777777777
worm,gaba_potentiation|complex_i_block|snare_cooperativity|nca_block|nachr_antagonism,cis_12_dichloroethylene,1000.0,331,0.0625,6.192708333333333,1.7522222222222221
worm,gaba_potentiation|complex_i_block|snare_cooperativity|nca_block|nachr_antagonism,cis_12_dichloroethylene,1000.0,443,0.125,5.609375,1.6325
worm,gaba_potentiation|complex_i_block|snare_cooperativity|nca_block|nachr_antagonism,cis_12_dichloroethylene,3000.0,42,0.5208333333333334,2.9817708333333335,0.8130555555555555
worm,gaba_potentiation|complex_i_block|snare_cooperativity|nca_block|nachr_antagonism,cis_12_dichloroethylene,3000.0,137,0.5625,2.5911458333333335,0.7501388888888889
worm,gaba_potentiation|complex_i_block|snare_cooperativity|nca_block|nachr_antagonism,cis_12_dichloroethylene,3000.0,219,0.4791666666666667,3.21875,0.8795833333333334
worm,gaba_potentiation|complex_i_block|snare_cooperativity|nca_block|nachr_antagonism,cis_12_dichloroethylene,3000.0,331,0.4166666666666667,3.2421875,0.8698611111111111
worm,gaba_potentiation|complex_i_block|snare_cooperativity|nca_block|nachr_antagonism,cis_12_dichloroethylene,3000.0,443,0.7708333333333334,2.3020833333333335,0.7019444444444445
worm,gaba_potentiation|complex_i_block|snare_cooperativity|nca_block|nachr_antagonism,cis_12_dichloroethylene,10000.0,42,0.8333333333333334,1.6822916666666667,0.48944444444444446
worm,gaba_potentiation|complex_i_block|snare_cooperativity|nca_block|nachr_antagonism,cis_12_dichloroethylene,10000.0,137,0.9166666666666666,1.5625,0.47125
worm,gaba_potentiation|complex_i_block|snare_cooperativity|nca_block|nachr_antagonism,cis_12_dichloroethylene,10000.0,219,0.7708333333333334,1.7421875,0.5083333333333333
worm,gaba_potentiation|complex_i_block|snare_cooperativity|nca_block|nachr_antagonism,cis_12_dichloroethylene,10000.0,331,0.7291666666666666,2.09375,0.5640277777777778
worm,gaba_potentiation|complex_i_block|snare_cooperativity|nca_block|nachr_antagonism,cis_12_dichloroethylene,10000.0,443,0.9166666666666666,1.2630208333333333,0.4419444444444444
worm,gaba_potentiation|complex_i_block|snare_cooperativity|nca_block|nachr_antagonism,trans_12_dichloroethylene,30000.0,137,0.0,22.885416666666668,7.247222222222222
worm,gaba_potentiation|complex_i_block|snare_cooperativity|nca_block|nachr_antagonism,trans_12_dichloroethylene,30000.0,219,0.0,23.432291666666668,7.3838888888888885
worm,gaba_potentiation|complex_i_block|snare_cooperativity|nca_block|nachr_antagonism,trans_12_dichloroethylene,30000.0,331,0.0,23.416666666666668,7.359583333333333
worm,gaba_potentiation|complex_i_block|snare_cooperativity|nca_block|nachr_antagonism,trans_12_dichloroethylene,30000.0,443,0.0,24.098958333333332,7.560555555555555
worm,gaba_potentiation|complex_i_block|snare_cooperativity|nca_block|nachr_antagonism,trans_12_dichloroethylene,10000.0,219,0.0,23.432291666666668,7.3838888888888885
worm,gaba_potentiation|complex_i_block|snare_cooperativity|nca_block|nachr_antagonism,trans_12_dichloroethylene,10000.0,331,0.0,23.416666666666668,7.359583333333333
worm,gaba_potentiation|complex_i_block|snare_cooperativity|nca_block|nachr_antagonism,trans_12_dichloroethylene,10000.0,443,0.0,24.098958333333332,7.560555555555555
worm,gaba_potentiation|complex_i_block|snare_cooperativity|nca_block|nachr_antagonism,trans_12_dichloroethylene,30000.0,42,0.0,23.471354166666668,7.361666666666666
worm,gaba_potentiation|complex_i_block|snare_cooperativity|nca_block|nachr_antagonism,hexafluoroethane,30.0,42,0.0,23.471354166666668,7.361666666666666
worm,gaba_potentiation|complex_i_block|snare_cooperativity|nca_block|nachr_antagonism,hexafluoroethane,30.0,137,0.0,22.885416666666668,7.247222222222222
worm,gaba_potentiation|complex_i_block|snare_cooperativity|nca_block|nachr_antagonism,hexafluoroethane,30.0,219,0.0,23.432291666666668,7.3838888888888885
worm,gaba_potentiation|complex_i_block|snare_cooperativity|nca_block|nachr_antagonism,hexafluoroethane,30.0,331,0.0,23.416666666666668,7.359583333333333
worm,gaba_potentiation|complex_i_block|snare_cooperativity|nca_block|nachr_antagonism,hexafluoroethane,30.0,443,0.0,24.098958333333332,7.560555555555555
worm,gaba_potentiation|complex_i_block|snare_cooperativity|nca_block|nachr_antagonism,hexafluoroethane,100.0,42,0.0,23.471354166666668,7.361666666666666
worm,gaba_potentiation|complex_i_block|snare_cooperativity|nca_block|nachr_antagonism,hexafluoroethane,100.0,137,0.0,22.885416666666668,7.247222222222222
worm,gaba_potentiation|complex_i_block|snare_cooperativity|nca_block|nachr_antagonism,hexafluoroethane,100.0,219,0.0,23.432291666666668,7.3838888888888885
worm,gaba_potentiation|complex_i_block|snare_cooperativity|nca_block|nachr_antagonism,cis_12_dichloroethylene,30000.0,42,0.9375,1.4583333333333333,0.4280555555555556
worm,gaba_potentiation|complex_i_block|snare_cooperativity|nca_block|nachr_antagonism,cis_12_dichloroethylene,30000.0,137,0.9166666666666666,1.3489583333333333,0.41055555555555556
worm,gaba_potentiation|complex_i_block|snare_cooperativity|nca_block|nachr_antagonism,cis_12_dichloroethylene,30000.0,219,0.7916666666666666,1.5651041666666667,0.4552777777777778
worm,gaba_potentiation|complex_i_block|snare_cooperativity|nca_block|nachr_antagonism,cis_12_dichloroethylene,30000.0,331,0.8125,1.6875,0.4698611111111111
worm,gaba_potentiation|complex_i_block|snare_cooperativity|nca_block|nachr_antagonism,cis_12_dichloroethylene,30000.0,443,0.9583333333333334,1.0364583333333333,0.37875
worm,gaba_potentiation|complex_i_block|snare_cooperativity|nca_block|nachr_antagonism,trans_12_dichloroethylene,30.0,42,0.0,23.471354166666668,7.361666666666666
worm,gaba_potentiation|complex_i_block|snare_cooperativity|nca_block|nachr_antagonism,trans_12_dichloroethylene,30.0,137,0.0,22.885416666666668,7.247222222222222
worm,gaba_potentiation|complex_i_block|snare_cooperativity|nca_block|nachr_antagonism,trans_12_dichloroethylene,30.0,219,0.0,23.432291666666668,7.3838888888888885
worm,gaba_potentiation|complex_i_block|snare_cooperativity|nca_block|nachr_antagonism,trans_12_dichloroethylene,30.0,331,0.0,23.416666666666668,7.359583333333333
worm,gaba_potentiation|complex_i_block|snare_cooperativity|nca_block|nachr_antagonism,trans_12_dichloroethylene,30.0,443,0.0,24.098958333333332,7.560555555555555
worm,gaba_potentiation|complex_i_block|snare_cooperativity|nca_block|nachr_antagonism,trans_12_dichloroethylene,100.0,42,0.0,23.471354166666668,7.361666666666666
worm,gaba_potentiation|complex_i_block|snare_cooperativity|nca_block|nachr_antagonism,trans_12_dichloroethylene,100.0,137,0.0,22.885416666666668,7.247222222222222
worm,gaba_potentiation|complex_i_block|snare_cooperativity|nca_block|nachr_antagonism,trans_12_dichloroethylene,1000.0,42,0.0,23.471354166666668,7.361666666666666
worm,gaba_potentiation|complex_i_block|snare_cooperativity|nca_block|nachr_antagonism,trans_12_dichloroethylene,1000.0,137,0.0,22.885416666666668,7.247222222222222
worm,gaba_potentiation|complex_i_block|snare_cooperativity|nca_block|nachr_antagonism,trans_12_dichloroethylene,1000.0,219,0.0,23.432291666666668,7.3838888888888885
worm,gaba_potentiation|complex_i_block|snare_cooperativity|nca_block|nachr_antagonism,trans_12_dichloroethylene,1000.0,331,0.0,23.416666666666668,7.359583333333333
worm,gaba_potentiation|complex_i_block|snare_cooperativity|nca_block|nachr_antagonism,trans_12_dichloroethylene,300.0,137,0.0,22.885416666666668,7.247222222222222
worm,gaba_potentiation|complex_i_block|snare_cooperativity|nca_block|nachr_antagonism,trans_12_dichloroethylene,300.0,219,0.0,23.432291666666668,7.3838888888888885
worm,gaba_potentiation|complex_i_block|snare_cooperativity|nca_block|nachr_antagonism,trans_12_dichloroethylene,300.0,331,0.0,23.416666666666668,7.359583333333333
worm,gaba_potentiation|complex_i_block|snare_cooperativity|nca_block|nachr_antagonism,trans_12_dichloroethylene,300.0,443,0.0,24.098958333333332,7.560555555555555
worm,gaba_potentiation|complex_i_block|snare_cooperativity|nca_block|nachr_antagonism,trans_12_dichloroethylene,100.0,219,0.0,23.432291666666668,7.3838888888888885
worm,gaba_potentiation|complex_i_block|snare_cooperativity|nca_block|nachr_antagonism,trans_12_dichloroethylene,100.0,331,0.0,23.416666666666668,7.359583333333333
worm,gaba_potentiation|complex_i_block|snare_cooperativity|nca_block|nachr_antagonism,trans_12_dichloroethylene,100.0,443,0.0,24.098958333333332,7.560555555555555
worm,gaba_potentiation|complex_i_block|snare_cooperativity|nca_block|nachr_antagonism,trans_12_dichloroethylene,300.0,42,0.0,23.471354166666668,7.361666666666666
worm,gaba_potentiation|complex_i_block|snare_cooperativity|nca_block|nachr_antagonism,trans_12_dichloroethylene,1000.0,443,0.0,24.098958333333332,7.560555555555555
worm,gaba_potentiation|complex_i_block|snare_cooperativity|nca_block|nachr_antagonism,trans_12_dichloroethylene,3000.0,42,0.0,23.471354166666668,7.361666666666666
worm,gaba_potentiation|complex_i_block|snare_cooperativity|nca_block|nachr_antagonism,trans_12_dichloroethylene,3000.0,137,0.0,22.885416666666668,7.247222222222222
worm,gaba_potentiation|complex_i_block|snare_cooperativity|nca_block|nachr_antagonism,trans_12_dichloroethylene,3000.0,219,0.0,23.432291666666668,7.3838888888888885
worm,gaba_potentiation|complex_i_block|snare_cooperativity|nca_block|nachr_antagonism,trans_12_dichloroethylene,3000.0,331,0.0,23.416666666666668,7.359583333333333
worm,gaba_potentiation|complex_i_block|snare_cooperativity|nca_block|nachr_antagonism,trans_12_dichloroethylene,3000.0,443,0.0,24.098958333333332,7.560555555555555
worm,gaba_potentiation|complex_i_block|snare_cooperativity|nca_block|nachr_antagonism,trans_12_dichloroethylene,10000.0,42,0.0,23.471354166666668,7.361666666666666
worm,gaba_potentiation|complex_i_block|snare_cooperativity|nca_block|nachr_antagonism,trans_12_dichloroethylene,10000.0,137,0.0,22.885416666666668,7.247222222222222
worm,gaba_potentiation|complex_i_block|snare_cooperativity|nca_block|nachr_antagonism,hexafluoroethane,100.0,331,0.0,23.416666666666668,7.359583333333333
worm,gaba_potentiation|complex_i_block|snare_cooperativity|nca_block|nachr_antagonism,hexafluoroethane,100.0,443,0.0,24.098958333333332,7.560555555555555
worm,gaba_potentiation|complex_i_block|snare_cooperativity|nca_block|nachr_antagonism,hexafluoroethane,300.0,42,0.0,23.471354166666668,7.361666666666666
worm,gaba_potentiation|complex_i_block|snare_cooperativity|nca_block|nachr_antagonism,hexafluoroethane,300.0,137,0.0,22.885416666666668,7.247222222222222
worm,gaba_potentiation|complex_i_block|snare_cooperativity|nca_block|nachr_antagonism,hexafluoroethane,300.0,219,0.0,23.432291666666668,7.3838888888888885
worm,gaba_potentiation|complex_i_block|snare_cooperativity|nca_block|nachr_antagonism,hexafluoroethane,300.0,331,0.0,23.416666666666668,7.359583333333333
worm,gaba_potentiation|complex_i_block|snare_cooperativity|nca_block|nachr_antagonism,hexafluoroethane,300.0,443,0.0,24.098958333333332,7.560555555555555
worm,gaba_potentiation|complex_i_block|snare_cooperativity|nca_block|nachr_antagonism,hexafluoroethane,1000.0,42,0.0,23.471354166666668,7.361666666666666
worm,gaba_potentiation|complex_i_block|snare_cooperativity|nca_block|nachr_antagonism,hexafluoroethane,1000.0,137,0.0,22.885416666666668,7.247222222222222
worm,gaba_potentiation|complex_i_block|snare_cooperativity|nca_block|nachr_antagonism,hexafluoroethane,1000.0,219,0.0,23.432291666666668,7.3838888888888885
worm,gaba_potentiation|complex_i_block|snare_cooperativity|nca_block|nachr_antagonism,hexafluoroethane,1000.0,331,0.0,23.416666666666668,7.359583333333333
worm,gaba_potentiation|complex_i_block|snare_cooperativity|nca_block|nachr_antagonism,hexafluoroethane,1000.0,443,0.0,24.098958333333332,7.560555555555555
worm,gaba_potentiation|complex_i_block|snare_cooperativity|nca_block|nachr_antagonism,hexafluoroethane,3000.0,42,0.0,23.471354166666668,7.361666666666666
worm,gaba_potentiation|complex_i_block|snare_cooperativity|nca_block|nachr_antagonism,hexafluoroethane,3000.0,137,0.0,22.885416666666668,7.247222222222222
worm,gaba_potentiation|complex_i_block|snare_cooperativity|nca_block|nachr_antagonism,hexafluoroethane,3000.0,219,0.0,23.432291666666668,7.3838888888888885
worm,gaba_potentiation|complex_i_block|snare_cooperativity|nca_block|nachr_antagonism,hexafluoroethane,3000.0,331,0.0,23.416666666666668,7.359583333333333
worm,gaba_potentiation|complex_i_block|snare_cooperativity|nca_block|nachr_antagonism,hexafluoroethane,3000.0,443,0.0,24.098958333333332,7.560555555555555
worm,gaba_potentiation|complex_i_block|snare_cooperativity|nca_block|nachr_antagonism,hexafluoroethane,10000.0,42,0.0,23.471354166666668,7.361666666666666
worm,gaba_potentiation|complex_i_block|snare_cooperativity|nca_block|nachr_antagonism,hexafluoroethane,10000.0,137,0.0,22.885416666666668,7.247222222222222
worm,gaba_potentiation|complex_i_block|snare_cooperativity|nca_block|nachr_antagonism,hexafluoroethane,10000.0,219,0.0,23.432291666666668,7.3838888888888885
worm,gaba_potentiation|complex_i_block|snare_cooperativity|nca_block|nachr_antagonism,hexafluoroethane,10000.0,331,0.0,23.416666666666668,7.359583333333333
worm,gaba_potentiation|complex_i_block|snare_cooperativity|nca_block|nachr_antagonism,hexafluoroethane,10000.0,443,0.0,24.098958333333332,7.560555555555555
worm,gaba_potentiation|complex_i_block|snare_cooperativity|nca_block|nachr_antagonism,hexafluoroethane,30000.0,42,0.0,23.471354166666668,7.361666666666666
worm,gaba_potentiation|complex_i_block|snare_cooperativity|nca_block|nachr_antagonism,hexafluoroethane,30000.0,137,0.0,22.885416666666668,7.247222222222222
worm,gaba_potentiation|complex_i_block|snare_cooperativity|nca_block|glucl_potentiation,cis_12_dichloroethylene,3000.0,137,0.5,2.9375,0.8480555555555556
worm,gaba_potentiation|complex_i_block|snare_cooperativity|nca_block|glucl_potentiation,cis_12_dichloroethylene,3000.0,219,0.3541666666666667,3.6536458333333335,1.0027777777777778
worm,gaba_potentiation|complex_i_block|snare_cooperativity|nca_block|glucl_potentiation,cis_12_dichloroethylene,3000.0,331,0.375,3.4947916666666665,0.9497222222222222
worm,gaba_potentiation|complex_i_block|snare_cooperativity|nca_block|glucl_potentiation,cis_12_dichloroethylene,3000.0,443,0.6666666666666666,2.7526041666666665,0.8161111111111111
worm,gaba_potentiation|complex_i_block|snare_cooperativity|nca_block|nachr_antagonism,hexafluoroethane,30000.0,219,0.0,23.432291666666668,7.3838888888888885
worm,gaba_potentiation|complex_i_block|snare_cooperativity|nca_block|nachr_antagonism,hexafluoroethane,30000.0,331,0.0,23.416666666666668,7.359583333333333
worm,gaba_potentiation|complex_i_block|snare_cooperativity|nca_block|nachr_antagonism,hexafluoroethane,30000.0,443,0.0,24.098958333333332,7.560555555555555
worm,gaba_potentiation|complex_i_block|snare_cooperativity|nca_block|glucl_potentiation,cis_12_dichloroethylene,30.0,42,0.0,22.341145833333332,6.939861111111111
worm,gaba_potentiation|complex_i_block|snare_cooperativity|nca_block|glucl_potentiation,cis_12_dichloroethylene,100.0,443,0.0,19.643229166666668,6.034722222222222
worm,gaba_potentiation|complex_i_block|snare_cooperativity|nca_block|glucl_potentiation,cis_12_dichloroethylene,300.0,42,0.0,13.432291666666666,4.029444444444445
worm,gaba_potentiation|complex_i_block|snare_cooperativity|nca_block|glucl_potentiation,cis_12_dichloroethylene,300.0,137,0.0,12.606770833333334,3.8223611111111113
worm,gaba_potentiation|complex_i_block|snare_cooperativity|nca_block|glucl_potentiation,cis_12_dichloroethylene,300.0,219,0.0,13.934895833333334,4.160694444444444
worm,gaba_potentiation|complex_i_block|snare_cooperativity|nca_block|glucl_potentiation,cis_12_dichloroethylene,100.0,42,0.0,19.044270833333332,5.870277777777778
worm,gaba_potentiation|complex_i_block|snare_cooperativity|nca_block|glucl_potentiation,cis_12_dichloroethylene,100.0,137,0.0,18.236979166666668,5.68125
worm,gaba_potentiation|complex_i_block|snare_cooperativity|nca_block|glucl_potentiation,cis_12_dichloroethylene,100.0,219,0.0,19.5859375,6.055833333333333
worm,gaba_potentiation|complex_i_block|snare_cooperativity|nca_block|glucl_potentiation,cis_12_dichloroethylene,100.0,331,0.0,18.643229166666668,5.780277777777778
worm,gaba_potentiation|complex_i_block|snare_cooperativity|nca_block|glucl_potentiation,cis_12_dichloroethylene,30.0,137,0.0,21.408854166666668,6.7411111111111115
worm,gaba_potentiation|complex_i_block|snare_cooperativity|nca_block|glucl_potentiation,cis_12_dichloroethylene,30.0,219,0.0,22.348958333333332,6.998888888888889
worm,gaba_potentiation|complex_i_block|snare_cooperativity|nca_block|glucl_potentiation,cis_12_dichloroethylene,30.0,331,0.0,21.807291666666668,6.815833333333333
worm,gaba_potentiation|complex_i_block|snare_cooperativity|nca_block|glucl_potentiation,cis_12_dichloroethylene,30.0,443,0.0,22.677083333333332,7.090972222222222
worm,gaba_potentiation|complex_i_block|snare_cooperativity|nca_block|glucl_potentiation,cis_12_dichloroethylene,300.0,331,0.0,13.231770833333334,4.003472222222222
worm,gaba_potentiation|complex_i_block|snare_cooperativity|nca_block|glucl_potentiation,cis_12_dichloroethylene,300.0,443,0.0,13.471354166666666,4.041944444444445
worm,gaba_potentiation|complex_i_block|snare_cooperativity|nca_block|glucl_potentiation,cis_12_dichloroethylene,1000.0,42,0.041666666666666664,6.497395833333333,1.8531944444444444
worm,gaba_potentiation|complex_i_block|snare_cooperativity|nca_block|glucl_potentiation,cis_12_dichloroethylene,1000.0,137,0.041666666666666664,6.369791666666667,1.8205555555555555
worm,gaba_potentiation|complex_i_block|snare_cooperativity|nca_block|glucl_potentiation,cis_12_dichloroethylene,1000.0,219,0.041666666666666664,6.908854166666667,1.9552777777777777
worm,gaba_potentiation|complex_i_block|snare_cooperativity|nca_block|glucl_potentiation,cis_12_dichloroethylene,1000.0,331,0.0625,6.705729166666667,1.8922222222222222
worm,gaba_potentiation|complex_i_block|snare_cooperativity|nca_block|glucl_potentiation,cis_12_dichloroethylene,1000.0,443,0.10416666666666667,6.033854166666667,1.758888888888889
worm,gaba_potentiation|complex_i_block|snare_cooperativity|nca_block|glucl_potentiation,cis_12_dichloroethylene,3000.0,42,0.4166666666666667,3.3489583333333335,0.9129166666666667
worm,gaba_potentiation|complex_i_block|snare_cooperativity|nca_block|glucl_potentiation,cis_12_dichloroethylene,10000.0,42,0.8125,1.9609375,0.5561111111111111
worm,gaba_potentiation|complex_i_block|snare_cooperativity|nca_block|glucl_potentiation,cis_12_dichloroethylene,10000.0,137,0.8958333333333334,1.78125,0.5347222222222222
worm,gaba_potentiation|complex_i_block|snare_cooperativity|nca_block|glucl_potentiation,cis_12_dichloroethylene,10000.0,219,0.7083333333333334,1.9505208333333333,0.5776388888888889
worm,gaba_potentiation|complex_i_block|snare_cooperativity|nca_block|glucl_potentiation,cis_12_dichloroethylene,10000.0,331,0.7291666666666666,2.2213541666666665,0.6118055555555556
worm,gaba_potentiation|complex_i_block|snare_cooperativity|nca_block|glucl_potentiation,cis_12_dichloroethylene,10000.0,443,0.875,1.421875,0.49166666666666664
worm,gaba_potentiation|complex_i_block|snare_cooperativity|nca_block|glucl_potentiation,cis_12_dichloroethylene,30000.0,42,0.8541666666666666,1.6276041666666667,0.47694444444444445
worm,gaba_potentiation|complex_i_block|snare_cooperativity|nca_block|glucl_potentiation,cis_12_dichloroethylene,30000.0,137,0.9166666666666666,1.5208333333333333,0.4636111111111111
worm,gaba_potentiation|complex_i_block|snare_cooperativity|nca_block|glucl_potentiation,cis_12_dichloroethylene,30000.0,219,0.7708333333333334,1.6927083333333333,0.5048611111111111
worm,gaba_potentiation|complex_i_block|snare_cooperativity|nca_block|glucl_potentiation,cis_12_dichloroethylene,30000.0,331,0.75,2.0026041666666665,0.5470833333333334
worm,gaba_potentiation|complex_i_block|snare_cooperativity|nca_block|glucl_potentiation,cis_12_dichloroethylene,30000.0,443,0.9166666666666666,1.1875,0.42736111111111114
worm,gaba_potentiation|complex_i_block|snare_cooperativity|nca_block|glucl_potentiation,trans_12_dichloroethylene,30.0,42,0.0,23.471354166666668,7.361666666666666
worm,gaba_potentiation|complex_i_block|snare_cooperativity|nca_block|glucl_potentiation,trans_12_dichloroethylene,30.0,137,0.0,22.885416666666668,7.247222222222222
worm,gaba_potentiation|complex_i_block|snare_cooperativity|nca_block|glucl_potentiation,trans_12_dichloroethylene,100.0,137,0.0,22.885416666666668,7.247222222222222
worm,gaba_potentiation|complex_i_block|snare_cooperativity|nca_block|glucl_potentiation,trans_12_dichloroethylene,100.0,219,0.0,23.432291666666668,7.3838888888888885
worm,gaba_potentiation|complex_i_block|snare_cooperativity|nca_block|glucl_potentiation,trans_12_dichloroethylene,100.0,331,0.0,23.416666666666668,7.359583333333333
worm,gaba_potentiation|complex_i_block|snare_cooperativity|nca_block|glucl_potentiation,trans_12_dichloroethylene,100.0,443,0.0,24.098958333333332,7.560555555555555
worm,gaba_potentiation|complex_i_block|snare_cooperativity|nca_block|glucl_potentiation,trans_12_dichloroethylene,300.0,42,0.0,23.471354166666668,7.361666666666666
worm,gaba_potentiation|complex_i_block|snare_cooperativity|nca_block|glucl_potentiation,trans_12_dichloroethylene,300.0,137,0.0,22.885416666666668,7.247222222222222
worm,gaba_potentiation|complex_i_block|snare_cooperativity|nca_block|glucl_potentiation,trans_12_dichloroethylene,300.0,219,0.0,23.432291666666668,7.3838888888888885
worm,gaba_potentiation|complex_i_block|snare_cooperativity|nca_block|glucl_potentiation,trans_12_dichloroethylene,300.0,331,0.0,23.416666666666668,7.359583333333333
worm,gaba_potentiation|complex_i_block|snare_cooperativity|nca_block|glucl_potentiation,hexafluoroethane,30.0,331,0.0,23.416666666666668,7.359583333333333
worm,gaba_potentiation|complex_i_block|snare_cooperativity|nca_block|glucl_potentiation,hexafluoroethane,30.0,443,0.0,24.098958333333332,7.560555555555555
worm,gaba_potentiation|complex_i_block|snare_cooperativity|nca_block|glucl_potentiation,hexafluoroethane,100.0,42,0.0,23.471354166666668,7.361666666666666
worm,gaba_potentiation|complex_i_block|snare_cooperativity|nca_block|glucl_potentiation,hexafluoroethane,100.0,137,0.0,22.885416666666668,7.247222222222222
worm,gaba_potentiation|complex_i_block|snare_cooperativity|nca_block|glucl_potentiation,hexafluoroethane,300.0,137,0.0,22.885416666666668,7.247222222222222
worm,gaba_potentiation|complex_i_block|snare_cooperativity|nca_block|glucl_potentiation,hexafluoroethane,300.0,219,0.0,23.432291666666668,7.3838888888888885
worm,gaba_potentiation|complex_i_block|snare_cooperativity|nca_block|glucl_potentiation,hexafluoroethane,300.0,331,0.0,23.416666666666668,7.359583333333333
worm,gaba_potentiation|complex_i_block|snare_cooperativity|nca_block|glucl_potentiation,hexafluoroethane,300.0,443,0.0,24.098958333333332,7.560555555555555
worm,gaba_potentiation|complex_i_block|snare_cooperativity|nca_block|glucl_potentiation,trans_12_dichloroethylene,10000.0,137,0.0,22.885416666666668,7.247222222222222
worm,gaba_potentiation|complex_i_block|snare_cooperativity|nca_block|glucl_potentiation,trans_12_dichloroethylene,10000.0,219,0.0,23.432291666666668,7.3838888888888885
worm,gaba_potentiation|complex_i_block|snare_cooperativity|nca_block|glucl_potentiation,trans_12_dichloroethylene,10000.0,331,0.0,23.416666666666668,7.359583333333333
worm,gaba_potentiation|complex_i_block|snare_cooperativity|nca_block|glucl_potentiation,trans_12_dichloroethylene,10000.0,443,0.0,24.098958333333332,7.560555555555555
worm,gaba_potentiation|complex_i_block|snare_cooperativity|nca_block|glucl_potentiation,trans_12_dichloroethylene,30.0,219,0.0,23.432291666666668,7.3838888888888885
worm,gaba_potentiation|complex_i_block|snare_cooperativity|nca_block|glucl_potentiation,trans_12_dichloroethylene,30.0,331,0.0,23.416666666666668,7.359583333333333
worm,gaba_potentiation|complex_i_block|snare_cooperativity|nca_block|glucl_potentiation,trans_12_dichloroethylene,30.0,443,0.0,24.098958333333332,7.560555555555555
worm,gaba_potentiation|complex_i_block|snare_cooperativity|nca_block|glucl_potentiation,trans_12_dichloroethylene,100.0,42,0.0,23.471354166666668,7.361666666666666
worm,gaba_potentiation|complex_i_block|snare_cooperativity|nca_block|glucl_potentiation,hexafluoroethane,100.0,219,0.0,23.432291666666668,7.3838888888888885
worm,gaba_potentiation|complex_i_block|snare_cooperativity|nca_block|glucl_potentiation,hexafluoroethane,100.0,331,0.0,23.416666666666668,7.359583333333333
worm,gaba_potentiation|complex_i_block|snare_cooperativity|nca_block|glucl_potentiation,hexafluoroethane,100.0,443,0.0,24.098958333333332,7.560555555555555
worm,gaba_potentiation|complex_i_block|snare_cooperativity|nca_block|glucl_potentiation,hexafluoroethane,300.0,42,0.0,23.471354166666668,7.361666666666666
worm,gaba_potentiation|complex_i_block|snare_cooperativity|nca_block|glucl_potentiation,trans_12_dichloroethylene,300.0,443,0.0,24.098958333333332,7.560555555555555
worm,gaba_potentiation|complex_i_block|snare_cooperativity|nca_block|glucl_potentiation,trans_12_dichloroethylene,1000.0,42,0.0,23.471354166666668,7.361666666666666
worm,gaba_potentiation|complex_i_block|snare_cooperativity|nca_block|glucl_potentiation,trans_12_dichloroethylene,1000.0,137,0.0,22.885416666666668,7.247222222222222
worm,gaba_potentiation|complex_i_block|snare_cooperativity|nca_block|glucl_potentiation,trans_12_dichloroethylene,1000.0,219,0.0,23.432291666666668,7.3838888888888885
worm,gaba_potentiation|complex_i_block|snare_cooperativity|nca_block|glucl_potentiation,trans_12_dichloroethylene,1000.0,331,0.0,23.416666666666668,7.359583333333333
worm,gaba_potentiation|complex_i_block|snare_cooperativity|nca_block|glucl_potentiation,trans_12_dichloroethylene,1000.0,443,0.0,24.098958333333332,7.560555555555555
worm,gaba_potentiation|complex_i_block|snare_cooperativity|nca_block|glucl_potentiation,trans_12_dichloroethylene,3000.0,42,0.0,23.471354166666668,7.361666666666666
worm,gaba_potentiation|complex_i_block|snare_cooperativity|nca_block|glucl_potentiation,trans_12_dichloroethylene,3000.0,137,0.0,22.885416666666668,7.247222222222222
worm,gaba_potentiation|complex_i_block|snare_cooperativity|nca_block|glucl_potentiation,trans_12_dichloroethylene,3000.0,219,0.0,23.432291666666668,7.3838888888888885
worm,gaba_potentiation|complex_i_block|snare_cooperativity|nca_block|glucl_potentiation,trans_12_dichloroethylene,3000.0,331,0.0,23.416666666666668,7.359583333333333
worm,gaba_potentiation|complex_i_block|snare_cooperativity|nca_block|glucl_potentiation,trans_12_dichloroethylene,3000.0,443,0.0,24.098958333333332,7.560555555555555
worm,gaba_potentiation|complex_i_block|snare_cooperativity|nca_block|glucl_potentiation,trans_12_dichloroethylene,10000.0,42,0.0,23.471354166666668,7.361666666666666
worm,gaba_potentiation|complex_i_block|snare_cooperativity|nca_block|glucl_potentiation,trans_12_dichloroethylene,30000.0,42,0.0,23.471354166666668,7.361666666666666
worm,gaba_potentiation|complex_i_block|snare_cooperativity|nca_block|glucl_potentiation,trans_12_dichloroethylene,30000.0,137,0.0,22.885416666666668,7.247222222222222
worm,gaba_potentiation|complex_i_block|snare_cooperativity|nca_block|glucl_potentiation,trans_12_dichloroethylene,30000.0,219,0.0,23.432291666666668,7.3838888888888885
worm,gaba_potentiation|complex_i_block|snare_cooperativity|nca_block|glucl_potentiation,trans_12_dichloroethylene,30000.0,331,0.0,23.416666666666668,7.359583333333333
worm,gaba_potentiation|complex_i_block|snare_cooperativity|nca_block|glucl_potentiation,trans_12_dichloroethylene,30000.0,443,0.0,24.098958333333332,7.560555555555555
worm,gaba_potentiation|complex_i_block|snare_cooperativity|nca_block|glucl_potentiation,hexafluoroethane,30.0,42,0.0,23.471354166666668,7.361666666666666
worm,gaba_potentiation|complex_i_block|snare_cooperativity|nca_block|glucl_potentiation,hexafluoroethane,30.0,137,0.0,22.885416666666668,7.247222222222222
worm,gaba_potentiation|complex_i_block|snare_cooperativity|nca_block|glucl_potentiation,hexafluoroethane,30.0,219,0.0,23.432291666666668,7.3838888888888885
worm,gaba_potentiation|complex_i_block|snare_cooperativity|nca_block|glucl_potentiation,hexafluoroethane,1000.0,443,0.0,24.098958333333332,7.560555555555555
worm,gaba_potentiation|complex_i_block|snare_cooperativity|nca_block|glucl_potentiation,hexafluoroethane,3000.0,42,0.0,23.471354166666668,7.361666666666666
worm,gaba_potentiation|complex_i_block|snare_cooperativity|nca_block|glucl_potentiation,hexafluoroethane,3000.0,137,0.0,22.885416666666668,7.247222222222222
worm,gaba_potentiation|complex_i_block|snare_cooperativity|nca_block|glucl_potentiation,hexafluoroethane,3000.0,219,0.0,23.432291666666668,7.3838888888888885
worm,gaba_potentiation|complex_i_block|snare_cooperativity|nca_block|glucl_potentiation,hexafluoroethane,10000.0,219,0.0,23.432291666666668,7.3838888888888885
worm,gaba_potentiation|complex_i_block|snare_cooperativity|nca_block|glucl_potentiation,hexafluoroethane,10000.0,331,0.0,23.416666666666668,7.359583333333333
worm,gaba_potentiation|complex_i_block|snare_cooperativity|nca_block|glucl_potentiation,hexafluoroethane,10000.0,443,0.0,24.098958333333332,7.560555555555555
worm,gaba_potentiation|complex_i_block|snare_cooperativity|nca_block|glucl_potentiation,hexafluoroethane,30000.0,42,0.0,23.471354166666668,7.361666666666666
worm,gaba_potentiation|complex_i_block|snare_cooperativity|nca_block|glucl_potentiation,hexafluoroethane,1000.0,42,0.0,23.471354166666668,7.361666666666666
worm,gaba_potentiation|complex_i_block|snare_cooperativity|nca_block|glucl_potentiation,hexafluoroethane,1000.0,137,0.0,22.885416666666668,7.247222222222222
worm,gaba_potentiation|complex_i_block|snare_cooperativity|nca_block|glucl_potentiation,hexafluoroethane,1000.0,219,0.0,23.432291666666668,7.3838888888888885
worm,gaba_potentiation|complex_i_block|snare_cooperativity|nca_block|glucl_potentiation,hexafluoroethane,1000.0,331,0.0,23.416666666666668,7.359583333333333
worm,gaba_potentiation|complex_i_block|snare_cooperativity|nca_block|glucl_potentiation,hexafluoroethane,3000.0,331,0.0,23.416666666666668,7.359583333333333
worm,gaba_potentiation|complex_i_block|snare_cooperativity|nca_block|glucl_potentiation,hexafluoroethane,3000.0,443,0.0,24.098958333333332,7.560555555555555
worm,gaba_potentiation|complex_i_block|snare_cooperativity|nca_block|glucl_potentiation,hexafluoroethane,10000.0,42,0.0,23.471354166666668,7.361666666666666
worm,gaba_potentiation|complex_i_block|snare_cooperativity|nca_block|glucl_potentiation,hexafluoroethane,10000.0,137,0.0,22.885416666666668,7.247222222222222
worm,gaba_potentiation|complex_i_block|snare_cooperativity|nca_block|glucl_potentiation,hexafluoroethane,30000.0,137,0.0,22.885416666666668,7.247222222222222
worm,gaba_potentiation|complex_i_block|snare_cooperativity|nca_block|glucl_potentiation,hexafluoroethane,30000.0,219,0.0,23.432291666666668,7.3838888888888885
worm,gaba_potentiation|complex_i_block|snare_cooperativity|nca_block|glucl_potentiation,hexafluoroethane,30000.0,331,0.0,23.416666666666668,7.359583333333333
worm,gaba_potentiation|complex_i_block|snare_cooperativity|nca_block|glucl_potentiation,hexafluoroethane,30000.0,443,0.0,24.098958333333332,7.560555555555555
worm,k2p_potentiation|complex_i_block|snare_cooperativity|nca_block|nachr_antagonism,cis_12_dichloroethylene,30.0,42,0.0,22.171875,6.879444444444444
worm,k2p_potentiation|complex_i_block|snare_cooperativity|nca_block|nachr_antagonism,cis_12_dichloroethylene,30.0,137,0.0,21.140625,6.668055555555555
worm,k2p_potentiation|complex_i_block|snare_cooperativity|nca_block|nachr_antagonism,cis_12_dichloroethylene,30.0,219,0.0,22.127604166666668,6.929305555555556
worm,k2p_potentiation|complex_i_block|snare_cooperativity|nca_block|nachr_antagonism,cis_12_dichloroethylene,30.0,331,0.0,21.565104166666668,6.748611111111111
worm,k2p_potentiation|complex_i_block|snare_cooperativity|nca_block|nachr_antagonism,cis_12_dichloroethylene,30.0,443,0.0,22.338541666666668,6.979305555555555
worm,k2p_potentiation|complex_i_block|snare_cooperativity|nca_block|nachr_antagonism,cis_12_dichloroethylene,100.0,42,0.0,18.643229166666668,5.745972222222222
worm,k2p_potentiation|complex_i_block|snare_cooperativity|nca_block|nachr_antagonism,cis_12_dichloroethylene,100.0,137,0.0,17.721354166666668,5.511111111111111
worm,k2p_potentiation|complex_i_block|snare_cooperativity|nca_block|nachr_antagonism,cis_12_dichloroethylene,100.0,219,0.0,18.9375,5.8718055555555555
worm,k2p_potentiation|complex_i_block|snare_cooperativity|nca_block|nachr_antagonism,cis_12_dichloroethylene,1000.0,137,0.10416666666666667,5.700520833333333,1.62125
worm,k2p_potentiation|complex_i_block|snare_cooperativity|nca_block|nachr_antagonism,cis_12_dichloroethylene,1000.0,219,0.0625,6.0859375,1.7261111111111112
worm,k2p_potentiation|complex_i_block|snare_cooperativity|nca_block|nachr_antagonism,cis_12_dichloroethylene,1000.0,331,0.08333333333333333,5.940104166666667,1.6754166666666668
worm,k2p_potentiation|complex_i_block|snare_cooperativity|nca_block|nachr_antagonism,cis_12_dichloroethylene,1000.0,443,0.125,5.440104166666667,1.5790277777777777
worm,k2p_potentiation|complex_i_block|snare_cooperativity|nca_block|nachr_antagonism,cis_12_dichloroethylene,100.0,331,0.0,18.1953125,5.633055555555556
worm,k2p_potentiation|complex_i_block|snare_cooperativity|nca_block|nachr_antagonism,cis_12_dichloroethylene,100.0,443,0.0,19.247395833333332,5.904444444444445
worm,k2p_potentiation|complex_i_block|snare_cooperativity|nca_block|nachr_antagonism,cis_12_dichloroethylene,300.0,42,0.0,12.778645833333334,3.8097222222222222
worm,k2p_potentiation|complex_i_block|snare_cooperativity|nca_block|nachr_antagonism,cis_12_dichloroethylene,300.0,137,0.0,11.997395833333334,3.618888888888889
worm,k2p_potentiation|complex_i_block|snare_cooperativity|nca_block|nachr_antagonism,cis_12_dichloroethylene,300.0,219,0.0,13.052083333333334,3.8941666666666666
worm,k2p_potentiation|complex_i_block|snare_cooperativity|nca_block|nachr_antagonism,cis_12_dichloroethylene,300.0,331,0.0,12.169270833333334,3.6884722222222224
worm,k2p_potentiation|complex_i_block|snare_cooperativity|nca_block|nachr_antagonism,cis_12_dichloroethylene,300.0,443,0.0,12.4375,3.7205555555555554
worm,k2p_potentiation|complex_i_block|snare_cooperativity|nca_block|nachr_antagonism,cis_12_dichloroethylene,1000.0,42,0.0625,6.015625,1.6940277777777777
worm,k2p_potentiation|complex_i_block|snare_cooperativity|nca_block|nachr_antagonism,cis_12_dichloroethylene,3000.0,42,0.5416666666666666,2.8411458333333335,0.7816666666666666
worm,k2p_potentiation|complex_i_block|snare_cooperativity|nca_block|nachr_antagonism,cis_12_dichloroethylene,3000.0,137,0.6458333333333334,2.5052083333333335,0.7222222222222222
worm,k2p_potentiation|complex_i_block|snare_cooperativity|nca_block|nachr_antagonism,cis_12_dichloroethylene,3000.0,219,0.5,3.1067708333333335,0.8508333333333333
worm,k2p_potentiation|complex_i_block|snare_cooperativity|nca_block|nachr_antagonism,cis_12_dichloroethylene,3000.0,331,0.4166666666666667,3.1302083333333335,0.8461111111111111
worm,k2p_potentiation|complex_i_block|snare_cooperativity|nca_block|nachr_antagonism,cis_12_dichloroethylene,3000.0,443,0.8125,2.1536458333333335,0.6706944444444445
worm,k2p_potentiation|complex_i_block|snare_cooperativity|nca_block|nachr_antagonism,cis_12_dichloroethylene,10000.0,42,0.8333333333333334,1.6822916666666667,0.4872222222222222
worm,k2p_potentiation|complex_i_block|snare_cooperativity|nca_block|nachr_antagonism,cis_12_dichloroethylene,10000.0,137,0.9166666666666666,1.5598958333333333,0.46819444444444447
worm,k2p_potentiation|complex_i_block|snare_cooperativity|nca_block|nachr_antagonism,cis_12_dichloroethylene,10000.0,219,0.7708333333333334,1.6927083333333333,0.4963888888888889
worm,k2p_potentiation|complex_i_block|snare_cooperativity|nca_block|nachr_antagonism,cis_12_dichloroethylene,10000.0,331,0.7291666666666666,2.0442708333333335,0.5515277777777777
worm,k2p_potentiation|complex_i_block|snare_cooperativity|nca_block|nachr_antagonism,cis_12_dichloroethylene,10000.0,443,0.9166666666666666,1.2552083333333333,0.43875
worm,k2p_potentiation|complex_i_block|snare_cooperativity|nca_block|nachr_antagonism,cis_12_dichloroethylene,30000.0,42,0.9375,1.4270833333333333,0.42375
worm,k2p_potentiation|complex_i_block|snare_cooperativity|nca_block|nachr_antagonism,cis_12_dichloroethylene,30000.0,137,0.9166666666666666,1.3489583333333333,0.40944444444444444
worm,k2p_potentiation|complex_i_block|snare_cooperativity|nca_block|nachr_antagonism,cis_12_dichloroethylene,30000.0,219,0.7916666666666666,1.5651041666666667,0.4543055555555556
worm,k2p_potentiation|complex_i_block|snare_cooperativity|nca_block|nachr_antagonism,cis_12_dichloroethylene,30000.0,331,0.8125,1.6822916666666667,0.46805555555555556
worm,k2p_potentiation|complex_i_block|snare_cooperativity|nca_block|nachr_antagonism,cis_12_dichloroethylene,30000.0,443,0.9583333333333334,1.0338541666666667,0.3775
worm,k2p_potentiation|complex_i_block|snare_cooperativity|nca_block|nachr_antagonism,trans_12_dichloroethylene,30.0,42,0.0,23.341145833333332,7.324722222222222
worm,k2p_potentiation|complex_i_block|snare_cooperativity|nca_block|nachr_antagonism,trans_12_dichloroethylene,100.0,443,0.0,23.955729166666668,7.5065277777777775
worm,k2p_potentiation|complex_i_block|snare_cooperativity|nca_block|nachr_antagonism,trans_12_dichloroethylene,300.0,42,0.0,23.255208333333332,7.273333333333333
worm,k2p_potentiation|complex_i_block|snare_cooperativity|nca_block|nachr_antagonism,trans_12_dichloroethylene,300.0,137,0.0,22.354166666666668,7.06875
worm,k2p_potentiation|complex_i_block|snare_cooperativity|nca_block|nachr_antagonism,trans_12_dichloroethylene,300.0,219,0.0,23.122395833333332,7.282916666666667
worm,k2p_potentiation|complex_i_block|snare_cooperativity|nca_block|nachr_antagonism,trans_12_dichloroethylene,1000.0,219,0.0,22.3046875,7.011388888888889
worm,k2p_potentiation|complex_i_block|snare_cooperativity|nca_block|nachr_antagonism,trans_12_dichloroethylene,1000.0,331,0.0,21.885416666666668,6.861944444444444
worm,k2p_potentiation|complex_i_block|snare_cooperativity|nca_block|nachr_antagonism,trans_12_dichloroethylene,1000.0,443,0.0,22.747395833333332,7.124444444444444
worm,k2p_potentiation|complex_i_block|snare_cooperativity|nca_block|nachr_antagonism,trans_12_dichloroethylene,3000.0,42,0.0,20.986979166666668,6.518611111111111
worm,k2p_potentiation|complex_i_block|snare_cooperativity|nca_block|nachr_antagonism,trans_12_dichloroethylene,3000.0,137,0.0,19.677083333333332,6.2098611111111115
worm,k2p_potentiation|complex_i_block|snare_cooperativity|nca_block|nachr_antagonism,trans_12_dichloroethylene,3000.0,219,0.0,21.1171875,6.628611111111111
worm,k2p_potentiation|complex_i_block|snare_cooperativity|nca_block|nachr_antagonism,trans_12_dichloroethylene,3000.0,331,0.0,20.541666666666668,6.42125
worm,k2p_potentiation|complex_i_block|snare_cooperativity|nca_block|nachr_antagonism,trans_12_dichloroethylene,3000.0,443,0.0,21.4296875,6.6738888888888885
worm,k2p_potentiation|complex_i_block|snare_cooperativity|nca_block|nachr_antagonism,trans_12_dichloroethylene,300.0,331,0.0,22.690104166666668,7.126666666666667
worm,k2p_potentiation|complex_i_block|snare_cooperativity|nca_block|nachr_antagonism,trans_12_dichloroethylene,300.0,443,0.0,23.567708333333332,7.38625
worm,k2p_potentiation|complex_i_block|snare_cooperativity|nca_block|nachr_antagonism,trans_12_dichloroethylene,1000.0,42,0.0,22.46875,7.0193055555555555
worm,k2p_potentiation|complex_i_block|snare_cooperativity|nca_block|nachr_antagonism,trans_12_dichloroethylene,1000.0,137,0.0,21.510416666666668,6.783055555555555
worm,k2p_potentiation|complex_i_block|snare_cooperativity|nca_block|nachr_antagonism,trans_12_dichloroethylene,30.0,137,0.0,22.841145833333332,7.234861111111111
worm,k2p_potentiation|complex_i_block|snare_cooperativity|nca_block|nachr_antagonism,trans_12_dichloroethylene,30.0,219,0.0,23.359375,7.359583333333333
worm,k2p_potentiation|complex_i_block|snare_cooperativity|nca_block|nachr_antagonism,trans_12_dichloroethylene,30.0,331,0.0,23.315104166666668,7.328194444444445
worm,k2p_potentiation|complex_i_block|snare_cooperativity|nca_block|nachr_antagonism,trans_12_dichloroethylene,30.0,443,0.0,24.140625,7.568611111111111
worm,k2p_potentiation|complex_i_block|snare_cooperativity|nca_block|nachr_antagonism,trans_12_dichloroethylene,100.0,42,0.0,23.408854166666668,7.336111111111111
worm,k2p_potentiation|complex_i_block|snare_cooperativity|nca_block|nachr_antagonism,trans_12_dichloroethylene,100.0,137,0.0,22.661458333333332,7.169305555555556
worm,k2p_potentiation|complex_i_block|snare_cooperativity|nca_block|nachr_antagonism,trans_12_dichloroethylene,100.0,219,0.0,23.307291666666668,7.336805555555555
worm,k2p_potentiation|complex_i_block|snare_cooperativity|nca_block|nachr_antagonism,trans_12_dichloroethylene,100.0,331,0.0,23.223958333333332,7.300416666666667
worm,k2p_potentiation|complex_i_block|snare_cooperativity|nca_block|nachr_antagonism,hexafluoroethane,300.0,443,0.0,23.765625,7.462916666666667
worm,k2p_potentiation|complex_i_block|snare_cooperativity|nca_block|nachr_antagonism,hexafluoroethane,1000.0,42,0.0,22.981770833333332,7.175833333333333
worm,k2p_potentiation|complex_i_block|snare_cooperativity|nca_block|nachr_antagonism,hexafluoroethane,1000.0,137,0.0,22.114583333333332,6.974444444444444
worm,k2p_potentiation|complex_i_block|snare_cooperativity|nca_block|nachr_antagonism,hexafluoroethane,1000.0,219,0.0,22.815104166666668,7.17625
worm,k2p_potentiation|complex_i_block|snare_cooperativity|nca_block|nachr_antagonism,hexafluoroethane,300.0,42,0.0,23.4375,7.337777777777778
worm,k2p_potentiation|complex_i_block|snare_cooperativity|nca_block|nachr_antagonism,hexafluoroethane,300.0,137,0.0,22.5,7.122083333333333
worm,k2p_potentiation|complex_i_block|snare_cooperativity|nca_block|nachr_antagonism,hexafluoroethane,300.0,219,0.0,23.3359375,7.35125
worm,k2p_potentiation|complex_i_block|snare_cooperativity|nca_block|nachr_antagonism,hexafluoroethane,300.0,331,0.0,23.018229166666668,7.234166666666667
worm,k2p_potentiation|complex_i_block|snare_cooperativity|nca_block|nachr_antagonism,hexafluoroethane,3000.0,219,0.0,21.606770833333332,6.789861111111111
worm,k2p_potentiation|complex_i_block|snare_cooperativity|nca_block|nachr_antagonism,hexafluoroethane,3000.0,331,0.0,20.950520833333332,6.571805555555556
worm,k2p_potentiation|complex_i_block|snare_cooperativity|nca_block|nachr_antagonism,hexafluoroethane,3000.0,443,0.0,21.973958333333332,6.876805555555555
worm,k2p_potentiation|complex_i_block|snare_cooperativity|nca_block|nachr_antagonism,hexafluoroethane,10000.0,42,0.0,20.018229166666668,6.220972222222223
worm,k2p_potentiation|complex_i_block|snare_cooperativity|nca_block|nachr_antagonism,hexafluoroethane,1000.0,331,0.0,22.21875,6.977916666666666
worm,k2p_potentiation|complex_i_block|snare_cooperativity|nca_block|nachr_antagonism,hexafluoroethane,1000.0,443,0.0,23.057291666666668,7.233194444444444
worm,k2p_potentiation|complex_i_block|snare_cooperativity|nca_block|nachr_antagonism,hexafluoroethane,3000.0,42,0.0,21.973958333333332,6.841388888888889
worm,k2p_potentiation|complex_i_block|snare_cooperativity|nca_block|nachr_antagonism,hexafluoroethane,3000.0,137,0.0,20.2265625,6.402361111111111
worm,k2p_potentiation|complex_i_block|snare_cooperativity|nca_block|nachr_antagonism,trans_12_dichloroethylene,10000.0,42,0.0,19.377604166666668,6.0008333333333335
worm,k2p_potentiation|complex_i_block|snare_cooperativity|nca_block|nachr_antagonism,trans_12_dichloroethylene,10000.0,137,0.0,18.471354166666668,5.805
worm,k2p_potentiation|complex_i_block|snare_cooperativity|nca_block|nachr_antagonism,trans_12_dichloroethylene,10000.0,219,0.0,19.861979166666668,6.223055555555556
worm,k2p_potentiation|complex_i_block|snare_cooperativity|nca_block|nachr_antagonism,trans_12_dichloroethylene,10000.0,331,0.0,18.947916666666668,5.9325
worm,k2p_potentiation|complex_i_block|snare_cooperativity|nca_block|nachr_antagonism,trans_12_dichloroethylene,10000.0,443,0.0,19.859375,6.179861111111111
worm,k2p_potentiation|complex_i_block|snare_cooperativity|nca_block|nachr_antagonism,trans_12_dichloroethylene,30000.0,42,0.0,18.640625,5.78375
worm,k2p_potentiation|complex_i_block|snare_cooperativity|nca_block|nachr_antagonism,trans_12_dichloroethylene,30000.0,137,0.0,17.864583333333332,5.5881944444444445
worm,k2p_potentiation|complex_i_block|snare_cooperativity|nca_block|nachr_antagonism,trans_12_dichloroethylene,30000.0,219,0.0,18.9453125,5.924722222222222
worm,k2p_potentiation|complex_i_block|snare_cooperativity|nca_block|nachr_antagonism,trans_12_dichloroethylene,30000.0,331,0.0,18.453125,5.756666666666667
worm,k2p_potentiation|complex_i_block|snare_cooperativity|nca_block|nachr_antagonism,trans_12_dichloroethylene,30000.0,443,0.0,18.635416666666668,5.8025
worm,k2p_potentiation|complex_i_block|snare_cooperativity|nca_block|nachr_antagonism,hexafluoroethane,30.0,42,0.0,23.416666666666668,7.349583333333333
worm,k2p_potentiation|complex_i_block|snare_cooperativity|nca_block|nachr_antagonism,hexafluoroethane,30.0,137,0.0,22.9453125,7.266111111111111
worm,k2p_potentiation|complex_i_block|snare_cooperativity|nca_block|nachr_antagonism,hexafluoroethane,30.0,219,0.0,23.434895833333332,7.381805555555555
worm,k2p_potentiation|complex_i_block|snare_cooperativity|nca_block|nachr_antagonism,hexafluoroethane,30.0,331,0.0,23.3515625,7.341527777777777
worm,k2p_potentiation|complex_i_block|snare_cooperativity|nca_block|nachr_antagonism,hexafluoroethane,30.0,443,0.0,24.119791666666668,7.563194444444444
worm,k2p_potentiation|complex_i_block|snare_cooperativity|nca_block|nachr_antagonism,hexafluoroethane,100.0,42,0.0,23.4296875,7.344305555555556
worm,k2p_potentiation|complex_i_block|snare_cooperativity|nca_block|nachr_antagonism,hexafluoroethane,10000.0,137,0.0,19.005208333333332,5.958055555555555
worm,k2p_potentiation|complex_i_block|snare_cooperativity|nca_block|nachr_antagonism,hexafluoroethane,10000.0,219,0.0,20.252604166666668,6.36125
worm,k2p_potentiation|complex_i_block|snare_cooperativity|nca_block|nachr_antagonism,hexafluoroethane,10000.0,331,0.0,19.489583333333332,6.097777777777778
worm,k2p_potentiation|complex_i_block|snare_cooperativity|nca_block|nachr_antagonism,hexafluoroethane,10000.0,443,0.0,20.361979166666668,6.332083333333333
worm,k2p_potentiation|complex_i_block|snare_cooperativity|nca_block|nachr_antagonism,hexafluoroethane,100.0,137,0.0,22.700520833333332,7.192083333333334
worm,k2p_potentiation|complex_i_block|snare_cooperativity|nca_block|nachr_antagonism,hexafluoroethane,100.0,219,0.0,23.286458333333332,7.3348611111111115
worm,k2p_potentiation|complex_i_block|snare_cooperativity|nca_block|nachr_antagonism,hexafluoroethane,100.0,331,0.0,23.1875,7.289166666666667
worm,k2p_potentiation|complex_i_block|snare_cooperativity|nca_block|nachr_antagonism,hexafluoroethane,100.0,443,0.0,24.169270833333332,7.5744444444444445
worm,k2p_potentiation|complex_i_block|snare_cooperativity|nca_block|glucl_potentiation,cis_12_dichloroethylene,30.0,331,0.0,21.666666666666668,6.776805555555556
worm,k2p_potentiation|complex_i_block|snare_cooperativity|nca_block|glucl_potentiation,cis_12_dichloroethylene,30.0,443,0.0,22.5078125,7.029861111111111
worm,k2p_potentiation|complex_i_block|snare_cooperativity|nca_block|glucl_potentiation,cis_12_dichloroethylene,100.0,42,0.0,18.674479166666668,5.765
worm,k2p_potentiation|complex_i_block|snare_cooperativity|nca_block|glucl_potentiation,cis_12_dichloroethylene,100.0,137,0.0,17.9375,5.585138888888889
worm,k2p_potentiation|complex_i_block|snare_cooperativity|nca_block|glucl_potentiation,cis_12_dichloroethylene,100.0,219,0.0,19.140625,5.9286111111111115
worm,k2p_potentiation|complex_i_block|snare_cooperativity|nca_block|glucl_potentiation,cis_12_dichloroethylene,100.0,331,0.0,18.356770833333332,5.689305555555555
worm,k2p_potentiation|complex_i_block|snare_cooperativity|nca_block|glucl_potentiation,cis_12_dichloroethylene,100.0,443,0.0,19.549479166666668,5.995
worm,k2p_potentiation|complex_i_block|snare_cooperativity|nca_block|glucl_potentiation,cis_12_dichloroethylene,300.0,42,0.0,12.963541666666666,3.877638888888889
worm,k2p_potentiation|complex_i_block|snare_cooperativity|nca_block|glucl_potentiation,cis_12_dichloroethylene,300.0,137,0.0,12.333333333333334,3.7291666666666665
worm,k2p_potentiation|complex_i_block|snare_cooperativity|nca_block|glucl_potentiation,cis_12_dichloroethylene,300.0,219,0.0,13.4765625,4.01875
worm,k2p_potentiation|complex_i_block|snare_cooperativity|nca_block|glucl_potentiation,cis_12_dichloroethylene,300.0,331,0.0,12.578125,3.8068055555555556
worm,k2p_potentiation|complex_i_block|snare_cooperativity|nca_block|glucl_potentiation,cis_12_dichloroethylene,300.0,443,0.0,12.864583333333334,3.8470833333333334
worm,k2p_potentiation|complex_i_block|snare_cooperativity|nca_block|nachr_antagonism,hexafluoroethane,30000.0,42,0.0,19.109375,5.922361111111111
worm,k2p_potentiation|complex_i_block|snare_cooperativity|nca_block|nachr_antagonism,hexafluoroethane,30000.0,137,0.0,17.955729166666668,5.635555555555555
worm,k2p_potentiation|complex_i_block|snare_cooperativity|nca_block|nachr_antagonism,hexafluoroethane,30000.0,219,0.0,19.354166666666668,6.053472222222222
worm,k2p_potentiation|complex_i_block|snare_cooperativity|nca_block|nachr_antagonism,hexafluoroethane,30000.0,331,0.0,18.515625,5.784722222222222
worm,k2p_potentiation|complex_i_block|snare_cooperativity|nca_block|nachr_antagonism,hexafluoroethane,30000.0,443,0.0,19.234375,5.978611111111111
worm,k2p_potentiation|complex_i_block|snare_cooperativity|nca_block|glucl_potentiation,cis_12_dichloroethylene,30.0,42,0.0,22.247395833333332,6.907916666666667
worm,k2p_potentiation|complex_i_block|snare_cooperativity|nca_block|glucl_potentiation,cis_12_dichloroethylene,30.0,137,0.0,21.135416666666668,6.660138888888889
worm,k2p_potentiation|complex_i_block|snare_cooperativity|nca_block|glucl_potentiation,cis_12_dichloroethylene,30.0,219,0.0,22.1640625,6.941388888888889
worm,k2p_potentiation|complex_i_block|snare_cooperativity|nca_block|glucl_potentiation,trans_12_dichloroethylene,30.0,42,0.0,23.341145833333332,7.324722222222222
worm,k2p_potentiation|complex_i_block|snare_cooperativity|nca_block|glucl_potentiation,trans_12_dichloroethylene,30.0,137,0.0,22.841145833333332,7.234861111111111
worm,k2p_potentiation|complex_i_block|snare_cooperativity|nca_block|glucl_potentiation,trans_12_dichloroethylene,30.0,219,0.0,23.359375,7.359583333333333
worm,k2p_potentiation|complex_i_block|snare_cooperativity|nca_block|glucl_potentiation,trans_12_dichloroethylene,30.0,331,0.0,23.315104166666668,7.328194444444445
worm,k2p_potentiation|complex_i_block|snare_cooperativity|nca_block|glucl_potentiation,cis_12_dichloroethylene,1000.0,42,0.041666666666666664,6.333333333333333,1.792361111111111
worm,k2p_potentiation|complex_i_block|snare_cooperativity|nca_block|glucl_potentiation,cis_12_dichloroethylene,1000.0,137,0.0625,6.1953125,1.7633333333333334
worm,k2p_potentiation|complex_i_block|snare_cooperativity|nca_block|glucl_potentiation,cis_12_dichloroethylene,1000.0,219,0.041666666666666664,6.59375,1.8683333333333334
worm,k2p_potentiation|complex_i_block|snare_cooperativity|nca_block|glucl_potentiation,cis_12_dichloroethylene,1000.0,331,0.0625,6.294270833333333,1.7884722222222222
worm,k2p_potentiation|complex_i_block|snare_cooperativity|nca_block|glucl_potentiation,trans_12_dichloroethylene,100.0,331,0.0,23.223958333333332,7.300416666666667
worm,k2p_potentiation|complex_i_block|snare_cooperativity|nca_block|glucl_potentiation,trans_12_dichloroethylene,100.0,443,0.0,23.955729166666668,7.5065277777777775
worm,k2p_potentiation|complex_i_block|snare_cooperativity|nca_block|glucl_potentiation,trans_12_dichloroethylene,300.0,42,0.0,23.255208333333332,7.273333333333333
worm,k2p_potentiation|complex_i_block|snare_cooperativity|nca_block|glucl_potentiation,trans_12_dichloroethylene,300.0,137,0.0,22.354166666666668,7.06875
worm,k2p_potentiation|complex_i_block|snare_cooperativity|nca_block|glucl_potentiation,cis_12_dichloroethylene,1000.0,443,0.125,5.760416666666667,1.6884722222222222
worm,k2p_potentiation|complex_i_block|snare_cooperativity|nca_block|glucl_potentiation,cis_12_dichloroethylene,3000.0,42,0.4791666666666667,3.2135416666666665,0.8808333333333334
worm,k2p_potentiation|complex_i_block|snare_cooperativity|nca_block|glucl_potentiation,cis_12_dichloroethylene,3000.0,137,0.5,2.8984375,0.8331944444444445
worm,k2p_potentiation|complex_i_block|snare_cooperativity|nca_block|glucl_potentiation,cis_12_dichloroethylene,3000.0,219,0.4375,3.4609375,0.9554166666666667
worm,k2p_potentiation|complex_i_block|snare_cooperativity|nca_block|glucl_potentiation,cis_12_dichloroethylene,3000.0,331,0.375,3.3880208333333335,0.9194444444444444
worm,k2p_potentiation|complex_i_block|snare_cooperativity|nca_block|glucl_potentiation,cis_12_dichloroethylene,3000.0,443,0.7291666666666666,2.609375,0.7826388888888889
worm,k2p_potentiation|complex_i_block|snare_cooperativity|nca_block|glucl_potentiation,cis_12_dichloroethylene,10000.0,42,0.8125,1.9401041666666667,0.5493055555555556
worm,k2p_potentiation|complex_i_block|snare_cooperativity|nca_block|glucl_potentiation,cis_12_dichloroethylene,10000.0,137,0.8958333333333334,1.7630208333333333,0.53
worm,k2p_potentiation|complex_i_block|snare_cooperativity|nca_block|glucl_potentiation,cis_12_dichloroethylene,10000.0,219,0.7291666666666666,1.9140625,0.5669444444444445
worm,k2p_potentiation|complex_i_block|snare_cooperativity|nca_block|glucl_potentiation,cis_12_dichloroethylene,10000.0,331,0.7291666666666666,2.2135416666666665,0.60875
worm,k2p_potentiation|complex_i_block|snare_cooperativity|nca_block|glucl_potentiation,cis_12_dichloroethylene,10000.0,443,0.875,1.4192708333333333,0.4872222222222222
worm,k2p_potentiation|complex_i_block|snare_cooperativity|nca_block|glucl_potentiation,cis_12_dichloroethylene,30000.0,42,0.8541666666666666,1.6276041666666667,0.4761111111111111
worm,k2p_potentiation|complex_i_block|snare_cooperativity|nca_block|glucl_potentiation,cis_12_dichloroethylene,30000.0,137,0.9166666666666666,1.5130208333333333,0.46152777777777776
worm,k2p_potentiation|complex_i_block|snare_cooperativity|nca_block|glucl_potentiation,cis_12_dichloroethylene,30000.0,219,0.7708333333333334,1.7109375,0.5052777777777778
worm,k2p_potentiation|complex_i_block|snare_cooperativity|nca_block|glucl_potentiation,cis_12_dichloroethylene,30000.0,331,0.75,2.0026041666666665,0.5456944444444445
worm,k2p_potentiation|complex_i_block|snare_cooperativity|nca_block|glucl_potentiation,cis_12_dichloroethylene,30000.0,443,0.9166666666666666,1.1875,0.4265277777777778
worm,k2p_potentiation|complex_i_block|snare_cooperativity|nca_block|glucl_potentiation,trans_12_dichloroethylene,300.0,219,0.0,23.122395833333332,7.282916666666667
worm,k2p_potentiation|complex_i_block|snare_cooperativity|nca_block|glucl_potentiation,trans_12_dichloroethylene,300.0,331,0.0,22.690104166666668,7.126666666666667
worm,k2p_potentiation|complex_i_block|snare_cooperativity|nca_block|glucl_potentiation,trans_12_dichloroethylene,300.0,443,0.0,23.567708333333332,7.38625
worm,k2p_potentiation|complex_i_block|snare_cooperativity|nca_block|glucl_potentiation,trans_12_dichloroethylene,1000.0,42,0.0,22.46875,7.0193055555555555
worm,k2p_potentiation|complex_i_block|snare_cooperativity|nca_block|glucl_potentiation,trans_12_dichloroethylene,1000.0,137,0.0,21.510416666666668,6.783055555555555
worm,k2p_potentiation|complex_i_block|snare_cooperativity|nca_block|glucl_potentiation,trans_12_dichloroethylene,1000.0,219,0.0,22.3046875,7.011388888888889
worm,k2p_potentiation|complex_i_block|snare_cooperativity|nca_block|glucl_potentiation,trans_12_dichloroethylene,1000.0,331,0.0,21.885416666666668,6.861944444444444
worm,k2p_potentiation|complex_i_block|snare_cooperativity|nca_block|glucl_potentiation,trans_12_dichloroethylene,1000.0,443,0.0,22.747395833333332,7.124444444444444
worm,k2p_potentiation|complex_i_block|snare_cooperativity|nca_block|glucl_potentiation,trans_12_dichloroethylene,30.0,443,0.0,24.140625,7.568611111111111
worm,k2p_potentiation|complex_i_block|snare_cooperativity|nca_block|glucl_potentiation,trans_12_dichloroethylene,100.0,42,0.0,23.408854166666668,7.336111111111111
worm,k2p_potentiation|complex_i_block|snare_cooperativity|nca_block|glucl_potentiation,trans_12_dichloroethylene,100.0,137,0.0,22.661458333333332,7.169305555555556
worm,k2p_potentiation|complex_i_block|snare_cooperativity|nca_block|glucl_potentiation,trans_12_dichloroethylene,100.0,219,0.0,23.307291666666668,7.336805555555555
worm,k2p_potentiation|complex_i_block|snare_cooperativity|nca_block|glucl_potentiation,trans_12_dichloroethylene,10000.0,331,0.0,18.947916666666668,5.9325
worm,k2p_potentiation|complex_i_block|snare_cooperativity|nca_block|glucl_potentiation,trans_12_dichloroethylene,10000.0,443,0.0,19.859375,6.179861111111111
worm,k2p_potentiation|complex_i_block|snare_cooperativity|nca_block|glucl_potentiation,trans_12_dichloroethylene,30000.0,42,0.0,18.640625,5.78375
worm,k2p_potentiation|complex_i_block|snare_cooperativity|nca_block|glucl_potentiation,trans_12_dichloroethylene,30000.0,137,0.0,17.864583333333332,5.5881944444444445
worm,k2p_potentiation|complex_i_block|snare_cooperativity|nca_block|glucl_potentiation,trans_12_dichloroethylene,3000.0,42,0.0,20.986979166666668,6.518611111111111
worm,k2p_potentiation|complex_i_block|snare_cooperativity|nca_block|glucl_potentiation,trans_12_dichloroethylene,3000.0,137,0.0,19.677083333333332,6.2098611111111115
worm,k2p_potentiation|complex_i_block|snare_cooperativity|nca_block|glucl_potentiation,trans_12_dichloroethylene,3000.0,219,0.0,21.1171875,6.628611111111111
worm,k2p_potentiation|complex_i_block|snare_cooperativity|nca_block|glucl_potentiation,trans_12_dichloroethylene,3000.0,331,0.0,20.541666666666668,6.42125
worm,k2p_potentiation|complex_i_block|snare_cooperativity|nca_block|glucl_potentiation,hexafluoroethane,30.0,137,0.0,22.9453125,7.266111111111111
worm,k2p_potentiation|complex_i_block|snare_cooperativity|nca_block|glucl_potentiation,hexafluoroethane,30.0,219,0.0,23.434895833333332,7.381805555555555
worm,k2p_potentiation|complex_i_block|snare_cooperativity|nca_block|glucl_potentiation,hexafluoroethane,30.0,331,0.0,23.3515625,7.341527777777777
worm,k2p_potentiation|complex_i_block|snare_cooperativity|nca_block|glucl_potentiation,hexafluoroethane,30.0,443,0.0,24.119791666666668,7.563194444444444
worm,k2p_potentiation|complex_i_block|snare_cooperativity|nca_block|glucl_potentiation,trans_12_dichloroethylene,3000.0,443,0.0,21.4296875,6.6738888888888885
worm,k2p_potentiation|complex_i_block|snare_cooperativity|nca_block|glucl_potentiation,trans_12_dichloroethylene,10000.0,42,0.0,19.377604166666668,6.0008333333333335
worm,k2p_potentiation|complex_i_block|snare_cooperativity|nca_block|glucl_potentiation,trans_12_dichloroethylene,10000.0,137,0.0,18.471354166666668,5.805
worm,k2p_potentiation|complex_i_block|snare_cooperativity|nca_block|glucl_potentiation,trans_12_dichloroethylene,10000.0,219,0.0,19.861979166666668,6.223055555555556
worm,k2p_potentiation|complex_i_block|snare_cooperativity|nca_block|glucl_potentiation,hexafluoroethane,3000.0,137,0.0,20.2265625,6.402361111111111
worm,k2p_potentiation|complex_i_block|snare_cooperativity|nca_block|glucl_potentiation,hexafluoroethane,3000.0,219,0.0,21.606770833333332,6.789861111111111
worm,k2p_potentiation|complex_i_block|snare_cooperativity|nca_block|glucl_potentiation,hexafluoroethane,3000.0,331,0.0,20.950520833333332,6.571805555555556
worm,k2p_potentiation|complex_i_block|snare_cooperativity|nca_block|glucl_potentiation,hexafluoroethane,3000.0,443,0.0,21.973958333333332,6.876805555555555
worm,k2p_potentiation|complex_i_block|snare_cooperativity|nca_block|glucl_potentiation,hexafluoroethane,10000.0,42,0.0,20.018229166666668,6.220972222222223
worm,k2p_potentiation|complex_i_block|snare_cooperativity|nca_block|glucl_potentiation,hexafluoroethane,10000.0,137,0.0,19.005208333333332,5.958055555555555
worm,k2p_potentiation|complex_i_block|snare_cooperativity|nca_block|glucl_potentiation,hexafluoroethane,10000.0,219,0.0,20.252604166666668,6.36125
worm,k2p_potentiation|complex_i_block|snare_cooperativity|nca_block|glucl_potentiation,hexafluoroethane,10000.0,331,0.0,19.489583333333332,6.097777777777778
worm,k2p_potentiation|complex_i_block|snare_cooperativity|nca_block|glucl_potentiation,hexafluoroethane,30000.0,331,0.0,18.515625,5.784722222222222
worm,k2p_potentiation|complex_i_block|snare_cooperativity|nca_block|glucl_potentiation,hexafluoroethane,30000.0,443,0.0,19.234375,5.978611111111111
worm,complex_i_block|snare_cooperativity|nca_block|nachr_antagonism|glucl_potentiation,cis_12_dichloroethylene,30.0,42,0.0,22.341145833333332,6.939861111111111
worm,complex_i_block|snare_cooperativity|nca_block|nachr_antagonism|glucl_potentiation,cis_12_dichloroethylene,30.0,137,0.0,21.408854166666668,6.7411111111111115
worm,k2p_potentiation|complex_i_block|snare_cooperativity|nca_block|glucl_potentiation,hexafluoroethane,100.0,42,0.0,23.4296875,7.344305555555556
worm,k2p_potentiation|complex_i_block|snare_cooperativity|nca_block|glucl_potentiation,hexafluoroethane,100.0,137,0.0,22.700520833333332,7.192083333333334
worm,k2p_potentiation|complex_i_block|snare_cooperativity|nca_block|glucl_potentiation,hexafluoroethane,100.0,219,0.0,23.286458333333332,7.3348611111111115
worm,k2p_potentiation|complex_i_block|snare_cooperativity|nca_block|glucl_potentiation,hexafluoroethane,100.0,331,0.0,23.1875,7.289166666666667
worm,k2p_potentiation|complex_i_block|snare_cooperativity|nca_block|glucl_potentiation,hexafluoroethane,100.0,443,0.0,24.169270833333332,7.5744444444444445
worm,k2p_potentiation|complex_i_block|snare_cooperativity|nca_block|glucl_potentiation,hexafluoroethane,300.0,42,0.0,23.4375,7.337777777777778
worm,k2p_potentiation|complex_i_block|snare_cooperativity|nca_block|glucl_potentiation,hexafluoroethane,300.0,137,0.0,22.5,7.122083333333333
worm,k2p_potentiation|complex_i_block|snare_cooperativity|nca_block|glucl_potentiation,hexafluoroethane,300.0,219,0.0,23.3359375,7.35125
worm,k2p_potentiation|complex_i_block|snare_cooperativity|nca_block|glucl_potentiation,trans_12_dichloroethylene,30000.0,219,0.0,18.9453125,5.924722222222222
worm,k2p_potentiation|complex_i_block|snare_cooperativity|nca_block|glucl_potentiation,trans_12_dichloroethylene,30000.0,331,0.0,18.453125,5.756666666666667
worm,k2p_potentiation|complex_i_block|snare_cooperativity|nca_block|glucl_potentiation,trans_12_dichloroethylene,30000.0,443,0.0,18.635416666666668,5.8025
worm,k2p_potentiation|complex_i_block|snare_cooperativity|nca_block|glucl_potentiation,hexafluoroethane,30.0,42,0.0,23.416666666666668,7.349583333333333
worm,k2p_potentiation|complex_i_block|snare_cooperativity|nca_block|glucl_potentiation,hexafluoroethane,300.0,331,0.0,23.018229166666668,7.234166666666667
worm,k2p_potentiation|complex_i_block|snare_cooperativity|nca_block|glucl_potentiation,hexafluoroethane,300.0,443,0.0,23.765625,7.462916666666667
worm,k2p_potentiation|complex_i_block|snare_cooperativity|nca_block|glucl_potentiation,hexafluoroethane,1000.0,42,0.0,22.981770833333332,7.175833333333333
worm,k2p_potentiation|complex_i_block|snare_cooperativity|nca_block|glucl_potentiation,hexafluoroethane,1000.0,137,0.0,22.114583333333332,6.974444444444444
worm,k2p_potentiation|complex_i_block|snare_cooperativity|nca_block|glucl_potentiation,hexafluoroethane,1000.0,219,0.0,22.815104166666668,7.17625
worm,k2p_potentiation|complex_i_block|snare_cooperativity|nca_block|glucl_potentiation,hexafluoroethane,1000.0,331,0.0,22.21875,6.977916666666666
worm,k2p_potentiation|complex_i_block|snare_cooperativity|nca_block|glucl_potentiation,hexafluoroethane,1000.0,443,0.0,23.057291666666668,7.233194444444444
worm,k2p_potentiation|complex_i_block|snare_cooperativity|nca_block|glucl_potentiation,hexafluoroethane,3000.0,42,0.0,21.973958333333332,6.841388888888889
worm,k2p_potentiation|complex_i_block|snare_cooperativity|nca_block|glucl_potentiation,hexafluoroethane,10000.0,443,0.0,20.361979166666668,6.332083333333333
worm,k2p_potentiation|complex_i_block|snare_cooperativity|nca_block|glucl_potentiation,hexafluoroethane,30000.0,42,0.0,19.109375,5.922361111111111
worm,k2p_potentiation|complex_i_block|snare_cooperativity|nca_block|glucl_potentiation,hexafluoroethane,30000.0,137,0.0,17.955729166666668,5.635555555555555
worm,k2p_potentiation|complex_i_block|snare_cooperativity|nca_block|glucl_potentiation,hexafluoroethane,30000.0,219,0.0,19.354166666666668,6.053472222222222
worm,complex_i_block|snare_cooperativity|nca_block|nachr_antagonism|glucl_potentiation,cis_12_dichloroethylene,100.0,137,0.0,18.236979166666668,5.68125
worm,complex_i_block|snare_cooperativity|nca_block|nachr_antagonism|glucl_potentiation,cis_12_dichloroethylene,100.0,219,0.0,19.5859375,6.055833333333333
worm,complex_i_block|snare_cooperativity|nca_block|nachr_antagonism|glucl_potentiation,cis_12_dichloroethylene,100.0,331,0.0,18.643229166666668,5.780277777777778
worm,complex_i_block|snare_cooperativity|nca_block|nachr_antagonism|glucl_potentiation,cis_12_dichloroethylene,100.0,443,0.0,19.643229166666668,6.034722222222222
worm,complex_i_block|snare_cooperativity|nca_block|nachr_antagonism|glucl_potentiation,cis_12_dichloroethylene,1000.0,331,0.0625,6.705729166666667,1.8922222222222222
worm,complex_i_block|snare_cooperativity|nca_block|nachr_antagonism|glucl_potentiation,cis_12_dichloroethylene,1000.0,443,0.10416666666666667,6.033854166666667,1.758888888888889
worm,complex_i_block|snare_cooperativity|nca_block|nachr_antagonism|glucl_potentiation,cis_12_dichloroethylene,3000.0,42,0.4166666666666667,3.3489583333333335,0.9129166666666667
worm,complex_i_block|snare_cooperativity|nca_block|nachr_antagonism|glucl_potentiation,cis_12_dichloroethylene,3000.0,137,0.5,2.9375,0.8480555555555556
worm,complex_i_block|snare_cooperativity|nca_block|nachr_antagonism|glucl_potentiation,cis_12_dichloroethylene,300.0,443,0.0,13.471354166666666,4.041944444444445
worm,complex_i_block|snare_cooperativity|nca_block|nachr_antagonism|glucl_potentiation,cis_12_dichloroethylene,1000.0,42,0.041666666666666664,6.497395833333333,1.8531944444444444
worm,complex_i_block|snare_cooperativity|nca_block|nachr_antagonism|glucl_potentiation,cis_12_dichloroethylene,1000.0,137,0.041666666666666664,6.369791666666667,1.8205555555555555
worm,complex_i_block|snare_cooperativity|nca_block|nachr_antagonism|glucl_potentiation,cis_12_dichloroethylene,1000.0,219,0.041666666666666664,6.908854166666667,1.9552777777777777
worm,complex_i_block|snare_cooperativity|nca_block|nachr_antagonism|glucl_potentiation,cis_12_dichloroethylene,3000.0,219,0.3541666666666667,3.6536458333333335,1.0027777777777778
worm,complex_i_block|snare_cooperativity|nca_block|nachr_antagonism|glucl_potentiation,cis_12_dichloroethylene,3000.0,331,0.375,3.4947916666666665,0.9497222222222222
worm,complex_i_block|snare_cooperativity|nca_block|nachr_antagonism|glucl_potentiation,cis_12_dichloroethylene,3000.0,443,0.6666666666666666,2.7526041666666665,0.8161111111111111
worm,complex_i_block|snare_cooperativity|nca_block|nachr_antagonism|glucl_potentiation,cis_12_dichloroethylene,10000.0,42,0.8125,1.9609375,0.5561111111111111
worm,complex_i_block|snare_cooperativity|nca_block|nachr_antagonism|glucl_potentiation,cis_12_dichloroethylene,30.0,219,0.0,22.348958333333332,6.998888888888889
worm,complex_i_block|snare_cooperativity|nca_block|nachr_antagonism|glucl_potentiation,cis_12_dichloroethylene,30.0,331,0.0,21.807291666666668,6.815833333333333
worm,complex_i_block|snare_cooperativity|nca_block|nachr_antagonism|glucl_potentiation,cis_12_dichloroethylene,30.0,443,0.0,22.677083333333332,7.090972222222222
worm,complex_i_block|snare_cooperativity|nca_block|nachr_antagonism|glucl_potentiation,cis_12_dichloroethylene,100.0,42,0.0,19.044270833333332,5.870277777777778
worm,complex_i_block|snare_cooperativity|nca_block|nachr_antagonism|glucl_potentiation,cis_12_dichloroethylene,300.0,42,0.0,13.432291666666666,4.029444444444445
worm,complex_i_block|snare_cooperativity|nca_block|nachr_antagonism|glucl_potentiation,cis_12_dichloroethylene,300.0,137,0.0,12.606770833333334,3.8223611111111113
worm,complex_i_block|snare_cooperativity|nca_block|nachr_antagonism|glucl_potentiation,cis_12_dichloroethylene,300.0,219,0.0,13.934895833333334,4.160694444444444
worm,complex_i_block|snare_cooperativity|nca_block|nachr_antagonism|glucl_potentiation,cis_12_dichloroethylene,300.0,331,0.0,13.231770833333334,4.003472222222222
worm,complex_i_block|snare_cooperativity|nca_block|nachr_antagonism|glucl_potentiation,trans_12_dichloroethylene,30.0,331,0.0,23.416666666666668,7.359583333333333
worm,complex_i_block|snare_cooperativity|nca_block|nachr_antagonism|glucl_potentiation,trans_12_dichloroethylene,30.0,443,0.0,24.098958333333332,7.560555555555555
worm,complex_i_block|snare_cooperativity|nca_block|nachr_antagonism|glucl_potentiation,trans_12_dichloroethylene,100.0,42,0.0,23.471354166666668,7.361666666666666
worm,complex_i_block|snare_cooperativity|nca_block|nachr_antagonism|glucl_potentiation,trans_12_dichloroethylene,100.0,137,0.0,22.885416666666668,7.247222222222222
worm,complex_i_block|snare_cooperativity|nca_block|nachr_antagonism|glucl_potentiation,trans_12_dichloroethylene,1000.0,42,0.0,23.471354166666668,7.361666666666666
worm,complex_i_block|snare_cooperativity|nca_block|nachr_antagonism|glucl_potentiation,trans_12_dichloroethylene,1000.0,137,0.0,22.885416666666668,7.247222222222222
worm,complex_i_block|snare_cooperativity|nca_block|nachr_antagonism|glucl_potentiation,trans_12_dichloroethylene,1000.0,219,0.0,23.432291666666668,7.3838888888888885
worm,complex_i_block|snare_cooperativity|nca_block|nachr_antagonism|glucl_potentiation,trans_12_dichloroethylene,1000.0,331,0.0,23.416666666666668,7.359583333333333
worm,complex_i_block|snare_cooperativity|nca_block|nachr_antagonism|glucl_potentiation,trans_12_dichloroethylene,1000.0,443,0.0,24.098958333333332,7.560555555555555
worm,complex_i_block|snare_cooperativity|nca_block|nachr_antagonism|glucl_potentiation,trans_12_dichloroethylene,3000.0,42,0.0,23.471354166666668,7.361666666666666
worm,complex_i_block|snare_cooperativity|nca_block|nachr_antagonism|glucl_potentiation,trans_12_dichloroethylene,3000.0,137,0.0,22.885416666666668,7.247222222222222
worm,complex_i_block|snare_cooperativity|nca_block|nachr_antagonism|glucl_potentiation,trans_12_dichloroethylene,3000.0,219,0.0,23.432291666666668,7.3838888888888885
worm,complex_i_block|snare_cooperativity|nca_block|nachr_antagonism|glucl_potentiation,cis_12_dichloroethylene,10000.0,137,0.8958333333333334,1.78125,0.5347222222222222
worm,complex_i_block|snare_cooperativity|nca_block|nachr_antagonism|glucl_potentiation,cis_12_dichloroethylene,10000.0,219,0.7083333333333334,1.9505208333333333,0.5776388888888889
worm,complex_i_block|snare_cooperativity|nca_block|nachr_antagonism|glucl_potentiation,cis_12_dichloroethylene,10000.0,331,0.7291666666666666,2.2213541666666665,0.6118055555555556
worm,complex_i_block|snare_cooperativity|nca_block|nachr_antagonism|glucl_potentiation,cis_12_dichloroethylene,10000.0,443,0.875,1.421875,0.49166666666666664
worm,complex_i_block|snare_cooperativity|nca_block|nachr_antagonism|glucl_potentiation,cis_12_dichloroethylene,30000.0,42,0.8541666666666666,1.6276041666666667,0.47694444444444445
worm,complex_i_block|snare_cooperativity|nca_block|nachr_antagonism|glucl_potentiation,cis_12_dichloroethylene,30000.0,137,0.9166666666666666,1.5208333333333333,0.4636111111111111
worm,complex_i_block|snare_cooperativity|nca_block|nachr_antagonism|glucl_potentiation,cis_12_dichloroethylene,30000.0,219,0.7708333333333334,1.6927083333333333,0.5048611111111111
worm,complex_i_block|snare_cooperativity|nca_block|nachr_antagonism|glucl_potentiation,cis_12_dichloroethylene,30000.0,331,0.75,2.0026041666666665,0.5470833333333334
worm,complex_i_block|snare_cooperativity|nca_block|nachr_antagonism|glucl_potentiation,cis_12_dichloroethylene,30000.0,443,0.9166666666666666,1.1875,0.42736111111111114
worm,complex_i_block|snare_cooperativity|nca_block|nachr_antagonism|glucl_potentiation,trans_12_dichloroethylene,30.0,42,0.0,23.471354166666668,7.361666666666666
worm,complex_i_block|snare_cooperativity|nca_block|nachr_antagonism|glucl_potentiation,trans_12_dichloroethylene,30.0,137,0.0,22.885416666666668,7.247222222222222
worm,complex_i_block|snare_cooperativity|nca_block|nachr_antagonism|glucl_potentiation,trans_12_dichloroethylene,30.0,219,0.0,23.432291666666668,7.3838888888888885
worm,complex_i_block|snare_cooperativity|nca_block|nachr_antagonism|glucl_potentiation,trans_12_dichloroethylene,100.0,219,0.0,23.432291666666668,7.3838888888888885
worm,complex_i_block|snare_cooperativity|nca_block|nachr_antagonism|glucl_potentiation,trans_12_dichloroethylene,100.0,331,0.0,23.416666666666668,7.359583333333333
worm,complex_i_block|snare_cooperativity|nca_block|nachr_antagonism|glucl_potentiation,trans_12_dichloroethylene,100.0,443,0.0,24.098958333333332,7.560555555555555
worm,complex_i_block|snare_cooperativity|nca_block|nachr_antagonism|glucl_potentiation,trans_12_dichloroethylene,300.0,42,0.0,23.471354166666668,7.361666666666666
worm,complex_i_block|snare_cooperativity|nca_block|nachr_antagonism|glucl_potentiation,trans_12_dichloroethylene,10000.0,219,0.0,23.432291666666668,7.3838888888888885
worm,complex_i_block|snare_cooperativity|nca_block|nachr_antagonism|glucl_potentiation,trans_12_dichloroethylene,10000.0,331,0.0,23.416666666666668,7.359583333333333
worm,complex_i_block|snare_cooperativity|nca_block|nachr_antagonism|glucl_potentiation,trans_12_dichloroethylene,10000.0,443,0.0,24.098958333333332,7.560555555555555
worm,complex_i_block|snare_cooperativity|nca_block|nachr_antagonism|glucl_potentiation,trans_12_dichloroethylene,30000.0,42,0.0,23.471354166666668,7.361666666666666
worm,complex_i_block|snare_cooperativity|nca_block|nachr_antagonism|glucl_potentiation,trans_12_dichloroethylene,300.0,137,0.0,22.885416666666668,7.247222222222222
worm,complex_i_block|snare_cooperativity|nca_block|nachr_antagonism|glucl_potentiation,trans_12_dichloroethylene,300.0,219,0.0,23.432291666666668,7.3838888888888885
worm,complex_i_block|snare_cooperativity|nca_block|nachr_antagonism|glucl_potentiation,trans_12_dichloroethylene,300.0,331,0.0,23.416666666666668,7.359583333333333
worm,complex_i_block|snare_cooperativity|nca_block|nachr_antagonism|glucl_potentiation,trans_12_dichloroethylene,300.0,443,0.0,24.098958333333332,7.560555555555555
worm,complex_i_block|snare_cooperativity|nca_block|nachr_antagonism|glucl_potentiation,trans_12_dichloroethylene,3000.0,331,0.0,23.416666666666668,7.359583333333333
worm,complex_i_block|snare_cooperativity|nca_block|nachr_antagonism|glucl_potentiation,trans_12_dichloroethylene,3000.0,443,0.0,24.098958333333332,7.560555555555555
worm,complex_i_block|snare_cooperativity|nca_block|nachr_antagonism|glucl_potentiation,trans_12_dichloroethylene,10000.0,42,0.0,23.471354166666668,7.361666666666666
worm,complex_i_block|snare_cooperativity|nca_block|nachr_antagonism|glucl_potentiation,trans_12_dichloroethylene,10000.0,137,0.0,22.885416666666668,7.247222222222222
worm,complex_i_block|snare_cooperativity|nca_block|nachr_antagonism|glucl_potentiation,hexafluoroethane,30.0,443,0.0,24.098958333333332,7.560555555555555
worm,complex_i_block|snare_cooperativity|nca_block|nachr_antagonism|glucl_potentiation,hexafluoroethane,100.0,42,0.0,23.471354166666668,7.361666666666666
worm,complex_i_block|snare_cooperativity|nca_block|nachr_antagonism|glucl_potentiation,hexafluoroethane,100.0,137,0.0,22.885416666666668,7.247222222222222
worm,complex_i_block|snare_cooperativity|nca_block|nachr_antagonism|glucl_potentiation,hexafluoroethane,100.0,219,0.0,23.432291666666668,7.3838888888888885
worm,complex_i_block|snare_cooperativity|nca_block|nachr_antagonism|glucl_potentiation,hexafluoroethane,100.0,331,0.0,23.416666666666668,7.359583333333333
worm,complex_i_block|snare_cooperativity|nca_block|nachr_antagonism|glucl_potentiation,hexafluoroethane,100.0,443,0.0,24.098958333333332,7.560555555555555
worm,complex_i_block|snare_cooperativity|nca_block|nachr_antagonism|glucl_potentiation,hexafluoroethane,300.0,42,0.0,23.471354166666668,7.361666666666666
worm,complex_i_block|snare_cooperativity|nca_block|nachr_antagonism|glucl_potentiation,hexafluoroethane,300.0,137,0.0,22.885416666666668,7.247222222222222
worm,complex_i_block|snare_cooperativity|nca_block|nachr_antagonism|glucl_potentiation,hexafluoroethane,300.0,219,0.0,23.432291666666668,7.3838888888888885
worm,complex_i_block|snare_cooperativity|nca_block|nachr_antagonism|glucl_potentiation,hexafluoroethane,300.0,331,0.0,23.416666666666668,7.359583333333333
worm,complex_i_block|snare_cooperativity|nca_block|nachr_antagonism|glucl_potentiation,hexafluoroethane,300.0,443,0.0,24.098958333333332,7.560555555555555
worm,complex_i_block|snare_cooperativity|nca_block|nachr_antagonism|glucl_potentiation,hexafluoroethane,1000.0,42,0.0,23.471354166666668,7.361666666666666
worm,complex_i_block|snare_cooperativity|nca_block|nachr_antagonism|glucl_potentiation,trans_12_dichloroethylene,30000.0,137,0.0,22.885416666666668,7.247222222222222
worm,complex_i_block|snare_cooperativity|nca_block|nachr_antagonism|glucl_potentiation,trans_12_dichloroethylene,30000.0,219,0.0,23.432291666666668,7.3838888888888885
worm,complex_i_block|snare_cooperativity|nca_block|nachr_antagonism|glucl_potentiation,trans_12_dichloroethylene,30000.0,331,0.0,23.416666666666668,7.359583333333333
worm,complex_i_block|snare_cooperativity|nca_block|nachr_antagonism|glucl_potentiation,trans_12_dichloroethylene,30000.0,443,0.0,24.098958333333332,7.560555555555555
worm,complex_i_block|snare_cooperativity|nca_block|nachr_antagonism|glucl_potentiation,hexafluoroethane,30.0,42,0.0,23.471354166666668,7.361666666666666
worm,complex_i_block|snare_cooperativity|nca_block|nachr_antagonism|glucl_potentiation,hexafluoroethane,30.0,137,0.0,22.885416666666668,7.247222222222222
worm,complex_i_block|snare_cooperativity|nca_block|nachr_antagonism|glucl_potentiation,hexafluoroethane,30.0,219,0.0,23.432291666666668,7.3838888888888885
worm,complex_i_block|snare_cooperativity|nca_block|nachr_antagonism|glucl_potentiation,hexafluoroethane,30.0,331,0.0,23.416666666666668,7.359583333333333
worm,complex_i_block|snare_cooperativity|nca_block|nachr_antagonism|glucl_potentiation,hexafluoroethane,30000.0,219,0.0,23.432291666666668,7.3838888888888885
worm,complex_i_block|snare_cooperativity|nca_block|nachr_antagonism|glucl_potentiation,hexafluoroethane,30000.0,331,0.0,23.416666666666668,7.359583333333333
worm,complex_i_block|snare_cooperativity|nca_block|nachr_antagonism|glucl_potentiation,hexafluoroethane,30000.0,443,0.0,24.098958333333332,7.560555555555555
worm,gaba_potentiation|k2p_potentiation|complex_i_block|snare_cooperativity|nca_block|nachr_antagonism,cis_12_dichloroethylene,30.0,42,0.0,21.9921875,6.820416666666667
worm,gaba_potentiation|k2p_potentiation|complex_i_block|snare_cooperativity|nca_block|nachr_antagonism,cis_12_dichloroethylene,100.0,42,0.0,18.114583333333332,5.5697222222222225
worm,gaba_potentiation|k2p_potentiation|complex_i_block|snare_cooperativity|nca_block|nachr_antagonism,cis_12_dichloroethylene,100.0,137,0.0,17.322916666666668,5.377638888888889
worm,gaba_potentiation|k2p_potentiation|complex_i_block|snare_cooperativity|nca_block|nachr_antagonism,cis_12_dichloroethylene,100.0,219,0.0,18.494791666666668,5.727916666666666
worm,gaba_potentiation|k2p_potentiation|complex_i_block|snare_cooperativity|nca_block|nachr_antagonism,cis_12_dichloroethylene,100.0,331,0.0,17.6171875,5.451805555555556
worm,complex_i_block|snare_cooperativity|nca_block|nachr_antagonism|glucl_potentiation,hexafluoroethane,1000.0,137,0.0,22.885416666666668,7.247222222222222
worm,complex_i_block|snare_cooperativity|nca_block|nachr_antagonism|glucl_potentiation,hexafluoroethane,1000.0,219,0.0,23.432291666666668,7.3838888888888885
worm,complex_i_block|snare_cooperativity|nca_block|nachr_antagonism|glucl_potentiation,hexafluoroethane,1000.0,331,0.0,23.416666666666668,7.359583333333333
worm,complex_i_block|snare_cooperativity|nca_block|nachr_antagonism|glucl_potentiation,hexafluoroethane,1000.0,443,0.0,24.098958333333332,7.560555555555555
worm,complex_i_block|snare_cooperativity|nca_block|nachr_antagonism|glucl_potentiation,hexafluoroethane,3000.0,42,0.0,23.471354166666668,7.361666666666666
worm,complex_i_block|snare_cooperativity|nca_block|nachr_antagonism|glucl_potentiation,hexafluoroethane,3000.0,137,0.0,22.885416666666668,7.247222222222222
worm,complex_i_block|snare_cooperativity|nca_block|nachr_antagonism|glucl_potentiation,hexafluoroethane,3000.0,219,0.0,23.432291666666668,7.3838888888888885
worm,complex_i_block|snare_cooperativity|nca_block|nachr_antagonism|glucl_potentiation,hexafluoroethane,3000.0,331,0.0,23.416666666666668,7.359583333333333
worm,gaba_potentiation|k2p_potentiation|complex_i_block|snare_cooperativity|nca_block|nachr_antagonism,cis_12_dichloroethylene,300.0,331,0.0,11.393229166666666,3.42875
worm,gaba_potentiation|k2p_potentiation|complex_i_block|snare_cooperativity|nca_block|nachr_antagonism,cis_12_dichloroethylene,300.0,443,0.0,11.71875,3.486111111111111
worm,gaba_potentiation|k2p_potentiation|complex_i_block|snare_cooperativity|nca_block|nachr_antagonism,cis_12_dichloroethylene,1000.0,42,0.16666666666666666,4.8828125,1.3688888888888888
worm,gaba_potentiation|k2p_potentiation|complex_i_block|snare_cooperativity|nca_block|nachr_antagonism,cis_12_dichloroethylene,1000.0,137,0.20833333333333334,4.458333333333333,1.2709722222222222
worm,complex_i_block|snare_cooperativity|nca_block|nachr_antagonism|glucl_potentiation,hexafluoroethane,3000.0,443,0.0,24.098958333333332,7.560555555555555
worm,complex_i_block|snare_cooperativity|nca_block|nachr_antagonism|glucl_potentiation,hexafluoroethane,10000.0,42,0.0,23.471354166666668,7.361666666666666
worm,complex_i_block|snare_cooperativity|nca_block|nachr_antagonism|glucl_potentiation,hexafluoroethane,10000.0,137,0.0,22.885416666666668,7.247222222222222
worm,complex_i_block|snare_cooperativity|nca_block|nachr_antagonism|glucl_potentiation,hexafluoroethane,10000.0,219,0.0,23.432291666666668,7.3838888888888885
worm,gaba_potentiation|k2p_potentiation|complex_i_block|snare_cooperativity|nca_block|nachr_antagonism,cis_12_dichloroethylene,1000.0,219,0.14583333333333334,5.0625,1.425138888888889
worm,gaba_potentiation|k2p_potentiation|complex_i_block|snare_cooperativity|nca_block|nachr_antagonism,cis_12_dichloroethylene,1000.0,331,0.08333333333333333,5.036458333333333,1.3865277777777778
worm,gaba_potentiation|k2p_potentiation|complex_i_block|snare_cooperativity|nca_block|nachr_antagonism,cis_12_dichloroethylene,1000.0,443,0.2708333333333333,4.151041666666667,1.2173611111111111
worm,gaba_potentiation|k2p_potentiation|complex_i_block|snare_cooperativity|nca_block|nachr_antagonism,cis_12_dichloroethylene,3000.0,42,0.7916666666666666,1.9140625,0.5463888888888889
worm,complex_i_block|snare_cooperativity|nca_block|nachr_antagonism|glucl_potentiation,hexafluoroethane,10000.0,331,0.0,23.416666666666668,7.359583333333333
worm,complex_i_block|snare_cooperativity|nca_block|nachr_antagonism|glucl_potentiation,hexafluoroethane,10000.0,443,0.0,24.098958333333332,7.560555555555555
worm,complex_i_block|snare_cooperativity|nca_block|nachr_antagonism|glucl_potentiation,hexafluoroethane,30000.0,42,0.0,23.471354166666668,7.361666666666666
worm,complex_i_block|snare_cooperativity|nca_block|nachr_antagonism|glucl_potentiation,hexafluoroethane,30000.0,137,0.0,22.885416666666668,7.247222222222222
worm,gaba_potentiation|k2p_potentiation|complex_i_block|snare_cooperativity|nca_block|nachr_antagonism,cis_12_dichloroethylene,30.0,137,0.0,20.921875,6.603055555555556
worm,gaba_potentiation|k2p_potentiation|complex_i_block|snare_cooperativity|nca_block|nachr_antagonism,cis_12_dichloroethylene,30.0,219,0.0,22.0078125,6.886805555555555
worm,gaba_potentiation|k2p_potentiation|complex_i_block|snare_cooperativity|nca_block|nachr_antagonism,cis_12_dichloroethylene,30.0,331,0.0,21.4296875,6.702083333333333
worm,gaba_potentiation|k2p_potentiation|complex_i_block|snare_cooperativity|nca_block|nachr_antagonism,cis_12_dichloroethylene,30.0,443,0.0,22.3671875,6.970972222222223
worm,gaba_potentiation|k2p_potentiation|complex_i_block|snare_cooperativity|nca_block|nachr_antagonism,cis_12_dichloroethylene,10000.0,443,0.9791666666666666,0.7604166666666666,0.29819444444444443
worm,gaba_potentiation|k2p_potentiation|complex_i_block|snare_cooperativity|nca_block|nachr_antagonism,cis_12_dichloroethylene,30000.0,42,0.9791666666666666,0.9765625,0.28944444444444445
worm,gaba_potentiation|k2p_potentiation|complex_i_block|snare_cooperativity|nca_block|nachr_antagonism,cis_12_dichloroethylene,30000.0,137,0.9583333333333334,0.953125,0.2940277777777778
worm,gaba_potentiation|k2p_potentiation|complex_i_block|snare_cooperativity|nca_block|nachr_antagonism,cis_12_dichloroethylene,30000.0,219,1.0,0.9817708333333334,0.29986111111111113
worm,gaba_potentiation|k2p_potentiation|complex_i_block|snare_cooperativity|nca_block|nachr_antagonism,cis_12_dichloroethylene,100.0,443,0.0,18.369791666666668,5.641527777777778
worm,gaba_potentiation|k2p_potentiation|complex_i_block|snare_cooperativity|nca_block|nachr_antagonism,cis_12_dichloroethylene,300.0,42,0.0,11.763020833333334,3.495277777777778
worm,gaba_potentiation|k2p_potentiation|complex_i_block|snare_cooperativity|nca_block|nachr_antagonism,cis_12_dichloroethylene,300.0,137,0.0,10.979166666666666,3.3134722222222224
worm,gaba_potentiation|k2p_potentiation|complex_i_block|snare_cooperativity|nca_block|nachr_antagonism,cis_12_dichloroethylene,300.0,219,0.0,12.111979166666666,3.587083333333333
worm,gaba_potentiation|k2p_potentiation|complex_i_block|snare_cooperativity|nca_block|nachr_antagonism,cis_12_dichloroethylene,30000.0,331,0.9583333333333334,1.0416666666666667,0.30666666666666664
worm,gaba_potentiation|k2p_potentiation|complex_i_block|snare_cooperativity|nca_block|nachr_antagonism,cis_12_dichloroethylene,30000.0,443,0.9583333333333334,0.6458333333333334,0.2575
worm,gaba_potentiation|k2p_potentiation|complex_i_block|snare_cooperativity|nca_block|nachr_antagonism,trans_12_dichloroethylene,30.0,42,0.0,23.341145833333332,7.324722222222222
worm,gaba_potentiation|k2p_potentiation|complex_i_block|snare_cooperativity|nca_block|nachr_antagonism,trans_12_dichloroethylene,30.0,137,0.0,22.841145833333332,7.234861111111111
worm,gaba_potentiation|k2p_potentiation|complex_i_block|snare_cooperativity|nca_block|nachr_antagonism,trans_12_dichloroethylene,300.0,42,0.0,23.255208333333332,7.273333333333333
worm,gaba_potentiation|k2p_potentiation|complex_i_block|snare_cooperativity|nca_block|nachr_antagonism,trans_12_dichloroethylene,300.0,137,0.0,22.354166666666668,7.06875
worm,gaba_potentiation|k2p_potentiation|complex_i_block|snare_cooperativity|nca_block|nachr_antagonism,trans_12_dichloroethylene,300.0,219,0.0,23.122395833333332,7.282916666666667
worm,gaba_potentiation|k2p_potentiation|complex_i_block|snare_cooperativity|nca_block|nachr_antagonism,trans_12_dichloroethylene,300.0,331,0.0,22.690104166666668,7.126666666666667
worm,gaba_potentiation|k2p_potentiation|complex_i_block|snare_cooperativity|nca_block|nachr_antagonism,cis_12_dichloroethylene,3000.0,137,0.875,1.8463541666666667,0.5365277777777778
worm,gaba_potentiation|k2p_potentiation|complex_i_block|snare_cooperativity|nca_block|nachr_antagonism,cis_12_dichloroethylene,3000.0,219,0.75,2.0520833333333335,0.5818055555555556
worm,gaba_potentiation|k2p_potentiation|complex_i_block|snare_cooperativity|nca_block|nachr_antagonism,cis_12_dichloroethylene,3000.0,331,0.6041666666666666,2.4114583333333335,0.6391666666666667
worm,gaba_potentiation|k2p_potentiation|complex_i_block|snare_cooperativity|nca_block|nachr_antagonism,cis_12_dichloroethylene,3000.0,443,0.8958333333333334,1.3854166666666667,0.46555555555555556
worm,gaba_potentiation|k2p_potentiation|complex_i_block|snare_cooperativity|nca_block|nachr_antagonism,cis_12_dichloroethylene,10000.0,42,0.9791666666666666,1.0807291666666667,0.32513888888888887
worm,gaba_potentiation|k2p_potentiation|complex_i_block|snare_cooperativity|nca_block|nachr_antagonism,cis_12_dichloroethylene,10000.0,137,0.9791666666666666,1.0208333333333333,0.32013888888888886
worm,gaba_potentiation|k2p_potentiation|complex_i_block|snare_cooperativity|nca_block|nachr_antagonism,cis_12_dichloroethylene,10000.0,219,0.9375,1.2109375,0.36
worm,gaba_potentiation|k2p_potentiation|complex_i_block|snare_cooperativity|nca_block|nachr_antagonism,cis_12_dichloroethylene,10000.0,331,0.9375,1.2916666666666667,0.36625
worm,gaba_potentiation|k2p_potentiation|complex_i_block|snare_cooperativity|nca_block|nachr_antagonism,trans_12_dichloroethylene,1000.0,331,0.0,21.885416666666668,6.861944444444444
worm,gaba_potentiation|k2p_potentiation|complex_i_block|snare_cooperativity|nca_block|nachr_antagonism,trans_12_dichloroethylene,1000.0,443,0.0,22.747395833333332,7.124444444444444
worm,gaba_potentiation|k2p_potentiation|complex_i_block|snare_cooperativity|nca_block|nachr_antagonism,trans_12_dichloroethylene,3000.0,42,0.0,20.986979166666668,6.518611111111111
worm,gaba_potentiation|k2p_potentiation|complex_i_block|snare_cooperativity|nca_block|nachr_antagonism,trans_12_dichloroethylene,3000.0,137,0.0,19.677083333333332,6.2098611111111115
worm,gaba_potentiation|k2p_potentiation|complex_i_block|snare_cooperativity|nca_block|nachr_antagonism,trans_12_dichloroethylene,30000.0,42,0.0,18.640625,5.78375
worm,gaba_potentiation|k2p_potentiation|complex_i_block|snare_cooperativity|nca_block|nachr_antagonism,trans_12_dichloroethylene,30000.0,137,0.0,17.864583333333332,5.5881944444444445
worm,gaba_potentiation|k2p_potentiation|complex_i_block|snare_cooperativity|nca_block|nachr_antagonism,trans_12_dichloroethylene,30000.0,219,0.0,18.9453125,5.924722222222222
worm,gaba_potentiation|k2p_potentiation|complex_i_block|snare_cooperativity|nca_block|nachr_antagonism,trans_12_dichloroethylene,30000.0,331,0.0,18.453125,5.756666666666667
worm,gaba_potentiation|k2p_potentiation|complex_i_block|snare_cooperativity|nca_block|nachr_antagonism,trans_12_dichloroethylene,30.0,219,0.0,23.359375,7.359583333333333
worm,gaba_potentiation|k2p_potentiation|complex_i_block|snare_cooperativity|nca_block|nachr_antagonism,trans_12_dichloroethylene,30.0,331,0.0,23.315104166666668,7.328194444444445
worm,gaba_potentiation|k2p_potentiation|complex_i_block|snare_cooperativity|nca_block|nachr_antagonism,trans_12_dichloroethylene,30.0,443,0.0,24.140625,7.568611111111111
worm,gaba_potentiation|k2p_potentiation|complex_i_block|snare_cooperativity|nca_block|nachr_antagonism,trans_12_dichloroethylene,100.0,42,0.0,23.408854166666668,7.336111111111111
worm,gaba_potentiation|k2p_potentiation|complex_i_block|snare_cooperativity|nca_block|nachr_antagonism,trans_12_dichloroethylene,100.0,137,0.0,22.661458333333332,7.169305555555556
worm,gaba_potentiation|k2p_potentiation|complex_i_block|snare_cooperativity|nca_block|nachr_antagonism,trans_12_dichloroethylene,100.0,219,0.0,23.307291666666668,7.336805555555555
worm,gaba_potentiation|k2p_potentiation|complex_i_block|snare_cooperativity|nca_block|nachr_antagonism,trans_12_dichloroethylene,100.0,331,0.0,23.223958333333332,7.300416666666667
worm,gaba_potentiation|k2p_potentiation|complex_i_block|snare_cooperativity|nca_block|nachr_antagonism,trans_12_dichloroethylene,100.0,443,0.0,23.955729166666668,7.5065277777777775
worm,gaba_potentiation|k2p_potentiation|complex_i_block|snare_cooperativity|nca_block|nachr_antagonism,trans_12_dichloroethylene,300.0,443,0.0,23.567708333333332,7.38625
worm,gaba_potentiation|k2p_potentiation|complex_i_block|snare_cooperativity|nca_block|nachr_antagonism,trans_12_dichloroethylene,1000.0,42,0.0,22.46875,7.0193055555555555
worm,gaba_potentiation|k2p_potentiation|complex_i_block|snare_cooperativity|nca_block|nachr_antagonism,trans_12_dichloroethylene,1000.0,137,0.0,21.510416666666668,6.783055555555555
worm,gaba_potentiation|k2p_potentiation|complex_i_block|snare_cooperativity|nca_block|nachr_antagonism,trans_12_dichloroethylene,1000.0,219,0.0,22.3046875,7.011388888888889
worm,gaba_potentiation|k2p_potentiation|complex_i_block|snare_cooperativity|nca_block|nachr_antagonism,hexafluoroethane,30.0,331,0.0,23.3515625,7.341527777777777
worm,gaba_potentiation|k2p_potentiation|complex_i_block|snare_cooperativity|nca_block|nachr_antagonism,hexafluoroethane,30.0,443,0.0,24.119791666666668,7.563194444444444
worm,gaba_potentiation|k2p_potentiation|complex_i_block|snare_cooperativity|nca_block|nachr_antagonism,hexafluoroethane,100.0,42,0.0,23.4296875,7.344305555555556
worm,gaba_potentiation|k2p_potentiation|complex_i_block|snare_cooperativity|nca_block|nachr_antagonism,hexafluoroethane,100.0,137,0.0,22.700520833333332,7.192083333333334
worm,gaba_potentiation|k2p_potentiation|complex_i_block|snare_cooperativity|nca_block|nachr_antagonism,trans_12_dichloroethylene,3000.0,219,0.0,21.1171875,6.628611111111111
worm,gaba_potentiation|k2p_potentiation|complex_i_block|snare_cooperativity|nca_block|nachr_antagonism,trans_12_dichloroethylene,3000.0,331,0.0,20.541666666666668,6.42125
worm,gaba_potentiation|k2p_potentiation|complex_i_block|snare_cooperativity|nca_block|nachr_antagonism,trans_12_dichloroethylene,3000.0,443,0.0,21.4296875,6.6738888888888885
worm,gaba_potentiation|k2p_potentiation|complex_i_block|snare_cooperativity|nca_block|nachr_antagonism,trans_12_dichloroethylene,10000.0,42,0.0,19.377604166666668,6.0008333333333335
worm,gaba_potentiation|k2p_potentiation|complex_i_block|snare_cooperativity|nca_block|nachr_antagonism,hexafluoroethane,100.0,219,0.0,23.286458333333332,7.3348611111111115
worm,gaba_potentiation|k2p_potentiation|complex_i_block|snare_cooperativity|nca_block|nachr_antagonism,hexafluoroethane,100.0,331,0.0,23.1875,7.289166666666667
worm,gaba_potentiation|k2p_potentiation|complex_i_block|snare_cooperativity|nca_block|nachr_antagonism,hexafluoroethane,100.0,443,0.0,24.169270833333332,7.5744444444444445
worm,gaba_potentiation|k2p_potentiation|complex_i_block|snare_cooperativity|nca_block|nachr_antagonism,hexafluoroethane,300.0,42,0.0,23.4375,7.337777777777778
worm,gaba_potentiation|k2p_potentiation|complex_i_block|snare_cooperativity|nca_block|nachr_antagonism,trans_12_dichloroethylene,10000.0,137,0.0,18.471354166666668,5.805
worm,gaba_potentiation|k2p_potentiation|complex_i_block|snare_cooperativity|nca_block|nachr_antagonism,trans_12_dichloroethylene,10000.0,219,0.0,19.861979166666668,6.223055555555556
worm,gaba_potentiation|k2p_potentiation|complex_i_block|snare_cooperativity|nca_block|nachr_antagonism,trans_12_dichloroethylene,10000.0,331,0.0,18.947916666666668,5.9325
worm,gaba_potentiation|k2p_potentiation|complex_i_block|snare_cooperativity|nca_block|nachr_antagonism,trans_12_dichloroethylene,10000.0,443,0.0,19.859375,6.179861111111111
worm,gaba_potentiation|k2p_potentiation|complex_i_block|snare_cooperativity|nca_block|nachr_antagonism,hexafluoroethane,1000.0,443,0.0,23.057291666666668,7.233194444444444
worm,gaba_potentiation|k2p_potentiation|complex_i_block|snare_cooperativity|nca_block|nachr_antagonism,hexafluoroethane,3000.0,42,0.0,21.973958333333332,6.841388888888889
worm,gaba_potentiation|k2p_potentiation|complex_i_block|snare_cooperativity|nca_block|nachr_antagonism,hexafluoroethane,3000.0,137,0.0,20.2265625,6.402361111111111
worm,gaba_potentiation|k2p_potentiation|complex_i_block|snare_cooperativity|nca_block|nachr_antagonism,hexafluoroethane,3000.0,219,0.0,21.606770833333332,6.789861111111111
worm,gaba_potentiation|k2p_potentiation|complex_i_block|snare_cooperativity|nca_block|nachr_antagonism,trans_12_dichloroethylene,30000.0,443,0.0,18.635416666666668,5.8025
worm,gaba_potentiation|k2p_potentiation|complex_i_block|snare_cooperativity|nca_block|nachr_antagonism,hexafluoroethane,30.0,42,0.0,23.416666666666668,7.349583333333333
worm,gaba_potentiation|k2p_potentiation|complex_i_block|snare_cooperativity|nca_block|nachr_antagonism,hexafluoroethane,30.0,137,0.0,22.9453125,7.266111111111111
worm,gaba_potentiation|k2p_potentiation|complex_i_block|snare_cooperativity|nca_block|nachr_antagonism,hexafluoroethane,30.0,219,0.0,23.434895833333332,7.381805555555555
worm,gaba_potentiation|k2p_potentiation|complex_i_block|snare_cooperativity|nca_block|nachr_antagonism,hexafluoroethane,3000.0,331,0.0,20.950520833333332,6.571805555555556
worm,gaba_potentiation|k2p_potentiation|complex_i_block|snare_cooperativity|nca_block|nachr_antagonism,hexafluoroethane,3000.0,443,0.0,21.973958333333332,6.876805555555555
worm,gaba_potentiation|k2p_potentiation|complex_i_block|snare_cooperativity|nca_block|nachr_antagonism,hexafluoroethane,10000.0,42,0.0,20.018229166666668,6.220972222222223
worm,gaba_potentiation|k2p_potentiation|complex_i_block|snare_cooperativity|nca_block|nachr_antagonism,hexafluoroethane,10000.0,137,0.0,19.005208333333332,5.958055555555555
worm,gaba_potentiation|k2p_potentiation|complex_i_block|snare_cooperativity|nca_block|nachr_antagonism,hexafluoroethane,300.0,137,0.0,22.5,7.122083333333333
worm,gaba_potentiation|k2p_potentiation|complex_i_block|snare_cooperativity|nca_block|nachr_antagonism,hexafluoroethane,300.0,219,0.0,23.3359375,7.35125
worm,gaba_potentiation|k2p_potentiation|complex_i_block|snare_cooperativity|nca_block|nachr_antagonism,hexafluoroethane,300.0,331,0.0,23.018229166666668,7.234166666666667
worm,gaba_potentiation|k2p_potentiation|complex_i_block|snare_cooperativity|nca_block|nachr_antagonism,hexafluoroethane,300.0,443,0.0,23.765625,7.462916666666667
worm,gaba_potentiation|k2p_potentiation|complex_i_block|snare_cooperativity|nca_block|nachr_antagonism,hexafluoroethane,1000.0,42,0.0,22.981770833333332,7.175833333333333
worm,gaba_potentiation|k2p_potentiation|complex_i_block|snare_cooperativity|nca_block|nachr_antagonism,hexafluoroethane,1000.0,137,0.0,22.114583333333332,6.974444444444444
worm,gaba_potentiation|k2p_potentiation|complex_i_block|snare_cooperativity|nca_block|nachr_antagonism,hexafluoroethane,1000.0,219,0.0,22.815104166666668,7.17625
worm,gaba_potentiation|k2p_potentiation|complex_i_block|snare_cooperativity|nca_block|nachr_antagonism,hexafluoroethane,1000.0,331,0.0,22.21875,6.977916666666666
worm,gaba_potentiation|k2p_potentiation|complex_i_block|snare_cooperativity|nca_block|glucl_potentiation,cis_12_dichloroethylene,30.0,443,0.0,22.322916666666668,6.965416666666667
worm,gaba_potentiation|k2p_potentiation|complex_i_block|snare_cooperativity|nca_block|glucl_potentiation,cis_12_dichloroethylene,100.0,42,0.0,18.255208333333332,5.612361111111111
worm,gaba_potentiation|k2p_potentiation|complex_i_block|snare_cooperativity|nca_block|glucl_potentiation,cis_12_dichloroethylene,100.0,137,0.0,17.578125,5.451388888888889
worm,gaba_potentiation|k2p_potentiation|complex_i_block|snare_cooperativity|nca_block|glucl_potentiation,cis_12_dichloroethylene,100.0,219,0.0,18.546875,5.751666666666667
worm,gaba_potentiation|k2p_potentiation|complex_i_block|snare_cooperativity|nca_block|glucl_potentiation,cis_12_dichloroethylene,300.0,219,0.0,12.364583333333334,3.6681944444444445
worm,gaba_potentiation|k2p_potentiation|complex_i_block|snare_cooperativity|nca_block|glucl_potentiation,cis_12_dichloroethylene,300.0,331,0.0,11.697916666666666,3.533888888888889
worm,gaba_potentiation|k2p_potentiation|complex_i_block|snare_cooperativity|nca_block|glucl_potentiation,cis_12_dichloroethylene,300.0,443,0.0,11.966145833333334,3.577916666666667
worm,gaba_potentiation|k2p_potentiation|complex_i_block|snare_cooperativity|nca_block|glucl_potentiation,cis_12_dichloroethylene,1000.0,42,0.10416666666666667,5.1484375,1.4555555555555555
worm,gaba_potentiation|k2p_potentiation|complex_i_block|snare_cooperativity|nca_block|glucl_potentiation,cis_12_dichloroethylene,3000.0,42,0.7291666666666666,2.2578125,0.6279166666666667
worm,gaba_potentiation|k2p_potentiation|complex_i_block|snare_cooperativity|nca_block|glucl_potentiation,cis_12_dichloroethylene,3000.0,137,0.7916666666666666,2.0859375,0.5984722222222222
worm,gaba_potentiation|k2p_potentiation|complex_i_block|snare_cooperativity|nca_block|glucl_potentiation,cis_12_dichloroethylene,3000.0,219,0.625,2.3307291666666665,0.6598611111111111
worm,gaba_potentiation|k2p_potentiation|complex_i_block|snare_cooperativity|nca_block|glucl_potentiation,cis_12_dichloroethylene,3000.0,331,0.5416666666666666,2.625,0.7018055555555556
worm,gaba_potentiation|k2p_potentiation|complex_i_block|snare_cooperativity|nca_block|nachr_antagonism,hexafluoroethane,10000.0,219,0.0,20.252604166666668,6.36125
worm,gaba_potentiation|k2p_potentiation|complex_i_block|snare_cooperativity|nca_block|nachr_antagonism,hexafluoroethane,10000.0,331,0.0,19.489583333333332,6.097777777777778
worm,gaba_potentiation|k2p_potentiation|complex_i_block|snare_cooperativity|nca_block|nachr_antagonism,hexafluoroethane,10000.0,443,0.0,20.361979166666668,6.332083333333333
worm,gaba_potentiation|k2p_potentiation|complex_i_block|snare_cooperativity|nca_block|nachr_antagonism,hexafluoroethane,30000.0,42,0.0,19.109375,5.922361111111111
worm,gaba_potentiation|k2p_potentiation|complex_i_block|snare_cooperativity|nca_block|nachr_antagonism,hexafluoroethane,30000.0,137,0.0,17.955729166666668,5.635555555555555
worm,gaba_potentiation|k2p_potentiation|complex_i_block|snare_cooperativity|nca_block|nachr_antagonism,hexafluoroethane,30000.0,219,0.0,19.354166666666668,6.053472222222222
worm,gaba_potentiation|k2p_potentiation|complex_i_block|snare_cooperativity|nca_block|nachr_antagonism,hexafluoroethane,30000.0,331,0.0,18.515625,5.784722222222222
worm,gaba_potentiation|k2p_potentiation|complex_i_block|snare_cooperativity|nca_block|nachr_antagonism,hexafluoroethane,30000.0,443,0.0,19.234375,5.978611111111111
worm,gaba_potentiation|k2p_potentiation|complex_i_block|snare_cooperativity|nca_block|glucl_potentiation,cis_12_dichloroethylene,30.0,42,0.0,22.0859375,6.845138888888889
worm,gaba_potentiation|k2p_potentiation|complex_i_block|snare_cooperativity|nca_block|glucl_potentiation,cis_12_dichloroethylene,30.0,137,0.0,21.0703125,6.646527777777778
worm,gaba_potentiation|k2p_potentiation|complex_i_block|snare_cooperativity|nca_block|glucl_potentiation,cis_12_dichloroethylene,30.0,219,0.0,22.010416666666668,6.887222222222222
worm,gaba_potentiation|k2p_potentiation|complex_i_block|snare_cooperativity|nca_block|glucl_potentiation,cis_12_dichloroethylene,30.0,331,0.0,21.494791666666668,6.723055555555556
worm,gaba_potentiation|k2p_potentiation|complex_i_block|snare_cooperativity|nca_block|glucl_potentiation,cis_12_dichloroethylene,10000.0,331,0.8958333333333334,1.4973958333333333,0.4222222222222222
worm,gaba_potentiation|k2p_potentiation|complex_i_block|snare_cooperativity|nca_block|glucl_potentiation,cis_12_dichloroethylene,10000.0,443,0.9791666666666666,0.8932291666666666,0.34055555555555556
worm,gaba_potentiation|k2p_potentiation|complex_i_block|snare_cooperativity|nca_block|glucl_potentiation,cis_12_dichloroethylene,30000.0,42,0.9791666666666666,1.0807291666666667,0.3223611111111111
worm,gaba_potentiation|k2p_potentiation|complex_i_block|snare_cooperativity|nca_block|glucl_potentiation,cis_12_dichloroethylene,30000.0,137,0.9583333333333334,1.0260416666666667,0.3213888888888889
worm,gaba_potentiation|k2p_potentiation|complex_i_block|snare_cooperativity|nca_block|glucl_potentiation,cis_12_dichloroethylene,100.0,331,0.0,17.755208333333332,5.505277777777778
worm,gaba_potentiation|k2p_potentiation|complex_i_block|snare_cooperativity|nca_block|glucl_potentiation,cis_12_dichloroethylene,100.0,443,0.0,18.736979166666668,5.745277777777778
worm,gaba_potentiation|k2p_potentiation|complex_i_block|snare_cooperativity|nca_block|glucl_potentiation,cis_12_dichloroethylene,300.0,42,0.0,12.221354166666666,3.6254166666666667
worm,gaba_potentiation|k2p_potentiation|complex_i_block|snare_cooperativity|nca_block|glucl_potentiation,cis_12_dichloroethylene,300.0,137,0.0,11.2109375,3.3881944444444443
worm,gaba_potentiation|k2p_potentiation|complex_i_block|snare_cooperativity|nca_block|glucl_potentiation,cis_12_dichloroethylene,1000.0,137,0.20833333333333334,4.807291666666667,1.3654166666666667
worm,gaba_potentiation|k2p_potentiation|complex_i_block|snare_cooperativity|nca_block|glucl_potentiation,cis_12_dichloroethylene,1000.0,219,0.16666666666666666,5.346354166666667,1.5025
worm,gaba_potentiation|k2p_potentiation|complex_i_block|snare_cooperativity|nca_block|glucl_potentiation,cis_12_dichloroethylene,1000.0,331,0.08333333333333333,5.244791666666667,1.4595833333333332
worm,gaba_potentiation|k2p_potentiation|complex_i_block|snare_cooperativity|nca_block|glucl_potentiation,cis_12_dichloroethylene,1000.0,443,0.16666666666666666,4.6015625,1.3408333333333333
worm,gaba_potentiation|k2p_potentiation|complex_i_block|snare_cooperativity|nca_block|glucl_potentiation,trans_12_dichloroethylene,100.0,42,0.0,23.408854166666668,7.336111111111111
worm,gaba_potentiation|k2p_potentiation|complex_i_block|snare_cooperativity|nca_block|glucl_potentiation,trans_12_dichloroethylene,100.0,137,0.0,22.661458333333332,7.169305555555556
worm,gaba_potentiation|k2p_potentiation|complex_i_block|snare_cooperativity|nca_block|glucl_potentiation,trans_12_dichloroethylene,100.0,219,0.0,23.307291666666668,7.336805555555555
worm,gaba_potentiation|k2p_potentiation|complex_i_block|snare_cooperativity|nca_block|glucl_potentiation,trans_12_dichloroethylene,100.0,331,0.0,23.223958333333332,7.300416666666667
worm,gaba_potentiation|k2p_potentiation|complex_i_block|snare_cooperativity|nca_block|glucl_potentiation,trans_12_dichloroethylene,100.0,443,0.0,23.955729166666668,7.5065277777777775
worm,gaba_potentiation|k2p_potentiation|complex_i_block|snare_cooperativity|nca_block|glucl_potentiation,trans_12_dichloroethylene,300.0,42,0.0,23.255208333333332,7.273333333333333
worm,gaba_potentiation|k2p_potentiation|complex_i_block|snare_cooperativity|nca_block|glucl_potentiation,trans_12_dichloroethylene,300.0,137,0.0,22.354166666666668,7.06875
worm,gaba_potentiation|k2p_potentiation|complex_i_block|snare_cooperativity|nca_block|glucl_potentiation,trans_12_dichloroethylene,300.0,219,0.0,23.122395833333332,7.282916666666667
worm,gaba_potentiation|k2p_potentiation|complex_i_block|snare_cooperativity|nca_block|glucl_potentiation,trans_12_dichloroethylene,300.0,331,0.0,22.690104166666668,7.126666666666667
worm,gaba_potentiation|k2p_potentiation|complex_i_block|snare_cooperativity|nca_block|glucl_potentiation,trans_12_dichloroethylene,300.0,443,0.0,23.567708333333332,7.38625
worm,gaba_potentiation|k2p_potentiation|complex_i_block|snare_cooperativity|nca_block|glucl_potentiation,trans_12_dichloroethylene,1000.0,42,0.0,22.46875,7.0193055555555555
worm,gaba_potentiation|k2p_potentiation|complex_i_block|snare_cooperativity|nca_block|glucl_potentiation,trans_12_dichloroethylene,1000.0,137,0.0,21.510416666666668,6.783055555555555
worm,gaba_potentiation|k2p_potentiation|complex_i_block|snare_cooperativity|nca_block|glucl_potentiation,cis_12_dichloroethylene,3000.0,443,0.8333333333333334,1.6927083333333333,0.5418055555555555
worm,gaba_potentiation|k2p_potentiation|complex_i_block|snare_cooperativity|nca_block|glucl_potentiation,cis_12_dichloroethylene,10000.0,42,0.9583333333333334,1.2265625,0.37083333333333335
worm,gaba_potentiation|k2p_potentiation|complex_i_block|snare_cooperativity|nca_block|glucl_potentiation,cis_12_dichloroethylene,10000.0,137,0.9791666666666666,1.1666666666666667,0.35805555555555557
worm,gaba_potentiation|k2p_potentiation|complex_i_block|snare_cooperativity|nca_block|glucl_potentiation,cis_12_dichloroethylene,10000.0,219,0.875,1.4010416666666667,0.4111111111111111
worm,gaba_potentiation|k2p_potentiation|complex_i_block|snare_cooperativity|nca_block|glucl_potentiation,cis_12_dichloroethylene,30000.0,219,0.9583333333333334,1.1119791666666667,0.3375
worm,gaba_potentiation|k2p_potentiation|complex_i_block|snare_cooperativity|nca_block|glucl_potentiation,cis_12_dichloroethylene,30000.0,331,0.9375,1.2317708333333333,0.3556944444444444
worm,gaba_potentiation|k2p_potentiation|complex_i_block|snare_cooperativity|nca_block|glucl_potentiation,cis_12_dichloroethylene,30000.0,443,0.9791666666666666,0.7239583333333334,0.2902777777777778
worm,gaba_potentiation|k2p_potentiation|complex_i_block|snare_cooperativity|nca_block|glucl_potentiation,trans_12_dichloroethylene,30.0,42,0.0,23.341145833333332,7.324722222222222
worm,gaba_potentiation|k2p_potentiation|complex_i_block|snare_cooperativity|nca_block|glucl_potentiation,trans_12_dichloroethylene,1000.0,219,0.0,22.3046875,7.011388888888889
worm,gaba_potentiation|k2p_potentiation|complex_i_block|snare_cooperativity|nca_block|glucl_potentiation,trans_12_dichloroethylene,1000.0,331,0.0,21.885416666666668,6.861944444444444
worm,gaba_potentiation|k2p_potentiation|complex_i_block|snare_cooperativity|nca_block|glucl_potentiation,trans_12_dichloroethylene,1000.0,443,0.0,22.747395833333332,7.124444444444444
worm,gaba_potentiation|k2p_potentiation|complex_i_block|snare_cooperativity|nca_block|glucl_potentiation,trans_12_dichloroethylene,3000.0,42,0.0,20.986979166666668,6.518611111111111
worm,gaba_potentiation|k2p_potentiation|complex_i_block|snare_cooperativity|nca_block|glucl_potentiation,trans_12_dichloroethylene,30.0,137,0.0,22.841145833333332,7.234861111111111
worm,gaba_potentiation|k2p_potentiation|complex_i_block|snare_cooperativity|nca_block|glucl_potentiation,trans_12_dichloroethylene,30.0,219,0.0,23.359375,7.359583333333333
worm,gaba_potentiation|k2p_potentiation|complex_i_block|snare_cooperativity|nca_block|glucl_potentiation,trans_12_dichloroethylene,30.0,331,0.0,23.315104166666668,7.328194444444445
worm,gaba_potentiation|k2p_potentiation|complex_i_block|snare_cooperativity|nca_block|glucl_potentiation,trans_12_dichloroethylene,30.0,443,0.0,24.140625,7.568611111111111
worm,gaba_potentiation|k2p_potentiation|complex_i_block|snare_cooperativity|nca_block|glucl_potentiation,trans_12_dichloroethylene,10000.0,443,0.0,19.859375,6.179861111111111
worm,gaba_potentiation|k2p_potentiation|complex_i_block|snare_cooperativity|nca_block|glucl_potentiation,trans_12_dichloroethylene,30000.0,42,0.0,18.640625,5.78375
worm,gaba_potentiation|k2p_potentiation|complex_i_block|snare_cooperativity|nca_block|glucl_potentiation,trans_12_dichloroethylene,30000.0,137,0.0,17.864583333333332,5.5881944444444445
worm,gaba_potentiation|k2p_potentiation|complex_i_block|snare_cooperativity|nca_block|glucl_potentiation,trans_12_dichloroethylene,30000.0,219,0.0,18.9453125,5.924722222222222
worm,gaba_potentiation|k2p_potentiation|complex_i_block|snare_cooperativity|nca_block|glucl_potentiation,trans_12_dichloroethylene,3000.0,137,0.0,19.677083333333332,6.2098611111111115
worm,gaba_potentiation|k2p_potentiation|complex_i_block|snare_cooperativity|nca_block|glucl_potentiation,trans_12_dichloroethylene,3000.0,219,0.0,21.1171875,6.628611111111111
worm,gaba_potentiation|k2p_potentiation|complex_i_block|snare_cooperativity|nca_block|glucl_potentiation,trans_12_dichloroethylene,3000.0,331,0.0,20.541666666666668,6.42125
worm,gaba_potentiation|k2p_potentiation|complex_i_block|snare_cooperativity|nca_block|glucl_potentiation,trans_12_dichloroethylene,3000.0,443,0.0,21.4296875,6.6738888888888885
worm,gaba_potentiation|k2p_potentiation|complex_i_block|snare_cooperativity|nca_block|glucl_potentiation,hexafluoroethane,300.0,42,0.0,23.4375,7.337777777777778
worm,gaba_potentiation|k2p_potentiation|complex_i_block|snare_cooperativity|nca_block|glucl_potentiation,hexafluoroethane,300.0,137,0.0,22.5,7.122083333333333
worm,gaba_potentiation|k2p_potentiation|complex_i_block|snare_cooperativity|nca_block|glucl_potentiation,hexafluoroethane,300.0,219,0.0,23.3359375,7.35125
worm,gaba_potentiation|k2p_potentiation|complex_i_block|snare_cooperativity|nca_block|glucl_potentiation,hexafluoroethane,300.0,331,0.0,23.018229166666668,7.234166666666667
worm,gaba_potentiation|k2p_potentiation|complex_i_block|snare_cooperativity|nca_block|glucl_potentiation,trans_12_dichloroethylene,10000.0,42,0.0,19.377604166666668,6.0008333333333335
worm,gaba_potentiation|k2p_potentiation|complex_i_block|snare_cooperativity|nca_block|glucl_potentiation,trans_12_dichloroethylene,10000.0,137,0.0,18.471354166666668,5.805
worm,gaba_potentiation|k2p_potentiation|complex_i_block|snare_cooperativity|nca_block|glucl_potentiation,trans_12_dichloroethylene,10000.0,219,0.0,19.861979166666668,6.223055555555556
worm,gaba_potentiation|k2p_potentiation|complex_i_block|snare_cooperativity|nca_block|glucl_potentiation,trans_12_dichloroethylene,10000.0,331,0.0,18.947916666666668,5.9325
worm,gaba_potentiation|k2p_potentiation|complex_i_block|snare_cooperativity|nca_block|glucl_potentiation,hexafluoroethane,300.0,443,0.0,23.765625,7.462916666666667
worm,gaba_potentiation|k2p_potentiation|complex_i_block|snare_cooperativity|nca_block|glucl_potentiation,hexafluoroethane,1000.0,42,0.0,22.981770833333332,7.175833333333333
worm,gaba_potentiation|k2p_potentiation|complex_i_block|snare_cooperativity|nca_block|glucl_potentiation,hexafluoroethane,1000.0,137,0.0,22.114583333333332,6.974444444444444
worm,gaba_potentiation|k2p_potentiation|complex_i_block|snare_cooperativity|nca_block|glucl_potentiation,hexafluoroethane,1000.0,219,0.0,22.815104166666668,7.17625
worm,gaba_potentiation|k2p_potentiation|complex_i_block|snare_cooperativity|nca_block|glucl_potentiation,trans_12_dichloroethylene,30000.0,331,0.0,18.453125,5.756666666666667
worm,gaba_potentiation|k2p_potentiation|complex_i_block|snare_cooperativity|nca_block|glucl_potentiation,trans_12_dichloroethylene,30000.0,443,0.0,18.635416666666668,5.8025
worm,gaba_potentiation|k2p_potentiation|complex_i_block|snare_cooperativity|nca_block|glucl_potentiation,hexafluoroethane,30.0,42,0.0,23.416666666666668,7.349583333333333
worm,gaba_potentiation|k2p_potentiation|complex_i_block|snare_cooperativity|nca_block|glucl_potentiation,hexafluoroethane,30.0,137,0.0,22.9453125,7.266111111111111
worm,gaba_potentiation|k2p_potentiation|complex_i_block|snare_cooperativity|nca_block|glucl_potentiation,hexafluoroethane,30.0,219,0.0,23.434895833333332,7.381805555555555
worm,gaba_potentiation|k2p_potentiation|complex_i_block|snare_cooperativity|nca_block|glucl_potentiation,hexafluoroethane,30.0,331,0.0,23.3515625,7.341527777777777
worm,gaba_potentiation|k2p_potentiation|complex_i_block|snare_cooperativity|nca_block|glucl_potentiation,hexafluoroethane,30.0,443,0.0,24.119791666666668,7.563194444444444
worm,gaba_potentiation|k2p_potentiation|complex_i_block|snare_cooperativity|nca_block|glucl_potentiation,hexafluoroethane,100.0,42,0.0,23.4296875,7.344305555555556
worm,gaba_potentiation|k2p_potentiation|complex_i_block|snare_cooperativity|nca_block|glucl_potentiation,hexafluoroethane,10000.0,137,0.0,19.005208333333332,5.958055555555555
worm,gaba_potentiation|k2p_potentiation|complex_i_block|snare_cooperativity|nca_block|glucl_potentiation,hexafluoroethane,10000.0,219,0.0,20.252604166666668,6.36125
worm,gaba_potentiation|k2p_potentiation|complex_i_block|snare_cooperativity|nca_block|glucl_potentiation,hexafluoroethane,10000.0,331,0.0,19.489583333333332,6.097777777777778
worm,gaba_potentiation|k2p_potentiation|complex_i_block|snare_cooperativity|nca_block|glucl_potentiation,hexafluoroethane,10000.0,443,0.0,20.361979166666668,6.332083333333333
worm,gaba_potentiation|k2p_potentiation|complex_i_block|snare_cooperativity|nca_block|glucl_potentiation,hexafluoroethane,30000.0,443,0.0,19.234375,5.978611111111111
worm,gaba_potentiation|k2p_potentiation|complex_i_block|snare_cooperativity|nachr_antagonism|glucl_potentiation,cis_12_dichloroethylene,30.0,42,0.0,22.151041666666668,6.8684722222222225
worm,gaba_potentiation|k2p_potentiation|complex_i_block|snare_cooperativity|nachr_antagonism|glucl_potentiation,cis_12_dichloroethylene,30.0,137,0.0,21.067708333333332,6.645694444444445
worm,gaba_potentiation|k2p_potentiation|complex_i_block|snare_cooperativity|nachr_antagonism|glucl_potentiation,cis_12_dichloroethylene,30.0,219,0.0,22.106770833333332,6.91875
worm,gaba_potentiation|k2p_potentiation|complex_i_block|snare_cooperativity|nca_block|glucl_potentiation,hexafluoroethane,100.0,137,0.0,22.700520833333332,7.192083333333334
worm,gaba_potentiation|k2p_potentiation|complex_i_block|snare_cooperativity|nca_block|glucl_potentiation,hexafluoroethane,100.0,219,0.0,23.286458333333332,7.3348611111111115
worm,gaba_potentiation|k2p_potentiation|complex_i_block|snare_cooperativity|nca_block|glucl_potentiation,hexafluoroethane,100.0,331,0.0,23.1875,7.289166666666667
worm,gaba_potentiation|k2p_potentiation|complex_i_block|snare_cooperativity|nca_block|glucl_potentiation,hexafluoroethane,100.0,443,0.0,24.169270833333332,7.5744444444444445
worm,gaba_potentiation|k2p_potentiation|complex_i_block|snare_cooperativity|nachr_antagonism|glucl_potentiation,cis_12_dichloroethylene,30.0,331,0.0,21.4765625,6.72375
worm,gaba_potentiation|k2p_potentiation|complex_i_block|snare_cooperativity|nachr_antagonism|glucl_potentiation,cis_12_dichloroethylene,30.0,443,0.0,22.28125,6.960833333333333
worm,gaba_potentiation|k2p_potentiation|complex_i_block|snare_cooperativity|nachr_antagonism|glucl_potentiation,cis_12_dichloroethylene,100.0,42,0.0,18.416666666666668,5.6618055555555555
worm,gaba_potentiation|k2p_potentiation|complex_i_block|snare_cooperativity|nachr_antagonism|glucl_potentiation,cis_12_dichloroethylene,100.0,137,0.0,17.658854166666668,5.48625
worm,gaba_potentiation|k2p_potentiation|complex_i_block|snare_cooperativity|nca_block|glucl_potentiation,hexafluoroethane,1000.0,331,0.0,22.21875,6.977916666666666
worm,gaba_potentiation|k2p_potentiation|complex_i_block|snare_cooperativity|nca_block|glucl_potentiation,hexafluoroethane,1000.0,443,0.0,23.057291666666668,7.233194444444444
worm,gaba_potentiation|k2p_potentiation|complex_i_block|snare_cooperativity|nca_block|glucl_potentiation,hexafluoroethane,3000.0,42,0.0,21.973958333333332,6.841388888888889
worm,gaba_potentiation|k2p_potentiation|complex_i_block|snare_cooperativity|nca_block|glucl_potentiation,hexafluoroethane,3000.0,137,0.0,20.2265625,6.402361111111111
worm,gaba_potentiation|k2p_potentiation|complex_i_block|snare_cooperativity|nca_block|glucl_potentiation,hexafluoroethane,3000.0,219,0.0,21.606770833333332,6.789861111111111
worm,gaba_potentiation|k2p_potentiation|complex_i_block|snare_cooperativity|nca_block|glucl_potentiation,hexafluoroethane,3000.0,331,0.0,20.950520833333332,6.571805555555556
worm,gaba_potentiation|k2p_potentiation|complex_i_block|snare_cooperativity|nca_block|glucl_potentiation,hexafluoroethane,3000.0,443,0.0,21.973958333333332,6.876805555555555
worm,gaba_potentiation|k2p_potentiation|complex_i_block|snare_cooperativity|nca_block|glucl_potentiation,hexafluoroethane,10000.0,42,0.0,20.018229166666668,6.220972222222223
worm,gaba_potentiation|k2p_potentiation|complex_i_block|snare_cooperativity|nca_block|glucl_potentiation,hexafluoroethane,30000.0,42,0.0,19.109375,5.922361111111111
worm,gaba_potentiation|k2p_potentiation|complex_i_block|snare_cooperativity|nca_block|glucl_potentiation,hexafluoroethane,30000.0,137,0.0,17.955729166666668,5.635555555555555
worm,gaba_potentiation|k2p_potentiation|complex_i_block|snare_cooperativity|nca_block|glucl_potentiation,hexafluoroethane,30000.0,219,0.0,19.354166666666668,6.053472222222222
worm,gaba_potentiation|k2p_potentiation|complex_i_block|snare_cooperativity|nca_block|glucl_potentiation,hexafluoroethane,30000.0,331,0.0,18.515625,5.784722222222222
worm,gaba_potentiation|k2p_potentiation|complex_i_block|snare_cooperativity|nachr_antagonism|glucl_potentiation,cis_12_dichloroethylene,1000.0,42,0.0625,5.552083333333333,1.5697222222222222
worm,gaba_potentiation|k2p_potentiation|complex_i_block|snare_cooperativity|nachr_antagonism|glucl_potentiation,cis_12_dichloroethylene,1000.0,137,0.10416666666666667,5.278645833333333,1.4918055555555556
worm,gaba_potentiation|k2p_potentiation|complex_i_block|snare_cooperativity|nachr_antagonism|glucl_potentiation,cis_12_dichloroethylene,1000.0,219,0.10416666666666667,5.734375,1.6194444444444445
worm,gaba_potentiation|k2p_potentiation|complex_i_block|snare_cooperativity|nachr_antagonism|glucl_potentiation,cis_12_dichloroethylene,1000.0,331,0.08333333333333333,5.59375,1.5641666666666667
worm,gaba_potentiation|k2p_potentiation|complex_i_block|snare_cooperativity|nachr_antagonism|glucl_potentiation,cis_12_dichloroethylene,10000.0,219,0.7916666666666666,1.609375,0.46208333333333335
worm,gaba_potentiation|k2p_potentiation|complex_i_block|snare_cooperativity|nachr_antagonism|glucl_potentiation,cis_12_dichloroethylene,10000.0,331,0.8125,1.7109375,0.47291666666666665
worm,gaba_potentiation|k2p_potentiation|complex_i_block|snare_cooperativity|nachr_antagonism|glucl_potentiation,cis_12_dichloroethylene,10000.0,443,0.9375,1.1484375,0.39916666666666667
worm,gaba_potentiation|k2p_potentiation|complex_i_block|snare_cooperativity|nachr_antagonism|glucl_potentiation,cis_12_dichloroethylene,30000.0,42,0.9583333333333334,1.2265625,0.3695833333333333
worm,gaba_potentiation|k2p_potentiation|complex_i_block|snare_cooperativity|nachr_antagonism|glucl_potentiation,cis_12_dichloroethylene,30000.0,137,0.9583333333333334,1.1744791666666667,0.3601388888888889
worm,gaba_potentiation|k2p_potentiation|complex_i_block|snare_cooperativity|nachr_antagonism|glucl_potentiation,cis_12_dichloroethylene,30000.0,219,0.8541666666666666,1.3932291666666667,0.40569444444444447
worm,gaba_potentiation|k2p_potentiation|complex_i_block|snare_cooperativity|nachr_antagonism|glucl_potentiation,cis_12_dichloroethylene,30000.0,331,0.8958333333333334,1.40625,0.40347222222222223
worm,gaba_potentiation|k2p_potentiation|complex_i_block|snare_cooperativity|nachr_antagonism|glucl_potentiation,cis_12_dichloroethylene,30000.0,443,1.0,0.8489583333333334,0.33152777777777775
worm,gaba_potentiation|k2p_potentiation|complex_i_block|snare_cooperativity|nachr_antagonism|glucl_potentiation,trans_12_dichloroethylene,30.0,443,0.0,24.140625,7.568611111111111
worm,gaba_potentiation|k2p_potentiation|complex_i_block|snare_cooperativity|nachr_antagonism|glucl_potentiation,trans_12_dichloroethylene,100.0,42,0.0,23.408854166666668,7.336111111111111
worm,gaba_potentiation|k2p_potentiation|complex_i_block|snare_cooperativity|nachr_antagonism|glucl_potentiation,trans_12_dichloroethylene,100.0,137,0.0,22.661458333333332,7.169305555555556
worm,gaba_potentiation|k2p_potentiation|complex_i_block|snare_cooperativity|nachr_antagonism|glucl_potentiation,trans_12_dichloroethylene,100.0,219,0.0,23.307291666666668,7.336805555555555
worm,gaba_potentiation|k2p_potentiation|complex_i_block|snare_cooperativity|nachr_antagonism|glucl_potentiation,cis_12_dichloroethylene,300.0,137,0.0,11.640625,3.508611111111111
worm,gaba_potentiation|k2p_potentiation|complex_i_block|snare_cooperativity|nachr_antagonism|glucl_potentiation,cis_12_dichloroethylene,300.0,219,0.0,12.794270833333334,3.8022222222222224
worm,gaba_potentiation|k2p_potentiation|complex_i_block|snare_cooperativity|nachr_antagonism|glucl_potentiation,cis_12_dichloroethylene,300.0,331,0.0,11.872395833333334,3.6018055555555555
worm,gaba_potentiation|k2p_potentiation|complex_i_block|snare_cooperativity|nachr_antagonism|glucl_potentiation,cis_12_dichloroethylene,300.0,443,0.0,12.231770833333334,3.66375
worm,gaba_potentiation|k2p_potentiation|complex_i_block|snare_cooperativity|nachr_antagonism|glucl_potentiation,cis_12_dichloroethylene,100.0,219,0.0,18.713541666666668,5.7972222222222225
worm,gaba_potentiation|k2p_potentiation|complex_i_block|snare_cooperativity|nachr_antagonism|glucl_potentiation,cis_12_dichloroethylene,100.0,331,0.0,17.901041666666668,5.546111111111111
worm,gaba_potentiation|k2p_potentiation|complex_i_block|snare_cooperativity|nachr_antagonism|glucl_potentiation,cis_12_dichloroethylene,100.0,443,0.0,19.020833333333332,5.8375
worm,gaba_potentiation|k2p_potentiation|complex_i_block|snare_cooperativity|nachr_antagonism|glucl_potentiation,cis_12_dichloroethylene,300.0,42,0.0,12.471354166666666,3.7083333333333335
worm,gaba_potentiation|k2p_potentiation|complex_i_block|snare_cooperativity|nachr_antagonism|glucl_potentiation,cis_12_dichloroethylene,3000.0,331,0.4791666666666667,2.7942708333333335,0.75875
worm,gaba_potentiation|k2p_potentiation|complex_i_block|snare_cooperativity|nachr_antagonism|glucl_potentiation,cis_12_dichloroethylene,3000.0,443,0.8125,2.0026041666666665,0.62375
worm,gaba_potentiation|k2p_potentiation|complex_i_block|snare_cooperativity|nachr_antagonism|glucl_potentiation,cis_12_dichloroethylene,10000.0,42,0.9583333333333334,1.3802083333333333,0.4172222222222222
worm,gaba_potentiation|k2p_potentiation|complex_i_block|snare_cooperativity|nachr_antagonism|glucl_potentiation,cis_12_dichloroethylene,10000.0,137,0.9375,1.4479166666666667,0.42791666666666667
worm,gaba_potentiation|k2p_potentiation|complex_i_block|snare_cooperativity|nachr_antagonism|glucl_potentiation,cis_12_dichloroethylene,1000.0,443,0.14583333333333334,4.8125,1.413888888888889
worm,gaba_potentiation|k2p_potentiation|complex_i_block|snare_cooperativity|nachr_antagonism|glucl_potentiation,cis_12_dichloroethylene,3000.0,42,0.625,2.5755208333333335,0.71
worm,gaba_potentiation|k2p_potentiation|complex_i_block|snare_cooperativity|nachr_antagonism|glucl_potentiation,cis_12_dichloroethylene,3000.0,137,0.7083333333333334,2.3098958333333335,0.6658333333333334
worm,gaba_potentiation|k2p_potentiation|complex_i_block|snare_cooperativity|nachr_antagonism|glucl_potentiation,cis_12_dichloroethylene,3000.0,219,0.5625,2.6614583333333335,0.7477777777777778
worm,gaba_potentiation|k2p_potentiation|complex_i_block|snare_cooperativity|nachr_antagonism|glucl_potentiation,trans_12_dichloroethylene,30.0,42,0.0,23.341145833333332,7.324722222222222
worm,gaba_potentiation|k2p_potentiation|complex_i_block|snare_cooperativity|nachr_antagonism|glucl_potentiation,trans_12_dichloroethylene,30.0,137,0.0,22.841145833333332,7.234861111111111
worm,gaba_potentiation|k2p_potentiation|complex_i_block|snare_cooperativity|nachr_antagonism|glucl_potentiation,trans_12_dichloroethylene,30.0,219,0.0,23.359375,7.359583333333333
worm,gaba_potentiation|k2p_potentiation|complex_i_block|snare_cooperativity|nachr_antagonism|glucl_potentiation,trans_12_dichloroethylene,30.0,331,0.0,23.315104166666668,7.328194444444445
worm,gaba_potentiation|k2p_potentiation|complex_i_block|snare_cooperativity|nachr_antagonism|glucl_potentiation,trans_12_dichloroethylene,3000.0,42,0.0,20.986979166666668,6.518611111111111
worm,gaba_potentiation|k2p_potentiation|complex_i_block|snare_cooperativity|nachr_antagonism|glucl_potentiation,trans_12_dichloroethylene,3000.0,137,0.0,19.677083333333332,6.2098611111111115
worm,gaba_potentiation|k2p_potentiation|complex_i_block|snare_cooperativity|nachr_antagonism|glucl_potentiation,trans_12_dichloroethylene,3000.0,219,0.0,21.1171875,6.628611111111111
worm,gaba_potentiation|k2p_potentiation|complex_i_block|snare_cooperativity|nachr_antagonism|glucl_potentiation,trans_12_dichloroethylene,3000.0,331,0.0,20.541666666666668,6.42125
worm,gaba_potentiation|k2p_potentiation|complex_i_block|snare_cooperativity|nachr_antagonism|glucl_potentiation,trans_12_dichloroethylene,3000.0,443,0.0,21.4296875,6.6738888888888885
worm,gaba_potentiation|k2p_potentiation|complex_i_block|snare_cooperativity|nachr_antagonism|glucl_potentiation,trans_12_dichloroethylene,10000.0,42,0.0,19.377604166666668,6.0008333333333335
worm,gaba_potentiation|k2p_potentiation|complex_i_block|snare_cooperativity|nachr_antagonism|glucl_potentiation,trans_12_dichloroethylene,10000.0,137,0.0,18.471354166666668,5.805
worm,gaba_potentiation|k2p_potentiation|complex_i_block|snare_cooperativity|nachr_antagonism|glucl_potentiation,trans_12_dichloroethylene,10000.0,219,0.0,19.861979166666668,6.223055555555556
worm,gaba_potentiation|k2p_potentiation|complex_i_block|snare_cooperativity|nachr_antagonism|glucl_potentiation,trans_12_dichloroethylene,100.0,331,0.0,23.223958333333332,7.300416666666667
worm,gaba_potentiation|k2p_potentiation|complex_i_block|snare_cooperativity|nachr_antagonism|glucl_potentiation,trans_12_dichloroethylene,100.0,443,0.0,23.955729166666668,7.5065277777777775
worm,gaba_potentiation|k2p_potentiation|complex_i_block|snare_cooperativity|nachr_antagonism|glucl_potentiation,trans_12_dichloroethylene,300.0,42,0.0,23.255208333333332,7.273333333333333
worm,gaba_potentiation|k2p_potentiation|complex_i_block|snare_cooperativity|nachr_antagonism|glucl_potentiation,trans_12_dichloroethylene,300.0,137,0.0,22.354166666666668,7.06875
worm,gaba_potentiation|k2p_potentiation|complex_i_block|snare_cooperativity|nachr_antagonism|glucl_potentiation,trans_12_dichloroethylene,10000.0,331,0.0,18.947916666666668,5.9325
worm,gaba_potentiation|k2p_potentiation|complex_i_block|snare_cooperativity|nachr_antagonism|glucl_potentiation,trans_12_dichloroethylene,10000.0,443,0.0,19.859375,6.179861111111111
worm,gaba_potentiation|k2p_potentiation|complex_i_block|snare_cooperativity|nachr_antagonism|glucl_potentiation,trans_12_dichloroethylene,30000.0,42,0.0,18.640625,5.78375
worm,gaba_potentiation|k2p_potentiation|complex_i_block|snare_cooperativity|nachr_antagonism|glucl_potentiation,trans_12_dichloroethylene,30000.0,137,0.0,17.864583333333332,5.5881944444444445
worm,gaba_potentiation|k2p_potentiation|complex_i_block|snare_cooperativity|nachr_antagonism|glucl_potentiation,trans_12_dichloroethylene,300.0,219,0.0,23.122395833333332,7.282916666666667
worm,gaba_potentiation|k2p_potentiation|complex_i_block|snare_cooperativity|nachr_antagonism|glucl_potentiation,trans_12_dichloroethylene,300.0,331,0.0,22.690104166666668,7.126666666666667
worm,gaba_potentiation|k2p_potentiation|complex_i_block|snare_cooperativity|nachr_antagonism|glucl_potentiation,trans_12_dichloroethylene,300.0,443,0.0,23.567708333333332,7.38625
worm,gaba_potentiation|k2p_potentiation|complex_i_block|snare_cooperativity|nachr_antagonism|glucl_potentiation,trans_12_dichloroethylene,1000.0,42,0.0,22.46875,7.0193055555555555
worm,gaba_potentiation|k2p_potentiation|complex_i_block|snare_cooperativity|nachr_antagonism|glucl_potentiation,trans_12_dichloroethylene,1000.0,137,0.0,21.510416666666668,6.783055555555555
worm,gaba_potentiation|k2p_potentiation|complex_i_block|snare_cooperativity|nachr_antagonism|glucl_potentiation,trans_12_dichloroethylene,1000.0,219,0.0,22.3046875,7.011388888888889
worm,gaba_potentiation|k2p_potentiation|complex_i_block|snare_cooperativity|nachr_antagonism|glucl_potentiation,trans_12_dichloroethylene,1000.0,331,0.0,21.885416666666668,6.861944444444444
worm,gaba_potentiation|k2p_potentiation|complex_i_block|snare_cooperativity|nachr_antagonism|glucl_potentiation,trans_12_dichloroethylene,1000.0,443,0.0,22.747395833333332,7.124444444444444
worm,gaba_potentiation|k2p_potentiation|complex_i_block|snare_cooperativity|nachr_antagonism|glucl_potentiation,hexafluoroethane,100.0,42,0.0,23.4296875,7.344305555555556
worm,gaba_potentiation|k2p_potentiation|complex_i_block|snare_cooperativity|nachr_antagonism|glucl_potentiation,hexafluoroethane,100.0,137,0.0,22.700520833333332,7.192083333333334
worm,gaba_potentiation|k2p_potentiation|complex_i_block|snare_cooperativity|nachr_antagonism|glucl_potentiation,hexafluoroethane,100.0,219,0.0,23.286458333333332,7.3348611111111115
worm,gaba_potentiation|k2p_potentiation|complex_i_block|snare_cooperativity|nachr_antagonism|glucl_potentiation,hexafluoroethane,100.0,331,0.0,23.1875,7.289166666666667
worm,gaba_potentiation|k2p_potentiation|complex_i_block|snare_cooperativity|nachr_antagonism|glucl_potentiation,trans_12_dichloroethylene,30000.0,219,0.0,18.9453125,5.924722222222222
worm,gaba_potentiation|k2p_potentiation|complex_i_block|snare_cooperativity|nachr_antagonism|glucl_potentiation,trans_12_dichloroethylene,30000.0,331,0.0,18.453125,5.756666666666667
worm,gaba_potentiation|k2p_potentiation|complex_i_block|snare_cooperativity|nachr_antagonism|glucl_potentiation,trans_12_dichloroethylene,30000.0,443,0.0,18.635416666666668,5.8025
worm,gaba_potentiation|k2p_potentiation|complex_i_block|snare_cooperativity|nachr_antagonism|glucl_potentiation,hexafluoroethane,30.0,42,0.0,23.416666666666668,7.349583333333333
worm,gaba_potentiation|k2p_potentiation|complex_i_block|snare_cooperativity|nachr_antagonism|glucl_potentiation,hexafluoroethane,1000.0,219,0.0,22.815104166666668,7.17625
worm,gaba_potentiation|k2p_potentiation|complex_i_block|snare_cooperativity|nachr_antagonism|glucl_potentiation,hexafluoroethane,1000.0,331,0.0,22.21875,6.977916666666666
worm,gaba_potentiation|k2p_potentiation|complex_i_block|snare_cooperativity|nachr_antagonism|glucl_potentiation,hexafluoroethane,1000.0,443,0.0,23.057291666666668,7.233194444444444
worm,gaba_potentiation|k2p_potentiation|complex_i_block|snare_cooperativity|nachr_antagonism|glucl_potentiation,hexafluoroethane,3000.0,42,0.0,21.973958333333332,6.841388888888889
worm,gaba_potentiation|k2p_potentiation|complex_i_block|snare_cooperativity|nachr_antagonism|glucl_potentiation,hexafluoroethane,3000.0,137,0.0,20.2265625,6.402361111111111
worm,gaba_potentiation|k2p_potentiation|complex_i_block|snare_cooperativity|nachr_antagonism|glucl_potentiation,hexafluoroethane,3000.0,219,0.0,21.606770833333332,6.789861111111111
worm,gaba_potentiation|k2p_potentiation|complex_i_block|snare_cooperativity|nachr_antagonism|glucl_potentiation,hexafluoroethane,3000.0,331,0.0,20.950520833333332,6.571805555555556
worm,gaba_potentiation|k2p_potentiation|complex_i_block|snare_cooperativity|nachr_antagonism|glucl_potentiation,hexafluoroethane,3000.0,443,0.0,21.973958333333332,6.876805555555555
worm,gaba_potentiation|k2p_potentiation|complex_i_block|snare_cooperativity|nachr_antagonism|glucl_potentiation,hexafluoroethane,10000.0,42,0.0,20.018229166666668,6.220972222222223
worm,gaba_potentiation|k2p_potentiation|complex_i_block|snare_cooperativity|nachr_antagonism|glucl_potentiation,hexafluoroethane,10000.0,137,0.0,19.005208333333332,5.958055555555555
worm,gaba_potentiation|k2p_potentiation|complex_i_block|snare_cooperativity|nachr_antagonism|glucl_potentiation,hexafluoroethane,10000.0,219,0.0,20.252604166666668,6.36125
worm,gaba_potentiation|k2p_potentiation|complex_i_block|snare_cooperativity|nachr_antagonism|glucl_potentiation,hexafluoroethane,10000.0,331,0.0,19.489583333333332,6.097777777777778
worm,gaba_potentiation|k2p_potentiation|complex_i_block|snare_cooperativity|nachr_antagonism|glucl_potentiation,hexafluoroethane,30.0,137,0.0,22.9453125,7.266111111111111
worm,gaba_potentiation|k2p_potentiation|complex_i_block|snare_cooperativity|nachr_antagonism|glucl_potentiation,hexafluoroethane,30.0,219,0.0,23.434895833333332,7.381805555555555
worm,gaba_potentiation|k2p_potentiation|complex_i_block|snare_cooperativity|nachr_antagonism|glucl_potentiation,hexafluoroethane,30.0,331,0.0,23.3515625,7.341527777777777
worm,gaba_potentiation|k2p_potentiation|complex_i_block|snare_cooperativity|nachr_antagonism|glucl_potentiation,hexafluoroethane,30.0,443,0.0,24.119791666666668,7.563194444444444
worm,gaba_potentiation|k2p_potentiation|complex_i_block|snare_cooperativity|nachr_antagonism|glucl_potentiation,hexafluoroethane,100.0,443,0.0,24.169270833333332,7.5744444444444445
worm,gaba_potentiation|k2p_potentiation|complex_i_block|snare_cooperativity|nachr_antagonism|glucl_potentiation,hexafluoroethane,300.0,42,0.0,23.4375,7.337777777777778
worm,gaba_potentiation|k2p_potentiation|complex_i_block|snare_cooperativity|nachr_antagonism|glucl_potentiation,hexafluoroethane,300.0,137,0.0,22.5,7.122083333333333
worm,gaba_potentiation|k2p_potentiation|complex_i_block|snare_cooperativity|nachr_antagonism|glucl_potentiation,hexafluoroethane,300.0,219,0.0,23.3359375,7.35125
worm,gaba_potentiation|k2p_potentiation|complex_i_block|snare_cooperativity|nachr_antagonism|glucl_potentiation,hexafluoroethane,300.0,331,0.0,23.018229166666668,7.234166666666667
worm,gaba_potentiation|k2p_potentiation|complex_i_block|snare_cooperativity|nachr_antagonism|glucl_potentiation,hexafluoroethane,300.0,443,0.0,23.765625,7.462916666666667
worm,gaba_potentiation|k2p_potentiation|complex_i_block|snare_cooperativity|nachr_antagonism|glucl_potentiation,hexafluoroethane,1000.0,42,0.0,22.981770833333332,7.175833333333333
worm,gaba_potentiation|k2p_potentiation|complex_i_block|snare_cooperativity|nachr_antagonism|glucl_potentiation,hexafluoroethane,1000.0,137,0.0,22.114583333333332,6.974444444444444
worm,gaba_potentiation|k2p_potentiation|snare_cooperativity|nca_block|nachr_antagonism|glucl_potentiation,cis_12_dichloroethylene,300.0,42,0.0,12.963541666666666,3.877638888888889
worm,gaba_potentiation|k2p_potentiation|snare_cooperativity|nca_block|nachr_antagonism|glucl_potentiation,cis_12_dichloroethylene,300.0,137,0.0,12.333333333333334,3.7291666666666665
worm,gaba_potentiation|k2p_potentiation|snare_cooperativity|nca_block|nachr_antagonism|glucl_potentiation,cis_12_dichloroethylene,300.0,219,0.0,13.4765625,4.01875
worm,gaba_potentiation|k2p_potentiation|snare_cooperativity|nca_block|nachr_antagonism|glucl_potentiation,cis_12_dichloroethylene,300.0,331,0.0,12.578125,3.8068055555555556
worm,gaba_potentiation|k2p_potentiation|snare_cooperativity|nca_block|nachr_antagonism|glucl_potentiation,cis_12_dichloroethylene,1000.0,331,0.0625,6.294270833333333,1.7884722222222222
worm,gaba_potentiation|k2p_potentiation|snare_cooperativity|nca_block|nachr_antagonism|glucl_potentiation,cis_12_dichloroethylene,1000.0,443,0.125,5.760416666666667,1.6884722222222222
worm,gaba_potentiation|k2p_potentiation|snare_cooperativity|nca_block|nachr_antagonism|glucl_potentiation,cis_12_dichloroethylene,3000.0,42,0.4791666666666667,3.2135416666666665,0.8808333333333334
worm,gaba_potentiation|k2p_potentiation|snare_cooperativity|nca_block|nachr_antagonism|glucl_potentiation,cis_12_dichloroethylene,3000.0,137,0.5,2.8984375,0.8331944444444445
worm,gaba_potentiation|k2p_potentiation|snare_cooperativity|nca_block|nachr_antagonism|glucl_potentiation,cis_12_dichloroethylene,3000.0,219,0.4375,3.4609375,0.9554166666666667
worm,gaba_potentiation|k2p_potentiation|snare_cooperativity|nca_block|nachr_antagonism|glucl_potentiation,cis_12_dichloroethylene,3000.0,331,0.375,3.3880208333333335,0.9194444444444444
worm,gaba_potentiation|k2p_potentiation|snare_cooperativity|nca_block|nachr_antagonism|glucl_potentiation,cis_12_dichloroethylene,3000.0,443,0.7291666666666666,2.609375,0.7826388888888889
worm,gaba_potentiation|k2p_potentiation|snare_cooperativity|nca_block|nachr_antagonism|glucl_potentiation,cis_12_dichloroethylene,10000.0,42,0.8125,1.9401041666666667,0.5493055555555556
worm,gaba_potentiation|k2p_potentiation|complex_i_block|snare_cooperativity|nachr_antagonism|glucl_potentiation,hexafluoroethane,10000.0,443,0.0,20.361979166666668,6.332083333333333
worm,gaba_potentiation|k2p_potentiation|complex_i_block|snare_cooperativity|nachr_antagonism|glucl_potentiation,hexafluoroethane,30000.0,42,0.0,19.109375,5.922361111111111
worm,gaba_potentiation|k2p_potentiation|complex_i_block|snare_cooperativity|nachr_antagonism|glucl_potentiation,hexafluoroethane,30000.0,137,0.0,17.955729166666668,5.635555555555555
worm,gaba_potentiation|k2p_potentiation|complex_i_block|snare_cooperativity|nachr_antagonism|glucl_potentiation,hexafluoroethane,30000.0,219,0.0,19.354166666666668,6.053472222222222
worm,gaba_potentiation|k2p_potentiation|snare_cooperativity|nca_block|nachr_antagonism|glucl_potentiation,cis_12_dichloroethylene,10000.0,137,0.8958333333333334,1.7630208333333333,0.53
worm,gaba_potentiation|k2p_potentiation|snare_cooperativity|nca_block|nachr_antagonism|glucl_potentiation,cis_12_dichloroethylene,10000.0,219,0.7291666666666666,1.9140625,0.5669444444444445
worm,gaba_potentiation|k2p_potentiation|snare_cooperativity|nca_block|nachr_antagonism|glucl_potentiation,cis_12_dichloroethylene,10000.0,331,0.7291666666666666,2.2135416666666665,0.60875
worm,gaba_potentiation|k2p_potentiation|snare_cooperativity|nca_block|nachr_antagonism|glucl_potentiation,cis_12_dichloroethylene,10000.0,443,0.875,1.4192708333333333,0.4872222222222222
worm,gaba_potentiation|k2p_potentiation|snare_cooperativity|nca_block|nachr_antagonism|glucl_potentiation,cis_12_dichloroethylene,30.0,219,0.0,22.1640625,6.941388888888889
worm,gaba_potentiation|k2p_potentiation|snare_cooperativity|nca_block|nachr_antagonism|glucl_potentiation,cis_12_dichloroethylene,30.0,331,0.0,21.666666666666668,6.776805555555556
worm,gaba_potentiation|k2p_potentiation|snare_cooperativity|nca_block|nachr_antagonism|glucl_potentiation,cis_12_dichloroethylene,30.0,443,0.0,22.5078125,7.029861111111111
worm,gaba_potentiation|k2p_potentiation|snare_cooperativity|nca_block|nachr_antagonism|glucl_potentiation,cis_12_dichloroethylene,100.0,42,0.0,18.674479166666668,5.765
worm,gaba_potentiation|k2p_potentiation|complex_i_block|snare_cooperativity|nachr_antagonism|glucl_potentiation,hexafluoroethane,30000.0,331,0.0,18.515625,5.784722222222222
worm,gaba_potentiation|k2p_potentiation|complex_i_block|snare_cooperativity|nachr_antagonism|glucl_potentiation,hexafluoroethane,30000.0,443,0.0,19.234375,5.978611111111111
worm,gaba_potentiation|k2p_potentiation|snare_cooperativity|nca_block|nachr_antagonism|glucl_potentiation,cis_12_dichloroethylene,30.0,42,0.0,22.247395833333332,6.907916666666667
worm,gaba_potentiation|k2p_potentiation|snare_cooperativity|nca_block|nachr_antagonism|glucl_potentiation,cis_12_dichloroethylene,30.0,137,0.0,21.135416666666668,6.660138888888889
worm,gaba_potentiation|k2p_potentiation|snare_cooperativity|nca_block|nachr_antagonism|glucl_potentiation,cis_12_dichloroethylene,100.0,137,0.0,17.9375,5.585138888888889
worm,gaba_potentiation|k2p_potentiation|snare_cooperativity|nca_block|nachr_antagonism|glucl_potentiation,cis_12_dichloroethylene,100.0,219,0.0,19.140625,5.9286111111111115
worm,gaba_potentiation|k2p_potentiation|snare_cooperativity|nca_block|nachr_antagonism|glucl_potentiation,cis_12_dichloroethylene,100.0,331,0.0,18.356770833333332,5.689305555555555
worm,gaba_potentiation|k2p_potentiation|snare_cooperativity|nca_block|nachr_antagonism|glucl_potentiation,cis_12_dichloroethylene,100.0,443,0.0,19.549479166666668,5.995
worm,gaba_potentiation|k2p_potentiation|snare_cooperativity|nca_block|nachr_antagonism|glucl_potentiation,cis_12_dichloroethylene,300.0,443,0.0,12.864583333333334,3.8470833333333334
worm,gaba_potentiation|k2p_potentiation|snare_cooperativity|nca_block|nachr_antagonism|glucl_potentiation,cis_12_dichloroethylene,1000.0,42,0.041666666666666664,6.333333333333333,1.792361111111111
worm,gaba_potentiation|k2p_potentiation|snare_cooperativity|nca_block|nachr_antagonism|glucl_potentiation,cis_12_dichloroethylene,1000.0,137,0.0625,6.1953125,1.7633333333333334
worm,gaba_potentiation|k2p_potentiation|snare_cooperativity|nca_block|nachr_antagonism|glucl_potentiation,cis_12_dichloroethylene,1000.0,219,0.041666666666666664,6.59375,1.8683333333333334
worm,gaba_potentiation|k2p_potentiation|snare_cooperativity|nca_block|nachr_antagonism|glucl_potentiation,trans_12_dichloroethylene,100.0,219,0.0,23.307291666666668,7.336805555555555
worm,gaba_potentiation|k2p_potentiation|snare_cooperativity|nca_block|nachr_antagonism|glucl_potentiation,trans_12_dichloroethylene,100.0,331,0.0,23.223958333333332,7.300416666666667
worm,gaba_potentiation|k2p_potentiation|snare_cooperativity|nca_block|nachr_antagonism|glucl_potentiation,trans_12_dichloroethylene,100.0,443,0.0,23.955729166666668,7.5065277777777775
worm,gaba_potentiation|k2p_potentiation|snare_cooperativity|nca_block|nachr_antagonism|glucl_potentiation,trans_12_dichloroethylene,300.0,42,0.0,23.255208333333332,7.273333333333333
worm,gaba_potentiation|k2p_potentiation|snare_cooperativity|nca_block|nachr_antagonism|glucl_potentiation,trans_12_dichloroethylene,300.0,137,0.0,22.354166666666668,7.06875
worm,gaba_potentiation|k2p_potentiation|snare_cooperativity|nca_block|nachr_antagonism|glucl_potentiation,trans_12_dichloroethylene,300.0,219,0.0,23.122395833333332,7.282916666666667
worm,gaba_potentiation|k2p_potentiation|snare_cooperativity|nca_block|nachr_antagonism|glucl_potentiation,trans_12_dichloroethylene,300.0,331,0.0,22.690104166666668,7.126666666666667
worm,gaba_potentiation|k2p_potentiation|snare_cooperativity|nca_block|nachr_antagonism|glucl_potentiation,trans_12_dichloroethylene,300.0,443,0.0,23.567708333333332,7.38625
worm,gaba_potentiation|k2p_potentiation|snare_cooperativity|nca_block|nachr_antagonism|glucl_potentiation,cis_12_dichloroethylene,30000.0,42,0.8541666666666666,1.6276041666666667,0.4761111111111111
worm,gaba_potentiation|k2p_potentiation|snare_cooperativity|nca_block|nachr_antagonism|glucl_potentiation,cis_12_dichloroethylene,30000.0,137,0.9166666666666666,1.5130208333333333,0.46152777777777776
worm,gaba_potentiation|k2p_potentiation|snare_cooperativity|nca_block|nachr_antagonism|glucl_potentiation,cis_12_dichloroethylene,30000.0,219,0.7708333333333334,1.7109375,0.5052777777777778
worm,gaba_potentiation|k2p_potentiation|snare_cooperativity|nca_block|nachr_antagonism|glucl_potentiation,cis_12_dichloroethylene,30000.0,331,0.75,2.0026041666666665,0.5456944444444445
worm,gaba_potentiation|k2p_potentiation|snare_cooperativity|nca_block|nachr_antagonism|glucl_potentiation,trans_12_dichloroethylene,1000.0,42,0.0,22.46875,7.0193055555555555
worm,gaba_potentiation|k2p_potentiation|snare_cooperativity|nca_block|nachr_antagonism|glucl_potentiation,trans_12_dichloroethylene,1000.0,137,0.0,21.510416666666668,6.783055555555555
worm,gaba_potentiation|k2p_potentiation|snare_cooperativity|nca_block|nachr_antagonism|glucl_potentiation,trans_12_dichloroethylene,1000.0,219,0.0,22.3046875,7.011388888888889
worm,gaba_potentiation|k2p_potentiation|snare_cooperativity|nca_block|nachr_antagonism|glucl_potentiation,trans_12_dichloroethylene,1000.0,331,0.0,21.885416666666668,6.861944444444444
worm,gaba_potentiation|k2p_potentiation|snare_cooperativity|nca_block|nachr_antagonism|glucl_potentiation,trans_12_dichloroethylene,3000.0,331,0.0,20.541666666666668,6.42125
worm,gaba_potentiation|k2p_potentiation|snare_cooperativity|nca_block|nachr_antagonism|glucl_potentiation,trans_12_dichloroethylene,3000.0,443,0.0,21.4296875,6.6738888888888885
worm,gaba_potentiation|k2p_potentiation|snare_cooperativity|nca_block|nachr_antagonism|glucl_potentiation,trans_12_dichloroethylene,10000.0,42,0.0,19.377604166666668,6.0008333333333335
worm,gaba_potentiation|k2p_potentiation|snare_cooperativity|nca_block|nachr_antagonism|glucl_potentiation,trans_12_dichloroethylene,10000.0,137,0.0,18.471354166666668,5.805
worm,gaba_potentiation|k2p_potentiation|snare_cooperativity|nca_block|nachr_antagonism|glucl_potentiation,cis_12_dichloroethylene,30000.0,443,0.9166666666666666,1.1875,0.4265277777777778
worm,gaba_potentiation|k2p_potentiation|snare_cooperativity|nca_block|nachr_antagonism|glucl_potentiation,trans_12_dichloroethylene,30.0,42,0.0,23.341145833333332,7.324722222222222
worm,gaba_potentiation|k2p_potentiation|snare_cooperativity|nca_block|nachr_antagonism|glucl_potentiation,trans_12_dichloroethylene,30.0,137,0.0,22.841145833333332,7.234861111111111
worm,gaba_potentiation|k2p_potentiation|snare_cooperativity|nca_block|nachr_antagonism|glucl_potentiation,trans_12_dichloroethylene,30.0,219,0.0,23.359375,7.359583333333333
worm,gaba_potentiation|k2p_potentiation|snare_cooperativity|nca_block|nachr_antagonism|glucl_potentiation,trans_12_dichloroethylene,30.0,331,0.0,23.315104166666668,7.328194444444445
worm,gaba_potentiation|k2p_potentiation|snare_cooperativity|nca_block|nachr_antagonism|glucl_potentiation,trans_12_dichloroethylene,30.0,443,0.0,24.140625,7.568611111111111
worm,gaba_potentiation|k2p_potentiation|snare_cooperativity|nca_block|nachr_antagonism|glucl_potentiation,trans_12_dichloroethylene,100.0,42,0.0,23.408854166666668,7.336111111111111
worm,gaba_potentiation|k2p_potentiation|snare_cooperativity|nca_block|nachr_antagonism|glucl_potentiation,trans_12_dichloroethylene,100.0,137,0.0,22.661458333333332,7.169305555555556
worm,gaba_potentiation|k2p_potentiation|snare_cooperativity|nca_block|nachr_antagonism|glucl_potentiation,hexafluoroethane,100.0,331,0.0,23.1875,7.289166666666667
worm,gaba_potentiation|k2p_potentiation|snare_cooperativity|nca_block|nachr_antagonism|glucl_potentiation,hexafluoroethane,100.0,443,0.0,24.169270833333332,7.5744444444444445
worm,gaba_potentiation|k2p_potentiation|snare_cooperativity|nca_block|nachr_antagonism|glucl_potentiation,hexafluoroethane,300.0,42,0.0,23.4375,7.337777777777778
worm,gaba_potentiation|k2p_potentiation|snare_cooperativity|nca_block|nachr_antagonism|glucl_potentiation,hexafluoroethane,300.0,137,0.0,22.5,7.122083333333333
worm,gaba_potentiation|k2p_potentiation|snare_cooperativity|nca_block|nachr_antagonism|glucl_potentiation,trans_12_dichloroethylene,1000.0,443,0.0,22.747395833333332,7.124444444444444
worm,gaba_potentiation|k2p_potentiation|snare_cooperativity|nca_block|nachr_antagonism|glucl_potentiation,trans_12_dichloroethylene,3000.0,42,0.0,20.986979166666668,6.518611111111111
worm,gaba_potentiation|k2p_potentiation|snare_cooperativity|nca_block|nachr_antagonism|glucl_potentiation,trans_12_dichloroethylene,3000.0,137,0.0,19.677083333333332,6.2098611111111115
worm,gaba_potentiation|k2p_potentiation|snare_cooperativity|nca_block|nachr_antagonism|glucl_potentiation,trans_12_dichloroethylene,3000.0,219,0.0,21.1171875,6.628611111111111
worm,gaba_potentiation|k2p_potentiation|snare_cooperativity|nca_block|nachr_antagonism|glucl_potentiation,hexafluoroethane,30.0,443,0.0,24.119791666666668,7.563194444444444
worm,gaba_potentiation|k2p_potentiation|snare_cooperativity|nca_block|nachr_antagonism|glucl_potentiation,hexafluoroethane,100.0,42,0.0,23.4296875,7.344305555555556
worm,gaba_potentiation|k2p_potentiation|snare_cooperativity|nca_block|nachr_antagonism|glucl_potentiation,hexafluoroethane,100.0,137,0.0,22.700520833333332,7.192083333333334
worm,gaba_potentiation|k2p_potentiation|snare_cooperativity|nca_block|nachr_antagonism|glucl_potentiation,hexafluoroethane,100.0,219,0.0,23.286458333333332,7.3348611111111115
worm,gaba_potentiation|k2p_potentiation|snare_cooperativity|nca_block|nachr_antagonism|glucl_potentiation,trans_12_dichloroethylene,10000.0,219,0.0,19.861979166666668,6.223055555555556
worm,gaba_potentiation|k2p_potentiation|snare_cooperativity|nca_block|nachr_antagonism|glucl_potentiation,trans_12_dichloroethylene,10000.0,331,0.0,18.947916666666668,5.9325
worm,gaba_potentiation|k2p_potentiation|snare_cooperativity|nca_block|nachr_antagonism|glucl_potentiation,trans_12_dichloroethylene,10000.0,443,0.0,19.859375,6.179861111111111
worm,gaba_potentiation|k2p_potentiation|snare_cooperativity|nca_block|nachr_antagonism|glucl_potentiation,trans_12_dichloroethylene,30000.0,42,0.0,18.640625,5.78375
worm,gaba_potentiation|k2p_potentiation|snare_cooperativity|nca_block|nachr_antagonism|glucl_potentiation,trans_12_dichloroethylene,30000.0,137,0.0,17.864583333333332,5.5881944444444445
worm,gaba_potentiation|k2p_potentiation|snare_cooperativity|nca_block|nachr_antagonism|glucl_potentiation,trans_12_dichloroethylene,30000.0,219,0.0,18.9453125,5.924722222222222
worm,gaba_potentiation|k2p_potentiation|snare_cooperativity|nca_block|nachr_antagonism|glucl_potentiation,trans_12_dichloroethylene,30000.0,331,0.0,18.453125,5.756666666666667
worm,gaba_potentiation|k2p_potentiation|snare_cooperativity|nca_block|nachr_antagonism|glucl_potentiation,trans_12_dichloroethylene,30000.0,443,0.0,18.635416666666668,5.8025
worm,gaba_potentiation|k2p_potentiation|snare_cooperativity|nca_block|nachr_antagonism|glucl_potentiation,hexafluoroethane,300.0,219,0.0,23.3359375,7.35125
worm,gaba_potentiation|k2p_potentiation|snare_cooperativity|nca_block|nachr_antagonism|glucl_potentiation,hexafluoroethane,300.0,331,0.0,23.018229166666668,7.234166666666667
worm,gaba_potentiation|k2p_potentiation|snare_cooperativity|nca_block|nachr_antagonism|glucl_potentiation,hexafluoroethane,300.0,443,0.0,23.765625,7.462916666666667
worm,gaba_potentiation|k2p_potentiation|snare_cooperativity|nca_block|nachr_antagonism|glucl_potentiation,hexafluoroethane,1000.0,42,0.0,22.981770833333332,7.175833333333333
worm,gaba_potentiation|k2p_potentiation|snare_cooperativity|nca_block|nachr_antagonism|glucl_potentiation,hexafluoroethane,30.0,42,0.0,23.416666666666668,7.349583333333333
worm,gaba_potentiation|k2p_potentiation|snare_cooperativity|nca_block|nachr_antagonism|glucl_potentiation,hexafluoroethane,30.0,137,0.0,22.9453125,7.266111111111111
worm,gaba_potentiation|k2p_potentiation|snare_cooperativity|nca_block|nachr_antagonism|glucl_potentiation,hexafluoroethane,30.0,219,0.0,23.434895833333332,7.381805555555555
worm,gaba_potentiation|k2p_potentiation|snare_cooperativity|nca_block|nachr_antagonism|glucl_potentiation,hexafluoroethane,30.0,331,0.0,23.3515625,7.341527777777777
worm,gaba_potentiation|k2p_potentiation|snare_cooperativity|nca_block|nachr_antagonism|glucl_potentiation,hexafluoroethane,3000.0,42,0.0,21.973958333333332,6.841388888888889
worm,gaba_potentiation|k2p_potentiation|snare_cooperativity|nca_block|nachr_antagonism|glucl_potentiation,hexafluoroethane,3000.0,137,0.0,20.2265625,6.402361111111111
worm,gaba_potentiation|k2p_potentiation|snare_cooperativity|nca_block|nachr_antagonism|glucl_potentiation,hexafluoroethane,3000.0,219,0.0,21.606770833333332,6.789861111111111
worm,gaba_potentiation|k2p_potentiation|snare_cooperativity|nca_block|nachr_antagonism|glucl_potentiation,hexafluoroethane,3000.0,331,0.0,20.950520833333332,6.571805555555556
worm,gaba_potentiation|k2p_potentiation|snare_cooperativity|nca_block|nachr_antagonism|glucl_potentiation,hexafluoroethane,3000.0,443,0.0,21.973958333333332,6.876805555555555
worm,gaba_potentiation|k2p_potentiation|snare_cooperativity|nca_block|nachr_antagonism|glucl_potentiation,hexafluoroethane,10000.0,42,0.0,20.018229166666668,6.220972222222223
worm,gaba_potentiation|k2p_potentiation|snare_cooperativity|nca_block|nachr_antagonism|glucl_potentiation,hexafluoroethane,10000.0,137,0.0,19.005208333333332,5.958055555555555
worm,gaba_potentiation|k2p_potentiation|snare_cooperativity|nca_block|nachr_antagonism|glucl_potentiation,hexafluoroethane,10000.0,219,0.0,20.252604166666668,6.36125
worm,gaba_potentiation|complex_i_block|snare_cooperativity|nca_block|nachr_antagonism|glucl_potentiation,cis_12_dichloroethylene,30.0,137,0.0,21.111979166666668,6.657361111111111
worm,gaba_potentiation|complex_i_block|snare_cooperativity|nca_block|nachr_antagonism|glucl_potentiation,cis_12_dichloroethylene,30.0,219,0.0,22.145833333333332,6.933194444444444
worm,gaba_potentiation|complex_i_block|snare_cooperativity|nca_block|nachr_antagonism|glucl_potentiation,cis_12_dichloroethylene,30.0,331,0.0,21.552083333333332,6.745
worm,gaba_potentiation|complex_i_block|snare_cooperativity|nca_block|nachr_antagonism|glucl_potentiation,cis_12_dichloroethylene,30.0,443,0.0,22.330729166666668,6.977361111111111
worm,gaba_potentiation|k2p_potentiation|snare_cooperativity|nca_block|nachr_antagonism|glucl_potentiation,hexafluoroethane,1000.0,137,0.0,22.114583333333332,6.974444444444444
worm,gaba_potentiation|k2p_potentiation|snare_cooperativity|nca_block|nachr_antagonism|glucl_potentiation,hexafluoroethane,1000.0,219,0.0,22.815104166666668,7.17625
worm,gaba_potentiation|k2p_potentiation|snare_cooperativity|nca_block|nachr_antagonism|glucl_potentiation,hexafluoroethane,1000.0,331,0.0,22.21875,6.977916666666666
worm,gaba_potentiation|k2p_potentiation|snare_cooperativity|nca_block|nachr_antagonism|glucl_potentiation,hexafluoroethane,1000.0,443,0.0,23.057291666666668,7.233194444444444
worm,gaba_potentiation|complex_i_block|snare_cooperativity|nca_block|nachr_antagonism|glucl_potentiation,cis_12_dichloroethylene,100.0,443,0.0,19.0703125,5.853194444444444
worm,gaba_potentiation|complex_i_block|snare_cooperativity|nca_block|nachr_antagonism|glucl_potentiation,cis_12_dichloroethylene,300.0,42,0.0,12.463541666666666,3.703611111111111
worm,gaba_potentiation|complex_i_block|snare_cooperativity|nca_block|nachr_antagonism|glucl_potentiation,cis_12_dichloroethylene,300.0,137,0.0,11.690104166666666,3.5259722222222223
worm,gaba_potentiation|complex_i_block|snare_cooperativity|nca_block|nachr_antagonism|glucl_potentiation,cis_12_dichloroethylene,300.0,219,0.0,12.8515625,3.821527777777778
worm,gaba_potentiation|k2p_potentiation|snare_cooperativity|nca_block|nachr_antagonism|glucl_potentiation,hexafluoroethane,10000.0,331,0.0,19.489583333333332,6.097777777777778
worm,gaba_potentiation|k2p_potentiation|snare_cooperativity|nca_block|nachr_antagonism|glucl_potentiation,hexafluoroethane,10000.0,443,0.0,20.361979166666668,6.332083333333333
worm,gaba_potentiation|k2p_potentiation|snare_cooperativity|nca_block|nachr_antagonism|glucl_potentiation,hexafluoroethane,30000.0,42,0.0,19.109375,5.922361111111111
worm,gaba_potentiation|k2p_potentiation|snare_cooperativity|nca_block|nachr_antagonism|glucl_potentiation,hexafluoroethane,30000.0,137,0.0,17.955729166666668,5.635555555555555
worm,gaba_potentiation|complex_i_block|snare_cooperativity|nca_block|nachr_antagonism|glucl_potentiation,cis_12_dichloroethylene,3000.0,137,0.7708333333333334,2.1432291666666665,0.6170833333333333
worm,gaba_potentiation|complex_i_block|snare_cooperativity|nca_block|nachr_antagonism|glucl_potentiation,cis_12_dichloroethylene,3000.0,219,0.625,2.4609375,0.6888888888888889
worm,gaba_potentiation|complex_i_block|snare_cooperativity|nca_block|nachr_antagonism|glucl_potentiation,cis_12_dichloroethylene,3000.0,331,0.5208333333333334,2.6171875,0.7036111111111111
worm,gaba_potentiation|complex_i_block|snare_cooperativity|nca_block|nachr_antagonism|glucl_potentiation,cis_12_dichloroethylene,3000.0,443,0.8333333333333334,1.7942708333333333,0.5673611111111111
worm,gaba_potentiation|complex_i_block|snare_cooperativity|nca_block|nachr_antagonism|glucl_potentiation,cis_12_dichloroethylene,10000.0,443,0.9791666666666666,0.8958333333333334,0.3425
worm,gaba_potentiation|complex_i_block|snare_cooperativity|nca_block|nachr_antagonism|glucl_potentiation,cis_12_dichloroethylene,30000.0,42,0.9791666666666666,1.0807291666666667,0.32305555555555554
worm,gaba_potentiation|complex_i_block|snare_cooperativity|nca_block|nachr_antagonism|glucl_potentiation,cis_12_dichloroethylene,30000.0,137,0.9583333333333334,1.0260416666666667,0.3219444444444444
worm,gaba_potentiation|complex_i_block|snare_cooperativity|nca_block|nachr_antagonism|glucl_potentiation,cis_12_dichloroethylene,30000.0,219,0.9583333333333334,1.1302083333333333,0.3408333333333333
worm,gaba_potentiation|k2p_potentiation|snare_cooperativity|nca_block|nachr_antagonism|glucl_potentiation,hexafluoroethane,30000.0,219,0.0,19.354166666666668,6.053472222222222
worm,gaba_potentiation|k2p_potentiation|snare_cooperativity|nca_block|nachr_antagonism|glucl_potentiation,hexafluoroethane,30000.0,331,0.0,18.515625,5.784722222222222
worm,gaba_potentiation|k2p_potentiation|snare_cooperativity|nca_block|nachr_antagonism|glucl_potentiation,hexafluoroethane,30000.0,443,0.0,19.234375,5.978611111111111
worm,gaba_potentiation|complex_i_block|snare_cooperativity|nca_block|nachr_antagonism|glucl_potentiation,cis_12_dichloroethylene,30.0,42,0.0,22.1796875,6.87875
worm,gaba_potentiation|complex_i_block|snare_cooperativity|nca_block|nachr_antagonism|glucl_potentiation,cis_12_dichloroethylene,1000.0,219,0.125,5.580729166666667,1.5777777777777777
worm,gaba_potentiation|complex_i_block|snare_cooperativity|nca_block|nachr_antagonism|glucl_potentiation,cis_12_dichloroethylene,1000.0,331,0.08333333333333333,5.4453125,1.518888888888889
worm,gaba_potentiation|complex_i_block|snare_cooperativity|nca_block|nachr_antagonism|glucl_potentiation,cis_12_dichloroethylene,1000.0,443,0.125,4.75,1.3931944444444444
worm,gaba_potentiation|complex_i_block|snare_cooperativity|nca_block|nachr_antagonism|glucl_potentiation,cis_12_dichloroethylene,3000.0,42,0.7291666666666666,2.2838541666666665,0.6372222222222222
worm,gaba_potentiation|complex_i_block|snare_cooperativity|nca_block|nachr_antagonism|glucl_potentiation,cis_12_dichloroethylene,100.0,42,0.0,18.393229166666668,5.668472222222222
worm,gaba_potentiation|complex_i_block|snare_cooperativity|nca_block|nachr_antagonism|glucl_potentiation,cis_12_dichloroethylene,100.0,137,0.0,17.671875,5.495
worm,gaba_potentiation|complex_i_block|snare_cooperativity|nca_block|nachr_antagonism|glucl_potentiation,cis_12_dichloroethylene,100.0,219,0.0,18.838541666666668,5.837777777777778
worm,gaba_potentiation|complex_i_block|snare_cooperativity|nca_block|nachr_antagonism|glucl_potentiation,cis_12_dichloroethylene,100.0,331,0.0,18.080729166666668,5.6002777777777775
worm,gaba_potentiation|complex_i_block|snare_cooperativity|nca_block|nachr_antagonism|glucl_potentiation,cis_12_dichloroethylene,300.0,331,0.0,11.916666666666666,3.6126388888888887
worm,gaba_potentiation|complex_i_block|snare_cooperativity|nca_block|nachr_antagonism|glucl_potentiation,cis_12_dichloroethylene,300.0,443,0.0,12.268229166666666,3.6743055555555557
worm,gaba_potentiation|complex_i_block|snare_cooperativity|nca_block|nachr_antagonism|glucl_potentiation,cis_12_dichloroethylene,1000.0,42,0.10416666666666667,5.361979166666667,1.5133333333333334
worm,gaba_potentiation|complex_i_block|snare_cooperativity|nca_block|nachr_antagonism|glucl_potentiation,cis_12_dichloroethylene,1000.0,137,0.14583333333333334,5.190104166666667,1.465
worm,gaba_potentiation|complex_i_block|snare_cooperativity|nca_block|nachr_antagonism|glucl_potentiation,trans_12_dichloroethylene,30.0,219,0.0,23.432291666666668,7.3838888888888885
worm,gaba_potentiation|complex_i_block|snare_cooperativity|nca_block|nachr_antagonism|glucl_potentiation,trans_12_dichloroethylene,30.0,331,0.0,23.416666666666668,7.359583333333333
worm,gaba_potentiation|complex_i_block|snare_cooperativity|nca_block|nachr_antagonism|glucl_potentiation,trans_12_dichloroethylene,30.0,443,0.0,24.098958333333332,7.560555555555555
worm,gaba_potentiation|complex_i_block|snare_cooperativity|nca_block|nachr_antagonism|glucl_potentiation,trans_12_dichloroethylene,100.0,42,0.0,23.471354166666668,7.361666666666666
worm,gaba_potentiation|complex_i_block|snare_cooperativity|nca_block|nachr_antagonism|glucl_potentiation,cis_12_dichloroethylene,10000.0,42,0.9583333333333334,1.2291666666666667,0.3720833333333333
worm,gaba_potentiation|complex_i_block|snare_cooperativity|nca_block|nachr_antagonism|glucl_potentiation,cis_12_dichloroethylene,10000.0,137,0.9791666666666666,1.1666666666666667,0.3597222222222222
worm,gaba_potentiation|complex_i_block|snare_cooperativity|nca_block|nachr_antagonism|glucl_potentiation,cis_12_dichloroethylene,10000.0,219,0.875,1.4453125,0.42
worm,gaba_potentiation|complex_i_block|snare_cooperativity|nca_block|nachr_antagonism|glucl_potentiation,cis_12_dichloroethylene,10000.0,331,0.8958333333333334,1.5364583333333333,0.4280555555555556
worm,gaba_potentiation|complex_i_block|snare_cooperativity|nca_block|nachr_antagonism|glucl_potentiation,trans_12_dichloroethylene,3000.0,219,0.0,23.432291666666668,7.3838888888888885
worm,gaba_potentiation|complex_i_block|snare_cooperativity|nca_block|nachr_antagonism|glucl_potentiation,trans_12_dichloroethylene,3000.0,331,0.0,23.416666666666668,7.359583333333333
worm,gaba_potentiation|complex_i_block|snare_cooperativity|nca_block|nachr_antagonism|glucl_potentiation,trans_12_dichloroethylene,3000.0,443,0.0,24.098958333333332,7.560555555555555
worm,gaba_potentiation|complex_i_block|snare_cooperativity|nca_block|nachr_antagonism|glucl_potentiation,trans_12_dichloroethylene,10000.0,42,0.0,23.471354166666668,7.361666666666666
worm,gaba_potentiation|complex_i_block|snare_cooperativity|nca_block|nachr_antagonism|glucl_potentiation,trans_12_dichloroethylene,300.0,42,0.0,23.471354166666668,7.361666666666666
worm,gaba_potentiation|complex_i_block|snare_cooperativity|nca_block|nachr_antagonism|glucl_potentiation,trans_12_dichloroethylene,300.0,137,0.0,22.885416666666668,7.247222222222222
worm,gaba_potentiation|complex_i_block|snare_cooperativity|nca_block|nachr_antagonism|glucl_potentiation,trans_12_dichloroethylene,300.0,219,0.0,23.432291666666668,7.3838888888888885
worm,gaba_potentiation|complex_i_block|snare_cooperativity|nca_block|nachr_antagonism|glucl_potentiation,trans_12_dichloroethylene,300.0,331,0.0,23.416666666666668,7.359583333333333
worm,gaba_potentiation|complex_i_block|snare_cooperativity|nca_block|nachr_antagonism|glucl_potentiation,trans_12_dichloroethylene,300.0,443,0.0,24.098958333333332,7.560555555555555
worm,gaba_potentiation|complex_i_block|snare_cooperativity|nca_block|nachr_antagonism|glucl_potentiation,trans_12_dichloroethylene,1000.0,42,0.0,23.471354166666668,7.361666666666666
worm,gaba_potentiation|complex_i_block|snare_cooperativity|nca_block|nachr_antagonism|glucl_potentiation,trans_12_dichloroethylene,1000.0,137,0.0,22.885416666666668,7.247222222222222
worm,gaba_potentiation|complex_i_block|snare_cooperativity|nca_block|nachr_antagonism|glucl_potentiation,trans_12_dichloroethylene,1000.0,219,0.0,23.432291666666668,7.3838888888888885
worm,gaba_potentiation|complex_i_block|snare_cooperativity|nca_block|nachr_antagonism|glucl_potentiation,trans_12_dichloroethylene,1000.0,331,0.0,23.416666666666668,7.359583333333333
worm,gaba_potentiation|complex_i_block|snare_cooperativity|nca_block|nachr_antagonism|glucl_potentiation,trans_12_dichloroethylene,1000.0,443,0.0,24.098958333333332,7.560555555555555
worm,gaba_potentiation|complex_i_block|snare_cooperativity|nca_block|nachr_antagonism|glucl_potentiation,trans_12_dichloroethylene,3000.0,42,0.0,23.471354166666668,7.361666666666666
worm,gaba_potentiation|complex_i_block|snare_cooperativity|nca_block|nachr_antagonism|glucl_potentiation,trans_12_dichloroethylene,3000.0,137,0.0,22.885416666666668,7.247222222222222
worm,gaba_potentiation|complex_i_block|snare_cooperativity|nca_block|nachr_antagonism|glucl_potentiation,cis_12_dichloroethylene,30000.0,331,0.9375,1.2265625,0.35583333333333333
worm,gaba_potentiation|complex_i_block|snare_cooperativity|nca_block|nachr_antagonism|glucl_potentiation,cis_12_dichloroethylene,30000.0,443,0.9791666666666666,0.7239583333333334,0.29083333333333333
worm,gaba_potentiation|complex_i_block|snare_cooperativity|nca_block|nachr_antagonism|glucl_potentiation,trans_12_dichloroethylene,30.0,42,0.0,23.471354166666668,7.361666666666666
worm,gaba_potentiation|complex_i_block|snare_cooperativity|nca_block|nachr_antagonism|glucl_potentiation,trans_12_dichloroethylene,30.0,137,0.0,22.885416666666668,7.247222222222222
worm,gaba_potentiation|complex_i_block|snare_cooperativity|nca_block|nachr_antagonism|glucl_potentiation,trans_12_dichloroethylene,100.0,137,0.0,22.885416666666668,7.247222222222222
worm,gaba_potentiation|complex_i_block|snare_cooperativity|nca_block|nachr_antagonism|glucl_potentiation,trans_12_dichloroethylene,100.0,219,0.0,23.432291666666668,7.3838888888888885
worm,gaba_potentiation|complex_i_block|snare_cooperativity|nca_block|nachr_antagonism|glucl_potentiation,trans_12_dichloroethylene,100.0,331,0.0,23.416666666666668,7.359583333333333
worm,gaba_potentiation|complex_i_block|snare_cooperativity|nca_block|nachr_antagonism|glucl_potentiation,trans_12_dichloroethylene,100.0,443,0.0,24.098958333333332,7.560555555555555
worm,gaba_potentiation|complex_i_block|snare_cooperativity|nca_block|nachr_antagonism|glucl_potentiation,trans_12_dichloroethylene,30000.0,42,0.0,23.471354166666668,7.361666666666666
worm,gaba_potentiation|complex_i_block|snare_cooperativity|nca_block|nachr_antagonism|glucl_potentiation,trans_12_dichloroethylene,30000.0,137,0.0,22.885416666666668,7.247222222222222
worm,gaba_potentiation|complex_i_block|snare_cooperativity|nca_block|nachr_antagonism|glucl_potentiation,trans_12_dichloroethylene,30000.0,219,0.0,23.432291666666668,7.3838888888888885
worm,gaba_potentiation|complex_i_block|snare_cooperativity|nca_block|nachr_antagonism|glucl_potentiation,trans_12_dichloroethylene,30000.0,331,0.0,23.416666666666668,7.359583333333333
worm,gaba_potentiation|complex_i_block|snare_cooperativity|nca_block|nachr_antagonism|glucl_potentiation,hexafluoroethane,100.0,219,0.0,23.432291666666668,7.3838888888888885
worm,gaba_potentiation|complex_i_block|snare_cooperativity|nca_block|nachr_antagonism|glucl_potentiation,hexafluoroethane,100.0,331,0.0,23.416666666666668,7.359583333333333
worm,gaba_potentiation|complex_i_block|snare_cooperativity|nca_block|nachr_antagonism|glucl_potentiation,hexafluoroethane,100.0,443,0.0,24.098958333333332,7.560555555555555
worm,gaba_potentiation|complex_i_block|snare_cooperativity|nca_block|nachr_antagonism|glucl_potentiation,hexafluoroethane,300.0,42,0.0,23.471354166666668,7.361666666666666
worm,gaba_potentiation|complex_i_block|snare_cooperativity|nca_block|nachr_antagonism|glucl_potentiation,trans_12_dichloroethylene,10000.0,137,0.0,22.885416666666668,7.247222222222222
worm,gaba_potentiation|complex_i_block|snare_cooperativity|nca_block|nachr_antagonism|glucl_potentiation,trans_12_dichloroethylene,10000.0,219,0.0,23.432291666666668,7.3838888888888885
worm,gaba_potentiation|complex_i_block|snare_cooperativity|nca_block|nachr_antagonism|glucl_potentiation,trans_12_dichloroethylene,10000.0,331,0.0,23.416666666666668,7.359583333333333
worm,gaba_potentiation|complex_i_block|snare_cooperativity|nca_block|nachr_antagonism|glucl_potentiation,trans_12_dichloroethylene,10000.0,443,0.0,24.098958333333332,7.560555555555555
worm,gaba_potentiation|complex_i_block|snare_cooperativity|nca_block|nachr_antagonism|glucl_potentiation,hexafluoroethane,3000.0,331,0.0,23.416666666666668,7.359583333333333
worm,gaba_potentiation|complex_i_block|snare_cooperativity|nca_block|nachr_antagonism|glucl_potentiation,hexafluoroethane,3000.0,443,0.0,24.098958333333332,7.560555555555555
worm,gaba_potentiation|complex_i_block|snare_cooperativity|nca_block|nachr_antagonism|glucl_potentiation,hexafluoroethane,10000.0,42,0.0,23.471354166666668,7.361666666666666
worm,gaba_potentiation|complex_i_block|snare_cooperativity|nca_block|nachr_antagonism|glucl_potentiation,hexafluoroethane,10000.0,137,0.0,22.885416666666668,7.247222222222222
worm,gaba_potentiation|complex_i_block|snare_cooperativity|nca_block|nachr_antagonism|glucl_potentiation,hexafluoroethane,10000.0,219,0.0,23.432291666666668,7.3838888888888885
worm,gaba_potentiation|complex_i_block|snare_cooperativity|nca_block|nachr_antagonism|glucl_potentiation,hexafluoroethane,10000.0,331,0.0,23.416666666666668,7.359583333333333
worm,gaba_potentiation|complex_i_block|snare_cooperativity|nca_block|nachr_antagonism|glucl_potentiation,hexafluoroethane,10000.0,443,0.0,24.098958333333332,7.560555555555555
worm,gaba_potentiation|complex_i_block|snare_cooperativity|nca_block|nachr_antagonism|glucl_potentiation,hexafluoroethane,30000.0,42,0.0,23.471354166666668,7.361666666666666
worm,gaba_potentiation|complex_i_block|snare_cooperativity|nca_block|nachr_antagonism|glucl_potentiation,hexafluoroethane,30.0,331,0.0,23.416666666666668,7.359583333333333
worm,gaba_potentiation|complex_i_block|snare_cooperativity|nca_block|nachr_antagonism|glucl_potentiation,hexafluoroethane,30.0,443,0.0,24.098958333333332,7.560555555555555
worm,gaba_potentiation|complex_i_block|snare_cooperativity|nca_block|nachr_antagonism|glucl_potentiation,hexafluoroethane,100.0,42,0.0,23.471354166666668,7.361666666666666
worm,gaba_potentiation|complex_i_block|snare_cooperativity|nca_block|nachr_antagonism|glucl_potentiation,hexafluoroethane,100.0,137,0.0,22.885416666666668,7.247222222222222
worm,gaba_potentiation|complex_i_block|snare_cooperativity|nca_block|nachr_antagonism|glucl_potentiation,trans_12_dichloroethylene,30000.0,443,0.0,24.098958333333332,7.560555555555555
worm,gaba_potentiation|complex_i_block|snare_cooperativity|nca_block|nachr_antagonism|glucl_potentiation,hexafluoroethane,30.0,42,0.0,23.471354166666668,7.361666666666666
worm,gaba_potentiation|complex_i_block|snare_cooperativity|nca_block|nachr_antagonism|glucl_potentiation,hexafluoroethane,30.0,137,0.0,22.885416666666668,7.247222222222222
worm,gaba_potentiation|complex_i_block|snare_cooperativity|nca_block|nachr_antagonism|glucl_potentiation,hexafluoroethane,30.0,219,0.0,23.432291666666668,7.3838888888888885
worm,gaba_potentiation|complex_i_block|snare_cooperativity|nca_block|nachr_antagonism|glucl_potentiation,hexafluoroethane,300.0,137,0.0,22.885416666666668,7.247222222222222
worm,gaba_potentiation|complex_i_block|snare_cooperativity|nca_block|nachr_antagonism|glucl_potentiation,hexafluoroethane,300.0,219,0.0,23.432291666666668,7.3838888888888885
worm,gaba_potentiation|complex_i_block|snare_cooperativity|nca_block|nachr_antagonism|glucl_potentiation,hexafluoroethane,300.0,331,0.0,23.416666666666668,7.359583333333333
worm,gaba_potentiation|complex_i_block|snare_cooperativity|nca_block|nachr_antagonism|glucl_potentiation,hexafluoroethane,300.0,443,0.0,24.098958333333332,7.560555555555555
worm,k2p_potentiation|complex_i_block|snare_cooperativity|nca_block|nachr_antagonism|glucl_potentiation,cis_12_dichloroethylene,30.0,443,0.0,22.322916666666668,6.965416666666667
worm,k2p_potentiation|complex_i_block|snare_cooperativity|nca_block|nachr_antagonism|glucl_potentiation,cis_12_dichloroethylene,100.0,42,0.0,18.255208333333332,5.612361111111111
worm,k2p_potentiation|complex_i_block|snare_cooperativity|nca_block|nachr_antagonism|glucl_potentiation,cis_12_dichloroethylene,100.0,137,0.0,17.578125,5.451388888888889
worm,k2p_potentiation|complex_i_block|snare_cooperativity|nca_block|nachr_antagonism|glucl_potentiation,cis_12_dichloroethylene,100.0,219,0.0,18.546875,5.751666666666667
worm,k2p_potentiation|complex_i_block|snare_cooperativity|nca_block|nachr_antagonism|glucl_potentiation,cis_12_dichloroethylene,100.0,331,0.0,17.755208333333332,5.505277777777778
worm,k2p_potentiation|complex_i_block|snare_cooperativity|nca_block|nachr_antagonism|glucl_potentiation,cis_12_dichloroethylene,100.0,443,0.0,18.736979166666668,5.745277777777778
worm,k2p_potentiation|complex_i_block|snare_cooperativity|nca_block|nachr_antagonism|glucl_potentiation,cis_12_dichloroethylene,300.0,42,0.0,12.221354166666666,3.6254166666666667
worm,k2p_potentiation|complex_i_block|snare_cooperativity|nca_block|nachr_antagonism|glucl_potentiation,cis_12_dichloroethylene,300.0,137,0.0,11.2109375,3.3881944444444443
worm,gaba_potentiation|complex_i_block|snare_cooperativity|nca_block|nachr_antagonism|glucl_potentiation,hexafluoroethane,1000.0,42,0.0,23.471354166666668,7.361666666666666
worm,gaba_potentiation|complex_i_block|snare_cooperativity|nca_block|nachr_antagonism|glucl_potentiation,hexafluoroethane,1000.0,137,0.0,22.885416666666668,7.247222222222222
worm,gaba_potentiation|complex_i_block|snare_cooperativity|nca_block|nachr_antagonism|glucl_potentiation,hexafluoroethane,1000.0,219,0.0,23.432291666666668,7.3838888888888885
worm,gaba_potentiation|complex_i_block|snare_cooperativity|nca_block|nachr_antagonism|glucl_potentiation,hexafluoroethane,1000.0,331,0.0,23.416666666666668,7.359583333333333
worm,gaba_potentiation|complex_i_block|snare_cooperativity|nca_block|nachr_antagonism|glucl_potentiation,hexafluoroethane,1000.0,443,0.0,24.098958333333332,7.560555555555555
worm,gaba_potentiation|complex_i_block|snare_cooperativity|nca_block|nachr_antagonism|glucl_potentiation,hexafluoroethane,3000.0,42,0.0,23.471354166666668,7.361666666666666
worm,gaba_potentiation|complex_i_block|snare_cooperativity|nca_block|nachr_antagonism|glucl_potentiation,hexafluoroethane,3000.0,137,0.0,22.885416666666668,7.247222222222222
worm,gaba_potentiation|complex_i_block|snare_cooperativity|nca_block|nachr_antagonism|glucl_potentiation,hexafluoroethane,3000.0,219,0.0,23.432291666666668,7.3838888888888885
worm,gaba_potentiation|complex_i_block|snare_cooperativity|nca_block|nachr_antagonism|glucl_potentiation,hexafluoroethane,30000.0,137,0.0,22.885416666666668,7.247222222222222
worm,gaba_potentiation|complex_i_block|snare_cooperativity|nca_block|nachr_antagonism|glucl_potentiation,hexafluoroethane,30000.0,219,0.0,23.432291666666668,7.3838888888888885
worm,gaba_potentiation|complex_i_block|snare_cooperativity|nca_block|nachr_antagonism|glucl_potentiation,hexafluoroethane,30000.0,331,0.0,23.416666666666668,7.359583333333333
worm,gaba_potentiation|complex_i_block|snare_cooperativity|nca_block|nachr_antagonism|glucl_potentiation,hexafluoroethane,30000.0,443,0.0,24.098958333333332,7.560555555555555
worm,k2p_potentiation|complex_i_block|snare_cooperativity|nca_block|nachr_antagonism|glucl_potentiation,cis_12_dichloroethylene,30.0,42,0.0,22.0859375,6.845138888888889
worm,k2p_potentiation|complex_i_block|snare_cooperativity|nca_block|nachr_antagonism|glucl_potentiation,cis_12_dichloroethylene,30.0,137,0.0,21.0703125,6.646527777777778
worm,k2p_potentiation|complex_i_block|snare_cooperativity|nca_block|nachr_antagonism|glucl_potentiation,cis_12_dichloroethylene,30.0,219,0.0,22.010416666666668,6.887222222222222
worm,k2p_potentiation|complex_i_block|snare_cooperativity|nca_block|nachr_antagonism|glucl_potentiation,cis_12_dichloroethylene,30.0,331,0.0,21.494791666666668,6.723055555555556
worm,k2p_potentiation|complex_i_block|snare_cooperativity|nca_block|nachr_antagonism|glucl_potentiation,cis_12_dichloroethylene,1000.0,137,0.20833333333333334,4.807291666666667,1.3654166666666667
worm,k2p_potentiation|complex_i_block|snare_cooperativity|nca_block|nachr_antagonism|glucl_potentiation,cis_12_dichloroethylene,1000.0,219,0.16666666666666666,5.346354166666667,1.5025
worm,k2p_potentiation|complex_i_block|snare_cooperativity|nca_block|nachr_antagonism|glucl_potentiation,cis_12_dichloroethylene,1000.0,331,0.08333333333333333,5.244791666666667,1.4595833333333332
worm,k2p_potentiation|complex_i_block|snare_cooperativity|nca_block|nachr_antagonism|glucl_potentiation,cis_12_dichloroethylene,1000.0,443,0.16666666666666666,4.6015625,1.3408333333333333
worm,k2p_potentiation|complex_i_block|snare_cooperativity|nca_block|nachr_antagonism|glucl_potentiation,cis_12_dichloroethylene,3000.0,42,0.7291666666666666,2.2578125,0.6279166666666667
worm,k2p_potentiation|complex_i_block|snare_cooperativity|nca_block|nachr_antagonism|glucl_potentiation,cis_12_dichloroethylene,3000.0,137,0.7916666666666666,2.0859375,0.5984722222222222
worm,k2p_potentiation|complex_i_block|snare_cooperativity|nca_block|nachr_antagonism|glucl_potentiation,cis_12_dichloroethylene,3000.0,219,0.625,2.3307291666666665,0.6598611111111111
worm,k2p_potentiation|complex_i_block|snare_cooperativity|nca_block|nachr_antagonism|glucl_potentiation,cis_12_dichloroethylene,3000.0,331,0.5416666666666666,2.625,0.7018055555555556
worm,k2p_potentiation|complex_i_block|snare_cooperativity|nca_block|nachr_antagonism|glucl_potentiation,cis_12_dichloroethylene,10000.0,331,0.8958333333333334,1.4973958333333333,0.4222222222222222
worm,k2p_potentiation|complex_i_block|snare_cooperativity|nca_block|nachr_antagonism|glucl_potentiation,cis_12_dichloroethylene,10000.0,443,0.9791666666666666,0.8932291666666666,0.34055555555555556
worm,k2p_potentiation|complex_i_block|snare_cooperativity|nca_block|nachr_antagonism|glucl_potentiation,cis_12_dichloroethylene,30000.0,42,0.9791666666666666,1.0807291666666667,0.3223611111111111
worm,k2p_potentiation|complex_i_block|snare_cooperativity|nca_block|nachr_antagonism|glucl_potentiation,cis_12_dichloroethylene,30000.0,137,0.9583333333333334,1.0260416666666667,0.3213888888888889
worm,k2p_potentiation|complex_i_block|snare_cooperativity|nca_block|nachr_antagonism|glucl_potentiation,cis_12_dichloroethylene,300.0,219,0.0,12.364583333333334,3.6681944444444445
worm,k2p_potentiation|complex_i_block|snare_cooperativity|nca_block|nachr_antagonism|glucl_potentiation,cis_12_dichloroethylene,300.0,331,0.0,11.697916666666666,3.533888888888889
worm,k2p_potentiation|complex_i_block|snare_cooperativity|nca_block|nachr_antagonism|glucl_potentiation,cis_12_dichloroethylene,300.0,443,0.0,11.966145833333334,3.577916666666667
worm,k2p_potentiation|complex_i_block|snare_cooperativity|nca_block|nachr_antagonism|glucl_potentiation,cis_12_dichloroethylene,1000.0,42,0.10416666666666667,5.1484375,1.4555555555555555
worm,k2p_potentiation|complex_i_block|snare_cooperativity|nca_block|nachr_antagonism|glucl_potentiation,trans_12_dichloroethylene,100.0,42,0.0,23.408854166666668,7.336111111111111
worm,k2p_potentiation|complex_i_block|snare_cooperativity|nca_block|nachr_antagonism|glucl_potentiation,trans_12_dichloroethylene,100.0,137,0.0,22.661458333333332,7.169305555555556
worm,k2p_potentiation|complex_i_block|snare_cooperativity|nca_block|nachr_antagonism|glucl_potentiation,trans_12_dichloroethylene,100.0,219,0.0,23.307291666666668,7.336805555555555
worm,k2p_potentiation|complex_i_block|snare_cooperativity|nca_block|nachr_antagonism|glucl_potentiation,trans_12_dichloroethylene,100.0,331,0.0,23.223958333333332,7.300416666666667
worm,k2p_potentiation|complex_i_block|snare_cooperativity|nca_block|nachr_antagonism|glucl_potentiation,cis_12_dichloroethylene,3000.0,443,0.8333333333333334,1.6927083333333333,0.5418055555555555
worm,k2p_potentiation|complex_i_block|snare_cooperativity|nca_block|nachr_antagonism|glucl_potentiation,cis_12_dichloroethylene,10000.0,42,0.9583333333333334,1.2265625,0.37083333333333335
worm,k2p_potentiation|complex_i_block|snare_cooperativity|nca_block|nachr_antagonism|glucl_potentiation,cis_12_dichloroethylene,10000.0,137,0.9791666666666666,1.1666666666666667,0.35805555555555557
worm,k2p_potentiation|complex_i_block|snare_cooperativity|nca_block|nachr_antagonism|glucl_potentiation,cis_12_dichloroethylene,10000.0,219,0.875,1.4010416666666667,0.4111111111111111
worm,k2p_potentiation|complex_i_block|snare_cooperativity|nca_block|nachr_antagonism|glucl_potentiation,trans_12_dichloroethylene,30.0,137,0.0,22.841145833333332,7.234861111111111
worm,k2p_potentiation|complex_i_block|snare_cooperativity|nca_block|nachr_antagonism|glucl_potentiation,trans_12_dichloroethylene,30.0,219,0.0,23.359375,7.359583333333333
worm,k2p_potentiation|complex_i_block|snare_cooperativity|nca_block|nachr_antagonism|glucl_potentiation,trans_12_dichloroethylene,30.0,331,0.0,23.315104166666668,7.328194444444445
worm,k2p_potentiation|complex_i_block|snare_cooperativity|nca_block|nachr_antagonism|glucl_potentiation,trans_12_dichloroethylene,30.0,443,0.0,24.140625,7.568611111111111
worm,k2p_potentiation|complex_i_block|snare_cooperativity|nca_block|nachr_antagonism|glucl_potentiation,cis_12_dichloroethylene,30000.0,219,0.9583333333333334,1.1119791666666667,0.3375
worm,k2p_potentiation|complex_i_block|snare_cooperativity|nca_block|nachr_antagonism|glucl_potentiation,cis_12_dichloroethylene,30000.0,331,0.9375,1.2317708333333333,0.3556944444444444
worm,k2p_potentiation|complex_i_block|snare_cooperativity|nca_block|nachr_antagonism|glucl_potentiation,cis_12_dichloroethylene,30000.0,443,0.9791666666666666,0.7239583333333334,0.2902777777777778
worm,k2p_potentiation|complex_i_block|snare_cooperativity|nca_block|nachr_antagonism|glucl_potentiation,trans_12_dichloroethylene,30.0,42,0.0,23.341145833333332,7.324722222222222
worm,k2p_potentiation|complex_i_block|snare_cooperativity|nca_block|nachr_antagonism|glucl_potentiation,trans_12_dichloroethylene,10000.0,42,0.0,19.377604166666668,6.0008333333333335
worm,k2p_potentiation|complex_i_block|snare_cooperativity|nca_block|nachr_antagonism|glucl_potentiation,trans_12_dichloroethylene,10000.0,137,0.0,18.471354166666668,5.805
worm,k2p_potentiation|complex_i_block|snare_cooperativity|nca_block|nachr_antagonism|glucl_potentiation,trans_12_dichloroethylene,10000.0,219,0.0,19.861979166666668,6.223055555555556
worm,k2p_potentiation|complex_i_block|snare_cooperativity|nca_block|nachr_antagonism|glucl_potentiation,trans_12_dichloroethylene,10000.0,331,0.0,18.947916666666668,5.9325
worm,k2p_potentiation|complex_i_block|snare_cooperativity|nca_block|nachr_antagonism|glucl_potentiation,trans_12_dichloroethylene,100.0,443,0.0,23.955729166666668,7.5065277777777775
worm,k2p_potentiation|complex_i_block|snare_cooperativity|nca_block|nachr_antagonism|glucl_potentiation,trans_12_dichloroethylene,300.0,42,0.0,23.255208333333332,7.273333333333333
worm,k2p_potentiation|complex_i_block|snare_cooperativity|nca_block|nachr_antagonism|glucl_potentiation,trans_12_dichloroethylene,300.0,137,0.0,22.354166666666668,7.06875
worm,k2p_potentiation|complex_i_block|snare_cooperativity|nca_block|nachr_antagonism|glucl_potentiation,trans_12_dichloroethylene,300.0,219,0.0,23.122395833333332,7.282916666666667
worm,k2p_potentiation|complex_i_block|snare_cooperativity|nca_block|nachr_antagonism|glucl_potentiation,trans_12_dichloroethylene,10000.0,443,0.0,19.859375,6.179861111111111
worm,k2p_potentiation|complex_i_block|snare_cooperativity|nca_block|nachr_antagonism|glucl_potentiation,trans_12_dichloroethylene,30000.0,42,0.0,18.640625,5.78375
worm,k2p_potentiation|complex_i_block|snare_cooperativity|nca_block|nachr_antagonism|glucl_potentiation,trans_12_dichloroethylene,30000.0,137,0.0,17.864583333333332,5.5881944444444445
worm,k2p_potentiation|complex_i_block|snare_cooperativity|nca_block|nachr_antagonism|glucl_potentiation,trans_12_dichloroethylene,30000.0,219,0.0,18.9453125,5.924722222222222
worm,k2p_potentiation|complex_i_block|snare_cooperativity|nca_block|nachr_antagonism|glucl_potentiation,trans_12_dichloroethylene,300.0,331,0.0,22.690104166666668,7.126666666666667
worm,k2p_potentiation|complex_i_block|snare_cooperativity|nca_block|nachr_antagonism|glucl_potentiation,trans_12_dichloroethylene,300.0,443,0.0,23.567708333333332,7.38625
worm,k2p_potentiation|complex_i_block|snare_cooperativity|nca_block|nachr_antagonism|glucl_potentiation,trans_12_dichloroethylene,1000.0,42,0.0,22.46875,7.0193055555555555
worm,k2p_potentiation|complex_i_block|snare_cooperativity|nca_block|nachr_antagonism|glucl_potentiation,trans_12_dichloroethylene,1000.0,137,0.0,21.510416666666668,6.783055555555555
worm,k2p_potentiation|complex_i_block|snare_cooperativity|nca_block|nachr_antagonism|glucl_potentiation,trans_12_dichloroethylene,1000.0,219,0.0,22.3046875,7.011388888888889
worm,k2p_potentiation|complex_i_block|snare_cooperativity|nca_block|nachr_antagonism|glucl_potentiation,trans_12_dichloroethylene,1000.0,331,0.0,21.885416666666668,6.861944444444444
worm,k2p_potentiation|complex_i_block|snare_cooperativity|nca_block|nachr_antagonism|glucl_potentiation,trans_12_dichloroethylene,1000.0,443,0.0,22.747395833333332,7.124444444444444
worm,k2p_potentiation|complex_i_block|snare_cooperativity|nca_block|nachr_antagonism|glucl_potentiation,trans_12_dichloroethylene,3000.0,42,0.0,20.986979166666668,6.518611111111111
worm,k2p_potentiation|complex_i_block|snare_cooperativity|nca_block|nachr_antagonism|glucl_potentiation,trans_12_dichloroethylene,3000.0,137,0.0,19.677083333333332,6.2098611111111115
worm,k2p_potentiation|complex_i_block|snare_cooperativity|nca_block|nachr_antagonism|glucl_potentiation,trans_12_dichloroethylene,3000.0,219,0.0,21.1171875,6.628611111111111
worm,k2p_potentiation|complex_i_block|snare_cooperativity|nca_block|nachr_antagonism|glucl_potentiation,trans_12_dichloroethylene,3000.0,331,0.0,20.541666666666668,6.42125
worm,k2p_potentiation|complex_i_block|snare_cooperativity|nca_block|nachr_antagonism|glucl_potentiation,trans_12_dichloroethylene,3000.0,443,0.0,21.4296875,6.6738888888888885
worm,k2p_potentiation|complex_i_block|snare_cooperativity|nca_block|nachr_antagonism|glucl_potentiation,hexafluoroethane,300.0,42,0.0,23.4375,7.337777777777778
worm,k2p_potentiation|complex_i_block|snare_cooperativity|nca_block|nachr_antagonism|glucl_potentiation,hexafluoroethane,300.0,137,0.0,22.5,7.122083333333333
worm,k2p_potentiation|complex_i_block|snare_cooperativity|nca_block|nachr_antagonism|glucl_potentiation,hexafluoroethane,300.0,219,0.0,23.3359375,7.35125
worm,k2p_potentiation|complex_i_block|snare_cooperativity|nca_block|nachr_antagonism|glucl_potentiation,hexafluoroethane,300.0,331,0.0,23.018229166666668,7.234166666666667
worm,k2p_potentiation|complex_i_block|snare_cooperativity|nca_block|nachr_antagonism|glucl_potentiation,trans_12_dichloroethylene,30000.0,331,0.0,18.453125,5.756666666666667
worm,k2p_potentiation|complex_i_block|snare_cooperativity|nca_block|nachr_antagonism|glucl_potentiation,trans_12_dichloroethylene,30000.0,443,0.0,18.635416666666668,5.8025
worm,k2p_potentiation|complex_i_block|snare_cooperativity|nca_block|nachr_antagonism|glucl_potentiation,hexafluoroethane,30.0,42,0.0,23.416666666666668,7.349583333333333
worm,k2p_potentiation|complex_i_block|snare_cooperativity|nca_block|nachr_antagonism|glucl_potentiation,hexafluoroethane,30.0,137,0.0,22.9453125,7.266111111111111
worm,k2p_potentiation|complex_i_block|snare_cooperativity|nca_block|nachr_antagonism|glucl_potentiation,hexafluoroethane,100.0,137,0.0,22.700520833333332,7.192083333333334
worm,k2p_potentiation|complex_i_block|snare_cooperativity|nca_block|nachr_antagonism|glucl_potentiation,hexafluoroethane,100.0,219,0.0,23.286458333333332,7.3348611111111115
worm,k2p_potentiation|complex_i_block|snare_cooperativity|nca_block|nachr_antagonism|glucl_potentiation,hexafluoroethane,100.0,331,0.0,23.1875,7.289166666666667
worm,k2p_potentiation|complex_i_block|snare_cooperativity|nca_block|nachr_antagonism|glucl_potentiation,hexafluoroethane,100.0,443,0.0,24.169270833333332,7.5744444444444445
worm,k2p_potentiation|complex_i_block|snare_cooperativity|nca_block|nachr_antagonism|glucl_potentiation,hexafluoroethane,3000.0,219,0.0,21.606770833333332,6.789861111111111
worm,k2p_potentiation|complex_i_block|snare_cooperativity|nca_block|nachr_antagonism|glucl_potentiation,hexafluoroethane,3000.0,331,0.0,20.950520833333332,6.571805555555556
worm,k2p_potentiation|complex_i_block|snare_cooperativity|nca_block|nachr_antagonism|glucl_potentiation,hexafluoroethane,3000.0,443,0.0,21.973958333333332,6.876805555555555
worm,k2p_potentiation|complex_i_block|snare_cooperativity|nca_block|nachr_antagonism|glucl_potentiation,hexafluoroethane,10000.0,42,0.0,20.018229166666668,6.220972222222223
worm,k2p_potentiation|complex_i_block|snare_cooperativity|nca_block|nachr_antagonism|glucl_potentiation,hexafluoroethane,10000.0,137,0.0,19.005208333333332,5.958055555555555
worm,k2p_potentiation|complex_i_block|snare_cooperativity|nca_block|nachr_antagonism|glucl_potentiation,hexafluoroethane,10000.0,219,0.0,20.252604166666668,6.36125
worm,k2p_potentiation|complex_i_block|snare_cooperativity|nca_block|nachr_antagonism|glucl_potentiation,hexafluoroethane,10000.0,331,0.0,19.489583333333332,6.097777777777778
worm,k2p_potentiation|complex_i_block|snare_cooperativity|nca_block|nachr_antagonism|glucl_potentiation,hexafluoroethane,10000.0,443,0.0,20.361979166666668,6.332083333333333
worm,k2p_potentiation|complex_i_block|snare_cooperativity|nca_block|nachr_antagonism|glucl_potentiation,hexafluoroethane,30000.0,42,0.0,19.109375,5.922361111111111
worm,k2p_potentiation|complex_i_block|snare_cooperativity|nca_block|nachr_antagonism|glucl_potentiation,hexafluoroethane,30000.0,137,0.0,17.955729166666668,5.635555555555555
worm,k2p_potentiation|complex_i_block|snare_cooperativity|nca_block|nachr_antagonism|glucl_potentiation,hexafluoroethane,30000.0,219,0.0,19.354166666666668,6.053472222222222
worm,k2p_potentiation|complex_i_block|snare_cooperativity|nca_block|nachr_antagonism|glucl_potentiation,hexafluoroethane,30000.0,331,0.0,18.515625,5.784722222222222
worm,k2p_potentiation|complex_i_block|snare_cooperativity|nca_block|nachr_antagonism|glucl_potentiation,hexafluoroethane,30.0,219,0.0,23.434895833333332,7.381805555555555
worm,k2p_potentiation|complex_i_block|snare_cooperativity|nca_block|nachr_antagonism|glucl_potentiation,hexafluoroethane,30.0,331,0.0,23.3515625,7.341527777777777
worm,k2p_potentiation|complex_i_block|snare_cooperativity|nca_block|nachr_antagonism|glucl_potentiation,hexafluoroethane,30.0,443,0.0,24.119791666666668,7.563194444444444
worm,k2p_potentiation|complex_i_block|snare_cooperativity|nca_block|nachr_antagonism|glucl_potentiation,hexafluoroethane,100.0,42,0.0,23.4296875,7.344305555555556
worm,k2p_potentiation|complex_i_block|snare_cooperativity|nca_block|nachr_antagonism|glucl_potentiation,hexafluoroethane,300.0,443,0.0,23.765625,7.462916666666667
worm,k2p_potentiation|complex_i_block|snare_cooperativity|nca_block|nachr_antagonism|glucl_potentiation,hexafluoroethane,1000.0,42,0.0,22.981770833333332,7.175833333333333
worm,k2p_potentiation|complex_i_block|snare_cooperativity|nca_block|nachr_antagonism|glucl_potentiation,hexafluoroethane,1000.0,137,0.0,22.114583333333332,6.974444444444444
worm,k2p_potentiation|complex_i_block|snare_cooperativity|nca_block|nachr_antagonism|glucl_potentiation,hexafluoroethane,1000.0,219,0.0,22.815104166666668,7.17625
worm,k2p_potentiation|complex_i_block|snare_cooperativity|nca_block|nachr_antagonism|glucl_potentiation,hexafluoroethane,1000.0,331,0.0,22.21875,6.977916666666666
worm,k2p_potentiation|complex_i_block|snare_cooperativity|nca_block|nachr_antagonism|glucl_potentiation,hexafluoroethane,1000.0,443,0.0,23.057291666666668,7.233194444444444
worm,k2p_potentiation|complex_i_block|snare_cooperativity|nca_block|nachr_antagonism|glucl_potentiation,hexafluoroethane,3000.0,42,0.0,21.973958333333332,6.841388888888889
worm,k2p_potentiation|complex_i_block|snare_cooperativity|nca_block|nachr_antagonism|glucl_potentiation,hexafluoroethane,3000.0,137,0.0,20.2265625,6.402361111111111
worm,gaba_potentiation|k2p_potentiation|complex_i_block|snare_cooperativity|nca_block|nachr_antagonism|glucl_potentiation,cis_12_dichloroethylene,300.0,137,0.0,10.260416666666666,3.089583333333333
worm,gaba_potentiation|k2p_potentiation|complex_i_block|snare_cooperativity|nca_block|nachr_antagonism|glucl_potentiation,cis_12_dichloroethylene,300.0,219,0.0,11.419270833333334,3.405
worm,gaba_potentiation|k2p_potentiation|complex_i_block|snare_cooperativity|nca_block|nachr_antagonism|glucl_potentiation,cis_12_dichloroethylene,300.0,331,0.020833333333333332,11.078125,3.3068055555555556
worm,gaba_potentiation|k2p_potentiation|complex_i_block|snare_cooperativity|nca_block|nachr_antagonism|glucl_potentiation,cis_12_dichloroethylene,300.0,443,0.0,10.807291666666666,3.2218055555555556
worm,k2p_potentiation|complex_i_block|snare_cooperativity|nca_block|nachr_antagonism|glucl_potentiation,hexafluoroethane,30000.0,443,0.0,19.234375,5.978611111111111
worm,gaba_potentiation|k2p_potentiation|complex_i_block|snare_cooperativity|nca_block|nachr_antagonism|glucl_potentiation,cis_12_dichloroethylene,30.0,42,0.0,21.794270833333332,6.751111111111111
worm,gaba_potentiation|k2p_potentiation|complex_i_block|snare_cooperativity|nca_block|nachr_antagonism|glucl_potentiation,cis_12_dichloroethylene,30.0,137,0.0,20.731770833333332,6.547083333333333
worm,gaba_potentiation|k2p_potentiation|complex_i_block|snare_cooperativity|nca_block|nachr_antagonism|glucl_potentiation,cis_12_dichloroethylene,30.0,219,0.0,22.020833333333332,6.872777777777777
worm,gaba_potentiation|k2p_potentiation|complex_i_block|snare_cooperativity|nca_block|nachr_antagonism|glucl_potentiation,cis_12_dichloroethylene,10000.0,219,1.0,0.8958333333333334,0.2693055555555556
worm,gaba_potentiation|k2p_potentiation|complex_i_block|snare_cooperativity|nca_block|nachr_antagonism|glucl_potentiation,cis_12_dichloroethylene,10000.0,331,0.9791666666666666,0.9322916666666666,0.27652777777777776
worm,gaba_potentiation|k2p_potentiation|complex_i_block|snare_cooperativity|nca_block|nachr_antagonism|glucl_potentiation,cis_12_dichloroethylene,10000.0,443,0.9583333333333334,0.578125,0.2286111111111111
worm,gaba_potentiation|k2p_potentiation|complex_i_block|snare_cooperativity|nca_block|nachr_antagonism|glucl_potentiation,cis_12_dichloroethylene,30000.0,42,0.9791666666666666,0.7395833333333334,0.22333333333333333
worm,gaba_potentiation|k2p_potentiation|complex_i_block|snare_cooperativity|nca_block|nachr_antagonism|glucl_potentiation,cis_12_dichloroethylene,3000.0,331,0.7708333333333334,1.8854166666666667,0.5073611111111112
worm,gaba_potentiation|k2p_potentiation|complex_i_block|snare_cooperativity|nca_block|nachr_antagonism|glucl_potentiation,cis_12_dichloroethylene,3000.0,443,0.9583333333333334,1.0989583333333333,0.38416666666666666
worm,gaba_potentiation|k2p_potentiation|complex_i_block|snare_cooperativity|nca_block|nachr_antagonism|glucl_potentiation,cis_12_dichloroethylene,10000.0,42,0.9791666666666666,0.9583333333333334,0.27111111111111114
worm,gaba_potentiation|k2p_potentiation|complex_i_block|snare_cooperativity|nca_block|nachr_antagonism|glucl_potentiation,cis_12_dichloroethylene,10000.0,137,0.9791666666666666,0.8776041666666666,0.26763888888888887
worm,gaba_potentiation|k2p_potentiation|complex_i_block|snare_cooperativity|nca_block|nachr_antagonism|glucl_potentiation,cis_12_dichloroethylene,30000.0,137,1.0,0.6197916666666666,0.20819444444444443
worm,gaba_potentiation|k2p_potentiation|complex_i_block|snare_cooperativity|nca_block|nachr_antagonism|glucl_potentiation,cis_12_dichloroethylene,30000.0,219,1.0,0.7682291666666666,0.2325
worm,gaba_potentiation|k2p_potentiation|complex_i_block|snare_cooperativity|nca_block|nachr_antagonism|glucl_potentiation,cis_12_dichloroethylene,30000.0,331,1.0,0.8151041666666666,0.2461111111111111
worm,gaba_potentiation|k2p_potentiation|complex_i_block|snare_cooperativity|nca_block|nachr_antagonism|glucl_potentiation,cis_12_dichloroethylene,30000.0,443,1.0,0.4270833333333333,0.19305555555555556
worm,gaba_potentiation|k2p_potentiation|complex_i_block|snare_cooperativity|nca_block|nachr_antagonism|glucl_potentiation,cis_12_dichloroethylene,30.0,331,0.0,21.192708333333332,6.622777777777777
worm,gaba_potentiation|k2p_potentiation|complex_i_block|snare_cooperativity|nca_block|nachr_antagonism|glucl_potentiation,cis_12_dichloroethylene,30.0,443,0.0,22.447916666666668,6.988333333333333
worm,gaba_potentiation|k2p_potentiation|complex_i_block|snare_cooperativity|nca_block|nachr_antagonism|glucl_potentiation,cis_12_dichloroethylene,100.0,42,0.0,17.888020833333332,5.48625
worm,gaba_potentiation|k2p_potentiation|complex_i_block|snare_cooperativity|nca_block|nachr_antagonism|glucl_potentiation,cis_12_dichloroethylene,100.0,137,0.0,16.791666666666668,5.202638888888889
worm,gaba_potentiation|k2p_potentiation|complex_i_block|snare_cooperativity|nca_block|nachr_antagonism|glucl_potentiation,cis_12_dichloroethylene,100.0,219,0.0,18.364583333333332,5.672777777777778
worm,gaba_potentiation|k2p_potentiation|complex_i_block|snare_cooperativity|nca_block|nachr_antagonism|glucl_potentiation,cis_12_dichloroethylene,100.0,331,0.0,17.4375,5.382777777777778
worm,gaba_potentiation|k2p_potentiation|complex_i_block|snare_cooperativity|nca_block|nachr_antagonism|glucl_potentiation,cis_12_dichloroethylene,100.0,443,0.0,17.885416666666668,5.4975
worm,gaba_potentiation|k2p_potentiation|complex_i_block|snare_cooperativity|nca_block|nachr_antagonism|glucl_potentiation,cis_12_dichloroethylene,300.0,42,0.0,11.0625,3.2695833333333333
worm,gaba_potentiation|k2p_potentiation|complex_i_block|snare_cooperativity|nca_block|nachr_antagonism|glucl_potentiation,cis_12_dichloroethylene,1000.0,42,0.25,4.205729166666667,1.1734722222222222
worm,gaba_potentiation|k2p_potentiation|complex_i_block|snare_cooperativity|nca_block|nachr_antagonism|glucl_potentiation,cis_12_dichloroethylene,1000.0,137,0.3958333333333333,3.7994791666666665,1.0859722222222221
worm,gaba_potentiation|k2p_potentiation|complex_i_block|snare_cooperativity|nca_block|nachr_antagonism|glucl_potentiation,cis_12_dichloroethylene,1000.0,219,0.2708333333333333,4.440104166666667,1.2459722222222223
worm,gaba_potentiation|k2p_potentiation|complex_i_block|snare_cooperativity|nca_block|nachr_antagonism|glucl_potentiation,cis_12_dichloroethylene,1000.0,331,0.1875,4.447916666666667,1.2179166666666668
worm,gaba_potentiation|k2p_potentiation|complex_i_block|snare_cooperativity|nca_block|nachr_antagonism|glucl_potentiation,cis_12_dichloroethylene,1000.0,443,0.4166666666666667,3.328125,0.99125
worm,gaba_potentiation|k2p_potentiation|complex_i_block|snare_cooperativity|nca_block|nachr_antagonism|glucl_potentiation,cis_12_dichloroethylene,3000.0,42,0.8958333333333334,1.4505208333333333,0.42125
worm,gaba_potentiation|k2p_potentiation|complex_i_block|snare_cooperativity|nca_block|nachr_antagonism|glucl_potentiation,cis_12_dichloroethylene,3000.0,137,0.9375,1.4947916666666667,0.4334722222222222
worm,gaba_potentiation|k2p_potentiation|complex_i_block|snare_cooperativity|nca_block|nachr_antagonism|glucl_potentiation,cis_12_dichloroethylene,3000.0,219,0.8541666666666666,1.6354166666666667,0.47055555555555556
worm,gaba_potentiation|k2p_potentiation|complex_i_block|snare_cooperativity|nca_block|nachr_antagonism|glucl_potentiation,trans_12_dichloroethylene,300.0,219,0.0,23.122395833333332,7.282916666666667
worm,gaba_potentiation|k2p_potentiation|complex_i_block|snare_cooperativity|nca_block|nachr_antagonism|glucl_potentiation,trans_12_dichloroethylene,300.0,331,0.0,22.690104166666668,7.126666666666667
worm,gaba_potentiation|k2p_potentiation|complex_i_block|snare_cooperativity|nca_block|nachr_antagonism|glucl_potentiation,trans_12_dichloroethylene,300.0,443,0.0,23.567708333333332,7.38625
worm,gaba_potentiation|k2p_potentiation|complex_i_block|snare_cooperativity|nca_block|nachr_antagonism|glucl_potentiation,trans_12_dichloroethylene,1000.0,42,0.0,22.46875,7.0193055555555555
worm,gaba_potentiation|k2p_potentiation|complex_i_block|snare_cooperativity|nca_block|nachr_antagonism|glucl_potentiation,trans_12_dichloroethylene,30.0,42,0.0,23.341145833333332,7.324722222222222
worm,gaba_potentiation|k2p_potentiation|complex_i_block|snare_cooperativity|nca_block|nachr_antagonism|glucl_potentiation,trans_12_dichloroethylene,30.0,137,0.0,22.841145833333332,7.234861111111111
worm,gaba_potentiation|k2p_potentiation|complex_i_block|snare_cooperativity|nca_block|nachr_antagonism|glucl_potentiation,trans_12_dichloroethylene,30.0,219,0.0,23.359375,7.359583333333333
worm,gaba_potentiation|k2p_potentiation|complex_i_block|snare_cooperativity|nca_block|nachr_antagonism|glucl_potentiation,trans_12_dichloroethylene,30.0,331,0.0,23.315104166666668,7.328194444444445
worm,gaba_potentiation|k2p_potentiation|complex_i_block|snare_cooperativity|nca_block|nachr_antagonism|glucl_potentiation,trans_12_dichloroethylene,10000.0,331,0.0,18.947916666666668,5.9325
worm,gaba_potentiation|k2p_potentiation|complex_i_block|snare_cooperativity|nca_block|nachr_antagonism|glucl_potentiation,trans_12_dichloroethylene,10000.0,443,0.0,19.859375,6.179861111111111
worm,gaba_potentiation|k2p_potentiation|complex_i_block|snare_cooperativity|nca_block|nachr_antagonism|glucl_potentiation,trans_12_dichloroethylene,30000.0,42,0.0,18.640625,5.78375
worm,gaba_potentiation|k2p_potentiation|complex_i_block|snare_cooperativity|nca_block|nachr_antagonism|glucl_potentiation,trans_12_dichloroethylene,30000.0,137,0.0,17.864583333333332,5.5881944444444445
worm,gaba_potentiation|k2p_potentiation|complex_i_block|snare_cooperativity|nca_block|nachr_antagonism|glucl_potentiation,trans_12_dichloroethylene,3000.0,42,0.0,20.986979166666668,6.518611111111111
worm,gaba_potentiation|k2p_potentiation|complex_i_block|snare_cooperativity|nca_block|nachr_antagonism|glucl_potentiation,trans_12_dichloroethylene,3000.0,137,0.0,19.677083333333332,6.2098611111111115
worm,gaba_potentiation|k2p_potentiation|complex_i_block|snare_cooperativity|nca_block|nachr_antagonism|glucl_potentiation,trans_12_dichloroethylene,3000.0,219,0.0,21.1171875,6.628611111111111
worm,gaba_potentiation|k2p_potentiation|complex_i_block|snare_cooperativity|nca_block|nachr_antagonism|glucl_potentiation,trans_12_dichloroethylene,3000.0,331,0.0,20.541666666666668,6.42125
worm,gaba_potentiation|k2p_potentiation|complex_i_block|snare_cooperativity|nca_block|nachr_antagonism|glucl_potentiation,trans_12_dichloroethylene,1000.0,137,0.0,21.510416666666668,6.783055555555555
worm,gaba_potentiation|k2p_potentiation|complex_i_block|snare_cooperativity|nca_block|nachr_antagonism|glucl_potentiation,trans_12_dichloroethylene,1000.0,219,0.0,22.3046875,7.011388888888889
worm,gaba_potentiation|k2p_potentiation|complex_i_block|snare_cooperativity|nca_block|nachr_antagonism|glucl_potentiation,trans_12_dichloroethylene,1000.0,331,0.0,21.885416666666668,6.861944444444444
worm,gaba_potentiation|k2p_potentiation|complex_i_block|snare_cooperativity|nca_block|nachr_antagonism|glucl_potentiation,trans_12_dichloroethylene,1000.0,443,0.0,22.747395833333332,7.124444444444444
worm,gaba_potentiation|k2p_potentiation|complex_i_block|snare_cooperativity|nca_block|nachr_antagonism|glucl_potentiation,trans_12_dichloroethylene,100.0,331,0.0,23.223958333333332,7.300416666666667
worm,gaba_potentiation|k2p_potentiation|complex_i_block|snare_cooperativity|nca_block|nachr_antagonism|glucl_potentiation,trans_12_dichloroethylene,100.0,443,0.0,23.955729166666668,7.5065277777777775
worm,gaba_potentiation|k2p_potentiation|complex_i_block|snare_cooperativity|nca_block|nachr_antagonism|glucl_potentiation,trans_12_dichloroethylene,300.0,42,0.0,23.255208333333332,7.273333333333333
worm,gaba_potentiation|k2p_potentiation|complex_i_block|snare_cooperativity|nca_block|nachr_antagonism|glucl_potentiation,trans_12_dichloroethylene,300.0,137,0.0,22.354166666666668,7.06875
worm,gaba_potentiation|k2p_potentiation|complex_i_block|snare_cooperativity|nca_block|nachr_antagonism|glucl_potentiation,trans_12_dichloroethylene,30.0,443,0.0,24.140625,7.568611111111111
worm,gaba_potentiation|k2p_potentiation|complex_i_block|snare_cooperativity|nca_block|nachr_antagonism|glucl_potentiation,trans_12_dichloroethylene,100.0,42,0.0,23.408854166666668,7.336111111111111
worm,gaba_potentiation|k2p_potentiation|complex_i_block|snare_cooperativity|nca_block|nachr_antagonism|glucl_potentiation,trans_12_dichloroethylene,100.0,137,0.0,22.661458333333332,7.169305555555556
worm,gaba_potentiation|k2p_potentiation|complex_i_block|snare_cooperativity|nca_block|nachr_antagonism|glucl_potentiation,trans_12_dichloroethylene,100.0,219,0.0,23.307291666666668,7.336805555555555
worm,gaba_potentiation|k2p_potentiation|complex_i_block|snare_cooperativity|nca_block|nachr_antagonism|glucl_potentiation,trans_12_dichloroethylene,3000.0,443,0.0,21.4296875,6.6738888888888885
worm,gaba_potentiation|k2p_potentiation|complex_i_block|snare_cooperativity|nca_block|nachr_antagonism|glucl_potentiation,trans_12_dichloroethylene,10000.0,42,0.0,19.377604166666668,6.0008333333333335
worm,gaba_potentiation|k2p_potentiation|complex_i_block|snare_cooperativity|nca_block|nachr_antagonism|glucl_potentiation,trans_12_dichloroethylene,10000.0,137,0.0,18.471354166666668,5.805
worm,gaba_potentiation|k2p_potentiation|complex_i_block|snare_cooperativity|nca_block|nachr_antagonism|glucl_potentiation,trans_12_dichloroethylene,10000.0,219,0.0,19.861979166666668,6.223055555555556
worm,gaba_potentiation|k2p_potentiation|complex_i_block|snare_cooperativity|nca_block|nachr_antagonism|glucl_potentiation,hexafluoroethane,300.0,331,0.0,23.018229166666668,7.234166666666667
worm,gaba_potentiation|k2p_potentiation|complex_i_block|snare_cooperativity|nca_block|nachr_antagonism|glucl_potentiation,hexafluoroethane,300.0,443,0.0,23.765625,7.462916666666667
worm,gaba_potentiation|k2p_potentiation|complex_i_block|snare_cooperativity|nca_block|nachr_antagonism|glucl_potentiation,hexafluoroethane,1000.0,42,0.0,22.981770833333332,7.175833333333333
worm,gaba_potentiation|k2p_potentiation|complex_i_block|snare_cooperativity|nca_block|nachr_antagonism|glucl_potentiation,hexafluoroethane,1000.0,137,0.0,22.114583333333332,6.974444444444444
worm,gaba_potentiation|k2p_potentiation|complex_i_block|snare_cooperativity|nca_block|nachr_antagonism|glucl_potentiation,trans_12_dichloroethylene,30000.0,219,0.0,18.9453125,5.924722222222222
worm,gaba_potentiation|k2p_potentiation|complex_i_block|snare_cooperativity|nca_block|nachr_antagonism|glucl_potentiation,trans_12_dichloroethylene,30000.0,331,0.0,18.453125,5.756666666666667
worm,gaba_potentiation|k2p_potentiation|complex_i_block|snare_cooperativity|nca_block|nachr_antagonism|glucl_potentiation,trans_12_dichloroethylene,30000.0,443,0.0,18.635416666666668,5.8025
worm,gaba_potentiation|k2p_potentiation|complex_i_block|snare_cooperativity|nca_block|nachr_antagonism|glucl_potentiation,hexafluoroethane,30.0,42,0.0,23.416666666666668,7.349583333333333
worm,gaba_potentiation|k2p_potentiation|complex_i_block|snare_cooperativity|nca_block|nachr_antagonism|glucl_potentiation,hexafluoroethane,3000.0,137,0.0,20.2265625,6.402361111111111
worm,gaba_potentiation|k2p_potentiation|complex_i_block|snare_cooperativity|nca_block|nachr_antagonism|glucl_potentiation,hexafluoroethane,3000.0,219,0.0,21.606770833333332,6.789861111111111
worm,gaba_potentiation|k2p_potentiation|complex_i_block|snare_cooperativity|nca_block|nachr_antagonism|glucl_potentiation,hexafluoroethane,3000.0,331,0.0,20.950520833333332,6.571805555555556
worm,gaba_potentiation|k2p_potentiation|complex_i_block|snare_cooperativity|nca_block|nachr_antagonism|glucl_potentiation,hexafluoroethane,3000.0,443,0.0,21.973958333333332,6.876805555555555
worm,gaba_potentiation|k2p_potentiation|complex_i_block|snare_cooperativity|nca_block|nachr_antagonism|glucl_potentiation,hexafluoroethane,30.0,137,0.0,22.9453125,7.266111111111111
worm,gaba_potentiation|k2p_potentiation|complex_i_block|snare_cooperativity|nca_block|nachr_antagonism|glucl_potentiation,hexafluoroethane,30.0,219,0.0,23.434895833333332,7.381805555555555
worm,gaba_potentiation|k2p_potentiation|complex_i_block|snare_cooperativity|nca_block|nachr_antagonism|glucl_potentiation,hexafluoroethane,30.0,331,0.0,23.3515625,7.341527777777777
worm,gaba_potentiation|k2p_potentiation|complex_i_block|snare_cooperativity|nca_block|nachr_antagonism|glucl_potentiation,hexafluoroethane,30.0,443,0.0,24.119791666666668,7.563194444444444
worm,gaba_potentiation|k2p_potentiation|complex_i_block|snare_cooperativity|nca_block|nachr_antagonism|glucl_potentiation,hexafluoroethane,10000.0,42,0.0,20.018229166666668,6.220972222222223
worm,gaba_potentiation|k2p_potentiation|complex_i_block|snare_cooperativity|nca_block|nachr_antagonism|glucl_potentiation,hexafluoroethane,10000.0,137,0.0,19.005208333333332,5.958055555555555
worm,gaba_potentiation|k2p_potentiation|complex_i_block|snare_cooperativity|nca_block|nachr_antagonism|glucl_potentiation,hexafluoroethane,10000.0,219,0.0,20.252604166666668,6.36125
worm,gaba_potentiation|k2p_potentiation|complex_i_block|snare_cooperativity|nca_block|nachr_antagonism|glucl_potentiation,hexafluoroethane,10000.0,331,0.0,19.489583333333332,6.097777777777778
worm,gaba_potentiation|k2p_potentiation|complex_i_block|snare_cooperativity|nca_block|nachr_antagonism|glucl_potentiation,hexafluoroethane,100.0,42,0.0,23.4296875,7.344305555555556
worm,gaba_potentiation|k2p_potentiation|complex_i_block|snare_cooperativity|nca_block|nachr_antagonism|glucl_potentiation,hexafluoroethane,100.0,137,0.0,22.700520833333332,7.192083333333334
worm,gaba_potentiation|k2p_potentiation|complex_i_block|snare_cooperativity|nca_block|nachr_antagonism|glucl_potentiation,hexafluoroethane,100.0,219,0.0,23.286458333333332,7.3348611111111115
worm,gaba_potentiation|k2p_potentiation|complex_i_block|snare_cooperativity|nca_block|nachr_antagonism|glucl_potentiation,hexafluoroethane,100.0,331,0.0,23.1875,7.289166666666667
worm,gaba_potentiation|k2p_potentiation|complex_i_block|snare_cooperativity|nca_block|nachr_antagonism|glucl_potentiation,hexafluoroethane,10000.0,443,0.0,20.361979166666668,6.332083333333333
worm,gaba_potentiation|k2p_potentiation|complex_i_block|snare_cooperativity|nca_block|nachr_antagonism|glucl_potentiation,hexafluoroethane,30000.0,42,0.0,19.109375,5.922361111111111
worm,gaba_potentiation|k2p_potentiation|complex_i_block|snare_cooperativity|nca_block|nachr_antagonism|glucl_potentiation,hexafluoroethane,30000.0,137,0.0,17.955729166666668,5.635555555555555
worm,gaba_potentiation|k2p_potentiation|complex_i_block|snare_cooperativity|nca_block|nachr_antagonism|glucl_potentiation,hexafluoroethane,30000.0,219,0.0,19.354166666666668,6.053472222222222
worm,gaba_potentiation|k2p_potentiation|complex_i_block|snare_cooperativity|nca_block|nachr_antagonism|glucl_potentiation,hexafluoroethane,100.0,443,0.0,24.169270833333332,7.5744444444444445
worm,gaba_potentiation|k2p_potentiation|complex_i_block|snare_cooperativity|nca_block|nachr_antagonism|glucl_potentiation,hexafluoroethane,300.0,42,0.0,23.4375,7.337777777777778
worm,gaba_potentiation|k2p_potentiation|complex_i_block|snare_cooperativity|nca_block|nachr_antagonism|glucl_potentiation,hexafluoroethane,300.0,137,0.0,22.5,7.122083333333333
worm,gaba_potentiation|k2p_potentiation|complex_i_block|snare_cooperativity|nca_block|nachr_antagonism|glucl_potentiation,hexafluoroethane,300.0,219,0.0,23.3359375,7.35125
worm,gaba_potentiation|k2p_potentiation|complex_i_block|snare_cooperativity|nca_block|nachr_antagonism|glucl_potentiation,hexafluoroethane,1000.0,219,0.0,22.815104166666668,7.17625
worm,gaba_potentiation|k2p_potentiation|complex_i_block|snare_cooperativity|nca_block|nachr_antagonism|glucl_potentiation,hexafluoroethane,1000.0,331,0.0,22.21875,6.977916666666666
worm,gaba_potentiation|k2p_potentiation|complex_i_block|snare_cooperativity|nca_block|nachr_antagonism|glucl_potentiation,hexafluoroethane,1000.0,443,0.0,23.057291666666668,7.233194444444444
worm,gaba_potentiation|k2p_potentiation|complex_i_block|snare_cooperativity|nca_block|nachr_antagonism|glucl_potentiation,hexafluoroethane,3000.0,42,0.0,21.973958333333332,6.841388888888889
worm,gaba_potentiation|k2p_potentiation|complex_i_block|snare_cooperativity|nca_block|nachr_antagonism|glucl_potentiation,hexafluoroethane,30000.0,331,0.0,18.515625,5.784722222222222
worm,gaba_potentiation|k2p_potentiation|complex_i_block|snare_cooperativity|nca_block|nachr_antagonism|glucl_potentiation,hexafluoroethane,30000.0,443,0.0,19.234375,5.978611111111111
fly,gaba_potentiation|k2p_potentiation|complex_i_block|snare_cooperativity|nca_block|nachr_antagonism,cis_12_dichloroethylene,30.0,42,0.0,1.9680217831813576,2.138296070460705
fly,gaba_potentiation|k2p_potentiation|complex_i_block|snare_cooperativity|nca_block|nachr_antagonism,cis_12_dichloroethylene,30.0,137,0.0,1.9333206686930093,2.1157125112917794
fly,gaba_potentiation|k2p_potentiation|complex_i_block|snare_cooperativity|nca_block|nachr_antagonism,cis_12_dichloroethylene,30.0,219,0.0,1.9037487335359675,2.062133017163505
fly,gaba_potentiation|k2p_potentiation|complex_i_block|snare_cooperativity|nca_block|nachr_antagonism,cis_12_dichloroethylene,30.0,331,0.0,1.9435157041540017,2.116277100271003
fly,gaba_potentiation|k2p_potentiation|complex_i_block|snare_cooperativity|nca_block|nachr_antagonism,cis_12_dichloroethylene,30.0,443,0.0,1.9155268490374873,2.0969822719060525
fly,gaba_potentiation|k2p_potentiation|complex_i_block|snare_cooperativity|nca_block|nachr_antagonism,cis_12_dichloroethylene,100.0,42,0.0,1.7292933130699089,1.8470105013550135
fly,gaba_potentiation|k2p_potentiation|complex_i_block|snare_cooperativity|nca_block|nachr_antagonism,cis_12_dichloroethylene,10000.0,137,1.0,0.8150329280648431,0.8308209123757905
fly,gaba_potentiation|k2p_potentiation|complex_i_block|snare_cooperativity|nca_block|nachr_antagonism,cis_12_dichloroethylene,10000.0,219,1.0,0.8115501519756839,0.8251044489611563
fly,gaba_potentiation|k2p_potentiation|complex_i_block|snare_cooperativity|nca_block|nachr_antagonism,cis_12_dichloroethylene,10000.0,331,1.0,0.8208586626139818,0.8268829042457091
fly,gaba_potentiation|k2p_potentiation|complex_i_block|snare_cooperativity|nca_block|nachr_antagonism,cis_12_dichloroethylene,10000.0,443,1.0,0.8211752786220871,0.8273063459801264
fly,gaba_potentiation|k2p_potentiation|complex_i_block|snare_cooperativity|nca_block|nachr_antagonism,cis_12_dichloroethylene,1000.0,331,0.0,1.099354103343465,1.1312810523938572
fly,gaba_potentiation|k2p_potentiation|complex_i_block|snare_cooperativity|nca_block|nachr_antagonism,cis_12_dichloroethylene,1000.0,443,0.041666666666666664,1.1031534954407294,1.1251411472448059
fly,gaba_potentiation|k2p_potentiation|complex_i_block|snare_cooperativity|nca_block|nachr_antagonism,cis_12_dichloroethylene,3000.0,42,0.9791666666666666,0.9082446808510638,0.9227642276422764
fly,gaba_potentiation|k2p_potentiation|complex_i_block|snare_cooperativity|nca_block|nachr_antagonism,cis_12_dichloroethylene,3000.0,137,0.8958333333333334,0.9091312056737589,0.928734756097561
fly,gaba_potentiation|k2p_potentiation|complex_i_block|snare_cooperativity|nca_block|nachr_antagonism,cis_12_dichloroethylene,30000.0,443,1.0,0.7920466058763931,0.7961269196025293
fly,gaba_potentiation|k2p_potentiation|complex_i_block|snare_cooperativity|nca_block|nachr_antagonism,trans_12_dichloroethylene,30.0,42,0.0,2.142223910840932,2.3526987353206867
fly,gaba_potentiation|k2p_potentiation|complex_i_block|snare_cooperativity|nca_block|nachr_antagonism,trans_12_dichloroethylene,30.0,137,0.0,2.0673758865248226,2.284087059620596
fly,gaba_potentiation|k2p_potentiation|complex_i_block|snare_cooperativity|nca_block|nachr_antagonism,trans_12_dichloroethylene,30.0,219,0.0,2.0863095238095237,2.2868676603432703
fly,gaba_potentiation|k2p_potentiation|complex_i_block|snare_cooperativity|nca_block|nachr_antagonism,cis_12_dichloroethylene,300.0,42,0.0,1.4316742654508612,1.4947210930442638
fly,gaba_potentiation|k2p_potentiation|complex_i_block|snare_cooperativity|nca_block|nachr_antagonism,cis_12_dichloroethylene,300.0,137,0.0,1.4105243161094225,1.4891740063233965
fly,gaba_potentiation|k2p_potentiation|complex_i_block|snare_cooperativity|nca_block|nachr_antagonism,cis_12_dichloroethylene,300.0,219,0.0,1.4113475177304966,1.4823424796747968
fly,gaba_potentiation|k2p_potentiation|complex_i_block|snare_cooperativity|nca_block|nachr_antagonism,cis_12_dichloroethylene,300.0,331,0.0,1.4225557244174265,1.4929849819331527
fly,gaba_potentiation|k2p_potentiation|complex_i_block|snare_cooperativity|nca_block|nachr_antagonism,cis_12_dichloroethylene,100.0,137,0.0,1.693768996960486,1.8296211607949413
fly,gaba_potentiation|k2p_potentiation|complex_i_block|snare_cooperativity|nca_block|nachr_antagonism,cis_12_dichloroethylene,100.0,219,0.0,1.6876899696048635,1.8049627371273713
fly,gaba_potentiation|k2p_potentiation|complex_i_block|snare_cooperativity|nca_block|nachr_antagonism,cis_12_dichloroethylene,100.0,331,0.0,1.7211246200607906,1.8432418699186992
fly,gaba_potentiation|k2p_potentiation|complex_i_block|snare_cooperativity|nca_block|nachr_antagonism,cis_12_dichloroethylene,100.0,443,0.0,1.684840425531915,1.8108768066847336
fly,gaba_potentiation|k2p_potentiation|complex_i_block|snare_cooperativity|nca_block|nachr_antagonism,cis_12_dichloroethylene,300.0,443,0.0,1.4130572441742657,1.4722504516711834
fly,gaba_potentiation|k2p_potentiation|complex_i_block|snare_cooperativity|nca_block|nachr_antagonism,cis_12_dichloroethylene,1000.0,42,0.0625,1.1030268490374873,1.1290791553748871
fly,gaba_potentiation|k2p_potentiation|complex_i_block|snare_cooperativity|nca_block|nachr_antagonism,cis_12_dichloroethylene,1000.0,137,0.08333333333333333,1.1011904761904763,1.1355436991869918
fly,gaba_potentiation|k2p_potentiation|complex_i_block|snare_cooperativity|nca_block|nachr_antagonism,cis_12_dichloroethylene,1000.0,219,0.041666666666666664,1.0955547112462005,1.126340898825655
fly,gaba_potentiation|k2p_potentiation|complex_i_block|snare_cooperativity|nca_block|nachr_antagonism,cis_12_dichloroethylene,3000.0,219,0.9375,0.9060916919959473,0.9220726061427281
fly,gaba_potentiation|k2p_potentiation|complex_i_block|snare_cooperativity|nca_block|nachr_antagonism,cis_12_dichloroethylene,3000.0,331,1.0,0.9088145896656535,0.9238934056007226
fly,gaba_potentiation|k2p_potentiation|complex_i_block|snare_cooperativity|nca_block|nachr_antagonism,cis_12_dichloroethylene,3000.0,443,0.9791666666666666,0.9146403242147922,0.9217903116531165
fly,gaba_potentiation|k2p_potentiation|complex_i_block|snare_cooperativity|nca_block|nachr_antagonism,cis_12_dichloroethylene,10000.0,42,1.0,0.8147163120567376,0.8247939250225835
fly,gaba_potentiation|k2p_potentiation|complex_i_block|snare_cooperativity|nca_block|nachr_antagonism,cis_12_dichloroethylene,30000.0,42,1.0,0.7834346504559271,0.7939391373080398
fly,gaba_potentiation|k2p_potentiation|complex_i_block|snare_cooperativity|nca_block|nachr_antagonism,cis_12_dichloroethylene,30000.0,137,1.0,0.7833080040526849,0.7990063233965673
fly,gaba_potentiation|k2p_potentiation|complex_i_block|snare_cooperativity|nca_block|nachr_antagonism,cis_12_dichloroethylene,30000.0,219,1.0,0.7806484295845998,0.7941226287262872
fly,gaba_potentiation|k2p_potentiation|complex_i_block|snare_cooperativity|nca_block|nachr_antagonism,cis_12_dichloroethylene,30000.0,331,1.0,0.791096757852077,0.7956611336946703
fly,gaba_potentiation|k2p_potentiation|complex_i_block|snare_cooperativity|nca_block|nachr_antagonism,trans_12_dichloroethylene,30.0,331,0.0,2.0837132725430596,2.2886320009033425
fly,gaba_potentiation|k2p_potentiation|complex_i_block|snare_cooperativity|nca_block|nachr_antagonism,trans_12_dichloroethylene,30.0,443,0.0,2.0444528875379935,2.2462313685636857
fly,gaba_potentiation|k2p_potentiation|complex_i_block|snare_cooperativity|nca_block|nachr_antagonism,trans_12_dichloroethylene,100.0,42,0.0,2.131268996960486,2.336551490514905
fly,gaba_potentiation|k2p_potentiation|complex_i_block|snare_cooperativity|nca_block|nachr_antagonism,trans_12_dichloroethylene,100.0,137,0.0,2.0531914893617023,2.264622854561879
fly,gaba_potentiation|k2p_potentiation|complex_i_block|snare_cooperativity|nca_block|nachr_antagonism,trans_12_dichloroethylene,100.0,219,0.0,2.071048632218845,2.2734727868112015
fly,gaba_potentiation|k2p_potentiation|complex_i_block|snare_cooperativity|nca_block|nachr_antagonism,trans_12_dichloroethylene,100.0,331,0.0,2.090742147922999,2.2952941508581755
fly,gaba_potentiation|k2p_potentiation|complex_i_block|snare_cooperativity|nca_block|nachr_antagonism,trans_12_dichloroethylene,100.0,443,0.0,2.0424265450861196,2.2481792005420056
fly,gaba_potentiation|k2p_potentiation|complex_i_block|snare_cooperativity|nca_block|nachr_antagonism,trans_12_dichloroethylene,300.0,42,0.0,2.1171479229989867,2.33031278229449
fly,gaba_potentiation|k2p_potentiation|complex_i_block|snare_cooperativity|nca_block|nachr_antagonism,trans_12_dichloroethylene,1000.0,42,0.0,2.014880952380952,2.1974932249322494
fly,gaba_potentiation|k2p_potentiation|complex_i_block|snare_cooperativity|nca_block|nachr_antagonism,trans_12_dichloroethylene,1000.0,137,0.0,2.0010131712259374,2.203929539295393
fly,gaba_potentiation|k2p_potentiation|complex_i_block|snare_cooperativity|nca_block|nachr_antagonism,trans_12_dichloroethylene,1000.0,219,0.0,1.9750506585612968,2.14940435862692
fly,gaba_potentiation|k2p_potentiation|complex_i_block|snare_cooperativity|nca_block|nachr_antagonism,trans_12_dichloroethylene,1000.0,331,0.0,1.9773302938196557,2.158099028906956
fly,gaba_potentiation|k2p_potentiation|complex_i_block|snare_cooperativity|nca_block|nachr_antagonism,trans_12_dichloroethylene,1000.0,443,0.0,1.9548505572441741,2.1468637082204154
fly,gaba_potentiation|k2p_potentiation|complex_i_block|snare_cooperativity|nca_block|nachr_antagonism,trans_12_dichloroethylene,3000.0,42,0.0,1.9266717325227962,2.091350496838302
fly,gaba_potentiation|k2p_potentiation|complex_i_block|snare_cooperativity|nca_block|nachr_antagonism,trans_12_dichloroethylene,3000.0,137,0.0,1.898239614994934,2.0790848012646794
fly,gaba_potentiation|k2p_potentiation|complex_i_block|snare_cooperativity|nca_block|nachr_antagonism,trans_12_dichloroethylene,3000.0,219,0.0,1.8546099290780145,2.0122939250225835
fly,gaba_potentiation|k2p_potentiation|complex_i_block|snare_cooperativity|nca_block|nachr_antagonism,trans_12_dichloroethylene,3000.0,331,0.0,1.9008991894630192,2.066875564588979
fly,gaba_potentiation|k2p_potentiation|complex_i_block|snare_cooperativity|nca_block|nachr_antagonism,trans_12_dichloroethylene,3000.0,443,0.0,1.8822821681864237,2.0591548102981028
fly,gaba_potentiation|k2p_potentiation|complex_i_block|snare_cooperativity|nca_block|nachr_antagonism,trans_12_dichloroethylene,10000.0,42,0.0,1.8180091185410332,1.972462172538392
fly,gaba_potentiation|k2p_potentiation|complex_i_block|snare_cooperativity|nca_block|nachr_antagonism,trans_12_dichloroethylene,10000.0,137,0.0,1.7831180344478217,1.9456159665763324
fly,gaba_potentiation|k2p_potentiation|complex_i_block|snare_cooperativity|nca_block|nachr_antagonism,trans_12_dichloroethylene,10000.0,219,0.0,1.7525962512664641,1.8904415085817525
fly,gaba_potentiation|k2p_potentiation|complex_i_block|snare_cooperativity|nca_block|nachr_antagonism,trans_12_dichloroethylene,10000.0,331,0.0,1.7952127659574468,1.9360461833785005
fly,gaba_potentiation|k2p_potentiation|complex_i_block|snare_cooperativity|nca_block|nachr_antagonism,trans_12_dichloroethylene,10000.0,443,0.0,1.7752026342451874,1.928367773261066
fly,gaba_potentiation|k2p_potentiation|complex_i_block|snare_cooperativity|nca_block|nachr_antagonism,trans_12_dichloroethylene,30000.0,42,0.0,1.7783687943262414,1.9248390921409213
fly,gaba_potentiation|k2p_potentiation|complex_i_block|snare_cooperativity|nca_block|nachr_antagonism,trans_12_dichloroethylene,300.0,137,0.0,2.0545845997973657,2.268109191508582
fly,gaba_potentiation|k2p_potentiation|complex_i_block|snare_cooperativity|nca_block|nachr_antagonism,trans_12_dichloroethylene,300.0,219,0.0,2.035081053698075,2.2337962962962963
fly,gaba_potentiation|k2p_potentiation|complex_i_block|snare_cooperativity|nca_block|nachr_antagonism,trans_12_dichloroethylene,300.0,331,0.0,2.070225430597771,2.282082768744354
fly,gaba_potentiation|k2p_potentiation|complex_i_block|snare_cooperativity|nca_block|nachr_antagonism,trans_12_dichloroethylene,300.0,443,0.0,2.028495440729483,2.2302817299006326
fly,gaba_potentiation|k2p_potentiation|complex_i_block|snare_cooperativity|nca_block|nachr_antagonism,trans_12_dichloroethylene,30000.0,137,0.0,1.7417679837892603,1.895776874435411
fly,gaba_potentiation|k2p_potentiation|complex_i_block|snare_cooperativity|nca_block|nachr_antagonism,trans_12_dichloroethylene,30000.0,219,0.0,1.709029888551165,1.8399107949412827
fly,gaba_potentiation|k2p_potentiation|complex_i_block|snare_cooperativity|nca_block|nachr_antagonism,trans_12_dichloroethylene,30000.0,331,0.0,1.7436676798378923,1.8774983062330624
fly,gaba_potentiation|k2p_potentiation|complex_i_block|snare_cooperativity|nca_block|nachr_antagonism,trans_12_dichloroethylene,30000.0,443,0.0,1.7105496453900708,1.844554539295393
fly,gaba_potentiation|k2p_potentiation|complex_i_block|snare_cooperativity|nca_block|nachr_antagonism,hexafluoroethane,30.0,42,0.0,2.1450101317122594,2.354830058717254
fly,gaba_potentiation|k2p_potentiation|complex_i_block|snare_cooperativity|nca_block|nachr_antagonism,hexafluoroethane,30.0,137,0.0,2.064906281661601,2.278977529358627
fly,gaba_potentiation|k2p_potentiation|complex_i_block|snare_cooperativity|nca_block|nachr_antagonism,hexafluoroethane,30.0,219,0.0,2.0866894630192503,2.287982723577236
fly,gaba_potentiation|k2p_potentiation|complex_i_block|snare_cooperativity|nca_block|nachr_antagonism,hexafluoroethane,30.0,331,0.0,2.0899189463019248,2.3015752032520327
fly,gaba_potentiation|k2p_potentiation|complex_i_block|snare_cooperativity|nca_block|nachr_antagonism,hexafluoroethane,3000.0,443,0.0,1.9224290780141846,2.1055357949412827
fly,gaba_potentiation|k2p_potentiation|complex_i_block|snare_cooperativity|nca_block|nachr_antagonism,hexafluoroethane,10000.0,42,0.0,1.8518870314083078,2.005151874435411
fly,gaba_potentiation|k2p_potentiation|complex_i_block|snare_cooperativity|nca_block|nachr_antagonism,hexafluoroethane,10000.0,137,0.0,1.8267477203647415,1.9966689250225835
fly,gaba_potentiation|k2p_potentiation|complex_i_block|snare_cooperativity|nca_block|nachr_antagonism,hexafluoroethane,10000.0,219,0.0,1.794642857142857,1.9446561653116532
fly,gaba_potentiation|k2p_potentiation|complex_i_block|snare_cooperativity|nca_block|nachr_antagonism,hexafluoroethane,30.0,443,0.0,2.0414133738601823,2.2420110659439927
fly,gaba_potentiation|k2p_potentiation|complex_i_block|snare_cooperativity|nca_block|nachr_antagonism,hexafluoroethane,100.0,42,0.0,2.121517223910841,2.3228884372177054
fly,gaba_potentiation|k2p_potentiation|complex_i_block|snare_cooperativity|nca_block|nachr_antagonism,hexafluoroethane,100.0,137,0.0,2.063133232016211,2.276563911472448
fly,gaba_potentiation|k2p_potentiation|complex_i_block|snare_cooperativity|nca_block|nachr_antagonism,hexafluoroethane,100.0,219,0.0,2.0813069908814588,2.2825626693766936
fly,gaba_potentiation|k2p_potentiation|complex_i_block|snare_cooperativity|nca_block|nachr_antagonism,hexafluoroethane,10000.0,331,0.0,1.835739614994934,1.9915876242095754
fly,gaba_potentiation|k2p_potentiation|complex_i_block|snare_cooperativity|nca_block|nachr_antagonism,hexafluoroethane,10000.0,443,0.0,1.7962892603850051,1.9530120822041555
fly,gaba_potentiation|k2p_potentiation|complex_i_block|snare_cooperativity|nca_block|nachr_antagonism,hexafluoroethane,30000.0,42,0.0,1.7872973657548126,1.9336043360433603
fly,gaba_potentiation|k2p_potentiation|complex_i_block|snare_cooperativity|nca_block|nachr_antagonism,hexafluoroethane,30000.0,137,0.0,1.7635511651469098,1.920872854561879
fly,gaba_potentiation|k2p_potentiation|complex_i_block|snare_cooperativity|nca_block|nachr_antagonism,hexafluoroethane,30000.0,219,0.0,1.7229609929078016,1.8495511517615175
fly,gaba_potentiation|k2p_potentiation|complex_i_block|snare_cooperativity|nca_block|nachr_antagonism,hexafluoroethane,30000.0,331,0.0,1.7600050658561297,1.8980775745257452
fly,gaba_potentiation|k2p_potentiation|complex_i_block|snare_cooperativity|nca_block|nachr_antagonism,hexafluoroethane,30000.0,443,0.0,1.7318895643363728,1.8726004968383017
fly,gaba_potentiation|k2p_potentiation|complex_i_block|nca_block|nachr_antagonism|glucl_potentiation,cis_12_dichloroethylene,30.0,42,0.0,2.0135511651469096,2.194656165311653
fly,gaba_potentiation|k2p_potentiation|complex_i_block|nca_block|nachr_antagonism|glucl_potentiation,cis_12_dichloroethylene,30.0,137,0.0,1.9797365754812564,2.180583785004517
fly,gaba_potentiation|k2p_potentiation|complex_i_block|nca_block|nachr_antagonism|glucl_potentiation,cis_12_dichloroethylene,30.0,219,0.0,1.9609929078014183,2.135374322493225
fly,gaba_potentiation|k2p_potentiation|complex_i_block|nca_block|nachr_antagonism|glucl_potentiation,cis_12_dichloroethylene,30.0,331,0.0,1.9763804457953393,2.152128500451671
fly,gaba_potentiation|k2p_potentiation|complex_i_block|nca_block|nachr_antagonism|glucl_potentiation,cis_12_dichloroethylene,30.0,443,0.0,1.9552938196555216,2.1508581752484193
fly,gaba_potentiation|k2p_potentiation|complex_i_block|snare_cooperativity|nca_block|nachr_antagonism,hexafluoroethane,100.0,331,0.0,2.086372847011145,2.2912291102077686
fly,gaba_potentiation|k2p_potentiation|complex_i_block|snare_cooperativity|nca_block|nachr_antagonism,hexafluoroethane,100.0,443,0.0,2.040020263424519,2.2398373983739837
fly,gaba_potentiation|k2p_potentiation|complex_i_block|snare_cooperativity|nca_block|nachr_antagonism,hexafluoroethane,300.0,42,0.0,2.1406408308004052,2.357257791327913
fly,gaba_potentiation|k2p_potentiation|complex_i_block|snare_cooperativity|nca_block|nachr_antagonism,hexafluoroethane,300.0,137,0.0,2.053001519756839,2.269506549232159
fly,gaba_potentiation|k2p_potentiation|complex_i_block|snare_cooperativity|nca_block|nachr_antagonism,hexafluoroethane,300.0,219,0.0,2.0499620060790273,2.2465277777777777
fly,gaba_potentiation|k2p_potentiation|complex_i_block|snare_cooperativity|nca_block|nachr_antagonism,hexafluoroethane,300.0,331,0.0,2.0789640324214793,2.2795844625112918
fly,gaba_potentiation|k2p_potentiation|complex_i_block|snare_cooperativity|nca_block|nachr_antagonism,hexafluoroethane,300.0,443,0.0,2.050468591691996,2.2548272357723578
fly,gaba_potentiation|k2p_potentiation|complex_i_block|snare_cooperativity|nca_block|nachr_antagonism,hexafluoroethane,1000.0,42,0.0,2.057434143870314,2.2557164634146343
fly,gaba_potentiation|k2p_potentiation|complex_i_block|snare_cooperativity|nca_block|nachr_antagonism,hexafluoroethane,1000.0,137,0.0,2.0260258358662617,2.241502935862692
fly,gaba_potentiation|k2p_potentiation|complex_i_block|snare_cooperativity|nca_block|nachr_antagonism,hexafluoroethane,1000.0,219,0.0,2.004875886524823,2.1975073396567297
fly,gaba_potentiation|k2p_potentiation|complex_i_block|snare_cooperativity|nca_block|nachr_antagonism,hexafluoroethane,1000.0,331,0.0,2.016020770010132,2.2019393631436315
fly,gaba_potentiation|k2p_potentiation|complex_i_block|snare_cooperativity|nca_block|nachr_antagonism,hexafluoroethane,1000.0,443,0.0,1.987272036474164,2.189433717253839
fly,gaba_potentiation|k2p_potentiation|complex_i_block|snare_cooperativity|nca_block|nachr_antagonism,hexafluoroethane,3000.0,42,0.0,1.970048125633232,2.1409072944896117
fly,gaba_potentiation|k2p_potentiation|complex_i_block|snare_cooperativity|nca_block|nachr_antagonism,hexafluoroethane,3000.0,137,0.0,1.9387664640324216,2.1329324751580847
fly,gaba_potentiation|k2p_potentiation|complex_i_block|snare_cooperativity|nca_block|nachr_antagonism,hexafluoroethane,3000.0,219,0.0,1.9086246200607901,2.075245596205962
fly,gaba_potentiation|k2p_potentiation|complex_i_block|snare_cooperativity|nca_block|nachr_antagonism,hexafluoroethane,3000.0,331,0.0,1.9397163120567376,2.109445573622403
fly,gaba_potentiation|k2p_potentiation|complex_i_block|nca_block|nachr_antagonism|glucl_potentiation,cis_12_dichloroethylene,100.0,42,0.0,1.801481762917933,1.9492716802168022
fly,gaba_potentiation|k2p_potentiation|complex_i_block|nca_block|nachr_antagonism|glucl_potentiation,cis_12_dichloroethylene,100.0,137,0.0,1.7690602836879432,1.929567524841915
fly,gaba_potentiation|k2p_potentiation|complex_i_block|nca_block|nachr_antagonism|glucl_potentiation,cis_12_dichloroethylene,100.0,219,0.0,1.7326494427558259,1.8635388437217706
fly,gaba_potentiation|k2p_potentiation|complex_i_block|nca_block|nachr_antagonism|glucl_potentiation,cis_12_dichloroethylene,100.0,331,0.0,1.766464032421479,1.9038504968383017
fly,gaba_potentiation|k2p_potentiation|complex_i_block|nca_block|nachr_antagonism|glucl_potentiation,cis_12_dichloroethylene,10000.0,42,1.0,0.7900835866261398,0.8144901761517616
fly,gaba_potentiation|k2p_potentiation|complex_i_block|nca_block|nachr_antagonism|glucl_potentiation,cis_12_dichloroethylene,10000.0,137,1.0,0.7918566362715298,0.8218298328816621
fly,gaba_potentiation|k2p_potentiation|complex_i_block|nca_block|nachr_antagonism|glucl_potentiation,cis_12_dichloroethylene,10000.0,219,1.0,0.7872973657548125,0.8157887308039747
fly,gaba_potentiation|k2p_potentiation|complex_i_block|nca_block|nachr_antagonism|glucl_potentiation,cis_12_dichloroethylene,10000.0,331,1.0,0.7959093211752787,0.817284891598916
fly,gaba_potentiation|k2p_potentiation|complex_i_block|nca_block|nachr_antagonism|glucl_potentiation,cis_12_dichloroethylene,10000.0,443,1.0,0.7948961499493414,0.8180047425474255
fly,gaba_potentiation|k2p_potentiation|complex_i_block|nca_block|nachr_antagonism|glucl_potentiation,cis_12_dichloroethylene,30000.0,42,1.0,0.7588019250253293,0.7807983288166215
fly,gaba_potentiation|k2p_potentiation|complex_i_block|nca_block|nachr_antagonism|glucl_potentiation,cis_12_dichloroethylene,30000.0,137,1.0,0.7596884498480243,0.7875310523938572
fly,gaba_potentiation|k2p_potentiation|complex_i_block|nca_block|nachr_antagonism|glucl_potentiation,cis_12_dichloroethylene,30000.0,219,1.0,0.7544326241134751,0.7817157859078591
fly,gaba_potentiation|k2p_potentiation|complex_i_block|nca_block|nachr_antagonism|glucl_potentiation,cis_12_dichloroethylene,30000.0,331,1.0,0.7620947315096251,0.7827461607949413
fly,gaba_potentiation|k2p_potentiation|complex_i_block|nca_block|nachr_antagonism|glucl_potentiation,cis_12_dichloroethylene,30000.0,443,1.0,0.7622213779128671,0.7820404245709124
fly,gaba_potentiation|k2p_potentiation|complex_i_block|nca_block|nachr_antagonism|glucl_potentiation,trans_12_dichloroethylene,30.0,42,0.0,2.142223910840932,2.3526987353206867
fly,gaba_potentiation|k2p_potentiation|complex_i_block|nca_block|nachr_antagonism|glucl_potentiation,trans_12_dichloroethylene,30.0,137,0.0,2.0673758865248226,2.284087059620596
fly,gaba_potentiation|k2p_potentiation|complex_i_block|nca_block|nachr_antagonism|glucl_potentiation,cis_12_dichloroethylene,100.0,443,0.0,1.7443642350557245,1.8935326332429991
fly,gaba_potentiation|k2p_potentiation|complex_i_block|nca_block|nachr_antagonism|glucl_potentiation,cis_12_dichloroethylene,300.0,42,0.0,1.466438703140831,1.5521821364046975
fly,gaba_potentiation|k2p_potentiation|complex_i_block|nca_block|nachr_antagonism|glucl_potentiation,cis_12_dichloroethylene,300.0,137,0.0,1.4448454913880446,1.5574610433604337
fly,gaba_potentiation|k2p_potentiation|complex_i_block|nca_block|nachr_antagonism|glucl_potentiation,cis_12_dichloroethylene,300.0,219,0.0,1.442882472137791,1.5386884598012647
fly,gaba_potentiation|k2p_potentiation|complex_i_block|nca_block|nachr_antagonism|glucl_potentiation,cis_12_dichloroethylene,1000.0,219,0.041666666666666664,1.1005572441742653,1.1492632113821137
fly,gaba_potentiation|k2p_potentiation|complex_i_block|nca_block|nachr_antagonism|glucl_potentiation,cis_12_dichloroethylene,1000.0,331,0.020833333333333332,1.1014437689969605,1.1556995257452574
fly,gaba_potentiation|k2p_potentiation|complex_i_block|nca_block|nachr_antagonism|glucl_potentiation,cis_12_dichloroethylene,1000.0,443,0.041666666666666664,1.1033434650455927,1.145409891598916
fly,gaba_potentiation|k2p_potentiation|complex_i_block|nca_block|nachr_antagonism|glucl_potentiation,cis_12_dichloroethylene,3000.0,42,0.9791666666666666,0.8938069908814589,0.9248673215898826
fly,gaba_potentiation|k2p_potentiation|complex_i_block|nca_block|nachr_antagonism|glucl_potentiation,trans_12_dichloroethylene,300.0,42,0.0,2.1171479229989867,2.33031278229449
fly,gaba_potentiation|k2p_potentiation|complex_i_block|nca_block|nachr_antagonism|glucl_potentiation,trans_12_dichloroethylene,300.0,137,0.0,2.0545845997973657,2.268109191508582
fly,gaba_potentiation|k2p_potentiation|complex_i_block|nca_block|nachr_antagonism|glucl_potentiation,trans_12_dichloroethylene,300.0,219,0.0,2.035081053698075,2.2337962962962963
fly,gaba_potentiation|k2p_potentiation|complex_i_block|nca_block|nachr_antagonism|glucl_potentiation,trans_12_dichloroethylene,300.0,331,0.0,2.070225430597771,2.282082768744354
fly,gaba_potentiation|k2p_potentiation|complex_i_block|nca_block|nachr_antagonism|glucl_potentiation,cis_12_dichloroethylene,300.0,331,0.0,1.468465045592705,1.5631916214995483
fly,gaba_potentiation|k2p_potentiation|complex_i_block|nca_block|nachr_antagonism|glucl_potentiation,cis_12_dichloroethylene,300.0,443,0.0,1.4485815602836878,1.5382791327913279
fly,gaba_potentiation|k2p_potentiation|complex_i_block|nca_block|nachr_antagonism|glucl_potentiation,cis_12_dichloroethylene,1000.0,42,0.08333333333333333,1.102773556231003,1.1516909439927732
fly,gaba_potentiation|k2p_potentiation|complex_i_block|nca_block|nachr_antagonism|glucl_potentiation,cis_12_dichloroethylene,1000.0,137,0.08333333333333333,1.0995440729483283,1.1569980803974707
fly,gaba_potentiation|k2p_potentiation|complex_i_block|nca_block|nachr_antagonism|glucl_potentiation,cis_12_dichloroethylene,3000.0,137,0.9375,0.8953900709219856,0.9325739611562782
fly,gaba_potentiation|k2p_potentiation|complex_i_block|nca_block|nachr_antagonism|glucl_potentiation,cis_12_dichloroethylene,3000.0,219,1.0,0.8866514690982776,0.9235405374887082
fly,gaba_potentiation|k2p_potentiation|complex_i_block|nca_block|nachr_antagonism|glucl_potentiation,cis_12_dichloroethylene,3000.0,331,1.0,0.8951367781155016,0.9244297651309846
fly,gaba_potentiation|k2p_potentiation|complex_i_block|nca_block|nachr_antagonism|glucl_potentiation,cis_12_dichloroethylene,3000.0,443,0.9583333333333334,0.8958333333333334,0.924486224028907
fly,gaba_potentiation|k2p_potentiation|complex_i_block|nca_block|nachr_antagonism|glucl_potentiation,trans_12_dichloroethylene,30.0,219,0.0,2.0863095238095237,2.2868676603432703
fly,gaba_potentiation|k2p_potentiation|complex_i_block|nca_block|nachr_antagonism|glucl_potentiation,trans_12_dichloroethylene,30.0,331,0.0,2.0837132725430596,2.2886320009033425
fly,gaba_potentiation|k2p_potentiation|complex_i_block|nca_block|nachr_antagonism|glucl_potentiation,trans_12_dichloroethylene,30.0,443,0.0,2.0444528875379935,2.2462313685636857
fly,gaba_potentiation|k2p_potentiation|complex_i_block|nca_block|nachr_antagonism|glucl_potentiation,trans_12_dichloroethylene,100.0,42,0.0,2.131268996960486,2.336551490514905
fly,gaba_potentiation|k2p_potentiation|complex_i_block|nca_block|nachr_antagonism|glucl_potentiation,trans_12_dichloroethylene,100.0,137,0.0,2.0531914893617023,2.264622854561879
fly,gaba_potentiation|k2p_potentiation|complex_i_block|nca_block|nachr_antagonism|glucl_potentiation,trans_12_dichloroethylene,100.0,219,0.0,2.071048632218845,2.2734727868112015
fly,gaba_potentiation|k2p_potentiation|complex_i_block|nca_block|nachr_antagonism|glucl_potentiation,trans_12_dichloroethylene,100.0,331,0.0,2.090742147922999,2.2952941508581755
fly,gaba_potentiation|k2p_potentiation|complex_i_block|nca_block|nachr_antagonism|glucl_potentiation,trans_12_dichloroethylene,100.0,443,0.0,2.0424265450861196,2.2481792005420056
fly,gaba_potentiation|k2p_potentiation|complex_i_block|nca_block|nachr_antagonism|glucl_potentiation,trans_12_dichloroethylene,300.0,443,0.0,2.028495440729483,2.2302817299006326
fly,gaba_potentiation|k2p_potentiation|complex_i_block|nca_block|nachr_antagonism|glucl_potentiation,trans_12_dichloroethylene,1000.0,42,0.0,2.014880952380952,2.1974932249322494
fly,gaba_potentiation|k2p_potentiation|complex_i_block|nca_block|nachr_antagonism|glucl_potentiation,trans_12_dichloroethylene,1000.0,137,0.0,2.0010131712259374,2.203929539295393
fly,gaba_potentiation|k2p_potentiation|complex_i_block|nca_block|nachr_antagonism|glucl_potentiation,trans_12_dichloroethylene,1000.0,219,0.0,1.9750506585612968,2.14940435862692
fly,gaba_potentiation|k2p_potentiation|complex_i_block|nca_block|nachr_antagonism|glucl_potentiation,trans_12_dichloroethylene,10000.0,137,0.0,1.7831180344478217,1.9456159665763324
fly,gaba_potentiation|k2p_potentiation|complex_i_block|nca_block|nachr_antagonism|glucl_potentiation,trans_12_dichloroethylene,10000.0,219,0.0,1.7525962512664641,1.8904415085817525
fly,gaba_potentiation|k2p_potentiation|complex_i_block|nca_block|nachr_antagonism|glucl_potentiation,trans_12_dichloroethylene,10000.0,331,0.0,1.7952127659574468,1.9360461833785005
fly,gaba_potentiation|k2p_potentiation|complex_i_block|nca_block|nachr_antagonism|glucl_potentiation,trans_12_dichloroethylene,10000.0,443,0.0,1.7752026342451874,1.928367773261066
fly,gaba_potentiation|k2p_potentiation|complex_i_block|nca_block|nachr_antagonism|glucl_potentiation,trans_12_dichloroethylene,3000.0,219,0.0,1.8546099290780145,2.0122939250225835
fly,gaba_potentiation|k2p_potentiation|complex_i_block|nca_block|nachr_antagonism|glucl_potentiation,trans_12_dichloroethylene,3000.0,331,0.0,1.9008991894630192,2.066875564588979
fly,gaba_potentiation|k2p_potentiation|complex_i_block|nca_block|nachr_antagonism|glucl_potentiation,trans_12_dichloroethylene,3000.0,443,0.0,1.8822821681864237,2.0591548102981028
fly,gaba_potentiation|k2p_potentiation|complex_i_block|nca_block|nachr_antagonism|glucl_potentiation,trans_12_dichloroethylene,10000.0,42,0.0,1.8180091185410332,1.972462172538392
fly,gaba_potentiation|k2p_potentiation|complex_i_block|nca_block|nachr_antagonism|glucl_potentiation,trans_12_dichloroethylene,30000.0,42,0.0,1.7783687943262414,1.9248390921409213
fly,gaba_potentiation|k2p_potentiation|complex_i_block|nca_block|nachr_antagonism|glucl_potentiation,trans_12_dichloroethylene,30000.0,137,0.0,1.7417679837892603,1.895776874435411
fly,gaba_potentiation|k2p_potentiation|complex_i_block|nca_block|nachr_antagonism|glucl_potentiation,trans_12_dichloroethylene,30000.0,219,0.0,1.709029888551165,1.8399107949412827
fly,gaba_potentiation|k2p_potentiation|complex_i_block|nca_block|nachr_antagonism|glucl_potentiation,trans_12_dichloroethylene,30000.0,331,0.0,1.7436676798378923,1.8774983062330624
fly,gaba_potentiation|k2p_potentiation|complex_i_block|nca_block|nachr_antagonism|glucl_potentiation,hexafluoroethane,100.0,219,0.0,2.0813069908814588,2.2825626693766936
fly,gaba_potentiation|k2p_potentiation|complex_i_block|nca_block|nachr_antagonism|glucl_potentiation,hexafluoroethane,100.0,331,0.0,2.086372847011145,2.2912291102077686
fly,gaba_potentiation|k2p_potentiation|complex_i_block|nca_block|nachr_antagonism|glucl_potentiation,hexafluoroethane,100.0,443,0.0,2.040020263424519,2.2398373983739837
fly,gaba_potentiation|k2p_potentiation|complex_i_block|nca_block|nachr_antagonism|glucl_potentiation,hexafluoroethane,300.0,42,0.0,2.1406408308004052,2.357257791327913
fly,gaba_potentiation|k2p_potentiation|complex_i_block|nca_block|nachr_antagonism|glucl_potentiation,trans_12_dichloroethylene,1000.0,331,0.0,1.9773302938196557,2.158099028906956
fly,gaba_potentiation|k2p_potentiation|complex_i_block|nca_block|nachr_antagonism|glucl_potentiation,trans_12_dichloroethylene,1000.0,443,0.0,1.9548505572441741,2.1468637082204154
fly,gaba_potentiation|k2p_potentiation|complex_i_block|nca_block|nachr_antagonism|glucl_potentiation,trans_12_dichloroethylene,3000.0,42,0.0,1.9266717325227962,2.091350496838302
fly,gaba_potentiation|k2p_potentiation|complex_i_block|nca_block|nachr_antagonism|glucl_potentiation,trans_12_dichloroethylene,3000.0,137,0.0,1.898239614994934,2.0790848012646794
fly,gaba_potentiation|k2p_potentiation|complex_i_block|nca_block|nachr_antagonism|glucl_potentiation,trans_12_dichloroethylene,30000.0,443,0.0,1.7105496453900708,1.844554539295393
fly,gaba_potentiation|k2p_potentiation|complex_i_block|nca_block|nachr_antagonism|glucl_potentiation,hexafluoroethane,30.0,42,0.0,2.1450101317122594,2.354830058717254
fly,gaba_potentiation|k2p_potentiation|complex_i_block|nca_block|nachr_antagonism|glucl_potentiation,hexafluoroethane,30.0,137,0.0,2.064906281661601,2.278977529358627
fly,gaba_potentiation|k2p_potentiation|complex_i_block|nca_block|nachr_antagonism|glucl_potentiation,hexafluoroethane,30.0,219,0.0,2.0866894630192503,2.287982723577236
fly,gaba_potentiation|k2p_potentiation|complex_i_block|nca_block|nachr_antagonism|glucl_potentiation,hexafluoroethane,30.0,331,0.0,2.0899189463019248,2.3015752032520327
fly,gaba_potentiation|k2p_potentiation|complex_i_block|nca_block|nachr_antagonism|glucl_potentiation,hexafluoroethane,30.0,443,0.0,2.0414133738601823,2.2420110659439927
fly,gaba_potentiation|k2p_potentiation|complex_i_block|nca_block|nachr_antagonism|glucl_potentiation,hexafluoroethane,100.0,42,0.0,2.121517223910841,2.3228884372177054
fly,gaba_potentiation|k2p_potentiation|complex_i_block|nca_block|nachr_antagonism|glucl_potentiation,hexafluoroethane,100.0,137,0.0,2.063133232016211,2.276563911472448
fly,gaba_potentiation|k2p_potentiation|complex_i_block|nca_block|nachr_antagonism|glucl_potentiation,hexafluoroethane,300.0,137,0.0,2.053001519756839,2.269506549232159
fly,gaba_potentiation|k2p_potentiation|complex_i_block|nca_block|nachr_antagonism|glucl_potentiation,hexafluoroethane,300.0,219,0.0,2.0499620060790273,2.2465277777777777
fly,gaba_potentiation|k2p_potentiation|complex_i_block|nca_block|nachr_antagonism|glucl_potentiation,hexafluoroethane,300.0,331,0.0,2.0789640324214793,2.2795844625112918
fly,gaba_potentiation|k2p_potentiation|complex_i_block|nca_block|nachr_antagonism|glucl_potentiation,hexafluoroethane,300.0,443,0.0,2.050468591691996,2.2548272357723578
fly,gaba_potentiation|k2p_potentiation|complex_i_block|nca_block|nachr_antagonism|glucl_potentiation,hexafluoroethane,30000.0,137,0.0,1.7635511651469098,1.920872854561879
fly,gaba_potentiation|k2p_potentiation|complex_i_block|nca_block|nachr_antagonism|glucl_potentiation,hexafluoroethane,30000.0,219,0.0,1.7229609929078016,1.8495511517615175
fly,gaba_potentiation|k2p_potentiation|complex_i_block|nca_block|nachr_antagonism|glucl_potentiation,hexafluoroethane,30000.0,331,0.0,1.7600050658561297,1.8980775745257452
fly,gaba_potentiation|k2p_potentiation|complex_i_block|nca_block|nachr_antagonism|glucl_potentiation,hexafluoroethane,30000.0,443,0.0,1.7318895643363728,1.8726004968383017
fly,gaba_potentiation|k2p_potentiation|complex_i_block|snare_cooperativity|nca_block|nachr_antagonism|glucl_potentiation,cis_12_dichloroethylene,30.0,42,0.0,1.9647922998986829,2.1375197606142726
fly,gaba_potentiation|k2p_potentiation|complex_i_block|snare_cooperativity|nca_block|nachr_antagonism|glucl_potentiation,cis_12_dichloroethylene,30.0,137,0.0,1.921415906788247,2.1029951445347788
fly,gaba_potentiation|k2p_potentiation|complex_i_block|snare_cooperativity|nca_block|nachr_antagonism|glucl_potentiation,cis_12_dichloroethylene,30.0,219,0.0,1.8951367781155017,2.0543134598012647
fly,gaba_potentiation|k2p_potentiation|complex_i_block|snare_cooperativity|nca_block|nachr_antagonism|glucl_potentiation,cis_12_dichloroethylene,30.0,331,0.0,1.9350937183383994,2.107243676603433
fly,gaba_potentiation|k2p_potentiation|complex_i_block|nca_block|nachr_antagonism|glucl_potentiation,hexafluoroethane,1000.0,42,0.0,2.057434143870314,2.2557164634146343
fly,gaba_potentiation|k2p_potentiation|complex_i_block|nca_block|nachr_antagonism|glucl_potentiation,hexafluoroethane,1000.0,137,0.0,2.0260258358662617,2.241502935862692
fly,gaba_potentiation|k2p_potentiation|complex_i_block|nca_block|nachr_antagonism|glucl_potentiation,hexafluoroethane,1000.0,219,0.0,2.004875886524823,2.1975073396567297
fly,gaba_potentiation|k2p_potentiation|complex_i_block|nca_block|nachr_antagonism|glucl_potentiation,hexafluoroethane,1000.0,331,0.0,2.016020770010132,2.2019393631436315
fly,gaba_potentiation|k2p_potentiation|complex_i_block|snare_cooperativity|nca_block|nachr_antagonism|glucl_potentiation,cis_12_dichloroethylene,30.0,443,0.0,1.9085612968591692,2.0858316395663956
fly,gaba_potentiation|k2p_potentiation|complex_i_block|snare_cooperativity|nca_block|nachr_antagonism|glucl_potentiation,cis_12_dichloroethylene,100.0,42,0.0,1.7111828774062818,1.8277297877145438
fly,gaba_potentiation|k2p_potentiation|complex_i_block|snare_cooperativity|nca_block|nachr_antagonism|glucl_potentiation,cis_12_dichloroethylene,100.0,137,0.0,1.673758865248227,1.8060919150858175
fly,gaba_potentiation|k2p_potentiation|complex_i_block|snare_cooperativity|nca_block|nachr_antagonism|glucl_potentiation,cis_12_dichloroethylene,100.0,219,0.0,1.6681231003039514,1.7814899503161699
fly,gaba_potentiation|k2p_potentiation|complex_i_block|nca_block|nachr_antagonism|glucl_potentiation,hexafluoroethane,1000.0,443,0.0,1.987272036474164,2.189433717253839
fly,gaba_potentiation|k2p_potentiation|complex_i_block|nca_block|nachr_antagonism|glucl_potentiation,hexafluoroethane,3000.0,42,0.0,1.970048125633232,2.1409072944896117
fly,gaba_potentiation|k2p_potentiation|complex_i_block|nca_block|nachr_antagonism|glucl_potentiation,hexafluoroethane,3000.0,137,0.0,1.9387664640324216,2.1329324751580847
fly,gaba_potentiation|k2p_potentiation|complex_i_block|nca_block|nachr_antagonism|glucl_potentiation,hexafluoroethane,3000.0,219,0.0,1.9086246200607901,2.075245596205962
fly,gaba_potentiation|k2p_potentiation|complex_i_block|nca_block|nachr_antagonism|glucl_potentiation,hexafluoroethane,3000.0,331,0.0,1.9397163120567376,2.109445573622403
fly,gaba_potentiation|k2p_potentiation|complex_i_block|nca_block|nachr_antagonism|glucl_potentiation,hexafluoroethane,3000.0,443,0.0,1.9224290780141846,2.1055357949412827
fly,gaba_potentiation|k2p_potentiation|complex_i_block|nca_block|nachr_antagonism|glucl_potentiation,hexafluoroethane,10000.0,42,0.0,1.8518870314083078,2.005151874435411
fly,gaba_potentiation|k2p_potentiation|complex_i_block|nca_block|nachr_antagonism|glucl_potentiation,hexafluoroethane,10000.0,137,0.0,1.8267477203647415,1.9966689250225835
fly,gaba_potentiation|k2p_potentiation|complex_i_block|snare_cooperativity|nca_block|nachr_antagonism|glucl_potentiation,cis_12_dichloroethylene,100.0,331,0.0,1.7068768996960486,1.8281673441734418
fly,gaba_potentiation|k2p_potentiation|complex_i_block|snare_cooperativity|nca_block|nachr_antagonism|glucl_potentiation,cis_12_dichloroethylene,100.0,443,0.0,1.6709093211752786,1.7928523035230353
fly,gaba_potentiation|k2p_potentiation|complex_i_block|snare_cooperativity|nca_block|nachr_antagonism|glucl_potentiation,cis_12_dichloroethylene,300.0,42,0.0,1.4008358662613982,1.4593213640469738
fly,gaba_potentiation|k2p_potentiation|complex_i_block|snare_cooperativity|nca_block|nachr_antagonism|glucl_potentiation,cis_12_dichloroethylene,300.0,137,0.0,1.3774062816616006,1.4533084914182475
fly,gaba_potentiation|k2p_potentiation|complex_i_block|nca_block|nachr_antagonism|glucl_potentiation,hexafluoroethane,10000.0,219,0.0,1.794642857142857,1.9446561653116532
fly,gaba_potentiation|k2p_potentiation|complex_i_block|nca_block|nachr_antagonism|glucl_potentiation,hexafluoroethane,10000.0,331,0.0,1.835739614994934,1.9915876242095754
fly,gaba_potentiation|k2p_potentiation|complex_i_block|nca_block|nachr_antagonism|glucl_potentiation,hexafluoroethane,10000.0,443,0.0,1.7962892603850051,1.9530120822041555
fly,gaba_potentiation|k2p_potentiation|complex_i_block|nca_block|nachr_antagonism|glucl_potentiation,hexafluoroethane,30000.0,42,0.0,1.7872973657548126,1.9336043360433603
fly,gaba_potentiation|k2p_potentiation|complex_i_block|snare_cooperativity|nca_block|nachr_antagonism|glucl_potentiation,cis_12_dichloroethylene,1000.0,137,0.1875,1.0488855116514693,1.0820347786811202
fly,gaba_potentiation|k2p_potentiation|complex_i_block|snare_cooperativity|nca_block|nachr_antagonism|glucl_potentiation,cis_12_dichloroethylene,1000.0,219,0.1875,1.0499620060790271,1.0752597109304427
fly,gaba_potentiation|k2p_potentiation|complex_i_block|snare_cooperativity|nca_block|nachr_antagonism|glucl_potentiation,cis_12_dichloroethylene,1000.0,331,0.22916666666666666,1.050468591691996,1.0783367208672088
fly,gaba_potentiation|k2p_potentiation|complex_i_block|snare_cooperativity|nca_block|nachr_antagonism|glucl_potentiation,cis_12_dichloroethylene,1000.0,443,0.10416666666666667,1.0555977710233029,1.0736506323396566
fly,gaba_potentiation|k2p_potentiation|complex_i_block|snare_cooperativity|nca_block|nachr_antagonism|glucl_potentiation,cis_12_dichloroethylene,300.0,219,0.0,1.3794326241134751,1.4459688346883468
fly,gaba_potentiation|k2p_potentiation|complex_i_block|snare_cooperativity|nca_block|nachr_antagonism|glucl_potentiation,cis_12_dichloroethylene,300.0,331,0.0,1.3931737588652482,1.4562584688346885
fly,gaba_potentiation|k2p_potentiation|complex_i_block|snare_cooperativity|nca_block|nachr_antagonism|glucl_potentiation,cis_12_dichloroethylene,300.0,443,0.0,1.3789893617021276,1.4356792005420054
fly,gaba_potentiation|k2p_potentiation|complex_i_block|snare_cooperativity|nca_block|nachr_antagonism|glucl_potentiation,cis_12_dichloroethylene,1000.0,42,0.14583333333333334,1.0515450861195543,1.0755278906955736
fly,gaba_potentiation|k2p_potentiation|complex_i_block|snare_cooperativity|nca_block|nachr_antagonism|glucl_potentiation,cis_12_dichloroethylene,30000.0,219,1.0,0.7227077001013171,0.7343608852755195
fly,gaba_potentiation|k2p_potentiation|complex_i_block|snare_cooperativity|nca_block|nachr_antagonism|glucl_potentiation,cis_12_dichloroethylene,30000.0,331,1.0,0.7323328267477205,0.7352077687443541
fly,gaba_potentiation|k2p_potentiation|complex_i_block|snare_cooperativity|nca_block|nachr_antagonism|glucl_potentiation,cis_12_dichloroethylene,30000.0,443,1.0,0.7294832826747721,0.7327800361336947
fly,gaba_potentiation|k2p_potentiation|complex_i_block|snare_cooperativity|nca_block|nachr_antagonism|glucl_potentiation,trans_12_dichloroethylene,30.0,42,0.0,2.142223910840932,2.3526987353206867
fly,gaba_potentiation|k2p_potentiation|complex_i_block|snare_cooperativity|nca_block|nachr_antagonism|glucl_potentiation,trans_12_dichloroethylene,100.0,42,0.0,2.131268996960486,2.336551490514905
fly,gaba_potentiation|k2p_potentiation|complex_i_block|snare_cooperativity|nca_block|nachr_antagonism|glucl_potentiation,trans_12_dichloroethylene,100.0,137,0.0,2.0531914893617023,2.264622854561879
fly,gaba_potentiation|k2p_potentiation|complex_i_block|snare_cooperativity|nca_block|nachr_antagonism|glucl_potentiation,trans_12_dichloroethylene,100.0,219,0.0,2.071048632218845,2.2734727868112015
fly,gaba_potentiation|k2p_potentiation|complex_i_block|snare_cooperativity|nca_block|nachr_antagonism|glucl_potentiation,trans_12_dichloroethylene,100.0,331,0.0,2.090742147922999,2.2952941508581755
fly,gaba_potentiation|k2p_potentiation|complex_i_block|snare_cooperativity|nca_block|nachr_antagonism|glucl_potentiation,trans_12_dichloroethylene,1000.0,219,0.0,1.9750506585612968,2.14940435862692
fly,gaba_potentiation|k2p_potentiation|complex_i_block|snare_cooperativity|nca_block|nachr_antagonism|glucl_potentiation,trans_12_dichloroethylene,1000.0,331,0.0,1.9773302938196557,2.158099028906956
fly,gaba_potentiation|k2p_potentiation|complex_i_block|snare_cooperativity|nca_block|nachr_antagonism|glucl_potentiation,trans_12_dichloroethylene,1000.0,443,0.0,1.9548505572441741,2.1468637082204154
fly,gaba_potentiation|k2p_potentiation|complex_i_block|snare_cooperativity|nca_block|nachr_antagonism|glucl_potentiation,trans_12_dichloroethylene,3000.0,42,0.0,1.9266717325227962,2.091350496838302
fly,gaba_potentiation|k2p_potentiation|complex_i_block|snare_cooperativity|nca_block|nachr_antagonism|glucl_potentiation,cis_12_dichloroethylene,3000.0,42,1.0,0.8522669706180345,0.86425869467028
fly,gaba_potentiation|k2p_potentiation|complex_i_block|snare_cooperativity|nca_block|nachr_antagonism|glucl_potentiation,cis_12_dichloroethylene,3000.0,137,1.0,0.8525835866261398,0.8708361562782294
fly,gaba_potentiation|k2p_potentiation|complex_i_block|snare_cooperativity|nca_block|nachr_antagonism|glucl_potentiation,cis_12_dichloroethylene,3000.0,219,1.0,0.8475177304964538,0.8630730578139115
fly,gaba_potentiation|k2p_potentiation|complex_i_block|snare_cooperativity|nca_block|nachr_antagonism|glucl_potentiation,cis_12_dichloroethylene,3000.0,331,1.0,0.8555597771023303,0.866135953026197
fly,gaba_potentiation|k2p_potentiation|complex_i_block|snare_cooperativity|nca_block|nachr_antagonism|glucl_potentiation,cis_12_dichloroethylene,10000.0,331,1.0,0.7634878419452887,0.7673893405600722
fly,gaba_potentiation|k2p_potentiation|complex_i_block|snare_cooperativity|nca_block|nachr_antagonism|glucl_potentiation,cis_12_dichloroethylene,10000.0,443,1.0,0.76120820668693,0.7658226061427281
fly,gaba_potentiation|k2p_potentiation|complex_i_block|snare_cooperativity|nca_block|nachr_antagonism|glucl_potentiation,cis_12_dichloroethylene,30000.0,42,1.0,0.724290780141844,0.7311144986449865
fly,gaba_potentiation|k2p_potentiation|complex_i_block|snare_cooperativity|nca_block|nachr_antagonism|glucl_potentiation,cis_12_dichloroethylene,30000.0,137,1.0,0.7238475177304965,0.7355324074074074
fly,gaba_potentiation|k2p_potentiation|complex_i_block|snare_cooperativity|nca_block|nachr_antagonism|glucl_potentiation,cis_12_dichloroethylene,3000.0,443,1.0,0.8566995947315096,0.8641175474254743
fly,gaba_potentiation|k2p_potentiation|complex_i_block|snare_cooperativity|nca_block|nachr_antagonism|glucl_potentiation,cis_12_dichloroethylene,10000.0,42,1.0,0.7523429584599798,0.7619551716350497
fly,gaba_potentiation|k2p_potentiation|complex_i_block|snare_cooperativity|nca_block|nachr_antagonism|glucl_potentiation,cis_12_dichloroethylene,10000.0,137,1.0,0.7546859169199595,0.7685749774164409
fly,gaba_potentiation|k2p_potentiation|complex_i_block|snare_cooperativity|nca_block|nachr_antagonism|glucl_potentiation,cis_12_dichloroethylene,10000.0,219,1.0,0.7516464032421478,0.764453477868112
fly,gaba_potentiation|k2p_potentiation|complex_i_block|snare_cooperativity|nca_block|nachr_antagonism|glucl_potentiation,trans_12_dichloroethylene,30.0,137,0.0,2.0673758865248226,2.284087059620596
fly,gaba_potentiation|k2p_potentiation|complex_i_block|snare_cooperativity|nca_block|nachr_antagonism|glucl_potentiation,trans_12_dichloroethylene,30.0,219,0.0,2.0863095238095237,2.2868676603432703
fly,gaba_potentiation|k2p_potentiation|complex_i_block|snare_cooperativity|nca_block|nachr_antagonism|glucl_potentiation,trans_12_dichloroethylene,30.0,331,0.0,2.0837132725430596,2.2886320009033425
fly,gaba_potentiation|k2p_potentiation|complex_i_block|snare_cooperativity|nca_block|nachr_antagonism|glucl_potentiation,trans_12_dichloroethylene,30.0,443,0.0,2.0444528875379935,2.2462313685636857
fly,gaba_potentiation|k2p_potentiation|complex_i_block|snare_cooperativity|nca_block|nachr_antagonism|glucl_potentiation,trans_12_dichloroethylene,100.0,443,0.0,2.0424265450861196,2.2481792005420056
fly,gaba_potentiation|k2p_potentiation|complex_i_block|snare_cooperativity|nca_block|nachr_antagonism|glucl_potentiation,trans_12_dichloroethylene,300.0,42,0.0,2.1171479229989867,2.33031278229449
fly,gaba_potentiation|k2p_potentiation|complex_i_block|snare_cooperativity|nca_block|nachr_antagonism|glucl_potentiation,trans_12_dichloroethylene,300.0,137,0.0,2.0545845997973657,2.268109191508582
fly,gaba_potentiation|k2p_potentiation|complex_i_block|snare_cooperativity|nca_block|nachr_antagonism|glucl_potentiation,trans_12_dichloroethylene,300.0,219,0.0,2.035081053698075,2.2337962962962963
fly,gaba_potentiation|k2p_potentiation|complex_i_block|snare_cooperativity|nca_block|nachr_antagonism|glucl_potentiation,trans_12_dichloroethylene,300.0,331,0.0,2.070225430597771,2.282082768744354
fly,gaba_potentiation|k2p_potentiation|complex_i_block|snare_cooperativity|nca_block|nachr_antagonism|glucl_potentiation,trans_12_dichloroethylene,300.0,443,0.0,2.028495440729483,2.2302817299006326
fly,gaba_potentiation|k2p_potentiation|complex_i_block|snare_cooperativity|nca_block|nachr_antagonism|glucl_potentiation,trans_12_dichloroethylene,1000.0,42,0.0,2.014880952380952,2.1974932249322494
fly,gaba_potentiation|k2p_potentiation|complex_i_block|snare_cooperativity|nca_block|nachr_antagonism|glucl_potentiation,trans_12_dichloroethylene,1000.0,137,0.0,2.0010131712259374,2.203929539295393
fly,gaba_potentiation|k2p_potentiation|complex_i_block|snare_cooperativity|nca_block|nachr_antagonism|glucl_potentiation,trans_12_dichloroethylene,3000.0,137,0.0,1.898239614994934,2.0790848012646794
fly,gaba_potentiation|k2p_potentiation|complex_i_block|snare_cooperativity|nca_block|nachr_antagonism|glucl_potentiation,trans_12_dichloroethylene,3000.0,219,0.0,1.8546099290780145,2.0122939250225835
fly,gaba_potentiation|k2p_potentiation|complex_i_block|snare_cooperativity|nca_block|nachr_antagonism|glucl_potentiation,trans_12_dichloroethylene,3000.0,331,0.0,1.9008991894630192,2.066875564588979
fly,gaba_potentiation|k2p_potentiation|complex_i_block|snare_cooperativity|nca_block|nachr_antagonism|glucl_potentiation,trans_12_dichloroethylene,3000.0,443,0.0,1.8822821681864237,2.0591548102981028
fly,gaba_potentiation|k2p_potentiation|complex_i_block|snare_cooperativity|nca_block|nachr_antagonism|glucl_potentiation,trans_12_dichloroethylene,10000.0,42,0.0,1.8180091185410332,1.972462172538392
fly,gaba_potentiation|k2p_potentiation|complex_i_block|snare_cooperativity|nca_block|nachr_antagonism|glucl_potentiation,trans_12_dichloroethylene,10000.0,137,0.0,1.7831180344478217,1.9456159665763324
fly,gaba_potentiation|k2p_potentiation|complex_i_block|snare_cooperativity|nca_block|nachr_antagonism|glucl_potentiation,trans_12_dichloroethylene,10000.0,219,0.0,1.7525962512664641,1.8904415085817525
fly,gaba_potentiation|k2p_potentiation|complex_i_block|snare_cooperativity|nca_block|nachr_antagonism|glucl_potentiation,trans_12_dichloroethylene,10000.0,331,0.0,1.7952127659574468,1.9360461833785005
fly,gaba_potentiation|k2p_potentiation|complex_i_block|snare_cooperativity|nca_block|nachr_antagonism|glucl_potentiation,trans_12_dichloroethylene,30000.0,331,0.0,1.7436676798378923,1.8774983062330624
fly,gaba_potentiation|k2p_potentiation|complex_i_block|snare_cooperativity|nca_block|nachr_antagonism|glucl_potentiation,trans_12_dichloroethylene,30000.0,443,0.0,1.7105496453900708,1.844554539295393
fly,gaba_potentiation|k2p_potentiation|complex_i_block|snare_cooperativity|nca_block|nachr_antagonism|glucl_potentiation,hexafluoroethane,30.0,42,0.0,2.1450101317122594,2.354830058717254
fly,gaba_potentiation|k2p_potentiation|complex_i_block|snare_cooperativity|nca_block|nachr_antagonism|glucl_potentiation,hexafluoroethane,30.0,137,0.0,2.064906281661601,2.278977529358627
fly,gaba_potentiation|k2p_potentiation|complex_i_block|snare_cooperativity|nca_block|nachr_antagonism|glucl_potentiation,hexafluoroethane,30.0,219,0.0,2.0866894630192503,2.287982723577236
fly,gaba_potentiation|k2p_potentiation|complex_i_block|snare_cooperativity|nca_block|nachr_antagonism|glucl_potentiation,hexafluoroethane,30.0,331,0.0,2.0899189463019248,2.3015752032520327
fly,gaba_potentiation|k2p_potentiation|complex_i_block|snare_cooperativity|nca_block|nachr_antagonism|glucl_potentiation,hexafluoroethane,30.0,443,0.0,2.0414133738601823,2.2420110659439927
fly,gaba_potentiation|k2p_potentiation|complex_i_block|snare_cooperativity|nca_block|nachr_antagonism|glucl_potentiation,hexafluoroethane,100.0,42,0.0,2.121517223910841,2.3228884372177054
fly,gaba_potentiation|k2p_potentiation|complex_i_block|snare_cooperativity|nca_block|nachr_antagonism|glucl_potentiation,hexafluoroethane,100.0,137,0.0,2.063133232016211,2.276563911472448
fly,gaba_potentiation|k2p_potentiation|complex_i_block|snare_cooperativity|nca_block|nachr_antagonism|glucl_potentiation,hexafluoroethane,100.0,219,0.0,2.0813069908814588,2.2825626693766936
fly,gaba_potentiation|k2p_potentiation|complex_i_block|snare_cooperativity|nca_block|nachr_antagonism|glucl_potentiation,hexafluoroethane,100.0,331,0.0,2.086372847011145,2.2912291102077686
fly,gaba_potentiation|k2p_potentiation|complex_i_block|snare_cooperativity|nca_block|nachr_antagonism|glucl_potentiation,hexafluoroethane,100.0,443,0.0,2.040020263424519,2.2398373983739837
fly,gaba_potentiation|k2p_potentiation|complex_i_block|snare_cooperativity|nca_block|nachr_antagonism|glucl_potentiation,trans_12_dichloroethylene,10000.0,443,0.0,1.7752026342451874,1.928367773261066
fly,gaba_potentiation|k2p_potentiation|complex_i_block|snare_cooperativity|nca_block|nachr_antagonism|glucl_potentiation,trans_12_dichloroethylene,30000.0,42,0.0,1.7783687943262414,1.9248390921409213
fly,gaba_potentiation|k2p_potentiation|complex_i_block|snare_cooperativity|nca_block|nachr_antagonism|glucl_potentiation,trans_12_dichloroethylene,30000.0,137,0.0,1.7417679837892603,1.895776874435411
fly,gaba_potentiation|k2p_potentiation|complex_i_block|snare_cooperativity|nca_block|nachr_antagonism|glucl_potentiation,trans_12_dichloroethylene,30000.0,219,0.0,1.709029888551165,1.8399107949412827
fly,gaba_potentiation|k2p_potentiation|complex_i_block|snare_cooperativity|nca_block|nachr_antagonism|glucl_potentiation,hexafluoroethane,300.0,443,0.0,2.050468591691996,2.2548272357723578
fly,gaba_potentiation|k2p_potentiation|complex_i_block|snare_cooperativity|nca_block|nachr_antagonism|glucl_potentiation,hexafluoroethane,1000.0,42,0.0,2.057434143870314,2.2557164634146343
fly,gaba_potentiation|k2p_potentiation|complex_i_block|snare_cooperativity|nca_block|nachr_antagonism|glucl_potentiation,hexafluoroethane,1000.0,137,0.0,2.0260258358662617,2.241502935862692
fly,gaba_potentiation|k2p_potentiation|complex_i_block|snare_cooperativity|nca_block|nachr_antagonism|glucl_potentiation,hexafluoroethane,1000.0,219,0.0,2.004875886524823,2.1975073396567297
fly,gaba_potentiation|k2p_potentiation|complex_i_block|snare_cooperativity|nca_block|nachr_antagonism|glucl_potentiation,hexafluoroethane,300.0,42,0.0,2.1406408308004052,2.357257791327913
fly,gaba_potentiation|k2p_potentiation|complex_i_block|snare_cooperativity|nca_block|nachr_antagonism|glucl_potentiation,hexafluoroethane,300.0,137,0.0,2.053001519756839,2.269506549232159
fly,gaba_potentiation|k2p_potentiation|complex_i_block|snare_cooperativity|nca_block|nachr_antagonism|glucl_potentiation,hexafluoroethane,300.0,219,0.0,2.0499620060790273,2.2465277777777777
fly,gaba_potentiation|k2p_potentiation|complex_i_block|snare_cooperativity|nca_block|nachr_antagonism|glucl_potentiation,hexafluoroethane,300.0,331,0.0,2.0789640324214793,2.2795844625112918
fly,gaba_potentiation|k2p_potentiation|complex_i_block|snare_cooperativity|nca_block|nachr_antagonism|glucl_potentiation,hexafluoroethane,1000.0,331,0.0,2.016020770010132,2.2019393631436315
fly,gaba_potentiation|k2p_potentiation|complex_i_block|snare_cooperativity|nca_block|nachr_antagonism|glucl_potentiation,hexafluoroethane,1000.0,443,0.0,1.987272036474164,2.189433717253839
fly,gaba_potentiation|k2p_potentiation|complex_i_block|snare_cooperativity|nca_block|nachr_antagonism|glucl_potentiation,hexafluoroethane,3000.0,42,0.0,1.970048125633232,2.1409072944896117
fly,gaba_potentiation|k2p_potentiation|complex_i_block|snare_cooperativity|nca_block|nachr_antagonism|glucl_potentiation,hexafluoroethane,3000.0,137,0.0,1.9387664640324216,2.1329324751580847
fly,gaba_potentiation|k2p_potentiation|complex_i_block|snare_cooperativity|nca_block|nachr_antagonism|glucl_potentiation,hexafluoroethane,3000.0,219,0.0,1.9086246200607901,2.075245596205962
fly,gaba_potentiation|k2p_potentiation|complex_i_block|snare_cooperativity|nca_block|nachr_antagonism|glucl_potentiation,hexafluoroethane,3000.0,331,0.0,1.9397163120567376,2.109445573622403
fly,gaba_potentiation|k2p_potentiation|complex_i_block|snare_cooperativity|nca_block|nachr_antagonism|glucl_potentiation,hexafluoroethane,3000.0,443,0.0,1.9224290780141846,2.1055357949412827
fly,gaba_potentiation|k2p_potentiation|complex_i_block|snare_cooperativity|nca_block|nachr_antagonism|glucl_potentiation,hexafluoroethane,10000.0,42,0.0,1.8518870314083078,2.005151874435411
fly,gaba_potentiation|k2p_potentiation|complex_i_block|snare_cooperativity|nca_block|nachr_antagonism|glucl_potentiation,hexafluoroethane,30000.0,443,0.0,1.7318895643363728,1.8726004968383017
mouse,gaba_potentiation|k2p_potentiation|complex_i_block|nca_block,cis_12_dichloroethylene,30.0,42,0.0,1.4593055555555556,1.451638888888889
mouse,gaba_potentiation|k2p_potentiation|complex_i_block|nca_block,cis_12_dichloroethylene,30.0,137,0.0,1.4402777777777775,1.4405277777777779
mouse,gaba_potentiation|k2p_potentiation|complex_i_block|nca_block,cis_12_dichloroethylene,30.0,219,0.0,1.4281944444444445,1.441875
mouse,gaba_potentiation|k2p_potentiation|complex_i_block|nca_block,cis_12_dichloroethylene,30.0,331,0.0,1.4281944444444443,1.4481944444444443
mouse,gaba_potentiation|k2p_potentiation|complex_i_block|nca_block,cis_12_dichloroethylene,30.0,443,0.0,1.463611111111111,1.4485
mouse,gaba_potentiation|k2p_potentiation|complex_i_block|nca_block,cis_12_dichloroethylene,100.0,42,0.0,1.3509722222222222,1.3416805555555555
mouse,gaba_potentiation|k2p_potentiation|complex_i_block|nca_block,cis_12_dichloroethylene,100.0,137,0.0,1.3302777777777777,1.3306944444444444
mouse,gaba_potentiation|k2p_potentiation|complex_i_block|nca_block,cis_12_dichloroethylene,300.0,137,0.0,1.133888888888889,1.1264444444444444
mouse,gaba_potentiation|k2p_potentiation|complex_i_block|nca_block,cis_12_dichloroethylene,300.0,219,0.0,1.1077777777777778,1.1281527777777778
mouse,gaba_potentiation|k2p_potentiation|complex_i_block|nca_block,cis_12_dichloroethylene,300.0,331,0.0,1.1094444444444445,1.1340972222222223
mouse,gaba_potentiation|k2p_potentiation|complex_i_block|nca_block,cis_12_dichloroethylene,300.0,443,0.0,1.1468055555555556,1.1355555555555557
fly,gaba_potentiation|k2p_potentiation|complex_i_block|snare_cooperativity|nca_block|nachr_antagonism|glucl_potentiation,hexafluoroethane,10000.0,137,0.0,1.8267477203647415,1.9966689250225835
fly,gaba_potentiation|k2p_potentiation|complex_i_block|snare_cooperativity|nca_block|nachr_antagonism|glucl_potentiation,hexafluoroethane,10000.0,219,0.0,1.794642857142857,1.9446561653116532
fly,gaba_potentiation|k2p_potentiation|complex_i_block|snare_cooperativity|nca_block|nachr_antagonism|glucl_potentiation,hexafluoroethane,10000.0,331,0.0,1.835739614994934,1.9915876242095754
fly,gaba_potentiation|k2p_potentiation|complex_i_block|snare_cooperativity|nca_block|nachr_antagonism|glucl_potentiation,hexafluoroethane,10000.0,443,0.0,1.7962892603850051,1.9530120822041555
fly,gaba_potentiation|k2p_potentiation|complex_i_block|snare_cooperativity|nca_block|nachr_antagonism|glucl_potentiation,hexafluoroethane,30000.0,42,0.0,1.7872973657548126,1.9336043360433603
fly,gaba_potentiation|k2p_potentiation|complex_i_block|snare_cooperativity|nca_block|nachr_antagonism|glucl_potentiation,hexafluoroethane,30000.0,137,0.0,1.7635511651469098,1.920872854561879
fly,gaba_potentiation|k2p_potentiation|complex_i_block|snare_cooperativity|nca_block|nachr_antagonism|glucl_potentiation,hexafluoroethane,30000.0,219,0.0,1.7229609929078016,1.8495511517615175
fly,gaba_potentiation|k2p_potentiation|complex_i_block|snare_cooperativity|nca_block|nachr_antagonism|glucl_potentiation,hexafluoroethane,30000.0,331,0.0,1.7600050658561297,1.8980775745257452
mouse,gaba_potentiation|k2p_potentiation|complex_i_block|nca_block,cis_12_dichloroethylene,100.0,219,0.0,1.3129166666666665,1.3314166666666667
mouse,gaba_potentiation|k2p_potentiation|complex_i_block|nca_block,cis_12_dichloroethylene,100.0,331,0.0,1.3195833333333333,1.3407638888888889
mouse,gaba_potentiation|k2p_potentiation|complex_i_block|nca_block,cis_12_dichloroethylene,100.0,443,0.0,1.3495833333333334,1.3396527777777778
mouse,gaba_potentiation|k2p_potentiation|complex_i_block|nca_block,cis_12_dichloroethylene,300.0,42,0.0,1.1409722222222223,1.131888888888889
mouse,gaba_potentiation|k2p_potentiation|complex_i_block|nca_block,cis_12_dichloroethylene,1000.0,42,0.08333333333333333,0.8509722222222221,0.8466388888888889
mouse,gaba_potentiation|k2p_potentiation|complex_i_block|nca_block,cis_12_dichloroethylene,1000.0,137,0.10416666666666667,0.845138888888889,0.84425
mouse,gaba_potentiation|k2p_potentiation|complex_i_block|nca_block,cis_12_dichloroethylene,1000.0,219,0.1875,0.82375,0.8447361111111111
mouse,gaba_potentiation|k2p_potentiation|complex_i_block|nca_block,cis_12_dichloroethylene,1000.0,331,0.08333333333333333,0.831111111111111,0.8514583333333333
mouse,gaba_potentiation|k2p_potentiation|complex_i_block|nca_block,cis_12_dichloroethylene,3000.0,331,0.9583333333333334,0.6530555555555556,0.674125
mouse,gaba_potentiation|k2p_potentiation|complex_i_block|nca_block,cis_12_dichloroethylene,3000.0,443,0.8333333333333334,0.685138888888889,0.6714027777777778
mouse,gaba_potentiation|k2p_potentiation|complex_i_block|nca_block,cis_12_dichloroethylene,10000.0,42,1.0,0.5843055555555555,0.5856388888888889
mouse,gaba_potentiation|k2p_potentiation|complex_i_block|nca_block,cis_12_dichloroethylene,10000.0,137,1.0,0.5744444444444444,0.578875
mouse,gaba_potentiation|k2p_potentiation|complex_i_block|nca_block,trans_12_dichloroethylene,30.0,42,0.0,1.5105555555555554,1.5052222222222222
mouse,gaba_potentiation|k2p_potentiation|complex_i_block|nca_block,trans_12_dichloroethylene,30.0,137,0.0,1.4927777777777778,1.4933194444444444
mouse,gaba_potentiation|k2p_potentiation|complex_i_block|nca_block,trans_12_dichloroethylene,30.0,219,0.0,1.4840277777777777,1.4951944444444445
mouse,gaba_potentiation|k2p_potentiation|complex_i_block|nca_block,trans_12_dichloroethylene,30.0,331,0.0,1.484861111111111,1.5006527777777778
mouse,gaba_potentiation|k2p_potentiation|complex_i_block|nca_block,cis_12_dichloroethylene,1000.0,443,0.08333333333333333,0.8648611111111112,0.8512361111111111
mouse,gaba_potentiation|k2p_potentiation|complex_i_block|nca_block,cis_12_dichloroethylene,3000.0,42,0.875,0.668888888888889,0.6697638888888889
mouse,gaba_potentiation|k2p_potentiation|complex_i_block|nca_block,cis_12_dichloroethylene,3000.0,137,0.9583333333333334,0.6633333333333333,0.6660972222222222
mouse,gaba_potentiation|k2p_potentiation|complex_i_block|nca_block,cis_12_dichloroethylene,3000.0,219,0.8958333333333334,0.64875,0.6640138888888889
mouse,gaba_potentiation|k2p_potentiation|complex_i_block|nca_block,trans_12_dichloroethylene,30.0,443,0.0,1.5180555555555557,1.5023333333333333
mouse,gaba_potentiation|k2p_potentiation|complex_i_block|nca_block,trans_12_dichloroethylene,100.0,42,0.0,1.5055555555555555,1.499111111111111
mouse,gaba_potentiation|k2p_potentiation|complex_i_block|nca_block,trans_12_dichloroethylene,100.0,137,0.0,1.4859722222222222,1.4873888888888889
mouse,gaba_potentiation|k2p_potentiation|complex_i_block|nca_block,trans_12_dichloroethylene,100.0,219,0.0,1.4781944444444444,1.4895416666666668
mouse,gaba_potentiation|k2p_potentiation|complex_i_block|nca_block,trans_12_dichloroethylene,300.0,219,0.0,1.4625000000000001,1.4740277777777777
mouse,gaba_potentiation|k2p_potentiation|complex_i_block|nca_block,trans_12_dichloroethylene,300.0,331,0.0,1.4626388888888888,1.4797222222222222
mouse,gaba_potentiation|k2p_potentiation|complex_i_block|nca_block,trans_12_dichloroethylene,300.0,443,0.0,1.4966666666666668,1.4807777777777777
mouse,gaba_potentiation|k2p_potentiation|complex_i_block|nca_block,trans_12_dichloroethylene,1000.0,42,0.0,1.4480555555555557,1.4413194444444444
mouse,gaba_potentiation|k2p_potentiation|complex_i_block|nca_block,cis_12_dichloroethylene,10000.0,219,1.0,0.5675,0.5784444444444444
mouse,gaba_potentiation|k2p_potentiation|complex_i_block|nca_block,cis_12_dichloroethylene,10000.0,331,1.0,0.5702777777777778,0.5861111111111111
mouse,gaba_potentiation|k2p_potentiation|complex_i_block|nca_block,cis_12_dichloroethylene,10000.0,443,1.0,0.5941666666666666,0.5832361111111111
mouse,gaba_potentiation|k2p_potentiation|complex_i_block|nca_block,cis_12_dichloroethylene,30000.0,42,1.0,0.5568055555555556,0.557125
mouse,gaba_potentiation|k2p_potentiation|complex_i_block|nca_block,cis_12_dichloroethylene,30000.0,137,1.0,0.5472222222222222,0.551375
mouse,gaba_potentiation|k2p_potentiation|complex_i_block|nca_block,cis_12_dichloroethylene,30000.0,219,1.0,0.5395833333333333,0.5512083333333333
mouse,gaba_potentiation|k2p_potentiation|complex_i_block|nca_block,cis_12_dichloroethylene,30000.0,331,1.0,0.5416666666666666,0.5573472222222222
mouse,gaba_potentiation|k2p_potentiation|complex_i_block|nca_block,cis_12_dichloroethylene,30000.0,443,1.0,0.5630555555555556,0.5550694444444444
mouse,gaba_potentiation|k2p_potentiation|complex_i_block|nca_block,trans_12_dichloroethylene,3000.0,42,0.0,1.3851388888888891,1.3775
mouse,gaba_potentiation|k2p_potentiation|complex_i_block|nca_block,trans_12_dichloroethylene,3000.0,137,0.0,1.3679166666666667,1.3680416666666666
mouse,gaba_potentiation|k2p_potentiation|complex_i_block|nca_block,trans_12_dichloroethylene,3000.0,219,0.0,1.3498611111111112,1.3686666666666667
mouse,gaba_potentiation|k2p_potentiation|complex_i_block|nca_block,trans_12_dichloroethylene,3000.0,331,0.0,1.356527777777778,1.3759305555555557
mouse,gaba_potentiation|k2p_potentiation|complex_i_block|nca_block,trans_12_dichloroethylene,100.0,331,0.0,1.4794444444444441,1.4944861111111112
mouse,gaba_potentiation|k2p_potentiation|complex_i_block|nca_block,trans_12_dichloroethylene,100.0,443,0.0,1.5119444444444443,1.497111111111111
mouse,gaba_potentiation|k2p_potentiation|complex_i_block|nca_block,trans_12_dichloroethylene,300.0,42,0.0,1.4916666666666665,1.4837222222222222
mouse,gaba_potentiation|k2p_potentiation|complex_i_block|nca_block,trans_12_dichloroethylene,300.0,137,0.0,1.471111111111111,1.4712361111111112
mouse,gaba_potentiation|k2p_potentiation|complex_i_block|nca_block,trans_12_dichloroethylene,30000.0,219,0.0,1.25125,1.2701666666666667
mouse,gaba_potentiation|k2p_potentiation|complex_i_block|nca_block,trans_12_dichloroethylene,30000.0,331,0.0,1.2584722222222222,1.27925
mouse,gaba_potentiation|k2p_potentiation|complex_i_block|nca_block,trans_12_dichloroethylene,30000.0,443,0.0,1.2865277777777777,1.2789583333333334
mouse,gaba_potentiation|k2p_potentiation|complex_i_block|nca_block,hexafluoroethane,30.0,42,0.0,1.5122222222222224,1.5062222222222221
mouse,gaba_potentiation|k2p_potentiation|complex_i_block|nca_block,trans_12_dichloroethylene,1000.0,137,0.0,1.4325,1.4313194444444444
mouse,gaba_potentiation|k2p_potentiation|complex_i_block|nca_block,trans_12_dichloroethylene,1000.0,219,0.0,1.4181944444444443,1.4325277777777778
mouse,gaba_potentiation|k2p_potentiation|complex_i_block|nca_block,trans_12_dichloroethylene,1000.0,331,0.0,1.4205555555555556,1.4389305555555556
mouse,gaba_potentiation|k2p_potentiation|complex_i_block|nca_block,trans_12_dichloroethylene,1000.0,443,0.0,1.4525,1.4390972222222222
mouse,gaba_potentiation|k2p_potentiation|complex_i_block|nca_block,trans_12_dichloroethylene,3000.0,443,0.0,1.387777777777778,1.3762777777777777
mouse,gaba_potentiation|k2p_potentiation|complex_i_block|nca_block,trans_12_dichloroethylene,10000.0,42,0.0,1.3225,1.312736111111111
mouse,gaba_potentiation|k2p_potentiation|complex_i_block|nca_block,trans_12_dichloroethylene,10000.0,137,0.0,1.3029166666666667,1.3014583333333334
mouse,gaba_potentiation|k2p_potentiation|complex_i_block|nca_block,trans_12_dichloroethylene,10000.0,219,0.0,1.2844444444444445,1.3033333333333332
mouse,gaba_potentiation|k2p_potentiation|complex_i_block|nca_block,hexafluoroethane,30.0,137,0.0,1.4945833333333336,1.4945972222222221
mouse,gaba_potentiation|k2p_potentiation|complex_i_block|nca_block,hexafluoroethane,30.0,219,0.0,1.485,1.4963194444444445
mouse,gaba_potentiation|k2p_potentiation|complex_i_block|nca_block,hexafluoroethane,30.0,331,0.0,1.4863888888888888,1.5015555555555555
mouse,gaba_potentiation|k2p_potentiation|complex_i_block|nca_block,hexafluoroethane,30.0,443,0.0,1.5193055555555555,1.5034166666666666
mouse,gaba_potentiation|k2p_potentiation|complex_i_block|nca_block,hexafluoroethane,300.0,331,0.0,1.4722222222222223,1.4881944444444444
mouse,gaba_potentiation|k2p_potentiation|complex_i_block|nca_block,hexafluoroethane,300.0,443,0.0,1.5054166666666664,1.4904583333333334
mouse,gaba_potentiation|k2p_potentiation|complex_i_block|nca_block,hexafluoroethane,1000.0,42,0.0,1.4731944444444445,1.4640416666666667
mouse,gaba_potentiation|k2p_potentiation|complex_i_block|nca_block,hexafluoroethane,1000.0,137,0.0,1.4509722222222223,1.4523333333333333
mouse,gaba_potentiation|k2p_potentiation|complex_i_block|nca_block,trans_12_dichloroethylene,10000.0,331,0.0,1.2909722222222222,1.3112777777777778
mouse,gaba_potentiation|k2p_potentiation|complex_i_block|nca_block,trans_12_dichloroethylene,10000.0,443,0.0,1.3198611111111112,1.3103888888888888
mouse,gaba_potentiation|k2p_potentiation|complex_i_block|nca_block,trans_12_dichloroethylene,30000.0,42,0.0,1.2919444444444443,1.279236111111111
mouse,gaba_potentiation|k2p_potentiation|complex_i_block|nca_block,trans_12_dichloroethylene,30000.0,137,0.0,1.2723611111111113,1.2685833333333334
mouse,gaba_potentiation|k2p_potentiation|complex_i_block|nca_block,hexafluoroethane,10000.0,42,0.0,1.347361111111111,1.3373055555555555
mouse,gaba_potentiation|k2p_potentiation|complex_i_block|nca_block,hexafluoroethane,10000.0,137,0.0,1.3281944444444445,1.3265694444444445
mouse,gaba_potentiation|k2p_potentiation|complex_i_block|nca_block,hexafluoroethane,10000.0,219,0.0,1.3076388888888888,1.3269027777777778
mouse,gaba_potentiation|k2p_potentiation|complex_i_block|nca_block,hexafluoroethane,10000.0,331,0.0,1.3144444444444445,1.3362222222222222
mouse,gaba_potentiation|k2p_potentiation|complex_i_block|nca_block,hexafluoroethane,100.0,42,0.0,1.5080555555555557,1.5026527777777778
mouse,gaba_potentiation|k2p_potentiation|complex_i_block|nca_block,hexafluoroethane,100.0,137,0.0,1.4905555555555552,1.4906805555555556
mouse,gaba_potentiation|k2p_potentiation|complex_i_block|nca_block,hexafluoroethane,100.0,219,0.0,1.481111111111111,1.4925972222222221
mouse,gaba_potentiation|k2p_potentiation|complex_i_block|nca_block,hexafluoroethane,100.0,331,0.0,1.4823611111111112,1.4979027777777778
mouse,gaba_potentiation|k2p_potentiation|complex_i_block|nca_block,hexafluoroethane,100.0,443,0.0,1.5151388888888888,1.5000833333333334
mouse,gaba_potentiation|k2p_potentiation|complex_i_block|nca_block,hexafluoroethane,300.0,42,0.0,1.4998611111111113,1.4931527777777778
mouse,gaba_potentiation|k2p_potentiation|complex_i_block|nca_block,hexafluoroethane,300.0,137,0.0,1.479861111111111,1.4806805555555556
mouse,gaba_potentiation|k2p_potentiation|complex_i_block|nca_block,hexafluoroethane,300.0,219,0.0,1.4706944444444445,1.4827222222222223
mouse,gaba_potentiation|k2p_potentiation|complex_i_block|nca_block,hexafluoroethane,1000.0,219,0.0,1.442222222222222,1.453638888888889
mouse,gaba_potentiation|k2p_potentiation|complex_i_block|nca_block,hexafluoroethane,1000.0,331,0.0,1.4412500000000001,1.4600694444444444
mouse,gaba_potentiation|k2p_potentiation|complex_i_block|nca_block,hexafluoroethane,1000.0,443,0.0,1.4761111111111112,1.4605
mouse,gaba_potentiation|k2p_potentiation|complex_i_block|nca_block,hexafluoroethane,3000.0,42,0.0,1.415,1.4078333333333333
mouse,gaba_potentiation|k2p_potentiation|complex_i_block|nca_block,hexafluoroethane,30000.0,331,0.0,1.2695833333333333,1.2912222222222223
mouse,gaba_potentiation|k2p_potentiation|complex_i_block|nca_block,hexafluoroethane,30000.0,443,0.0,1.2972222222222223,1.2899722222222223
mouse,gaba_potentiation|complex_i_block|nca_block|nachr_antagonism,cis_12_dichloroethylene,30.0,42,0.0,1.465277777777778,1.456875
mouse,gaba_potentiation|complex_i_block|nca_block|nachr_antagonism,cis_12_dichloroethylene,30.0,137,0.0,1.4452777777777779,1.4457638888888888
mouse,gaba_potentiation|complex_i_block|nca_block|nachr_antagonism,cis_12_dichloroethylene,300.0,42,0.0,1.1626388888888888,1.1537222222222223
mouse,gaba_potentiation|complex_i_block|nca_block|nachr_antagonism,cis_12_dichloroethylene,300.0,137,0.0,1.1552777777777778,1.1480833333333333
mouse,gaba_potentiation|complex_i_block|nca_block|nachr_antagonism,cis_12_dichloroethylene,300.0,219,0.0,1.126111111111111,1.1485833333333333
mouse,gaba_potentiation|complex_i_block|nca_block|nachr_antagonism,cis_12_dichloroethylene,300.0,331,0.0,1.1341666666666668,1.156875
mouse,gaba_potentiation|k2p_potentiation|complex_i_block|nca_block,hexafluoroethane,3000.0,137,0.0,1.4001388888888888,1.39925
mouse,gaba_potentiation|k2p_potentiation|complex_i_block|nca_block,hexafluoroethane,3000.0,219,0.0,1.3847222222222222,1.4005138888888888
mouse,gaba_potentiation|k2p_potentiation|complex_i_block|nca_block,hexafluoroethane,3000.0,331,0.0,1.3888888888888886,1.407125
mouse,gaba_potentiation|k2p_potentiation|complex_i_block|nca_block,hexafluoroethane,3000.0,443,0.0,1.4181944444444445,1.4071944444444444
mouse,gaba_potentiation|k2p_potentiation|complex_i_block|nca_block,hexafluoroethane,10000.0,443,0.0,1.3431944444444444,1.3348333333333333
mouse,gaba_potentiation|k2p_potentiation|complex_i_block|nca_block,hexafluoroethane,30000.0,42,0.0,1.3030555555555556,1.291763888888889
mouse,gaba_potentiation|k2p_potentiation|complex_i_block|nca_block,hexafluoroethane,30000.0,137,0.0,1.2831944444444445,1.2807222222222223
mouse,gaba_potentiation|k2p_potentiation|complex_i_block|nca_block,hexafluoroethane,30000.0,219,0.0,1.2633333333333334,1.2821666666666667
mouse,gaba_potentiation|complex_i_block|nca_block|nachr_antagonism,cis_12_dichloroethylene,300.0,443,0.0,1.1659722222222222,1.1568055555555556
mouse,gaba_potentiation|complex_i_block|nca_block|nachr_antagonism,cis_12_dichloroethylene,1000.0,42,0.020833333333333332,0.8673611111111111,0.865
mouse,gaba_potentiation|complex_i_block|nca_block|nachr_antagonism,cis_12_dichloroethylene,1000.0,137,0.041666666666666664,0.8647222222222223,0.8628194444444445
mouse,gaba_potentiation|complex_i_block|nca_block|nachr_antagonism,cis_12_dichloroethylene,1000.0,219,0.125,0.841388888888889,0.8632083333333334
mouse,gaba_potentiation|complex_i_block|nca_block|nachr_antagonism,cis_12_dichloroethylene,30.0,219,0.0,1.4344444444444442,1.4472361111111112
mouse,gaba_potentiation|complex_i_block|nca_block|nachr_antagonism,cis_12_dichloroethylene,30.0,331,0.0,1.4336111111111112,1.4534444444444445
mouse,gaba_potentiation|complex_i_block|nca_block|nachr_antagonism,cis_12_dichloroethylene,30.0,443,0.0,1.4695833333333332,1.4537361111111111
mouse,gaba_potentiation|complex_i_block|nca_block|nachr_antagonism,cis_12_dichloroethylene,100.0,42,0.0,1.3627777777777776,1.3550833333333334
mouse,gaba_potentiation|complex_i_block|nca_block|nachr_antagonism,cis_12_dichloroethylene,100.0,137,0.0,1.3451388888888889,1.3446944444444444
mouse,gaba_potentiation|complex_i_block|nca_block|nachr_antagonism,cis_12_dichloroethylene,100.0,219,0.0,1.3248611111111113,1.3460138888888888
mouse,gaba_potentiation|complex_i_block|nca_block|nachr_antagonism,cis_12_dichloroethylene,100.0,331,0.0,1.3340277777777778,1.354111111111111
mouse,gaba_potentiation|complex_i_block|nca_block|nachr_antagonism,cis_12_dichloroethylene,100.0,443,0.0,1.3644444444444446,1.3535833333333334
mouse,gaba_potentiation|complex_i_block|nca_block|nachr_antagonism,cis_12_dichloroethylene,3000.0,219,0.875,0.6573611111111112,0.6731666666666667
mouse,gaba_potentiation|complex_i_block|nca_block|nachr_antagonism,cis_12_dichloroethylene,3000.0,331,0.9375,0.66375,0.6834583333333333
mouse,gaba_potentiation|complex_i_block|nca_block|nachr_antagonism,cis_12_dichloroethylene,3000.0,443,0.7916666666666666,0.69625,0.6807638888888888
mouse,gaba_potentiation|complex_i_block|nca_block|nachr_antagonism,cis_12_dichloroethylene,10000.0,42,1.0,0.5869444444444444,0.5889444444444445
mouse,gaba_potentiation|complex_i_block|nca_block|nachr_antagonism,cis_12_dichloroethylene,1000.0,331,0.041666666666666664,0.8479166666666668,0.8716388888888889
mouse,gaba_potentiation|complex_i_block|nca_block|nachr_antagonism,cis_12_dichloroethylene,1000.0,443,0.0625,0.884861111111111,0.8691666666666666
mouse,gaba_potentiation|complex_i_block|nca_block|nachr_antagonism,cis_12_dichloroethylene,3000.0,42,0.8541666666666666,0.6791666666666667,0.6786111111111112
mouse,gaba_potentiation|complex_i_block|nca_block|nachr_antagonism,cis_12_dichloroethylene,3000.0,137,0.9375,0.6727777777777777,0.6751111111111111
mouse,gaba_potentiation|complex_i_block|nca_block|nachr_antagonism,cis_12_dichloroethylene,30000.0,443,1.0,0.5645833333333333,0.5562083333333333
mouse,gaba_potentiation|complex_i_block|nca_block|nachr_antagonism,trans_12_dichloroethylene,30.0,42,0.0,1.513333333333333,1.5077777777777779
mouse,gaba_potentiation|complex_i_block|nca_block|nachr_antagonism,trans_12_dichloroethylene,30.0,137,0.0,1.4958333333333333,1.4960694444444445
mouse,gaba_potentiation|complex_i_block|nca_block|nachr_antagonism,trans_12_dichloroethylene,30.0,219,0.0,1.4863888888888888,1.4980694444444445
mouse,gaba_potentiation|complex_i_block|nca_block|nachr_antagonism,trans_12_dichloroethylene,100.0,219,0.0,1.4863888888888888,1.4980694444444445
mouse,gaba_potentiation|complex_i_block|nca_block|nachr_antagonism,trans_12_dichloroethylene,100.0,331,0.0,1.487638888888889,1.5030972222222223
mouse,gaba_potentiation|complex_i_block|nca_block|nachr_antagonism,trans_12_dichloroethylene,100.0,443,0.0,1.5211111111111109,1.5050833333333333
mouse,gaba_potentiation|complex_i_block|nca_block|nachr_antagonism,trans_12_dichloroethylene,300.0,42,0.0,1.513333333333333,1.5077777777777779
mouse,gaba_potentiation|complex_i_block|nca_block|nachr_antagonism,cis_12_dichloroethylene,30000.0,42,1.0,0.5579166666666666,0.5582361111111112
mouse,gaba_potentiation|complex_i_block|nca_block|nachr_antagonism,cis_12_dichloroethylene,30000.0,137,1.0,0.5480555555555555,0.5525416666666667
mouse,gaba_potentiation|complex_i_block|nca_block|nachr_antagonism,cis_12_dichloroethylene,30000.0,219,1.0,0.5404166666666667,0.5524166666666667
mouse,gaba_potentiation|complex_i_block|nca_block|nachr_antagonism,cis_12_dichloroethylene,30000.0,331,1.0,0.5423611111111111,0.5584444444444444
mouse,gaba_potentiation|complex_i_block|nca_block|nachr_antagonism,cis_12_dichloroethylene,10000.0,137,1.0,0.5780555555555557,0.5820138888888889
mouse,gaba_potentiation|complex_i_block|nca_block|nachr_antagonism,cis_12_dichloroethylene,10000.0,219,1.0,0.5711111111111111,0.5817083333333334
mouse,gaba_potentiation|complex_i_block|nca_block|nachr_antagonism,cis_12_dichloroethylene,10000.0,331,1.0,0.5726388888888888,0.5887361111111111
mouse,gaba_potentiation|complex_i_block|nca_block|nachr_antagonism,cis_12_dichloroethylene,10000.0,443,1.0,0.5968055555555555,0.5865833333333333
mouse,gaba_potentiation|complex_i_block|nca_block|nachr_antagonism,trans_12_dichloroethylene,30.0,331,0.0,1.487638888888889,1.5030972222222223
mouse,gaba_potentiation|complex_i_block|nca_block|nachr_antagonism,trans_12_dichloroethylene,30.0,443,0.0,1.5211111111111109,1.5050833333333333
mouse,gaba_potentiation|complex_i_block|nca_block|nachr_antagonism,trans_12_dichloroethylene,100.0,42,0.0,1.513333333333333,1.5077777777777779
mouse,gaba_potentiation|complex_i_block|nca_block|nachr_antagonism,trans_12_dichloroethylene,100.0,137,0.0,1.4958333333333333,1.4960694444444445
mouse,gaba_potentiation|complex_i_block|nca_block|nachr_antagonism,trans_12_dichloroethylene,1000.0,443,0.0,1.5211111111111109,1.5050833333333333
mouse,gaba_potentiation|complex_i_block|nca_block|nachr_antagonism,trans_12_dichloroethylene,3000.0,42,0.0,1.513333333333333,1.5077777777777779
mouse,gaba_potentiation|complex_i_block|nca_block|nachr_antagonism,trans_12_dichloroethylene,3000.0,137,0.0,1.4958333333333333,1.4960694444444445
mouse,gaba_potentiation|complex_i_block|nca_block|nachr_antagonism,trans_12_dichloroethylene,3000.0,219,0.0,1.4863888888888888,1.4980694444444445
mouse,gaba_potentiation|complex_i_block|nca_block|nachr_antagonism,trans_12_dichloroethylene,300.0,137,0.0,1.4958333333333333,1.4960694444444445
mouse,gaba_potentiation|complex_i_block|nca_block|nachr_antagonism,trans_12_dichloroethylene,300.0,219,0.0,1.4863888888888888,1.4980694444444445
mouse,gaba_potentiation|complex_i_block|nca_block|nachr_antagonism,trans_12_dichloroethylene,300.0,331,0.0,1.487638888888889,1.5030972222222223
mouse,gaba_potentiation|complex_i_block|nca_block|nachr_antagonism,trans_12_dichloroethylene,300.0,443,0.0,1.5211111111111109,1.5050833333333333
mouse,gaba_potentiation|complex_i_block|nca_block|nachr_antagonism,trans_12_dichloroethylene,1000.0,42,0.0,1.513333333333333,1.5077777777777779
mouse,gaba_potentiation|complex_i_block|nca_block|nachr_antagonism,trans_12_dichloroethylene,1000.0,137,0.0,1.4958333333333333,1.4960694444444445
mouse,gaba_potentiation|complex_i_block|nca_block|nachr_antagonism,trans_12_dichloroethylene,1000.0,219,0.0,1.4863888888888888,1.4980694444444445
mouse,gaba_potentiation|complex_i_block|nca_block|nachr_antagonism,trans_12_dichloroethylene,1000.0,331,0.0,1.487638888888889,1.5030972222222223
mouse,gaba_potentiation|complex_i_block|nca_block|nachr_antagonism,trans_12_dichloroethylene,3000.0,331,0.0,1.487638888888889,1.5030972222222223
mouse,gaba_potentiation|complex_i_block|nca_block|nachr_antagonism,trans_12_dichloroethylene,3000.0,443,0.0,1.5211111111111109,1.5050833333333333
mouse,gaba_potentiation|complex_i_block|nca_block|nachr_antagonism,trans_12_dichloroethylene,10000.0,42,0.0,1.513333333333333,1.5077777777777779
mouse,gaba_potentiation|complex_i_block|nca_block|nachr_antagonism,trans_12_dichloroethylene,10000.0,137,0.0,1.4958333333333333,1.4960694444444445
mouse,gaba_potentiation|complex_i_block|nca_block|nachr_antagonism,trans_12_dichloroethylene,30000.0,137,0.0,1.4958333333333333,1.4960694444444445
mouse,gaba_potentiation|complex_i_block|nca_block|nachr_antagonism,trans_12_dichloroethylene,30000.0,219,0.0,1.4863888888888888,1.4980694444444445
mouse,gaba_potentiation|complex_i_block|nca_block|nachr_antagonism,trans_12_dichloroethylene,30000.0,331,0.0,1.487638888888889,1.5030972222222223
mouse,gaba_potentiation|complex_i_block|nca_block|nachr_antagonism,trans_12_dichloroethylene,30000.0,443,0.0,1.5211111111111109,1.5050833333333333
mouse,gaba_potentiation|complex_i_block|nca_block|nachr_antagonism,trans_12_dichloroethylene,10000.0,219,0.0,1.4863888888888888,1.4980694444444445
mouse,gaba_potentiation|complex_i_block|nca_block|nachr_antagonism,trans_12_dichloroethylene,10000.0,331,0.0,1.487638888888889,1.5030972222222223
mouse,gaba_potentiation|complex_i_block|nca_block|nachr_antagonism,trans_12_dichloroethylene,10000.0,443,0.0,1.5211111111111109,1.5050833333333333
mouse,gaba_potentiation|complex_i_block|nca_block|nachr_antagonism,trans_12_dichloroethylene,30000.0,42,0.0,1.513333333333333,1.5077777777777779
mouse,gaba_potentiation|complex_i_block|nca_block|nachr_antagonism,hexafluoroethane,30.0,42,0.0,1.513333333333333,1.5077777777777779
mouse,gaba_potentiation|complex_i_block|nca_block|nachr_antagonism,hexafluoroethane,30.0,137,0.0,1.4958333333333333,1.4960694444444445
mouse,gaba_potentiation|complex_i_block|nca_block|nachr_antagonism,hexafluoroethane,30.0,219,0.0,1.4863888888888888,1.4980694444444445
mouse,gaba_potentiation|complex_i_block|nca_block|nachr_antagonism,hexafluoroethane,30.0,331,0.0,1.487638888888889,1.5030972222222223
mouse,gaba_potentiation|complex_i_block|nca_block|nachr_antagonism,hexafluoroethane,3000.0,42,0.0,1.513333333333333,1.5077777777777779
mouse,gaba_potentiation|complex_i_block|nca_block|nachr_antagonism,hexafluoroethane,3000.0,137,0.0,1.4958333333333333,1.4960694444444445
mouse,gaba_potentiation|complex_i_block|nca_block|nachr_antagonism,hexafluoroethane,3000.0,219,0.0,1.4863888888888888,1.4980694444444445
mouse,gaba_potentiation|complex_i_block|nca_block|nachr_antagonism,hexafluoroethane,3000.0,331,0.0,1.487638888888889,1.5030972222222223
mouse,gaba_potentiation|complex_i_block|nca_block|nachr_antagonism,hexafluoroethane,30.0,443,0.0,1.5211111111111109,1.5050833333333333
mouse,gaba_potentiation|complex_i_block|nca_block|nachr_antagonism,hexafluoroethane,100.0,42,0.0,1.513333333333333,1.5077777777777779
mouse,gaba_potentiation|complex_i_block|nca_block|nachr_antagonism,hexafluoroethane,100.0,137,0.0,1.4958333333333333,1.4960694444444445
mouse,gaba_potentiation|complex_i_block|nca_block|nachr_antagonism,hexafluoroethane,100.0,219,0.0,1.4863888888888888,1.4980694444444445
mouse,gaba_potentiation|complex_i_block|nca_block|nachr_antagonism,hexafluoroethane,3000.0,443,0.0,1.5211111111111109,1.5050833333333333
mouse,gaba_potentiation|complex_i_block|nca_block|nachr_antagonism,hexafluoroethane,10000.0,42,0.0,1.513333333333333,1.5077777777777779
mouse,gaba_potentiation|complex_i_block|nca_block|nachr_antagonism,hexafluoroethane,10000.0,137,0.0,1.4958333333333333,1.4960694444444445
mouse,gaba_potentiation|complex_i_block|nca_block|nachr_antagonism,hexafluoroethane,10000.0,219,0.0,1.4863888888888888,1.4980694444444445
mouse,gaba_potentiation|complex_i_block|nca_block|nachr_antagonism,hexafluoroethane,100.0,331,0.0,1.487638888888889,1.5030972222222223
mouse,gaba_potentiation|complex_i_block|nca_block|nachr_antagonism,hexafluoroethane,100.0,443,0.0,1.5211111111111109,1.5050833333333333
mouse,gaba_potentiation|complex_i_block|nca_block|nachr_antagonism,hexafluoroethane,300.0,42,0.0,1.513333333333333,1.5077777777777779
mouse,gaba_potentiation|complex_i_block|nca_block|nachr_antagonism,hexafluoroethane,300.0,137,0.0,1.4958333333333333,1.4960694444444445
mouse,gaba_potentiation|complex_i_block|nca_block|nachr_antagonism,hexafluoroethane,300.0,219,0.0,1.4863888888888888,1.4980694444444445
mouse,gaba_potentiation|complex_i_block|nca_block|nachr_antagonism,hexafluoroethane,300.0,331,0.0,1.487638888888889,1.5030972222222223
mouse,gaba_potentiation|complex_i_block|nca_block|nachr_antagonism,hexafluoroethane,300.0,443,0.0,1.5211111111111109,1.5050833333333333
mouse,gaba_potentiation|complex_i_block|nca_block|nachr_antagonism,hexafluoroethane,1000.0,42,0.0,1.513333333333333,1.5077777777777779
mouse,gaba_potentiation|complex_i_block|nca_block|nachr_antagonism,hexafluoroethane,1000.0,137,0.0,1.4958333333333333,1.4960694444444445
mouse,gaba_potentiation|complex_i_block|nca_block|nachr_antagonism,hexafluoroethane,1000.0,219,0.0,1.4863888888888888,1.4980694444444445
mouse,gaba_potentiation|complex_i_block|nca_block|nachr_antagonism,hexafluoroethane,1000.0,331,0.0,1.487638888888889,1.5030972222222223
mouse,gaba_potentiation|complex_i_block|nca_block|nachr_antagonism,hexafluoroethane,1000.0,443,0.0,1.5211111111111109,1.5050833333333333
mouse,k2p_potentiation|complex_i_block|nca_block|nachr_antagonism,cis_12_dichloroethylene,100.0,443,0.0,1.3495833333333334,1.3396527777777778
mouse,k2p_potentiation|complex_i_block|nca_block|nachr_antagonism,cis_12_dichloroethylene,300.0,42,0.0,1.1409722222222223,1.131888888888889
mouse,k2p_potentiation|complex_i_block|nca_block|nachr_antagonism,cis_12_dichloroethylene,300.0,137,0.0,1.133888888888889,1.1264444444444444
mouse,k2p_potentiation|complex_i_block|nca_block|nachr_antagonism,cis_12_dichloroethylene,300.0,219,0.0,1.1077777777777778,1.1281527777777778
mouse,gaba_potentiation|complex_i_block|nca_block|nachr_antagonism,hexafluoroethane,10000.0,331,0.0,1.487638888888889,1.5030972222222223
mouse,gaba_potentiation|complex_i_block|nca_block|nachr_antagonism,hexafluoroethane,10000.0,443,0.0,1.5211111111111109,1.5050833333333333
mouse,gaba_potentiation|complex_i_block|nca_block|nachr_antagonism,hexafluoroethane,30000.0,42,0.0,1.513333333333333,1.5077777777777779
mouse,gaba_potentiation|complex_i_block|nca_block|nachr_antagonism,hexafluoroethane,30000.0,137,0.0,1.4958333333333333,1.4960694444444445
mouse,gaba_potentiation|complex_i_block|nca_block|nachr_antagonism,hexafluoroethane,30000.0,219,0.0,1.4863888888888888,1.4980694444444445
mouse,gaba_potentiation|complex_i_block|nca_block|nachr_antagonism,hexafluoroethane,30000.0,331,0.0,1.487638888888889,1.5030972222222223
mouse,gaba_potentiation|complex_i_block|nca_block|nachr_antagonism,hexafluoroethane,30000.0,443,0.0,1.5211111111111109,1.5050833333333333
mouse,k2p_potentiation|complex_i_block|nca_block|nachr_antagonism,cis_12_dichloroethylene,30.0,42,0.0,1.4593055555555556,1.451638888888889
mouse,k2p_potentiation|complex_i_block|nca_block|nachr_antagonism,cis_12_dichloroethylene,1000.0,219,0.1875,0.82375,0.8447361111111111
mouse,k2p_potentiation|complex_i_block|nca_block|nachr_antagonism,cis_12_dichloroethylene,1000.0,331,0.08333333333333333,0.831111111111111,0.8514583333333333
mouse,k2p_potentiation|complex_i_block|nca_block|nachr_antagonism,cis_12_dichloroethylene,1000.0,443,0.08333333333333333,0.8648611111111112,0.8512361111111111
mouse,k2p_potentiation|complex_i_block|nca_block|nachr_antagonism,cis_12_dichloroethylene,3000.0,42,0.875,0.668888888888889,0.6697638888888889
mouse,k2p_potentiation|complex_i_block|nca_block|nachr_antagonism,cis_12_dichloroethylene,10000.0,42,1.0,0.5843055555555555,0.5856388888888889
mouse,k2p_potentiation|complex_i_block|nca_block|nachr_antagonism,cis_12_dichloroethylene,10000.0,137,1.0,0.5744444444444444,0.578875
mouse,k2p_potentiation|complex_i_block|nca_block|nachr_antagonism,cis_12_dichloroethylene,10000.0,219,1.0,0.5675,0.5784444444444444
mouse,k2p_potentiation|complex_i_block|nca_block|nachr_antagonism,cis_12_dichloroethylene,10000.0,331,1.0,0.5702777777777778,0.5861111111111111
mouse,k2p_potentiation|complex_i_block|nca_block|nachr_antagonism,cis_12_dichloroethylene,30.0,137,0.0,1.4402777777777775,1.4405277777777779
mouse,k2p_potentiation|complex_i_block|nca_block|nachr_antagonism,cis_12_dichloroethylene,30.0,219,0.0,1.4281944444444445,1.441875
mouse,k2p_potentiation|complex_i_block|nca_block|nachr_antagonism,cis_12_dichloroethylene,30.0,331,0.0,1.4281944444444443,1.4481944444444443
mouse,k2p_potentiation|complex_i_block|nca_block|nachr_antagonism,cis_12_dichloroethylene,30.0,443,0.0,1.463611111111111,1.4485
mouse,k2p_potentiation|complex_i_block|nca_block|nachr_antagonism,cis_12_dichloroethylene,300.0,331,0.0,1.1094444444444445,1.1340972222222223
mouse,k2p_potentiation|complex_i_block|nca_block|nachr_antagonism,cis_12_dichloroethylene,300.0,443,0.0,1.1468055555555556,1.1355555555555557
mouse,k2p_potentiation|complex_i_block|nca_block|nachr_antagonism,cis_12_dichloroethylene,1000.0,42,0.08333333333333333,0.8509722222222221,0.8466388888888889
mouse,k2p_potentiation|complex_i_block|nca_block|nachr_antagonism,cis_12_dichloroethylene,1000.0,137,0.10416666666666667,0.845138888888889,0.84425
mouse,k2p_potentiation|complex_i_block|nca_block|nachr_antagonism,cis_12_dichloroethylene,100.0,42,0.0,1.3509722222222222,1.3416805555555555
mouse,k2p_potentiation|complex_i_block|nca_block|nachr_antagonism,cis_12_dichloroethylene,100.0,137,0.0,1.3302777777777777,1.3306944444444444
mouse,k2p_potentiation|complex_i_block|nca_block|nachr_antagonism,cis_12_dichloroethylene,100.0,219,0.0,1.3129166666666665,1.3314166666666667
mouse,k2p_potentiation|complex_i_block|nca_block|nachr_antagonism,cis_12_dichloroethylene,100.0,331,0.0,1.3195833333333333,1.3407638888888889
mouse,k2p_potentiation|complex_i_block|nca_block|nachr_antagonism,cis_12_dichloroethylene,3000.0,137,0.9583333333333334,0.6633333333333333,0.6660972222222222
mouse,k2p_potentiation|complex_i_block|nca_block|nachr_antagonism,cis_12_dichloroethylene,3000.0,219,0.8958333333333334,0.64875,0.6640138888888889
mouse,k2p_potentiation|complex_i_block|nca_block|nachr_antagonism,cis_12_dichloroethylene,3000.0,331,0.9583333333333334,0.6530555555555556,0.674125
mouse,k2p_potentiation|complex_i_block|nca_block|nachr_antagonism,cis_12_dichloroethylene,3000.0,443,0.8333333333333334,0.685138888888889,0.6714027777777778
mouse,k2p_potentiation|complex_i_block|nca_block|nachr_antagonism,cis_12_dichloroethylene,10000.0,443,1.0,0.5941666666666666,0.5832361111111111
mouse,k2p_potentiation|complex_i_block|nca_block|nachr_antagonism,cis_12_dichloroethylene,30000.0,42,1.0,0.5568055555555556,0.557125
mouse,k2p_potentiation|complex_i_block|nca_block|nachr_antagonism,cis_12_dichloroethylene,30000.0,137,1.0,0.5472222222222222,0.551375
mouse,k2p_potentiation|complex_i_block|nca_block|nachr_antagonism,cis_12_dichloroethylene,30000.0,219,1.0,0.5395833333333333,0.5512083333333333
mouse,k2p_potentiation|complex_i_block|nca_block|nachr_antagonism,trans_12_dichloroethylene,100.0,137,0.0,1.4859722222222222,1.4873888888888889
mouse,k2p_potentiation|complex_i_block|nca_block|nachr_antagonism,trans_12_dichloroethylene,100.0,219,0.0,1.4781944444444444,1.4895416666666668
mouse,k2p_potentiation|complex_i_block|nca_block|nachr_antagonism,trans_12_dichloroethylene,100.0,331,0.0,1.4794444444444441,1.4944861111111112
mouse,k2p_potentiation|complex_i_block|nca_block|nachr_antagonism,trans_12_dichloroethylene,100.0,443,0.0,1.5119444444444443,1.497111111111111
mouse,k2p_potentiation|complex_i_block|nca_block|nachr_antagonism,cis_12_dichloroethylene,30000.0,331,1.0,0.5416666666666666,0.5573472222222222
mouse,k2p_potentiation|complex_i_block|nca_block|nachr_antagonism,cis_12_dichloroethylene,30000.0,443,1.0,0.5630555555555556,0.5550694444444444
mouse,k2p_potentiation|complex_i_block|nca_block|nachr_antagonism,trans_12_dichloroethylene,30.0,42,0.0,1.5105555555555554,1.5052222222222222
mouse,k2p_potentiation|complex_i_block|nca_block|nachr_antagonism,trans_12_dichloroethylene,30.0,137,0.0,1.4927777777777778,1.4933194444444444
mouse,k2p_potentiation|complex_i_block|nca_block|nachr_antagonism,trans_12_dichloroethylene,30.0,219,0.0,1.4840277777777777,1.4951944444444445
mouse,k2p_potentiation|complex_i_block|nca_block|nachr_antagonism,trans_12_dichloroethylene,30.0,331,0.0,1.484861111111111,1.5006527777777778
mouse,k2p_potentiation|complex_i_block|nca_block|nachr_antagonism,trans_12_dichloroethylene,30.0,443,0.0,1.5180555555555557,1.5023333333333333
mouse,k2p_potentiation|complex_i_block|nca_block|nachr_antagonism,trans_12_dichloroethylene,100.0,42,0.0,1.5055555555555555,1.499111111111111
mouse,k2p_potentiation|complex_i_block|nca_block|nachr_antagonism,trans_12_dichloroethylene,1000.0,331,0.0,1.4205555555555556,1.4389305555555556
mouse,k2p_potentiation|complex_i_block|nca_block|nachr_antagonism,trans_12_dichloroethylene,1000.0,443,0.0,1.4525,1.4390972222222222
mouse,k2p_potentiation|complex_i_block|nca_block|nachr_antagonism,trans_12_dichloroethylene,3000.0,42,0.0,1.3851388888888891,1.3775
mouse,k2p_potentiation|complex_i_block|nca_block|nachr_antagonism,trans_12_dichloroethylene,3000.0,137,0.0,1.3679166666666667,1.3680416666666666
mouse,k2p_potentiation|complex_i_block|nca_block|nachr_antagonism,trans_12_dichloroethylene,10000.0,137,0.0,1.3029166666666667,1.3014583333333334
mouse,k2p_potentiation|complex_i_block|nca_block|nachr_antagonism,trans_12_dichloroethylene,10000.0,219,0.0,1.2844444444444445,1.3033333333333332
mouse,k2p_potentiation|complex_i_block|nca_block|nachr_antagonism,trans_12_dichloroethylene,10000.0,331,0.0,1.2909722222222222,1.3112777777777778
mouse,k2p_potentiation|complex_i_block|nca_block|nachr_antagonism,trans_12_dichloroethylene,10000.0,443,0.0,1.3198611111111112,1.3103888888888888
mouse,k2p_potentiation|complex_i_block|nca_block|nachr_antagonism,trans_12_dichloroethylene,300.0,443,0.0,1.4966666666666668,1.4807777777777777
mouse,k2p_potentiation|complex_i_block|nca_block|nachr_antagonism,trans_12_dichloroethylene,1000.0,42,0.0,1.4480555555555557,1.4413194444444444
mouse,k2p_potentiation|complex_i_block|nca_block|nachr_antagonism,trans_12_dichloroethylene,1000.0,137,0.0,1.4325,1.4313194444444444
mouse,k2p_potentiation|complex_i_block|nca_block|nachr_antagonism,trans_12_dichloroethylene,1000.0,219,0.0,1.4181944444444443,1.4325277777777778
mouse,k2p_potentiation|complex_i_block|nca_block|nachr_antagonism,trans_12_dichloroethylene,3000.0,219,0.0,1.3498611111111112,1.3686666666666667
mouse,k2p_potentiation|complex_i_block|nca_block|nachr_antagonism,trans_12_dichloroethylene,3000.0,331,0.0,1.356527777777778,1.3759305555555557
mouse,k2p_potentiation|complex_i_block|nca_block|nachr_antagonism,trans_12_dichloroethylene,3000.0,443,0.0,1.387777777777778,1.3762777777777777
mouse,k2p_potentiation|complex_i_block|nca_block|nachr_antagonism,trans_12_dichloroethylene,10000.0,42,0.0,1.3225,1.312736111111111
mouse,k2p_potentiation|complex_i_block|nca_block|nachr_antagonism,trans_12_dichloroethylene,300.0,42,0.0,1.4916666666666665,1.4837222222222222
mouse,k2p_potentiation|complex_i_block|nca_block|nachr_antagonism,trans_12_dichloroethylene,300.0,137,0.0,1.471111111111111,1.4712361111111112
mouse,k2p_potentiation|complex_i_block|nca_block|nachr_antagonism,trans_12_dichloroethylene,300.0,219,0.0,1.4625000000000001,1.4740277777777777
mouse,k2p_potentiation|complex_i_block|nca_block|nachr_antagonism,trans_12_dichloroethylene,300.0,331,0.0,1.4626388888888888,1.4797222222222222
mouse,k2p_potentiation|complex_i_block|nca_block|nachr_antagonism,trans_12_dichloroethylene,30000.0,42,0.0,1.2919444444444443,1.279236111111111
mouse,k2p_potentiation|complex_i_block|nca_block|nachr_antagonism,trans_12_dichloroethylene,30000.0,137,0.0,1.2723611111111113,1.2685833333333334
mouse,k2p_potentiation|complex_i_block|nca_block|nachr_antagonism,trans_12_dichloroethylene,30000.0,219,0.0,1.25125,1.2701666666666667
mouse,k2p_potentiation|complex_i_block|nca_block|nachr_antagonism,trans_12_dichloroethylene,30000.0,331,0.0,1.2584722222222222,1.27925
mouse,k2p_potentiation|complex_i_block|nca_block|nachr_antagonism,trans_12_dichloroethylene,30000.0,443,0.0,1.2865277777777777,1.2789583333333334
mouse,k2p_potentiation|complex_i_block|nca_block|nachr_antagonism,hexafluoroethane,30.0,42,0.0,1.5122222222222224,1.5062222222222221
mouse,k2p_potentiation|complex_i_block|nca_block|nachr_antagonism,hexafluoroethane,30.0,137,0.0,1.4945833333333336,1.4945972222222221
mouse,k2p_potentiation|complex_i_block|nca_block|nachr_antagonism,hexafluoroethane,30.0,219,0.0,1.485,1.4963194444444445
mouse,k2p_potentiation|complex_i_block|nca_block|nachr_antagonism,hexafluoroethane,300.0,137,0.0,1.479861111111111,1.4806805555555556
mouse,k2p_potentiation|complex_i_block|nca_block|nachr_antagonism,hexafluoroethane,300.0,219,0.0,1.4706944444444445,1.4827222222222223
mouse,k2p_potentiation|complex_i_block|nca_block|nachr_antagonism,hexafluoroethane,300.0,331,0.0,1.4722222222222223,1.4881944444444444
mouse,k2p_potentiation|complex_i_block|nca_block|nachr_antagonism,hexafluoroethane,300.0,443,0.0,1.5054166666666664,1.4904583333333334
mouse,k2p_potentiation|complex_i_block|nca_block|nachr_antagonism,hexafluoroethane,30.0,331,0.0,1.4863888888888888,1.5015555555555555
mouse,k2p_potentiation|complex_i_block|nca_block|nachr_antagonism,hexafluoroethane,30.0,443,0.0,1.5193055555555555,1.5034166666666666
mouse,k2p_potentiation|complex_i_block|nca_block|nachr_antagonism,hexafluoroethane,100.0,42,0.0,1.5080555555555557,1.5026527777777778
mouse,k2p_potentiation|complex_i_block|nca_block|nachr_antagonism,hexafluoroethane,100.0,137,0.0,1.4905555555555552,1.4906805555555556
mouse,k2p_potentiation|complex_i_block|nca_block|nachr_antagonism,hexafluoroethane,3000.0,331,0.0,1.3888888888888886,1.407125
mouse,k2p_potentiation|complex_i_block|nca_block|nachr_antagonism,hexafluoroethane,3000.0,443,0.0,1.4181944444444445,1.4071944444444444
mouse,k2p_potentiation|complex_i_block|nca_block|nachr_antagonism,hexafluoroethane,10000.0,42,0.0,1.347361111111111,1.3373055555555555
mouse,k2p_potentiation|complex_i_block|nca_block|nachr_antagonism,hexafluoroethane,10000.0,137,0.0,1.3281944444444445,1.3265694444444445
mouse,k2p_potentiation|complex_i_block|nca_block|nachr_antagonism,hexafluoroethane,10000.0,219,0.0,1.3076388888888888,1.3269027777777778
mouse,k2p_potentiation|complex_i_block|nca_block|nachr_antagonism,hexafluoroethane,10000.0,331,0.0,1.3144444444444445,1.3362222222222222
mouse,k2p_potentiation|complex_i_block|nca_block|nachr_antagonism,hexafluoroethane,10000.0,443,0.0,1.3431944444444444,1.3348333333333333
mouse,k2p_potentiation|complex_i_block|nca_block|nachr_antagonism,hexafluoroethane,30000.0,42,0.0,1.3030555555555556,1.291763888888889
mouse,k2p_potentiation|complex_i_block|nca_block|nachr_antagonism,hexafluoroethane,100.0,219,0.0,1.481111111111111,1.4925972222222221
mouse,k2p_potentiation|complex_i_block|nca_block|nachr_antagonism,hexafluoroethane,100.0,331,0.0,1.4823611111111112,1.4979027777777778
mouse,k2p_potentiation|complex_i_block|nca_block|nachr_antagonism,hexafluoroethane,100.0,443,0.0,1.5151388888888888,1.5000833333333334
mouse,k2p_potentiation|complex_i_block|nca_block|nachr_antagonism,hexafluoroethane,300.0,42,0.0,1.4998611111111113,1.4931527777777778
mouse,k2p_potentiation|complex_i_block|nca_block|nachr_antagonism,hexafluoroethane,30000.0,137,0.0,1.2831944444444445,1.2807222222222223
mouse,k2p_potentiation|complex_i_block|nca_block|nachr_antagonism,hexafluoroethane,30000.0,219,0.0,1.2633333333333334,1.2821666666666667
mouse,k2p_potentiation|complex_i_block|nca_block|nachr_antagonism,hexafluoroethane,30000.0,331,0.0,1.2695833333333333,1.2912222222222223
mouse,k2p_potentiation|complex_i_block|nca_block|nachr_antagonism,hexafluoroethane,30000.0,443,0.0,1.2972222222222223,1.2899722222222223
mouse,k2p_potentiation|complex_i_block|nca_block|nachr_antagonism,hexafluoroethane,1000.0,42,0.0,1.4731944444444445,1.4640416666666667
mouse,k2p_potentiation|complex_i_block|nca_block|nachr_antagonism,hexafluoroethane,1000.0,137,0.0,1.4509722222222223,1.4523333333333333
mouse,k2p_potentiation|complex_i_block|nca_block|nachr_antagonism,hexafluoroethane,1000.0,219,0.0,1.442222222222222,1.453638888888889
mouse,k2p_potentiation|complex_i_block|nca_block|nachr_antagonism,hexafluoroethane,1000.0,331,0.0,1.4412500000000001,1.4600694444444444
mouse,k2p_potentiation|complex_i_block|nca_block|nachr_antagonism,hexafluoroethane,1000.0,443,0.0,1.4761111111111112,1.4605
mouse,k2p_potentiation|complex_i_block|nca_block|nachr_antagonism,hexafluoroethane,3000.0,42,0.0,1.415,1.4078333333333333
mouse,k2p_potentiation|complex_i_block|nca_block|nachr_antagonism,hexafluoroethane,3000.0,137,0.0,1.4001388888888888,1.39925
mouse,k2p_potentiation|complex_i_block|nca_block|nachr_antagonism,hexafluoroethane,3000.0,219,0.0,1.3847222222222222,1.4005138888888888
mouse,gaba_potentiation|k2p_potentiation|complex_i_block|snare_cooperativity|nca_block,cis_12_dichloroethylene,1000.0,137,0.10416666666666667,0.8422222222222221,0.8407222222222223
mouse,gaba_potentiation|k2p_potentiation|complex_i_block|snare_cooperativity|nca_block,cis_12_dichloroethylene,1000.0,219,0.1875,0.8201388888888889,0.8408194444444445
mouse,gaba_potentiation|k2p_potentiation|complex_i_block|snare_cooperativity|nca_block,cis_12_dichloroethylene,1000.0,331,0.10416666666666667,0.8273611111111111,0.8475277777777778
mouse,gaba_potentiation|k2p_potentiation|complex_i_block|snare_cooperativity|nca_block,cis_12_dichloroethylene,1000.0,443,0.08333333333333333,0.861111111111111,0.8472916666666667
mouse,gaba_potentiation|k2p_potentiation|complex_i_block|snare_cooperativity|nca_block,cis_12_dichloroethylene,30.0,42,0.0,1.4583333333333333,1.450888888888889
mouse,gaba_potentiation|k2p_potentiation|complex_i_block|snare_cooperativity|nca_block,cis_12_dichloroethylene,30.0,137,0.0,1.4401388888888889,1.4399305555555555
mouse,gaba_potentiation|k2p_potentiation|complex_i_block|snare_cooperativity|nca_block,cis_12_dichloroethylene,30.0,219,0.0,1.4268055555555559,1.4411805555555555
mouse,gaba_potentiation|k2p_potentiation|complex_i_block|snare_cooperativity|nca_block,cis_12_dichloroethylene,30.0,331,0.0,1.427638888888889,1.447486111111111
mouse,gaba_potentiation|k2p_potentiation|complex_i_block|snare_cooperativity|nca_block,cis_12_dichloroethylene,30.0,443,0.0,1.4629166666666666,1.447875
mouse,gaba_potentiation|k2p_potentiation|complex_i_block|snare_cooperativity|nca_block,cis_12_dichloroethylene,100.0,42,0.0,1.3494444444444447,1.3396944444444445
mouse,gaba_potentiation|k2p_potentiation|complex_i_block|snare_cooperativity|nca_block,cis_12_dichloroethylene,100.0,137,0.0,1.3293055555555557,1.3289166666666667
mouse,gaba_potentiation|k2p_potentiation|complex_i_block|snare_cooperativity|nca_block,cis_12_dichloroethylene,100.0,219,0.0,1.3105555555555555,1.3294861111111111
mouse,gaba_potentiation|k2p_potentiation|complex_i_block|snare_cooperativity|nca_block,cis_12_dichloroethylene,10000.0,331,1.0,0.5668055555555556,0.5822777777777778
mouse,gaba_potentiation|k2p_potentiation|complex_i_block|snare_cooperativity|nca_block,cis_12_dichloroethylene,10000.0,443,1.0,0.5894444444444444,0.5798194444444444
mouse,gaba_potentiation|k2p_potentiation|complex_i_block|snare_cooperativity|nca_block,cis_12_dichloroethylene,30000.0,42,1.0,0.5543055555555556,0.5542083333333333
mouse,gaba_potentiation|k2p_potentiation|complex_i_block|snare_cooperativity|nca_block,cis_12_dichloroethylene,30000.0,137,1.0,0.5443055555555555,0.5485416666666667
mouse,gaba_potentiation|k2p_potentiation|complex_i_block|snare_cooperativity|nca_block,cis_12_dichloroethylene,100.0,331,0.0,1.3175,1.3390277777777777
mouse,gaba_potentiation|k2p_potentiation|complex_i_block|snare_cooperativity|nca_block,cis_12_dichloroethylene,100.0,443,0.0,1.347222222222222,1.3376944444444445
mouse,gaba_potentiation|k2p_potentiation|complex_i_block|snare_cooperativity|nca_block,cis_12_dichloroethylene,300.0,42,0.0,1.1366666666666667,1.1285416666666668
mouse,gaba_potentiation|k2p_potentiation|complex_i_block|snare_cooperativity|nca_block,cis_12_dichloroethylene,300.0,137,0.0,1.1304166666666668,1.1230416666666667
mouse,gaba_potentiation|k2p_potentiation|complex_i_block|snare_cooperativity|nca_block,trans_12_dichloroethylene,30.0,137,0.0,1.4927777777777778,1.4933194444444444
mouse,gaba_potentiation|k2p_potentiation|complex_i_block|snare_cooperativity|nca_block,trans_12_dichloroethylene,30.0,219,0.0,1.4840277777777777,1.4951944444444445
mouse,gaba_potentiation|k2p_potentiation|complex_i_block|snare_cooperativity|nca_block,trans_12_dichloroethylene,30.0,331,0.0,1.484861111111111,1.5006527777777778
mouse,gaba_potentiation|k2p_potentiation|complex_i_block|snare_cooperativity|nca_block,trans_12_dichloroethylene,30.0,443,0.0,1.5180555555555557,1.5023333333333333
mouse,gaba_potentiation|k2p_potentiation|complex_i_block|snare_cooperativity|nca_block,cis_12_dichloroethylene,3000.0,443,0.8125,0.6806944444444444,0.6674027777777778
mouse,gaba_potentiation|k2p_potentiation|complex_i_block|snare_cooperativity|nca_block,cis_12_dichloroethylene,10000.0,42,1.0,0.5818055555555556,0.582375
mouse,gaba_potentiation|k2p_potentiation|complex_i_block|snare_cooperativity|nca_block,cis_12_dichloroethylene,10000.0,137,1.0,0.571388888888889,0.5756527777777778
mouse,gaba_potentiation|k2p_potentiation|complex_i_block|snare_cooperativity|nca_block,cis_12_dichloroethylene,10000.0,219,1.0,0.5641666666666667,0.5754722222222223
mouse,gaba_potentiation|k2p_potentiation|complex_i_block|snare_cooperativity|nca_block,cis_12_dichloroethylene,300.0,219,0.0,1.1045833333333333,1.1245416666666668
mouse,gaba_potentiation|k2p_potentiation|complex_i_block|snare_cooperativity|nca_block,cis_12_dichloroethylene,300.0,331,0.0,1.1068055555555556,1.1305555555555555
mouse,gaba_potentiation|k2p_potentiation|complex_i_block|snare_cooperativity|nca_block,cis_12_dichloroethylene,300.0,443,0.0,1.1433333333333333,1.1321666666666668
mouse,gaba_potentiation|k2p_potentiation|complex_i_block|snare_cooperativity|nca_block,cis_12_dichloroethylene,1000.0,42,0.08333333333333333,0.8465277777777779,0.8427638888888889
mouse,gaba_potentiation|k2p_potentiation|complex_i_block|snare_cooperativity|nca_block,cis_12_dichloroethylene,3000.0,42,0.875,0.6659722222222222,0.6664722222222222
mouse,gaba_potentiation|k2p_potentiation|complex_i_block|snare_cooperativity|nca_block,cis_12_dichloroethylene,3000.0,137,0.9583333333333334,0.6591666666666667,0.6623472222222222
mouse,gaba_potentiation|k2p_potentiation|complex_i_block|snare_cooperativity|nca_block,cis_12_dichloroethylene,3000.0,219,0.875,0.6466666666666666,0.6606805555555556
mouse,gaba_potentiation|k2p_potentiation|complex_i_block|snare_cooperativity|nca_block,cis_12_dichloroethylene,3000.0,331,0.9583333333333334,0.6502777777777778,0.6703194444444445
mouse,gaba_potentiation|k2p_potentiation|complex_i_block|snare_cooperativity|nca_block,cis_12_dichloroethylene,30000.0,219,1.0,0.5363888888888889,0.548
mouse,gaba_potentiation|k2p_potentiation|complex_i_block|snare_cooperativity|nca_block,cis_12_dichloroethylene,30000.0,331,1.0,0.53875,0.5545833333333333
mouse,gaba_potentiation|k2p_potentiation|complex_i_block|snare_cooperativity|nca_block,cis_12_dichloroethylene,30000.0,443,1.0,0.5599999999999999,0.5518333333333333
mouse,gaba_potentiation|k2p_potentiation|complex_i_block|snare_cooperativity|nca_block,trans_12_dichloroethylene,30.0,42,0.0,1.5105555555555554,1.5052222222222222
mouse,gaba_potentiation|k2p_potentiation|complex_i_block|snare_cooperativity|nca_block,trans_12_dichloroethylene,1000.0,219,0.0,1.4181944444444443,1.4325277777777778
mouse,gaba_potentiation|k2p_potentiation|complex_i_block|snare_cooperativity|nca_block,trans_12_dichloroethylene,1000.0,331,0.0,1.4205555555555556,1.4389305555555556
mouse,gaba_potentiation|k2p_potentiation|complex_i_block|snare_cooperativity|nca_block,trans_12_dichloroethylene,1000.0,443,0.0,1.4525,1.4390972222222222
mouse,gaba_potentiation|k2p_potentiation|complex_i_block|snare_cooperativity|nca_block,trans_12_dichloroethylene,3000.0,42,0.0,1.3851388888888891,1.3775
mouse,gaba_potentiation|k2p_potentiation|complex_i_block|snare_cooperativity|nca_block,trans_12_dichloroethylene,100.0,42,0.0,1.5055555555555555,1.499111111111111
mouse,gaba_potentiation|k2p_potentiation|complex_i_block|snare_cooperativity|nca_block,trans_12_dichloroethylene,100.0,137,0.0,1.4859722222222222,1.4873888888888889
mouse,gaba_potentiation|k2p_potentiation|complex_i_block|snare_cooperativity|nca_block,trans_12_dichloroethylene,100.0,219,0.0,1.4781944444444444,1.4895416666666668
mouse,gaba_potentiation|k2p_potentiation|complex_i_block|snare_cooperativity|nca_block,trans_12_dichloroethylene,100.0,331,0.0,1.4794444444444441,1.4944861111111112
mouse,gaba_potentiation|k2p_potentiation|complex_i_block|snare_cooperativity|nca_block,trans_12_dichloroethylene,100.0,443,0.0,1.5119444444444443,1.497111111111111
mouse,gaba_potentiation|k2p_potentiation|complex_i_block|snare_cooperativity|nca_block,trans_12_dichloroethylene,300.0,42,0.0,1.4916666666666665,1.4837222222222222
mouse,gaba_potentiation|k2p_potentiation|complex_i_block|snare_cooperativity|nca_block,trans_12_dichloroethylene,300.0,137,0.0,1.471111111111111,1.4712361111111112
mouse,gaba_potentiation|k2p_potentiation|complex_i_block|snare_cooperativity|nca_block,trans_12_dichloroethylene,300.0,219,0.0,1.4625000000000001,1.4740277777777777
mouse,gaba_potentiation|k2p_potentiation|complex_i_block|snare_cooperativity|nca_block,trans_12_dichloroethylene,300.0,331,0.0,1.4626388888888888,1.4797222222222222
mouse,gaba_potentiation|k2p_potentiation|complex_i_block|snare_cooperativity|nca_block,trans_12_dichloroethylene,300.0,443,0.0,1.4966666666666668,1.4807777777777777
mouse,gaba_potentiation|k2p_potentiation|complex_i_block|snare_cooperativity|nca_block,trans_12_dichloroethylene,1000.0,42,0.0,1.4480555555555557,1.4413194444444444
mouse,gaba_potentiation|k2p_potentiation|complex_i_block|snare_cooperativity|nca_block,trans_12_dichloroethylene,1000.0,137,0.0,1.4325,1.4313194444444444
mouse,gaba_potentiation|k2p_potentiation|complex_i_block|snare_cooperativity|nca_block,hexafluoroethane,30.0,219,0.0,1.485,1.4963194444444445
mouse,gaba_potentiation|k2p_potentiation|complex_i_block|snare_cooperativity|nca_block,hexafluoroethane,30.0,331,0.0,1.4863888888888888,1.5015555555555555
mouse,gaba_potentiation|k2p_potentiation|complex_i_block|snare_cooperativity|nca_block,hexafluoroethane,30.0,443,0.0,1.5193055555555555,1.5034166666666666
mouse,gaba_potentiation|k2p_potentiation|complex_i_block|snare_cooperativity|nca_block,hexafluoroethane,100.0,42,0.0,1.5080555555555557,1.5026527777777778
mouse,gaba_potentiation|k2p_potentiation|complex_i_block|snare_cooperativity|nca_block,trans_12_dichloroethylene,30000.0,331,0.0,1.2584722222222222,1.27925
mouse,gaba_potentiation|k2p_potentiation|complex_i_block|snare_cooperativity|nca_block,trans_12_dichloroethylene,30000.0,443,0.0,1.2865277777777777,1.2789583333333334
mouse,gaba_potentiation|k2p_potentiation|complex_i_block|snare_cooperativity|nca_block,hexafluoroethane,30.0,42,0.0,1.5122222222222224,1.5062222222222221
mouse,gaba_potentiation|k2p_potentiation|complex_i_block|snare_cooperativity|nca_block,hexafluoroethane,30.0,137,0.0,1.4945833333333336,1.4945972222222221
mouse,gaba_potentiation|k2p_potentiation|complex_i_block|snare_cooperativity|nca_block,trans_12_dichloroethylene,10000.0,42,0.0,1.3225,1.312736111111111
mouse,gaba_potentiation|k2p_potentiation|complex_i_block|snare_cooperativity|nca_block,trans_12_dichloroethylene,10000.0,137,0.0,1.3029166666666667,1.3014583333333334
mouse,gaba_potentiation|k2p_potentiation|complex_i_block|snare_cooperativity|nca_block,trans_12_dichloroethylene,10000.0,219,0.0,1.2844444444444445,1.3033333333333332
mouse,gaba_potentiation|k2p_potentiation|complex_i_block|snare_cooperativity|nca_block,trans_12_dichloroethylene,10000.0,331,0.0,1.2909722222222222,1.3112777777777778
mouse,gaba_potentiation|k2p_potentiation|complex_i_block|snare_cooperativity|nca_block,hexafluoroethane,100.0,137,0.0,1.4905555555555552,1.4906805555555556
mouse,gaba_potentiation|k2p_potentiation|complex_i_block|snare_cooperativity|nca_block,hexafluoroethane,100.0,219,0.0,1.481111111111111,1.4925972222222221
mouse,gaba_potentiation|k2p_potentiation|complex_i_block|snare_cooperativity|nca_block,hexafluoroethane,100.0,331,0.0,1.4823611111111112,1.4979027777777778
mouse,gaba_potentiation|k2p_potentiation|complex_i_block|snare_cooperativity|nca_block,hexafluoroethane,100.0,443,0.0,1.5151388888888888,1.5000833333333334
mouse,gaba_potentiation|k2p_potentiation|complex_i_block|snare_cooperativity|nca_block,trans_12_dichloroethylene,3000.0,137,0.0,1.3679166666666667,1.3680416666666666
mouse,gaba_potentiation|k2p_potentiation|complex_i_block|snare_cooperativity|nca_block,trans_12_dichloroethylene,3000.0,219,0.0,1.3498611111111112,1.3686666666666667
mouse,gaba_potentiation|k2p_potentiation|complex_i_block|snare_cooperativity|nca_block,trans_12_dichloroethylene,3000.0,331,0.0,1.356527777777778,1.3759305555555557
mouse,gaba_potentiation|k2p_potentiation|complex_i_block|snare_cooperativity|nca_block,trans_12_dichloroethylene,3000.0,443,0.0,1.387777777777778,1.3762777777777777
mouse,gaba_potentiation|k2p_potentiation|complex_i_block|snare_cooperativity|nca_block,hexafluoroethane,300.0,443,0.0,1.5054166666666664,1.4904583333333334
mouse,gaba_potentiation|k2p_potentiation|complex_i_block|snare_cooperativity|nca_block,hexafluoroethane,1000.0,42,0.0,1.4731944444444445,1.4640416666666667
mouse,gaba_potentiation|k2p_potentiation|complex_i_block|snare_cooperativity|nca_block,hexafluoroethane,1000.0,137,0.0,1.4509722222222223,1.4523333333333333
mouse,gaba_potentiation|k2p_potentiation|complex_i_block|snare_cooperativity|nca_block,hexafluoroethane,1000.0,219,0.0,1.442222222222222,1.453638888888889
mouse,gaba_potentiation|k2p_potentiation|complex_i_block|snare_cooperativity|nca_block,trans_12_dichloroethylene,10000.0,443,0.0,1.3198611111111112,1.3103888888888888
mouse,gaba_potentiation|k2p_potentiation|complex_i_block|snare_cooperativity|nca_block,trans_12_dichloroethylene,30000.0,42,0.0,1.2919444444444443,1.279236111111111
mouse,gaba_potentiation|k2p_potentiation|complex_i_block|snare_cooperativity|nca_block,trans_12_dichloroethylene,30000.0,137,0.0,1.2723611111111113,1.2685833333333334
mouse,gaba_potentiation|k2p_potentiation|complex_i_block|snare_cooperativity|nca_block,trans_12_dichloroethylene,30000.0,219,0.0,1.25125,1.2701666666666667
mouse,gaba_potentiation|k2p_potentiation|complex_i_block|snare_cooperativity|nca_block,hexafluoroethane,1000.0,331,0.0,1.4412500000000001,1.4600694444444444
mouse,gaba_potentiation|k2p_potentiation|complex_i_block|snare_cooperativity|nca_block,hexafluoroethane,1000.0,443,0.0,1.4761111111111112,1.4605
mouse,gaba_potentiation|k2p_potentiation|complex_i_block|snare_cooperativity|nca_block,hexafluoroethane,3000.0,42,0.0,1.415,1.4078333333333333
mouse,gaba_potentiation|k2p_potentiation|complex_i_block|snare_cooperativity|nca_block,hexafluoroethane,3000.0,137,0.0,1.4001388888888888,1.39925
mouse,gaba_potentiation|k2p_potentiation|complex_i_block|snare_cooperativity|nca_block,hexafluoroethane,300.0,42,0.0,1.4998611111111113,1.4931527777777778
mouse,gaba_potentiation|k2p_potentiation|complex_i_block|snare_cooperativity|nca_block,hexafluoroethane,300.0,137,0.0,1.479861111111111,1.4806805555555556
mouse,gaba_potentiation|k2p_potentiation|complex_i_block|snare_cooperativity|nca_block,hexafluoroethane,300.0,219,0.0,1.4706944444444445,1.4827222222222223
mouse,gaba_potentiation|k2p_potentiation|complex_i_block|snare_cooperativity|nca_block,hexafluoroethane,300.0,331,0.0,1.4722222222222223,1.4881944444444444
mouse,gaba_potentiation|k2p_potentiation|complex_i_block|snare_cooperativity|nca_block,hexafluoroethane,3000.0,219,0.0,1.3847222222222222,1.4005138888888888
mouse,gaba_potentiation|k2p_potentiation|complex_i_block|snare_cooperativity|nca_block,hexafluoroethane,3000.0,331,0.0,1.3888888888888886,1.407125
mouse,gaba_potentiation|k2p_potentiation|complex_i_block|snare_cooperativity|nca_block,hexafluoroethane,3000.0,443,0.0,1.4181944444444445,1.4071944444444444
mouse,gaba_potentiation|k2p_potentiation|complex_i_block|snare_cooperativity|nca_block,hexafluoroethane,10000.0,42,0.0,1.347361111111111,1.3373055555555555
mouse,gaba_potentiation|k2p_potentiation|complex_i_block|snare_cooperativity|nca_block,hexafluoroethane,10000.0,137,0.0,1.3281944444444445,1.3265694444444445
mouse,gaba_potentiation|k2p_potentiation|complex_i_block|snare_cooperativity|nca_block,hexafluoroethane,10000.0,219,0.0,1.3076388888888888,1.3269027777777778
mouse,gaba_potentiation|k2p_potentiation|complex_i_block|snare_cooperativity|nca_block,hexafluoroethane,10000.0,331,0.0,1.3144444444444445,1.3362222222222222
mouse,gaba_potentiation|k2p_potentiation|complex_i_block|snare_cooperativity|nca_block,hexafluoroethane,10000.0,443,0.0,1.3431944444444444,1.3348333333333333
mouse,gaba_potentiation|k2p_potentiation|complex_i_block|snare_cooperativity|nca_block,hexafluoroethane,30000.0,42,0.0,1.3030555555555556,1.291763888888889
mouse,gaba_potentiation|k2p_potentiation|complex_i_block|snare_cooperativity|nca_block,hexafluoroethane,30000.0,137,0.0,1.2831944444444445,1.2807222222222223
mouse,gaba_potentiation|k2p_potentiation|complex_i_block|snare_cooperativity|nca_block,hexafluoroethane,30000.0,219,0.0,1.2633333333333334,1.2821666666666667
mouse,gaba_potentiation|k2p_potentiation|complex_i_block|snare_cooperativity|nca_block,hexafluoroethane,30000.0,331,0.0,1.2695833333333333,1.2912222222222223
mouse,gaba_potentiation|k2p_potentiation|complex_i_block|nca_block|nachr_antagonism,cis_12_dichloroethylene,300.0,137,0.0,1.0766666666666669,1.0689027777777778
mouse,gaba_potentiation|k2p_potentiation|complex_i_block|nca_block|nachr_antagonism,cis_12_dichloroethylene,300.0,219,0.0,1.0531944444444445,1.0711805555555556
mouse,gaba_potentiation|k2p_potentiation|complex_i_block|nca_block|nachr_antagonism,cis_12_dichloroethylene,300.0,331,0.0,1.0563888888888888,1.0796666666666668
mouse,gaba_potentiation|k2p_potentiation|complex_i_block|nca_block|nachr_antagonism,cis_12_dichloroethylene,300.0,443,0.0,1.0905555555555555,1.0788194444444446
mouse,gaba_potentiation|k2p_potentiation|complex_i_block|snare_cooperativity|nca_block,hexafluoroethane,30000.0,443,0.0,1.2972222222222223,1.2899722222222223
mouse,gaba_potentiation|k2p_potentiation|complex_i_block|nca_block|nachr_antagonism,cis_12_dichloroethylene,30.0,42,0.0,1.4481944444444446,1.4415416666666667
mouse,gaba_potentiation|k2p_potentiation|complex_i_block|nca_block|nachr_antagonism,cis_12_dichloroethylene,30.0,137,0.0,1.4325,1.4314027777777778
mouse,gaba_potentiation|k2p_potentiation|complex_i_block|nca_block|nachr_antagonism,cis_12_dichloroethylene,30.0,219,0.0,1.4181944444444443,1.4327083333333333
mouse,gaba_potentiation|k2p_potentiation|complex_i_block|nca_block|nachr_antagonism,cis_12_dichloroethylene,30.0,331,0.0,1.4209722222222225,1.4390416666666668
mouse,gaba_potentiation|k2p_potentiation|complex_i_block|nca_block|nachr_antagonism,cis_12_dichloroethylene,30.0,443,0.0,1.4525,1.4392777777777779
mouse,gaba_potentiation|k2p_potentiation|complex_i_block|nca_block|nachr_antagonism,cis_12_dichloroethylene,100.0,42,0.0,1.3259722222222223,1.3148472222222223
mouse,gaba_potentiation|k2p_potentiation|complex_i_block|nca_block|nachr_antagonism,cis_12_dichloroethylene,100.0,137,0.0,1.304861111111111,1.3036388888888888
mouse,gaba_potentiation|k2p_potentiation|complex_i_block|nca_block|nachr_antagonism,cis_12_dichloroethylene,10000.0,219,1.0,0.4663888888888889,0.4782222222222222
mouse,gaba_potentiation|k2p_potentiation|complex_i_block|nca_block|nachr_antagonism,cis_12_dichloroethylene,10000.0,331,1.0,0.4679166666666667,0.4844583333333333
mouse,gaba_potentiation|k2p_potentiation|complex_i_block|nca_block|nachr_antagonism,cis_12_dichloroethylene,10000.0,443,1.0,0.48708333333333337,0.4814861111111111
mouse,gaba_potentiation|k2p_potentiation|complex_i_block|nca_block|nachr_antagonism,cis_12_dichloroethylene,30000.0,42,1.0,0.45208333333333334,0.4530972222222222
mouse,gaba_potentiation|k2p_potentiation|complex_i_block|nca_block|nachr_antagonism,cis_12_dichloroethylene,100.0,219,0.0,1.2861111111111112,1.3056666666666668
mouse,gaba_potentiation|k2p_potentiation|complex_i_block|nca_block|nachr_antagonism,cis_12_dichloroethylene,100.0,331,0.0,1.2934722222222221,1.3136805555555555
mouse,gaba_potentiation|k2p_potentiation|complex_i_block|nca_block|nachr_antagonism,cis_12_dichloroethylene,100.0,443,0.0,1.3216666666666665,1.31275
mouse,gaba_potentiation|k2p_potentiation|complex_i_block|nca_block|nachr_antagonism,cis_12_dichloroethylene,300.0,42,0.0,1.0851388888888889,1.0763472222222221
mouse,gaba_potentiation|k2p_potentiation|complex_i_block|nca_block|nachr_antagonism,cis_12_dichloroethylene,1000.0,42,0.4791666666666667,0.7622222222222222,0.7604722222222222
mouse,gaba_potentiation|k2p_potentiation|complex_i_block|nca_block|nachr_antagonism,cis_12_dichloroethylene,1000.0,137,0.5208333333333334,0.7566666666666667,0.7573055555555556
mouse,gaba_potentiation|k2p_potentiation|complex_i_block|nca_block|nachr_antagonism,cis_12_dichloroethylene,1000.0,219,0.6041666666666666,0.7345833333333333,0.7561527777777778
mouse,gaba_potentiation|k2p_potentiation|complex_i_block|nca_block|nachr_antagonism,cis_12_dichloroethylene,1000.0,331,0.5625,0.7427777777777779,0.7641527777777778
mouse,gaba_potentiation|k2p_potentiation|complex_i_block|nca_block|nachr_antagonism,trans_12_dichloroethylene,30.0,443,0.0,1.5180555555555557,1.5023333333333333
mouse,gaba_potentiation|k2p_potentiation|complex_i_block|nca_block|nachr_antagonism,trans_12_dichloroethylene,100.0,42,0.0,1.5055555555555555,1.499111111111111
mouse,gaba_potentiation|k2p_potentiation|complex_i_block|nca_block|nachr_antagonism,trans_12_dichloroethylene,100.0,137,0.0,1.4859722222222222,1.4873888888888889
mouse,gaba_potentiation|k2p_potentiation|complex_i_block|nca_block|nachr_antagonism,trans_12_dichloroethylene,100.0,219,0.0,1.4781944444444444,1.4895416666666668
mouse,gaba_potentiation|k2p_potentiation|complex_i_block|nca_block|nachr_antagonism,trans_12_dichloroethylene,30.0,42,0.0,1.5105555555555554,1.5052222222222222
mouse,gaba_potentiation|k2p_potentiation|complex_i_block|nca_block|nachr_antagonism,trans_12_dichloroethylene,30.0,137,0.0,1.4927777777777778,1.4933194444444444
mouse,gaba_potentiation|k2p_potentiation|complex_i_block|nca_block|nachr_antagonism,trans_12_dichloroethylene,30.0,219,0.0,1.4840277777777777,1.4951944444444445
mouse,gaba_potentiation|k2p_potentiation|complex_i_block|nca_block|nachr_antagonism,trans_12_dichloroethylene,30.0,331,0.0,1.484861111111111,1.5006527777777778
mouse,gaba_potentiation|k2p_potentiation|complex_i_block|nca_block|nachr_antagonism,cis_12_dichloroethylene,1000.0,443,0.4166666666666667,0.7768055555555554,0.7630694444444445
mouse,gaba_potentiation|k2p_potentiation|complex_i_block|nca_block|nachr_antagonism,cis_12_dichloroethylene,3000.0,42,1.0,0.5743055555555555,0.5733472222222222
mouse,gaba_potentiation|k2p_potentiation|complex_i_block|nca_block|nachr_antagonism,cis_12_dichloroethylene,3000.0,137,1.0,0.5627777777777778,0.566625
mouse,gaba_potentiation|k2p_potentiation|complex_i_block|nca_block|nachr_antagonism,cis_12_dichloroethylene,3000.0,219,1.0,0.5545833333333333,0.5664861111111111
mouse,gaba_potentiation|k2p_potentiation|complex_i_block|nca_block|nachr_antagonism,cis_12_dichloroethylene,3000.0,331,1.0,0.5581944444444445,0.5741805555555556
mouse,gaba_potentiation|k2p_potentiation|complex_i_block|nca_block|nachr_antagonism,cis_12_dichloroethylene,3000.0,443,1.0,0.5818055555555556,0.5711805555555556
mouse,gaba_potentiation|k2p_potentiation|complex_i_block|nca_block|nachr_antagonism,cis_12_dichloroethylene,10000.0,42,1.0,0.48347222222222214,0.483
mouse,gaba_potentiation|k2p_potentiation|complex_i_block|nca_block|nachr_antagonism,cis_12_dichloroethylene,10000.0,137,1.0,0.4709722222222222,0.4773472222222222
mouse,gaba_potentiation|k2p_potentiation|complex_i_block|nca_block|nachr_antagonism,trans_12_dichloroethylene,300.0,219,0.0,1.4625000000000001,1.4740277777777777
mouse,gaba_potentiation|k2p_potentiation|complex_i_block|nca_block|nachr_antagonism,trans_12_dichloroethylene,300.0,331,0.0,1.4626388888888888,1.4797222222222222
mouse,gaba_potentiation|k2p_potentiation|complex_i_block|nca_block|nachr_antagonism,trans_12_dichloroethylene,300.0,443,0.0,1.4966666666666668,1.4807777777777777
mouse,gaba_potentiation|k2p_potentiation|complex_i_block|nca_block|nachr_antagonism,trans_12_dichloroethylene,1000.0,42,0.0,1.4480555555555557,1.4413194444444444
mouse,gaba_potentiation|k2p_potentiation|complex_i_block|nca_block|nachr_antagonism,cis_12_dichloroethylene,30000.0,137,1.0,0.44208333333333333,0.4495138888888889
mouse,gaba_potentiation|k2p_potentiation|complex_i_block|nca_block|nachr_antagonism,cis_12_dichloroethylene,30000.0,219,1.0,0.44277777777777777,0.45045833333333335
mouse,gaba_potentiation|k2p_potentiation|complex_i_block|nca_block|nachr_antagonism,cis_12_dichloroethylene,30000.0,331,1.0,0.44055555555555553,0.45606944444444447
mouse,gaba_potentiation|k2p_potentiation|complex_i_block|nca_block|nachr_antagonism,cis_12_dichloroethylene,30000.0,443,1.0,0.4615277777777778,0.45416666666666666
mouse,gaba_potentiation|k2p_potentiation|complex_i_block|nca_block|nachr_antagonism,trans_12_dichloroethylene,100.0,331,0.0,1.4794444444444441,1.4944861111111112
mouse,gaba_potentiation|k2p_potentiation|complex_i_block|nca_block|nachr_antagonism,trans_12_dichloroethylene,100.0,443,0.0,1.5119444444444443,1.497111111111111
mouse,gaba_potentiation|k2p_potentiation|complex_i_block|nca_block|nachr_antagonism,trans_12_dichloroethylene,300.0,42,0.0,1.4916666666666665,1.4837222222222222
mouse,gaba_potentiation|k2p_potentiation|complex_i_block|nca_block|nachr_antagonism,trans_12_dichloroethylene,300.0,137,0.0,1.471111111111111,1.4712361111111112
mouse,gaba_potentiation|k2p_potentiation|complex_i_block|nca_block|nachr_antagonism,trans_12_dichloroethylene,3000.0,443,0.0,1.387777777777778,1.3762777777777777
mouse,gaba_potentiation|k2p_potentiation|complex_i_block|nca_block|nachr_antagonism,trans_12_dichloroethylene,10000.0,42,0.0,1.3225,1.312736111111111
mouse,gaba_potentiation|k2p_potentiation|complex_i_block|nca_block|nachr_antagonism,trans_12_dichloroethylene,10000.0,137,0.0,1.3029166666666667,1.3014583333333334
mouse,gaba_potentiation|k2p_potentiation|complex_i_block|nca_block|nachr_antagonism,trans_12_dichloroethylene,10000.0,219,0.0,1.2844444444444445,1.3033333333333332
mouse,gaba_potentiation|k2p_potentiation|complex_i_block|nca_block|nachr_antagonism,hexafluoroethane,30.0,137,0.0,1.4945833333333336,1.4945972222222221
mouse,gaba_potentiation|k2p_potentiation|complex_i_block|nca_block|nachr_antagonism,hexafluoroethane,30.0,219,0.0,1.485,1.4963194444444445
mouse,gaba_potentiation|k2p_potentiation|complex_i_block|nca_block|nachr_antagonism,hexafluoroethane,30.0,331,0.0,1.4863888888888888,1.5015555555555555
mouse,gaba_potentiation|k2p_potentiation|complex_i_block|nca_block|nachr_antagonism,hexafluoroethane,30.0,443,0.0,1.5193055555555555,1.5034166666666666
mouse,gaba_potentiation|k2p_potentiation|complex_i_block|nca_block|nachr_antagonism,trans_12_dichloroethylene,1000.0,137,0.0,1.4325,1.4313194444444444
mouse,gaba_potentiation|k2p_potentiation|complex_i_block|nca_block|nachr_antagonism,trans_12_dichloroethylene,1000.0,219,0.0,1.4181944444444443,1.4325277777777778
mouse,gaba_potentiation|k2p_potentiation|complex_i_block|nca_block|nachr_antagonism,trans_12_dichloroethylene,1000.0,331,0.0,1.4205555555555556,1.4389305555555556
mouse,gaba_potentiation|k2p_potentiation|complex_i_block|nca_block|nachr_antagonism,trans_12_dichloroethylene,1000.0,443,0.0,1.4525,1.4390972222222222
mouse,gaba_potentiation|k2p_potentiation|complex_i_block|nca_block|nachr_antagonism,hexafluoroethane,100.0,42,0.0,1.5080555555555557,1.5026527777777778
mouse,gaba_potentiation|k2p_potentiation|complex_i_block|nca_block|nachr_antagonism,hexafluoroethane,100.0,137,0.0,1.4905555555555552,1.4906805555555556
mouse,gaba_potentiation|k2p_potentiation|complex_i_block|nca_block|nachr_antagonism,hexafluoroethane,100.0,219,0.0,1.481111111111111,1.4925972222222221
mouse,gaba_potentiation|k2p_potentiation|complex_i_block|nca_block|nachr_antagonism,hexafluoroethane,100.0,331,0.0,1.4823611111111112,1.4979027777777778
mouse,gaba_potentiation|k2p_potentiation|complex_i_block|nca_block|nachr_antagonism,trans_12_dichloroethylene,10000.0,331,0.0,1.2909722222222222,1.3112777777777778
mouse,gaba_potentiation|k2p_potentiation|complex_i_block|nca_block|nachr_antagonism,trans_12_dichloroethylene,10000.0,443,0.0,1.3198611111111112,1.3103888888888888
mouse,gaba_potentiation|k2p_potentiation|complex_i_block|nca_block|nachr_antagonism,trans_12_dichloroethylene,30000.0,42,0.0,1.2919444444444443,1.279236111111111
mouse,gaba_potentiation|k2p_potentiation|complex_i_block|nca_block|nachr_antagonism,trans_12_dichloroethylene,30000.0,137,0.0,1.2723611111111113,1.2685833333333334
mouse,gaba_potentiation|k2p_potentiation|complex_i_block|nca_block|nachr_antagonism,trans_12_dichloroethylene,30000.0,219,0.0,1.25125,1.2701666666666667
mouse,gaba_potentiation|k2p_potentiation|complex_i_block|nca_block|nachr_antagonism,trans_12_dichloroethylene,30000.0,331,0.0,1.2584722222222222,1.27925
mouse,gaba_potentiation|k2p_potentiation|complex_i_block|nca_block|nachr_antagonism,trans_12_dichloroethylene,30000.0,443,0.0,1.2865277777777777,1.2789583333333334
mouse,gaba_potentiation|k2p_potentiation|complex_i_block|nca_block|nachr_antagonism,hexafluoroethane,30.0,42,0.0,1.5122222222222224,1.5062222222222221
mouse,gaba_potentiation|k2p_potentiation|complex_i_block|nca_block|nachr_antagonism,trans_12_dichloroethylene,3000.0,42,0.0,1.3851388888888891,1.3775
mouse,gaba_potentiation|k2p_potentiation|complex_i_block|nca_block|nachr_antagonism,trans_12_dichloroethylene,3000.0,137,0.0,1.3679166666666667,1.3680416666666666
mouse,gaba_potentiation|k2p_potentiation|complex_i_block|nca_block|nachr_antagonism,trans_12_dichloroethylene,3000.0,219,0.0,1.3498611111111112,1.3686666666666667
mouse,gaba_potentiation|k2p_potentiation|complex_i_block|nca_block|nachr_antagonism,trans_12_dichloroethylene,3000.0,331,0.0,1.356527777777778,1.3759305555555557
mouse,gaba_potentiation|k2p_potentiation|complex_i_block|nca_block|nachr_antagonism,hexafluoroethane,300.0,331,0.0,1.4722222222222223,1.4881944444444444
mouse,gaba_potentiation|k2p_potentiation|complex_i_block|nca_block|nachr_antagonism,hexafluoroethane,300.0,443,0.0,1.5054166666666664,1.4904583333333334
mouse,gaba_potentiation|k2p_potentiation|complex_i_block|nca_block|nachr_antagonism,hexafluoroethane,1000.0,42,0.0,1.4731944444444445,1.4640416666666667
mouse,gaba_potentiation|k2p_potentiation|complex_i_block|nca_block|nachr_antagonism,hexafluoroethane,1000.0,137,0.0,1.4509722222222223,1.4523333333333333
mouse,gaba_potentiation|k2p_potentiation|complex_i_block|nca_block|nachr_antagonism,hexafluoroethane,100.0,443,0.0,1.5151388888888888,1.5000833333333334
mouse,gaba_potentiation|k2p_potentiation|complex_i_block|nca_block|nachr_antagonism,hexafluoroethane,300.0,42,0.0,1.4998611111111113,1.4931527777777778
mouse,gaba_potentiation|k2p_potentiation|complex_i_block|nca_block|nachr_antagonism,hexafluoroethane,300.0,137,0.0,1.479861111111111,1.4806805555555556
mouse,gaba_potentiation|k2p_potentiation|complex_i_block|nca_block|nachr_antagonism,hexafluoroethane,300.0,219,0.0,1.4706944444444445,1.4827222222222223
mouse,gaba_potentiation|k2p_potentiation|complex_i_block|nca_block|nachr_antagonism,hexafluoroethane,1000.0,219,0.0,1.442222222222222,1.453638888888889
mouse,gaba_potentiation|k2p_potentiation|complex_i_block|nca_block|nachr_antagonism,hexafluoroethane,1000.0,331,0.0,1.4412500000000001,1.4600694444444444
mouse,gaba_potentiation|k2p_potentiation|complex_i_block|nca_block|nachr_antagonism,hexafluoroethane,1000.0,443,0.0,1.4761111111111112,1.4605
mouse,gaba_potentiation|k2p_potentiation|complex_i_block|nca_block|nachr_antagonism,hexafluoroethane,3000.0,42,0.0,1.415,1.4078333333333333
mouse,gaba_potentiation|k2p_potentiation|complex_i_block|nca_block|nachr_antagonism,hexafluoroethane,3000.0,137,0.0,1.4001388888888888,1.39925
mouse,gaba_potentiation|k2p_potentiation|complex_i_block|nca_block|nachr_antagonism,hexafluoroethane,3000.0,219,0.0,1.3847222222222222,1.4005138888888888
mouse,gaba_potentiation|k2p_potentiation|complex_i_block|nca_block|nachr_antagonism,hexafluoroethane,3000.0,331,0.0,1.3888888888888886,1.407125
mouse,gaba_potentiation|k2p_potentiation|complex_i_block|nca_block|nachr_antagonism,hexafluoroethane,3000.0,443,0.0,1.4181944444444445,1.4071944444444444
mouse,gaba_potentiation|k2p_potentiation|complex_i_block|nca_block|nachr_antagonism,hexafluoroethane,10000.0,443,0.0,1.3431944444444444,1.3348333333333333
mouse,gaba_potentiation|k2p_potentiation|complex_i_block|nca_block|nachr_antagonism,hexafluoroethane,30000.0,42,0.0,1.3030555555555556,1.291763888888889
mouse,gaba_potentiation|k2p_potentiation|complex_i_block|nca_block|nachr_antagonism,hexafluoroethane,30000.0,137,0.0,1.2831944444444445,1.2807222222222223
mouse,gaba_potentiation|k2p_potentiation|complex_i_block|nca_block|nachr_antagonism,hexafluoroethane,30000.0,219,0.0,1.2633333333333334,1.2821666666666667
mouse,gaba_potentiation|k2p_potentiation|complex_i_block|nca_block|nachr_antagonism,hexafluoroethane,30000.0,331,0.0,1.2695833333333333,1.2912222222222223
mouse,gaba_potentiation|k2p_potentiation|complex_i_block|nca_block|nachr_antagonism,hexafluoroethane,30000.0,443,0.0,1.2972222222222223,1.2899722222222223
mouse,gaba_potentiation|complex_i_block|snare_cooperativity|nca_block|nachr_antagonism,cis_12_dichloroethylene,30.0,42,0.0,1.4641666666666666,1.456125
mouse,gaba_potentiation|complex_i_block|snare_cooperativity|nca_block|nachr_antagonism,cis_12_dichloroethylene,30.0,137,0.0,1.4444444444444444,1.4450555555555555
mouse,gaba_potentiation|k2p_potentiation|complex_i_block|nca_block|nachr_antagonism,hexafluoroethane,10000.0,42,0.0,1.347361111111111,1.3373055555555555
mouse,gaba_potentiation|k2p_potentiation|complex_i_block|nca_block|nachr_antagonism,hexafluoroethane,10000.0,137,0.0,1.3281944444444445,1.3265694444444445
mouse,gaba_potentiation|k2p_potentiation|complex_i_block|nca_block|nachr_antagonism,hexafluoroethane,10000.0,219,0.0,1.3076388888888888,1.3269027777777778
mouse,gaba_potentiation|k2p_potentiation|complex_i_block|nca_block|nachr_antagonism,hexafluoroethane,10000.0,331,0.0,1.3144444444444445,1.3362222222222222
mouse,gaba_potentiation|complex_i_block|snare_cooperativity|nca_block|nachr_antagonism,cis_12_dichloroethylene,30.0,219,0.0,1.4338888888888885,1.4466666666666668
mouse,gaba_potentiation|complex_i_block|snare_cooperativity|nca_block|nachr_antagonism,cis_12_dichloroethylene,30.0,331,0.0,1.4330555555555555,1.4527916666666667
mouse,gaba_potentiation|complex_i_block|snare_cooperativity|nca_block|nachr_antagonism,cis_12_dichloroethylene,30.0,443,0.0,1.46875,1.4530277777777778
mouse,gaba_potentiation|complex_i_block|snare_cooperativity|nca_block|nachr_antagonism,cis_12_dichloroethylene,100.0,42,0.0,1.3613888888888888,1.3531805555555556
mouse,gaba_potentiation|complex_i_block|snare_cooperativity|nca_block|nachr_antagonism,cis_12_dichloroethylene,3000.0,219,0.875,0.6538888888888889,0.6695694444444444
mouse,gaba_potentiation|complex_i_block|snare_cooperativity|nca_block|nachr_antagonism,cis_12_dichloroethylene,3000.0,331,0.9375,0.6598611111111111,0.6794166666666667
mouse,gaba_potentiation|complex_i_block|snare_cooperativity|nca_block|nachr_antagonism,cis_12_dichloroethylene,3000.0,443,0.7916666666666666,0.6918055555555555,0.6765972222222222
mouse,gaba_potentiation|complex_i_block|snare_cooperativity|nca_block|nachr_antagonism,cis_12_dichloroethylene,10000.0,42,1.0,0.585,0.5854861111111112
mouse,gaba_potentiation|complex_i_block|snare_cooperativity|nca_block|nachr_antagonism,cis_12_dichloroethylene,100.0,137,0.0,1.34375,1.3429583333333333
mouse,gaba_potentiation|complex_i_block|snare_cooperativity|nca_block|nachr_antagonism,cis_12_dichloroethylene,100.0,219,0.0,1.3229166666666667,1.3438055555555555
mouse,gaba_potentiation|complex_i_block|snare_cooperativity|nca_block|nachr_antagonism,cis_12_dichloroethylene,100.0,331,0.0,1.3325,1.3523888888888889
mouse,gaba_potentiation|complex_i_block|snare_cooperativity|nca_block|nachr_antagonism,cis_12_dichloroethylene,100.0,443,0.0,1.3619444444444444,1.3516388888888888
mouse,gaba_potentiation|complex_i_block|snare_cooperativity|nca_block|nachr_antagonism,cis_12_dichloroethylene,300.0,42,0.0,1.1590277777777778,1.1501666666666666
mouse,gaba_potentiation|complex_i_block|snare_cooperativity|nca_block|nachr_antagonism,cis_12_dichloroethylene,300.0,137,0.0,1.1504166666666666,1.1437638888888888
mouse,gaba_potentiation|complex_i_block|snare_cooperativity|nca_block|nachr_antagonism,cis_12_dichloroethylene,300.0,219,0.0,1.12375,1.1449444444444445
mouse,gaba_potentiation|complex_i_block|snare_cooperativity|nca_block|nachr_antagonism,cis_12_dichloroethylene,300.0,331,0.0,1.1306944444444444,1.1530972222222222
mouse,gaba_potentiation|complex_i_block|snare_cooperativity|nca_block|nachr_antagonism,cis_12_dichloroethylene,300.0,443,0.0,1.1633333333333333,1.1534027777777778
mouse,gaba_potentiation|complex_i_block|snare_cooperativity|nca_block|nachr_antagonism,cis_12_dichloroethylene,1000.0,42,0.041666666666666664,0.8645833333333334,0.8610277777777777
mouse,gaba_potentiation|complex_i_block|snare_cooperativity|nca_block|nachr_antagonism,cis_12_dichloroethylene,1000.0,137,0.08333333333333333,0.8597222222222222,0.8590694444444444
mouse,gaba_potentiation|complex_i_block|snare_cooperativity|nca_block|nachr_antagonism,cis_12_dichloroethylene,1000.0,219,0.14583333333333334,0.8368055555555557,0.8588472222222222
mouse,gaba_potentiation|complex_i_block|snare_cooperativity|nca_block|nachr_antagonism,cis_12_dichloroethylene,1000.0,331,0.041666666666666664,0.8451388888888888,0.8674444444444445
mouse,gaba_potentiation|complex_i_block|snare_cooperativity|nca_block|nachr_antagonism,cis_12_dichloroethylene,1000.0,443,0.0625,0.88125,0.8650972222222222
mouse,gaba_potentiation|complex_i_block|snare_cooperativity|nca_block|nachr_antagonism,cis_12_dichloroethylene,3000.0,42,0.8541666666666666,0.6751388888888888,0.6748194444444444
mouse,gaba_potentiation|complex_i_block|snare_cooperativity|nca_block|nachr_antagonism,cis_12_dichloroethylene,3000.0,137,0.9375,0.6693055555555555,0.6714722222222222
mouse,gaba_potentiation|complex_i_block|snare_cooperativity|nca_block|nachr_antagonism,cis_12_dichloroethylene,10000.0,137,1.0,0.575138888888889,0.5789166666666666
mouse,gaba_potentiation|complex_i_block|snare_cooperativity|nca_block|nachr_antagonism,cis_12_dichloroethylene,10000.0,219,1.0,0.5675,0.5785277777777778
mouse,gaba_potentiation|complex_i_block|snare_cooperativity|nca_block|nachr_antagonism,cis_12_dichloroethylene,10000.0,331,1.0,0.5695833333333333,0.5854722222222222
mouse,gaba_potentiation|complex_i_block|snare_cooperativity|nca_block|nachr_antagonism,cis_12_dichloroethylene,10000.0,443,1.0,0.5929166666666666,0.5830972222222223
mouse,gaba_potentiation|complex_i_block|snare_cooperativity|nca_block|nachr_antagonism,trans_12_dichloroethylene,30.0,331,0.0,1.487638888888889,1.5030972222222223
mouse,gaba_potentiation|complex_i_block|snare_cooperativity|nca_block|nachr_antagonism,trans_12_dichloroethylene,30.0,443,0.0,1.5211111111111109,1.5050833333333333
mouse,gaba_potentiation|complex_i_block|snare_cooperativity|nca_block|nachr_antagonism,trans_12_dichloroethylene,100.0,42,0.0,1.513333333333333,1.5077777777777779
mouse,gaba_potentiation|complex_i_block|snare_cooperativity|nca_block|nachr_antagonism,trans_12_dichloroethylene,100.0,137,0.0,1.4958333333333333,1.4960694444444445
mouse,gaba_potentiation|complex_i_block|snare_cooperativity|nca_block|nachr_antagonism,trans_12_dichloroethylene,100.0,219,0.0,1.4863888888888888,1.4980694444444445
mouse,gaba_potentiation|complex_i_block|snare_cooperativity|nca_block|nachr_antagonism,trans_12_dichloroethylene,100.0,331,0.0,1.487638888888889,1.5030972222222223
mouse,gaba_potentiation|complex_i_block|snare_cooperativity|nca_block|nachr_antagonism,trans_12_dichloroethylene,100.0,443,0.0,1.5211111111111109,1.5050833333333333
mouse,gaba_potentiation|complex_i_block|snare_cooperativity|nca_block|nachr_antagonism,trans_12_dichloroethylene,300.0,42,0.0,1.513333333333333,1.5077777777777779
mouse,gaba_potentiation|complex_i_block|snare_cooperativity|nca_block|nachr_antagonism,cis_12_dichloroethylene,30000.0,443,1.0,0.5619444444444445,0.55275
mouse,gaba_potentiation|complex_i_block|snare_cooperativity|nca_block|nachr_antagonism,trans_12_dichloroethylene,30.0,42,0.0,1.513333333333333,1.5077777777777779
mouse,gaba_potentiation|complex_i_block|snare_cooperativity|nca_block|nachr_antagonism,trans_12_dichloroethylene,30.0,137,0.0,1.4958333333333333,1.4960694444444445
mouse,gaba_potentiation|complex_i_block|snare_cooperativity|nca_block|nachr_antagonism,trans_12_dichloroethylene,30.0,219,0.0,1.4863888888888888,1.4980694444444445
mouse,gaba_potentiation|complex_i_block|snare_cooperativity|nca_block|nachr_antagonism,cis_12_dichloroethylene,30000.0,42,1.0,0.555138888888889,0.555125
mouse,gaba_potentiation|complex_i_block|snare_cooperativity|nca_block|nachr_antagonism,cis_12_dichloroethylene,30000.0,137,1.0,0.5455555555555555,0.5496666666666666
mouse,gaba_potentiation|complex_i_block|snare_cooperativity|nca_block|nachr_antagonism,cis_12_dichloroethylene,30000.0,219,1.0,0.5379166666666667,0.5492638888888889
mouse,gaba_potentiation|complex_i_block|snare_cooperativity|nca_block|nachr_antagonism,cis_12_dichloroethylene,30000.0,331,1.0,0.5399999999999999,0.5555833333333333
mouse,gaba_potentiation|complex_i_block|snare_cooperativity|nca_block|nachr_antagonism,trans_12_dichloroethylene,1000.0,42,0.0,1.513333333333333,1.5077777777777779
mouse,gaba_potentiation|complex_i_block|snare_cooperativity|nca_block|nachr_antagonism,trans_12_dichloroethylene,1000.0,137,0.0,1.4958333333333333,1.4960694444444445
mouse,gaba_potentiation|complex_i_block|snare_cooperativity|nca_block|nachr_antagonism,trans_12_dichloroethylene,1000.0,219,0.0,1.4863888888888888,1.4980694444444445
mouse,gaba_potentiation|complex_i_block|snare_cooperativity|nca_block|nachr_antagonism,trans_12_dichloroethylene,1000.0,331,0.0,1.487638888888889,1.5030972222222223
mouse,gaba_potentiation|complex_i_block|snare_cooperativity|nca_block|nachr_antagonism,trans_12_dichloroethylene,300.0,137,0.0,1.4958333333333333,1.4960694444444445
mouse,gaba_potentiation|complex_i_block|snare_cooperativity|nca_block|nachr_antagonism,trans_12_dichloroethylene,300.0,219,0.0,1.4863888888888888,1.4980694444444445
mouse,gaba_potentiation|complex_i_block|snare_cooperativity|nca_block|nachr_antagonism,trans_12_dichloroethylene,300.0,331,0.0,1.487638888888889,1.5030972222222223
mouse,gaba_potentiation|complex_i_block|snare_cooperativity|nca_block|nachr_antagonism,trans_12_dichloroethylene,300.0,443,0.0,1.5211111111111109,1.5050833333333333
mouse,gaba_potentiation|complex_i_block|snare_cooperativity|nca_block|nachr_antagonism,hexafluoroethane,30.0,443,0.0,1.5211111111111109,1.5050833333333333
mouse,gaba_potentiation|complex_i_block|snare_cooperativity|nca_block|nachr_antagonism,hexafluoroethane,100.0,42,0.0,1.513333333333333,1.5077777777777779
mouse,gaba_potentiation|complex_i_block|snare_cooperativity|nca_block|nachr_antagonism,hexafluoroethane,100.0,137,0.0,1.4958333333333333,1.4960694444444445
mouse,gaba_potentiation|complex_i_block|snare_cooperativity|nca_block|nachr_antagonism,hexafluoroethane,100.0,219,0.0,1.4863888888888888,1.4980694444444445
mouse,gaba_potentiation|complex_i_block|snare_cooperativity|nca_block|nachr_antagonism,trans_12_dichloroethylene,1000.0,443,0.0,1.5211111111111109,1.5050833333333333
mouse,gaba_potentiation|complex_i_block|snare_cooperativity|nca_block|nachr_antagonism,trans_12_dichloroethylene,3000.0,42,0.0,1.513333333333333,1.5077777777777779
mouse,gaba_potentiation|complex_i_block|snare_cooperativity|nca_block|nachr_antagonism,trans_12_dichloroethylene,3000.0,137,0.0,1.4958333333333333,1.4960694444444445
mouse,gaba_potentiation|complex_i_block|snare_cooperativity|nca_block|nachr_antagonism,trans_12_dichloroethylene,3000.0,219,0.0,1.4863888888888888,1.4980694444444445
mouse,gaba_potentiation|complex_i_block|snare_cooperativity|nca_block|nachr_antagonism,hexafluoroethane,300.0,219,0.0,1.4863888888888888,1.4980694444444445
mouse,gaba_potentiation|complex_i_block|snare_cooperativity|nca_block|nachr_antagonism,hexafluoroethane,300.0,331,0.0,1.487638888888889,1.5030972222222223
mouse,gaba_potentiation|complex_i_block|snare_cooperativity|nca_block|nachr_antagonism,hexafluoroethane,300.0,443,0.0,1.5211111111111109,1.5050833333333333
mouse,gaba_potentiation|complex_i_block|snare_cooperativity|nca_block|nachr_antagonism,hexafluoroethane,1000.0,42,0.0,1.513333333333333,1.5077777777777779
mouse,gaba_potentiation|complex_i_block|snare_cooperativity|nca_block|nachr_antagonism,hexafluoroethane,100.0,331,0.0,1.487638888888889,1.5030972222222223
mouse,gaba_potentiation|complex_i_block|snare_cooperativity|nca_block|nachr_antagonism,hexafluoroethane,100.0,443,0.0,1.5211111111111109,1.5050833333333333
mouse,gaba_potentiation|complex_i_block|snare_cooperativity|nca_block|nachr_antagonism,hexafluoroethane,300.0,42,0.0,1.513333333333333,1.5077777777777779
mouse,gaba_potentiation|complex_i_block|snare_cooperativity|nca_block|nachr_antagonism,hexafluoroethane,300.0,137,0.0,1.4958333333333333,1.4960694444444445
mouse,gaba_potentiation|complex_i_block|snare_cooperativity|nca_block|nachr_antagonism,trans_12_dichloroethylene,3000.0,331,0.0,1.487638888888889,1.5030972222222223
mouse,gaba_potentiation|complex_i_block|snare_cooperativity|nca_block|nachr_antagonism,trans_12_dichloroethylene,3000.0,443,0.0,1.5211111111111109,1.5050833333333333
mouse,gaba_potentiation|complex_i_block|snare_cooperativity|nca_block|nachr_antagonism,trans_12_dichloroethylene,10000.0,42,0.0,1.513333333333333,1.5077777777777779
mouse,gaba_potentiation|complex_i_block|snare_cooperativity|nca_block|nachr_antagonism,trans_12_dichloroethylene,10000.0,137,0.0,1.4958333333333333,1.4960694444444445
mouse,gaba_potentiation|complex_i_block|snare_cooperativity|nca_block|nachr_antagonism,trans_12_dichloroethylene,10000.0,219,0.0,1.4863888888888888,1.4980694444444445
mouse,gaba_potentiation|complex_i_block|snare_cooperativity|nca_block|nachr_antagonism,trans_12_dichloroethylene,10000.0,331,0.0,1.487638888888889,1.5030972222222223
mouse,gaba_potentiation|complex_i_block|snare_cooperativity|nca_block|nachr_antagonism,trans_12_dichloroethylene,10000.0,443,0.0,1.5211111111111109,1.5050833333333333
mouse,gaba_potentiation|complex_i_block|snare_cooperativity|nca_block|nachr_antagonism,trans_12_dichloroethylene,30000.0,42,0.0,1.513333333333333,1.5077777777777779
mouse,gaba_potentiation|complex_i_block|snare_cooperativity|nca_block|nachr_antagonism,trans_12_dichloroethylene,30000.0,137,0.0,1.4958333333333333,1.4960694444444445
mouse,gaba_potentiation|complex_i_block|snare_cooperativity|nca_block|nachr_antagonism,trans_12_dichloroethylene,30000.0,219,0.0,1.4863888888888888,1.4980694444444445
mouse,gaba_potentiation|complex_i_block|snare_cooperativity|nca_block|nachr_antagonism,trans_12_dichloroethylene,30000.0,331,0.0,1.487638888888889,1.5030972222222223
mouse,gaba_potentiation|complex_i_block|snare_cooperativity|nca_block|nachr_antagonism,trans_12_dichloroethylene,30000.0,443,0.0,1.5211111111111109,1.5050833333333333
mouse,gaba_potentiation|complex_i_block|snare_cooperativity|nca_block|nachr_antagonism,hexafluoroethane,1000.0,137,0.0,1.4958333333333333,1.4960694444444445
mouse,gaba_potentiation|complex_i_block|snare_cooperativity|nca_block|nachr_antagonism,hexafluoroethane,1000.0,219,0.0,1.4863888888888888,1.4980694444444445
mouse,gaba_potentiation|complex_i_block|snare_cooperativity|nca_block|nachr_antagonism,hexafluoroethane,1000.0,331,0.0,1.487638888888889,1.5030972222222223
mouse,gaba_potentiation|complex_i_block|snare_cooperativity|nca_block|nachr_antagonism,hexafluoroethane,1000.0,443,0.0,1.5211111111111109,1.5050833333333333
mouse,gaba_potentiation|complex_i_block|snare_cooperativity|nca_block|nachr_antagonism,hexafluoroethane,30.0,42,0.0,1.513333333333333,1.5077777777777779
mouse,gaba_potentiation|complex_i_block|snare_cooperativity|nca_block|nachr_antagonism,hexafluoroethane,30.0,137,0.0,1.4958333333333333,1.4960694444444445
mouse,gaba_potentiation|complex_i_block|snare_cooperativity|nca_block|nachr_antagonism,hexafluoroethane,30.0,219,0.0,1.4863888888888888,1.4980694444444445
mouse,gaba_potentiation|complex_i_block|snare_cooperativity|nca_block|nachr_antagonism,hexafluoroethane,30.0,331,0.0,1.487638888888889,1.5030972222222223
mouse,gaba_potentiation|complex_i_block|snare_cooperativity|nca_block|nachr_antagonism,hexafluoroethane,3000.0,42,0.0,1.513333333333333,1.5077777777777779
mouse,gaba_potentiation|complex_i_block|snare_cooperativity|nca_block|nachr_antagonism,hexafluoroethane,3000.0,137,0.0,1.4958333333333333,1.4960694444444445
mouse,gaba_potentiation|complex_i_block|snare_cooperativity|nca_block|nachr_antagonism,hexafluoroethane,3000.0,219,0.0,1.4863888888888888,1.4980694444444445
mouse,gaba_potentiation|complex_i_block|snare_cooperativity|nca_block|nachr_antagonism,hexafluoroethane,3000.0,331,0.0,1.487638888888889,1.5030972222222223
mouse,k2p_potentiation|complex_i_block|snare_cooperativity|nca_block|nachr_antagonism,cis_12_dichloroethylene,100.0,42,0.0,1.3494444444444447,1.3396944444444445
mouse,k2p_potentiation|complex_i_block|snare_cooperativity|nca_block|nachr_antagonism,cis_12_dichloroethylene,100.0,137,0.0,1.3293055555555557,1.3289166666666667
mouse,k2p_potentiation|complex_i_block|snare_cooperativity|nca_block|nachr_antagonism,cis_12_dichloroethylene,100.0,219,0.0,1.3105555555555555,1.3294861111111111
mouse,k2p_potentiation|complex_i_block|snare_cooperativity|nca_block|nachr_antagonism,cis_12_dichloroethylene,100.0,331,0.0,1.3175,1.3390277777777777
mouse,k2p_potentiation|complex_i_block|snare_cooperativity|nca_block|nachr_antagonism,cis_12_dichloroethylene,30.0,137,0.0,1.4401388888888889,1.4399305555555555
mouse,k2p_potentiation|complex_i_block|snare_cooperativity|nca_block|nachr_antagonism,cis_12_dichloroethylene,30.0,219,0.0,1.4268055555555559,1.4411805555555555
mouse,k2p_potentiation|complex_i_block|snare_cooperativity|nca_block|nachr_antagonism,cis_12_dichloroethylene,30.0,331,0.0,1.427638888888889,1.447486111111111
mouse,k2p_potentiation|complex_i_block|snare_cooperativity|nca_block|nachr_antagonism,cis_12_dichloroethylene,30.0,443,0.0,1.4629166666666666,1.447875
mouse,gaba_potentiation|complex_i_block|snare_cooperativity|nca_block|nachr_antagonism,hexafluoroethane,3000.0,443,0.0,1.5211111111111109,1.5050833333333333
mouse,gaba_potentiation|complex_i_block|snare_cooperativity|nca_block|nachr_antagonism,hexafluoroethane,10000.0,42,0.0,1.513333333333333,1.5077777777777779
mouse,gaba_potentiation|complex_i_block|snare_cooperativity|nca_block|nachr_antagonism,hexafluoroethane,10000.0,137,0.0,1.4958333333333333,1.4960694444444445
mouse,gaba_potentiation|complex_i_block|snare_cooperativity|nca_block|nachr_antagonism,hexafluoroethane,10000.0,219,0.0,1.4863888888888888,1.4980694444444445
mouse,k2p_potentiation|complex_i_block|snare_cooperativity|nca_block|nachr_antagonism,cis_12_dichloroethylene,10000.0,42,1.0,0.5818055555555556,0.582375
mouse,k2p_potentiation|complex_i_block|snare_cooperativity|nca_block|nachr_antagonism,cis_12_dichloroethylene,10000.0,137,1.0,0.571388888888889,0.5756527777777778
mouse,k2p_potentiation|complex_i_block|snare_cooperativity|nca_block|nachr_antagonism,cis_12_dichloroethylene,10000.0,219,1.0,0.5641666666666667,0.5754722222222223
mouse,k2p_potentiation|complex_i_block|snare_cooperativity|nca_block|nachr_antagonism,cis_12_dichloroethylene,10000.0,331,1.0,0.5668055555555556,0.5822777777777778
mouse,gaba_potentiation|complex_i_block|snare_cooperativity|nca_block|nachr_antagonism,hexafluoroethane,10000.0,331,0.0,1.487638888888889,1.5030972222222223
mouse,gaba_potentiation|complex_i_block|snare_cooperativity|nca_block|nachr_antagonism,hexafluoroethane,10000.0,443,0.0,1.5211111111111109,1.5050833333333333
mouse,gaba_potentiation|complex_i_block|snare_cooperativity|nca_block|nachr_antagonism,hexafluoroethane,30000.0,42,0.0,1.513333333333333,1.5077777777777779
mouse,gaba_potentiation|complex_i_block|snare_cooperativity|nca_block|nachr_antagonism,hexafluoroethane,30000.0,137,0.0,1.4958333333333333,1.4960694444444445
mouse,gaba_potentiation|complex_i_block|snare_cooperativity|nca_block|nachr_antagonism,hexafluoroethane,30000.0,219,0.0,1.4863888888888888,1.4980694444444445
mouse,gaba_potentiation|complex_i_block|snare_cooperativity|nca_block|nachr_antagonism,hexafluoroethane,30000.0,331,0.0,1.487638888888889,1.5030972222222223
mouse,gaba_potentiation|complex_i_block|snare_cooperativity|nca_block|nachr_antagonism,hexafluoroethane,30000.0,443,0.0,1.5211111111111109,1.5050833333333333
mouse,k2p_potentiation|complex_i_block|snare_cooperativity|nca_block|nachr_antagonism,cis_12_dichloroethylene,30.0,42,0.0,1.4583333333333333,1.450888888888889
mouse,k2p_potentiation|complex_i_block|snare_cooperativity|nca_block|nachr_antagonism,cis_12_dichloroethylene,100.0,443,0.0,1.347222222222222,1.3376944444444445
mouse,k2p_potentiation|complex_i_block|snare_cooperativity|nca_block|nachr_antagonism,cis_12_dichloroethylene,300.0,42,0.0,1.1366666666666667,1.1285416666666668
mouse,k2p_potentiation|complex_i_block|snare_cooperativity|nca_block|nachr_antagonism,cis_12_dichloroethylene,300.0,137,0.0,1.1304166666666668,1.1230416666666667
mouse,k2p_potentiation|complex_i_block|snare_cooperativity|nca_block|nachr_antagonism,cis_12_dichloroethylene,300.0,219,0.0,1.1045833333333333,1.1245416666666668
mouse,k2p_potentiation|complex_i_block|snare_cooperativity|nca_block|nachr_antagonism,cis_12_dichloroethylene,300.0,331,0.0,1.1068055555555556,1.1305555555555555
mouse,k2p_potentiation|complex_i_block|snare_cooperativity|nca_block|nachr_antagonism,cis_12_dichloroethylene,300.0,443,0.0,1.1433333333333333,1.1321666666666668
mouse,k2p_potentiation|complex_i_block|snare_cooperativity|nca_block|nachr_antagonism,cis_12_dichloroethylene,1000.0,42,0.08333333333333333,0.8465277777777779,0.8427638888888889
mouse,k2p_potentiation|complex_i_block|snare_cooperativity|nca_block|nachr_antagonism,cis_12_dichloroethylene,1000.0,137,0.10416666666666667,0.8422222222222221,0.8407222222222223
mouse,k2p_potentiation|complex_i_block|snare_cooperativity|nca_block|nachr_antagonism,cis_12_dichloroethylene,3000.0,137,0.9583333333333334,0.6591666666666667,0.6623472222222222
mouse,k2p_potentiation|complex_i_block|snare_cooperativity|nca_block|nachr_antagonism,cis_12_dichloroethylene,3000.0,219,0.875,0.6466666666666666,0.6606805555555556
mouse,k2p_potentiation|complex_i_block|snare_cooperativity|nca_block|nachr_antagonism,cis_12_dichloroethylene,3000.0,331,0.9583333333333334,0.6502777777777778,0.6703194444444445
mouse,k2p_potentiation|complex_i_block|snare_cooperativity|nca_block|nachr_antagonism,cis_12_dichloroethylene,3000.0,443,0.8125,0.6806944444444444,0.6674027777777778
mouse,k2p_potentiation|complex_i_block|snare_cooperativity|nca_block|nachr_antagonism,cis_12_dichloroethylene,30000.0,331,1.0,0.53875,0.5545833333333333
mouse,k2p_potentiation|complex_i_block|snare_cooperativity|nca_block|nachr_antagonism,cis_12_dichloroethylene,30000.0,443,1.0,0.5599999999999999,0.5518333333333333
mouse,k2p_potentiation|complex_i_block|snare_cooperativity|nca_block|nachr_antagonism,trans_12_dichloroethylene,30.0,42,0.0,1.5105555555555554,1.5052222222222222
mouse,k2p_potentiation|complex_i_block|snare_cooperativity|nca_block|nachr_antagonism,trans_12_dichloroethylene,30.0,137,0.0,1.4927777777777778,1.4933194444444444
mouse,k2p_potentiation|complex_i_block|snare_cooperativity|nca_block|nachr_antagonism,cis_12_dichloroethylene,1000.0,219,0.1875,0.8201388888888889,0.8408194444444445
mouse,k2p_potentiation|complex_i_block|snare_cooperativity|nca_block|nachr_antagonism,cis_12_dichloroethylene,1000.0,331,0.10416666666666667,0.8273611111111111,0.8475277777777778
mouse,k2p_potentiation|complex_i_block|snare_cooperativity|nca_block|nachr_antagonism,cis_12_dichloroethylene,1000.0,443,0.08333333333333333,0.861111111111111,0.8472916666666667
mouse,k2p_potentiation|complex_i_block|snare_cooperativity|nca_block|nachr_antagonism,cis_12_dichloroethylene,3000.0,42,0.875,0.6659722222222222,0.6664722222222222
mouse,k2p_potentiation|complex_i_block|snare_cooperativity|nca_block|nachr_antagonism,cis_12_dichloroethylene,10000.0,443,1.0,0.5894444444444444,0.5798194444444444
mouse,k2p_potentiation|complex_i_block|snare_cooperativity|nca_block|nachr_antagonism,cis_12_dichloroethylene,30000.0,42,1.0,0.5543055555555556,0.5542083333333333
mouse,k2p_potentiation|complex_i_block|snare_cooperativity|nca_block|nachr_antagonism,cis_12_dichloroethylene,30000.0,137,1.0,0.5443055555555555,0.5485416666666667
mouse,k2p_potentiation|complex_i_block|snare_cooperativity|nca_block|nachr_antagonism,cis_12_dichloroethylene,30000.0,219,1.0,0.5363888888888889,0.548
mouse,k2p_potentiation|complex_i_block|snare_cooperativity|nca_block|nachr_antagonism,trans_12_dichloroethylene,30.0,219,0.0,1.4840277777777777,1.4951944444444445
mouse,k2p_potentiation|complex_i_block|snare_cooperativity|nca_block|nachr_antagonism,trans_12_dichloroethylene,30.0,331,0.0,1.484861111111111,1.5006527777777778
mouse,k2p_potentiation|complex_i_block|snare_cooperativity|nca_block|nachr_antagonism,trans_12_dichloroethylene,30.0,443,0.0,1.5180555555555557,1.5023333333333333
mouse,k2p_potentiation|complex_i_block|snare_cooperativity|nca_block|nachr_antagonism,trans_12_dichloroethylene,100.0,42,0.0,1.5055555555555555,1.499111111111111
mouse,k2p_potentiation|complex_i_block|snare_cooperativity|nca_block|nachr_antagonism,trans_12_dichloroethylene,300.0,443,0.0,1.4966666666666668,1.4807777777777777
mouse,k2p_potentiation|complex_i_block|snare_cooperativity|nca_block|nachr_antagonism,trans_12_dichloroethylene,1000.0,42,0.0,1.4480555555555557,1.4413194444444444
mouse,k2p_potentiation|complex_i_block|snare_cooperativity|nca_block|nachr_antagonism,trans_12_dichloroethylene,1000.0,137,0.0,1.4325,1.4313194444444444
mouse,k2p_potentiation|complex_i_block|snare_cooperativity|nca_block|nachr_antagonism,trans_12_dichloroethylene,1000.0,219,0.0,1.4181944444444443,1.4325277777777778
mouse,k2p_potentiation|complex_i_block|snare_cooperativity|nca_block|nachr_antagonism,trans_12_dichloroethylene,100.0,137,0.0,1.4859722222222222,1.4873888888888889
mouse,k2p_potentiation|complex_i_block|snare_cooperativity|nca_block|nachr_antagonism,trans_12_dichloroethylene,100.0,219,0.0,1.4781944444444444,1.4895416666666668
mouse,k2p_potentiation|complex_i_block|snare_cooperativity|nca_block|nachr_antagonism,trans_12_dichloroethylene,100.0,331,0.0,1.4794444444444441,1.4944861111111112
mouse,k2p_potentiation|complex_i_block|snare_cooperativity|nca_block|nachr_antagonism,trans_12_dichloroethylene,100.0,443,0.0,1.5119444444444443,1.497111111111111
mouse,k2p_potentiation|complex_i_block|snare_cooperativity|nca_block|nachr_antagonism,trans_12_dichloroethylene,1000.0,331,0.0,1.4205555555555556,1.4389305555555556
mouse,k2p_potentiation|complex_i_block|snare_cooperativity|nca_block|nachr_antagonism,trans_12_dichloroethylene,1000.0,443,0.0,1.4525,1.4390972222222222
mouse,k2p_potentiation|complex_i_block|snare_cooperativity|nca_block|nachr_antagonism,trans_12_dichloroethylene,3000.0,42,0.0,1.3851388888888891,1.3775
mouse,k2p_potentiation|complex_i_block|snare_cooperativity|nca_block|nachr_antagonism,trans_12_dichloroethylene,3000.0,137,0.0,1.3679166666666667,1.3680416666666666
mouse,k2p_potentiation|complex_i_block|snare_cooperativity|nca_block|nachr_antagonism,trans_12_dichloroethylene,30000.0,443,0.0,1.2865277777777777,1.2789583333333334
mouse,k2p_potentiation|complex_i_block|snare_cooperativity|nca_block|nachr_antagonism,hexafluoroethane,30.0,42,0.0,1.5122222222222224,1.5062222222222221
mouse,k2p_potentiation|complex_i_block|snare_cooperativity|nca_block|nachr_antagonism,hexafluoroethane,30.0,137,0.0,1.4945833333333336,1.4945972222222221
mouse,k2p_potentiation|complex_i_block|snare_cooperativity|nca_block|nachr_antagonism,hexafluoroethane,30.0,219,0.0,1.485,1.4963194444444445
mouse,k2p_potentiation|complex_i_block|snare_cooperativity|nca_block|nachr_antagonism,trans_12_dichloroethylene,300.0,42,0.0,1.4916666666666665,1.4837222222222222
mouse,k2p_potentiation|complex_i_block|snare_cooperativity|nca_block|nachr_antagonism,trans_12_dichloroethylene,300.0,137,0.0,1.471111111111111,1.4712361111111112
mouse,k2p_potentiation|complex_i_block|snare_cooperativity|nca_block|nachr_antagonism,trans_12_dichloroethylene,300.0,219,0.0,1.4625000000000001,1.4740277777777777
mouse,k2p_potentiation|complex_i_block|snare_cooperativity|nca_block|nachr_antagonism,trans_12_dichloroethylene,300.0,331,0.0,1.4626388888888888,1.4797222222222222
mouse,k2p_potentiation|complex_i_block|snare_cooperativity|nca_block|nachr_antagonism,trans_12_dichloroethylene,3000.0,219,0.0,1.3498611111111112,1.3686666666666667
mouse,k2p_potentiation|complex_i_block|snare_cooperativity|nca_block|nachr_antagonism,trans_12_dichloroethylene,3000.0,331,0.0,1.356527777777778,1.3759305555555557
mouse,k2p_potentiation|complex_i_block|snare_cooperativity|nca_block|nachr_antagonism,trans_12_dichloroethylene,3000.0,443,0.0,1.387777777777778,1.3762777777777777
mouse,k2p_potentiation|complex_i_block|snare_cooperativity|nca_block|nachr_antagonism,trans_12_dichloroethylene,10000.0,42,0.0,1.3225,1.312736111111111
mouse,k2p_potentiation|complex_i_block|snare_cooperativity|nca_block|nachr_antagonism,trans_12_dichloroethylene,10000.0,137,0.0,1.3029166666666667,1.3014583333333334
mouse,k2p_potentiation|complex_i_block|snare_cooperativity|nca_block|nachr_antagonism,trans_12_dichloroethylene,10000.0,219,0.0,1.2844444444444445,1.3033333333333332
mouse,k2p_potentiation|complex_i_block|snare_cooperativity|nca_block|nachr_antagonism,trans_12_dichloroethylene,10000.0,331,0.0,1.2909722222222222,1.3112777777777778
mouse,k2p_potentiation|complex_i_block|snare_cooperativity|nca_block|nachr_antagonism,trans_12_dichloroethylene,10000.0,443,0.0,1.3198611111111112,1.3103888888888888
mouse,k2p_potentiation|complex_i_block|snare_cooperativity|nca_block|nachr_antagonism,trans_12_dichloroethylene,30000.0,42,0.0,1.2919444444444443,1.279236111111111
mouse,k2p_potentiation|complex_i_block|snare_cooperativity|nca_block|nachr_antagonism,trans_12_dichloroethylene,30000.0,137,0.0,1.2723611111111113,1.2685833333333334
mouse,k2p_potentiation|complex_i_block|snare_cooperativity|nca_block|nachr_antagonism,trans_12_dichloroethylene,30000.0,219,0.0,1.25125,1.2701666666666667
mouse,k2p_potentiation|complex_i_block|snare_cooperativity|nca_block|nachr_antagonism,trans_12_dichloroethylene,30000.0,331,0.0,1.2584722222222222,1.27925
mouse,k2p_potentiation|complex_i_block|snare_cooperativity|nca_block|nachr_antagonism,hexafluoroethane,100.0,219,0.0,1.481111111111111,1.4925972222222221
mouse,k2p_potentiation|complex_i_block|snare_cooperativity|nca_block|nachr_antagonism,hexafluoroethane,100.0,331,0.0,1.4823611111111112,1.4979027777777778
mouse,k2p_potentiation|complex_i_block|snare_cooperativity|nca_block|nachr_antagonism,hexafluoroethane,100.0,443,0.0,1.5151388888888888,1.5000833333333334
mouse,k2p_potentiation|complex_i_block|snare_cooperativity|nca_block|nachr_antagonism,hexafluoroethane,300.0,42,0.0,1.4998611111111113,1.4931527777777778
mouse,k2p_potentiation|complex_i_block|snare_cooperativity|nca_block|nachr_antagonism,hexafluoroethane,1000.0,42,0.0,1.4731944444444445,1.4640416666666667
mouse,k2p_potentiation|complex_i_block|snare_cooperativity|nca_block|nachr_antagonism,hexafluoroethane,1000.0,137,0.0,1.4509722222222223,1.4523333333333333
mouse,k2p_potentiation|complex_i_block|snare_cooperativity|nca_block|nachr_antagonism,hexafluoroethane,1000.0,219,0.0,1.442222222222222,1.453638888888889
mouse,k2p_potentiation|complex_i_block|snare_cooperativity|nca_block|nachr_antagonism,hexafluoroethane,1000.0,331,0.0,1.4412500000000001,1.4600694444444444
mouse,k2p_potentiation|complex_i_block|snare_cooperativity|nca_block|nachr_antagonism,hexafluoroethane,1000.0,443,0.0,1.4761111111111112,1.4605
mouse,k2p_potentiation|complex_i_block|snare_cooperativity|nca_block|nachr_antagonism,hexafluoroethane,3000.0,42,0.0,1.415,1.4078333333333333
mouse,k2p_potentiation|complex_i_block|snare_cooperativity|nca_block|nachr_antagonism,hexafluoroethane,3000.0,137,0.0,1.4001388888888888,1.39925
mouse,k2p_potentiation|complex_i_block|snare_cooperativity|nca_block|nachr_antagonism,hexafluoroethane,3000.0,219,0.0,1.3847222222222222,1.4005138888888888
mouse,k2p_potentiation|complex_i_block|snare_cooperativity|nca_block|nachr_antagonism,hexafluoroethane,30.0,331,0.0,1.4863888888888888,1.5015555555555555
mouse,k2p_potentiation|complex_i_block|snare_cooperativity|nca_block|nachr_antagonism,hexafluoroethane,30.0,443,0.0,1.5193055555555555,1.5034166666666666
mouse,k2p_potentiation|complex_i_block|snare_cooperativity|nca_block|nachr_antagonism,hexafluoroethane,100.0,42,0.0,1.5080555555555557,1.5026527777777778
mouse,k2p_potentiation|complex_i_block|snare_cooperativity|nca_block|nachr_antagonism,hexafluoroethane,100.0,137,0.0,1.4905555555555552,1.4906805555555556
mouse,k2p_potentiation|complex_i_block|snare_cooperativity|nca_block|nachr_antagonism,hexafluoroethane,300.0,137,0.0,1.479861111111111,1.4806805555555556
mouse,k2p_potentiation|complex_i_block|snare_cooperativity|nca_block|nachr_antagonism,hexafluoroethane,300.0,219,0.0,1.4706944444444445,1.4827222222222223
mouse,k2p_potentiation|complex_i_block|snare_cooperativity|nca_block|nachr_antagonism,hexafluoroethane,300.0,331,0.0,1.4722222222222223,1.4881944444444444
mouse,k2p_potentiation|complex_i_block|snare_cooperativity|nca_block|nachr_antagonism,hexafluoroethane,300.0,443,0.0,1.5054166666666664,1.4904583333333334
mouse,k2p_potentiation|complex_i_block|snare_cooperativity|nca_block|nachr_antagonism,hexafluoroethane,10000.0,219,0.0,1.3076388888888888,1.3269027777777778
mouse,k2p_potentiation|complex_i_block|snare_cooperativity|nca_block|nachr_antagonism,hexafluoroethane,10000.0,331,0.0,1.3144444444444445,1.3362222222222222
mouse,k2p_potentiation|complex_i_block|snare_cooperativity|nca_block|nachr_antagonism,hexafluoroethane,10000.0,443,0.0,1.3431944444444444,1.3348333333333333
mouse,k2p_potentiation|complex_i_block|snare_cooperativity|nca_block|nachr_antagonism,hexafluoroethane,30000.0,42,0.0,1.3030555555555556,1.291763888888889
mouse,k2p_potentiation|complex_i_block|snare_cooperativity|nca_block|nachr_antagonism,hexafluoroethane,30000.0,137,0.0,1.2831944444444445,1.2807222222222223
mouse,k2p_potentiation|complex_i_block|snare_cooperativity|nca_block|nachr_antagonism,hexafluoroethane,30000.0,219,0.0,1.2633333333333334,1.2821666666666667
mouse,k2p_potentiation|complex_i_block|snare_cooperativity|nca_block|nachr_antagonism,hexafluoroethane,30000.0,331,0.0,1.2695833333333333,1.2912222222222223
mouse,k2p_potentiation|complex_i_block|snare_cooperativity|nca_block|nachr_antagonism,hexafluoroethane,30000.0,443,0.0,1.2972222222222223,1.2899722222222223
mouse,k2p_potentiation|complex_i_block|snare_cooperativity|nca_block|nachr_antagonism,hexafluoroethane,3000.0,331,0.0,1.3888888888888886,1.407125
mouse,k2p_potentiation|complex_i_block|snare_cooperativity|nca_block|nachr_antagonism,hexafluoroethane,3000.0,443,0.0,1.4181944444444445,1.4071944444444444
mouse,k2p_potentiation|complex_i_block|snare_cooperativity|nca_block|nachr_antagonism,hexafluoroethane,10000.0,42,0.0,1.347361111111111,1.3373055555555555
mouse,k2p_potentiation|complex_i_block|snare_cooperativity|nca_block|nachr_antagonism,hexafluoroethane,10000.0,137,0.0,1.3281944444444445,1.3265694444444445
mouse,gaba_potentiation|k2p_potentiation|complex_i_block|snare_cooperativity|nca_block|nachr_antagonism,cis_12_dichloroethylene,3000.0,42,1.0,0.571388888888889,0.5706666666666667
mouse,gaba_potentiation|k2p_potentiation|complex_i_block|snare_cooperativity|nca_block|nachr_antagonism,cis_12_dichloroethylene,3000.0,137,1.0,0.559861111111111,0.564
mouse,gaba_potentiation|k2p_potentiation|complex_i_block|snare_cooperativity|nca_block|nachr_antagonism,cis_12_dichloroethylene,3000.0,219,1.0,0.5525,0.5641805555555556
mouse,gaba_potentiation|k2p_potentiation|complex_i_block|snare_cooperativity|nca_block|nachr_antagonism,cis_12_dichloroethylene,3000.0,331,1.0,0.5565277777777777,0.5709305555555556
mouse,gaba_potentiation|k2p_potentiation|complex_i_block|snare_cooperativity|nca_block|nachr_antagonism,cis_12_dichloroethylene,30.0,42,0.0,1.4476388888888891,1.4407916666666667
mouse,gaba_potentiation|k2p_potentiation|complex_i_block|snare_cooperativity|nca_block|nachr_antagonism,cis_12_dichloroethylene,30.0,137,0.0,1.432361111111111,1.4308611111111111
mouse,gaba_potentiation|k2p_potentiation|complex_i_block|snare_cooperativity|nca_block|nachr_antagonism,cis_12_dichloroethylene,30.0,219,0.0,1.4176388888888887,1.432013888888889
mouse,gaba_potentiation|k2p_potentiation|complex_i_block|snare_cooperativity|nca_block|nachr_antagonism,cis_12_dichloroethylene,30.0,331,0.0,1.4204166666666669,1.438388888888889
mouse,gaba_potentiation|k2p_potentiation|complex_i_block|snare_cooperativity|nca_block|nachr_antagonism,cis_12_dichloroethylene,3000.0,443,1.0,0.5790277777777778,0.5681805555555556
mouse,gaba_potentiation|k2p_potentiation|complex_i_block|snare_cooperativity|nca_block|nachr_antagonism,cis_12_dichloroethylene,10000.0,42,1.0,0.48041666666666666,0.4807777777777778
mouse,gaba_potentiation|k2p_potentiation|complex_i_block|snare_cooperativity|nca_block|nachr_antagonism,cis_12_dichloroethylene,10000.0,137,1.0,0.4681944444444445,0.47502777777777777
mouse,gaba_potentiation|k2p_potentiation|complex_i_block|snare_cooperativity|nca_block|nachr_antagonism,cis_12_dichloroethylene,10000.0,219,1.0,0.46402777777777776,0.4759305555555556
mouse,gaba_potentiation|k2p_potentiation|complex_i_block|snare_cooperativity|nca_block|nachr_antagonism,cis_12_dichloroethylene,30.0,443,0.0,1.4518055555555556,1.4384861111111111
mouse,gaba_potentiation|k2p_potentiation|complex_i_block|snare_cooperativity|nca_block|nachr_antagonism,cis_12_dichloroethylene,100.0,42,0.0,1.3241666666666667,1.313
mouse,gaba_potentiation|k2p_potentiation|complex_i_block|snare_cooperativity|nca_block|nachr_antagonism,cis_12_dichloroethylene,100.0,137,0.0,1.3037500000000002,1.3019583333333333
mouse,gaba_potentiation|k2p_potentiation|complex_i_block|snare_cooperativity|nca_block|nachr_antagonism,cis_12_dichloroethylene,100.0,219,0.0,1.2845833333333334,1.3038888888888889
mouse,gaba_potentiation|k2p_potentiation|complex_i_block|snare_cooperativity|nca_block|nachr_antagonism,cis_12_dichloroethylene,300.0,219,0.0,1.0516666666666667,1.0682916666666666
mouse,gaba_potentiation|k2p_potentiation|complex_i_block|snare_cooperativity|nca_block|nachr_antagonism,cis_12_dichloroethylene,300.0,331,0.0,1.0533333333333335,1.077013888888889
mouse,gaba_potentiation|k2p_potentiation|complex_i_block|snare_cooperativity|nca_block|nachr_antagonism,cis_12_dichloroethylene,300.0,443,0.0,1.0879166666666666,1.0758611111111112
mouse,gaba_potentiation|k2p_potentiation|complex_i_block|snare_cooperativity|nca_block|nachr_antagonism,cis_12_dichloroethylene,1000.0,42,0.5,0.7579166666666667,0.7569722222222223
mouse,gaba_potentiation|k2p_potentiation|complex_i_block|snare_cooperativity|nca_block|nachr_antagonism,trans_12_dichloroethylene,30.0,137,0.0,1.4927777777777778,1.4933194444444444
mouse,gaba_potentiation|k2p_potentiation|complex_i_block|snare_cooperativity|nca_block|nachr_antagonism,trans_12_dichloroethylene,30.0,219,0.0,1.4840277777777777,1.4951944444444445
mouse,gaba_potentiation|k2p_potentiation|complex_i_block|snare_cooperativity|nca_block|nachr_antagonism,trans_12_dichloroethylene,30.0,331,0.0,1.484861111111111,1.5006527777777778
mouse,gaba_potentiation|k2p_potentiation|complex_i_block|snare_cooperativity|nca_block|nachr_antagonism,trans_12_dichloroethylene,30.0,443,0.0,1.5180555555555557,1.5023333333333333
mouse,gaba_potentiation|k2p_potentiation|complex_i_block|snare_cooperativity|nca_block|nachr_antagonism,cis_12_dichloroethylene,100.0,331,0.0,1.2906944444444444,1.3118055555555554
mouse,gaba_potentiation|k2p_potentiation|complex_i_block|snare_cooperativity|nca_block|nachr_antagonism,cis_12_dichloroethylene,100.0,443,0.0,1.3202777777777779,1.3108055555555556
mouse,gaba_potentiation|k2p_potentiation|complex_i_block|snare_cooperativity|nca_block|nachr_antagonism,cis_12_dichloroethylene,300.0,42,0.0,1.0816666666666666,1.0730833333333334
mouse,gaba_potentiation|k2p_potentiation|complex_i_block|snare_cooperativity|nca_block|nachr_antagonism,cis_12_dichloroethylene,300.0,137,0.0,1.0743055555555554,1.0656944444444445
mouse,gaba_potentiation|k2p_potentiation|complex_i_block|snare_cooperativity|nca_block|nachr_antagonism,trans_12_dichloroethylene,100.0,42,0.0,1.5055555555555555,1.499111111111111
mouse,gaba_potentiation|k2p_potentiation|complex_i_block|snare_cooperativity|nca_block|nachr_antagonism,trans_12_dichloroethylene,100.0,137,0.0,1.4859722222222222,1.4873888888888889
mouse,gaba_potentiation|k2p_potentiation|complex_i_block|snare_cooperativity|nca_block|nachr_antagonism,trans_12_dichloroethylene,100.0,219,0.0,1.4781944444444444,1.4895416666666668
mouse,gaba_potentiation|k2p_potentiation|complex_i_block|snare_cooperativity|nca_block|nachr_antagonism,trans_12_dichloroethylene,100.0,331,0.0,1.4794444444444441,1.4944861111111112
mouse,gaba_potentiation|k2p_potentiation|complex_i_block|snare_cooperativity|nca_block|nachr_antagonism,cis_12_dichloroethylene,1000.0,137,0.5208333333333334,0.7527777777777778,0.7542083333333334
mouse,gaba_potentiation|k2p_potentiation|complex_i_block|snare_cooperativity|nca_block|nachr_antagonism,cis_12_dichloroethylene,1000.0,219,0.5833333333333334,0.7320833333333333,0.7530555555555556
mouse,gaba_potentiation|k2p_potentiation|complex_i_block|snare_cooperativity|nca_block|nachr_antagonism,cis_12_dichloroethylene,1000.0,331,0.6041666666666666,0.7393055555555555,0.7608472222222222
mouse,gaba_potentiation|k2p_potentiation|complex_i_block|snare_cooperativity|nca_block|nachr_antagonism,cis_12_dichloroethylene,1000.0,443,0.4166666666666667,0.7733333333333333,0.7597916666666666
mouse,gaba_potentiation|k2p_potentiation|complex_i_block|snare_cooperativity|nca_block|nachr_antagonism,cis_12_dichloroethylene,10000.0,331,1.0,0.46513888888888894,0.48204166666666665
mouse,gaba_potentiation|k2p_potentiation|complex_i_block|snare_cooperativity|nca_block|nachr_antagonism,cis_12_dichloroethylene,10000.0,443,1.0,0.4854166666666668,0.47930555555555554
mouse,gaba_potentiation|k2p_potentiation|complex_i_block|snare_cooperativity|nca_block|nachr_antagonism,cis_12_dichloroethylene,30000.0,42,1.0,0.4494444444444445,0.45093055555555556
mouse,gaba_potentiation|k2p_potentiation|complex_i_block|snare_cooperativity|nca_block|nachr_antagonism,cis_12_dichloroethylene,30000.0,137,1.0,0.4395833333333334,0.4473888888888889
mouse,gaba_potentiation|k2p_potentiation|complex_i_block|snare_cooperativity|nca_block|nachr_antagonism,cis_12_dichloroethylene,30000.0,219,1.0,0.44069444444444444,0.44819444444444445
mouse,gaba_potentiation|k2p_potentiation|complex_i_block|snare_cooperativity|nca_block|nachr_antagonism,cis_12_dichloroethylene,30000.0,331,1.0,0.4373611111111111,0.45381944444444444
mouse,gaba_potentiation|k2p_potentiation|complex_i_block|snare_cooperativity|nca_block|nachr_antagonism,cis_12_dichloroethylene,30000.0,443,1.0,0.4595833333333334,0.4521527777777778
mouse,gaba_potentiation|k2p_potentiation|complex_i_block|snare_cooperativity|nca_block|nachr_antagonism,trans_12_dichloroethylene,30.0,42,0.0,1.5105555555555554,1.5052222222222222
mouse,gaba_potentiation|k2p_potentiation|complex_i_block|snare_cooperativity|nca_block|nachr_antagonism,trans_12_dichloroethylene,300.0,331,0.0,1.4626388888888888,1.4797222222222222
mouse,gaba_potentiation|k2p_potentiation|complex_i_block|snare_cooperativity|nca_block|nachr_antagonism,trans_12_dichloroethylene,300.0,443,0.0,1.4966666666666668,1.4807777777777777
mouse,gaba_potentiation|k2p_potentiation|complex_i_block|snare_cooperativity|nca_block|nachr_antagonism,trans_12_dichloroethylene,1000.0,42,0.0,1.4480555555555557,1.4413194444444444
mouse,gaba_potentiation|k2p_potentiation|complex_i_block|snare_cooperativity|nca_block|nachr_antagonism,trans_12_dichloroethylene,1000.0,137,0.0,1.4325,1.4313194444444444
mouse,gaba_potentiation|k2p_potentiation|complex_i_block|snare_cooperativity|nca_block|nachr_antagonism,trans_12_dichloroethylene,3000.0,137,0.0,1.3679166666666667,1.3680416666666666
mouse,gaba_potentiation|k2p_potentiation|complex_i_block|snare_cooperativity|nca_block|nachr_antagonism,trans_12_dichloroethylene,3000.0,219,0.0,1.3498611111111112,1.3686666666666667
mouse,gaba_potentiation|k2p_potentiation|complex_i_block|snare_cooperativity|nca_block|nachr_antagonism,trans_12_dichloroethylene,3000.0,331,0.0,1.356527777777778,1.3759305555555557
mouse,gaba_potentiation|k2p_potentiation|complex_i_block|snare_cooperativity|nca_block|nachr_antagonism,trans_12_dichloroethylene,3000.0,443,0.0,1.387777777777778,1.3762777777777777
mouse,gaba_potentiation|k2p_potentiation|complex_i_block|snare_cooperativity|nca_block|nachr_antagonism,trans_12_dichloroethylene,100.0,443,0.0,1.5119444444444443,1.497111111111111
mouse,gaba_potentiation|k2p_potentiation|complex_i_block|snare_cooperativity|nca_block|nachr_antagonism,trans_12_dichloroethylene,300.0,42,0.0,1.4916666666666665,1.4837222222222222
mouse,gaba_potentiation|k2p_potentiation|complex_i_block|snare_cooperativity|nca_block|nachr_antagonism,trans_12_dichloroethylene,300.0,137,0.0,1.471111111111111,1.4712361111111112
mouse,gaba_potentiation|k2p_potentiation|complex_i_block|snare_cooperativity|nca_block|nachr_antagonism,trans_12_dichloroethylene,300.0,219,0.0,1.4625000000000001,1.4740277777777777
mouse,gaba_potentiation|k2p_potentiation|complex_i_block|snare_cooperativity|nca_block|nachr_antagonism,trans_12_dichloroethylene,30000.0,331,0.0,1.2584722222222222,1.27925
mouse,gaba_potentiation|k2p_potentiation|complex_i_block|snare_cooperativity|nca_block|nachr_antagonism,trans_12_dichloroethylene,30000.0,443,0.0,1.2865277777777777,1.2789583333333334
mouse,gaba_potentiation|k2p_potentiation|complex_i_block|snare_cooperativity|nca_block|nachr_antagonism,hexafluoroethane,30.0,42,0.0,1.5122222222222224,1.5062222222222221
mouse,gaba_potentiation|k2p_potentiation|complex_i_block|snare_cooperativity|nca_block|nachr_antagonism,hexafluoroethane,30.0,137,0.0,1.4945833333333336,1.4945972222222221
mouse,gaba_potentiation|k2p_potentiation|complex_i_block|snare_cooperativity|nca_block|nachr_antagonism,hexafluoroethane,100.0,137,0.0,1.4905555555555552,1.4906805555555556
mouse,gaba_potentiation|k2p_potentiation|complex_i_block|snare_cooperativity|nca_block|nachr_antagonism,hexafluoroethane,100.0,219,0.0,1.481111111111111,1.4925972222222221
mouse,gaba_potentiation|k2p_potentiation|complex_i_block|snare_cooperativity|nca_block|nachr_antagonism,hexafluoroethane,100.0,331,0.0,1.4823611111111112,1.4979027777777778
mouse,gaba_potentiation|k2p_potentiation|complex_i_block|snare_cooperativity|nca_block|nachr_antagonism,hexafluoroethane,100.0,443,0.0,1.5151388888888888,1.5000833333333334
mouse,gaba_potentiation|k2p_potentiation|complex_i_block|snare_cooperativity|nca_block|nachr_antagonism,trans_12_dichloroethylene,1000.0,219,0.0,1.4181944444444443,1.4325277777777778
mouse,gaba_potentiation|k2p_potentiation|complex_i_block|snare_cooperativity|nca_block|nachr_antagonism,trans_12_dichloroethylene,1000.0,331,0.0,1.4205555555555556,1.4389305555555556
mouse,gaba_potentiation|k2p_potentiation|complex_i_block|snare_cooperativity|nca_block|nachr_antagonism,trans_12_dichloroethylene,1000.0,443,0.0,1.4525,1.4390972222222222
mouse,gaba_potentiation|k2p_potentiation|complex_i_block|snare_cooperativity|nca_block|nachr_antagonism,trans_12_dichloroethylene,3000.0,42,0.0,1.3851388888888891,1.3775
mouse,gaba_potentiation|k2p_potentiation|complex_i_block|snare_cooperativity|nca_block|nachr_antagonism,trans_12_dichloroethylene,10000.0,42,0.0,1.3225,1.312736111111111
mouse,gaba_potentiation|k2p_potentiation|complex_i_block|snare_cooperativity|nca_block|nachr_antagonism,trans_12_dichloroethylene,10000.0,137,0.0,1.3029166666666667,1.3014583333333334
mouse,gaba_potentiation|k2p_potentiation|complex_i_block|snare_cooperativity|nca_block|nachr_antagonism,trans_12_dichloroethylene,10000.0,219,0.0,1.2844444444444445,1.3033333333333332
mouse,gaba_potentiation|k2p_potentiation|complex_i_block|snare_cooperativity|nca_block|nachr_antagonism,trans_12_dichloroethylene,10000.0,331,0.0,1.2909722222222222,1.3112777777777778
mouse,gaba_potentiation|k2p_potentiation|complex_i_block|snare_cooperativity|nca_block|nachr_antagonism,hexafluoroethane,30000.0,443,0.0,1.2972222222222223,1.2899722222222223
mouse,gaba_potentiation|k2p_potentiation|complex_i_block|snare_cooperativity|nca_block|nachr_antagonism,trans_12_dichloroethylene,10000.0,443,0.0,1.3198611111111112,1.3103888888888888
mouse,gaba_potentiation|k2p_potentiation|complex_i_block|snare_cooperativity|nca_block|nachr_antagonism,trans_12_dichloroethylene,30000.0,42,0.0,1.2919444444444443,1.279236111111111
mouse,gaba_potentiation|k2p_potentiation|complex_i_block|snare_cooperativity|nca_block|nachr_antagonism,trans_12_dichloroethylene,30000.0,137,0.0,1.2723611111111113,1.2685833333333334
mouse,gaba_potentiation|k2p_potentiation|complex_i_block|snare_cooperativity|nca_block|nachr_antagonism,trans_12_dichloroethylene,30000.0,219,0.0,1.25125,1.2701666666666667
mouse,gaba_potentiation|k2p_potentiation|complex_i_block|snare_cooperativity|nca_block|nachr_antagonism,hexafluoroethane,30.0,219,0.0,1.485,1.4963194444444445
mouse,gaba_potentiation|k2p_potentiation|complex_i_block|snare_cooperativity|nca_block|nachr_antagonism,hexafluoroethane,30.0,331,0.0,1.4863888888888888,1.5015555555555555
mouse,gaba_potentiation|k2p_potentiation|complex_i_block|snare_cooperativity|nca_block|nachr_antagonism,hexafluoroethane,30.0,443,0.0,1.5193055555555555,1.5034166666666666
mouse,gaba_potentiation|k2p_potentiation|complex_i_block|snare_cooperativity|nca_block|nachr_antagonism,hexafluoroethane,100.0,42,0.0,1.5080555555555557,1.5026527777777778
mouse,gaba_potentiation|k2p_potentiation|complex_i_block|snare_cooperativity|nca_block|nachr_antagonism,hexafluoroethane,300.0,42,0.0,1.4998611111111113,1.4931527777777778
mouse,gaba_potentiation|k2p_potentiation|complex_i_block|snare_cooperativity|nca_block|nachr_antagonism,hexafluoroethane,300.0,137,0.0,1.479861111111111,1.4806805555555556
mouse,gaba_potentiation|k2p_potentiation|complex_i_block|snare_cooperativity|nca_block|nachr_antagonism,hexafluoroethane,300.0,219,0.0,1.4706944444444445,1.4827222222222223
mouse,gaba_potentiation|k2p_potentiation|complex_i_block|snare_cooperativity|nca_block|nachr_antagonism,hexafluoroethane,300.0,331,0.0,1.4722222222222223,1.4881944444444444
mouse,gaba_potentiation|k2p_potentiation|complex_i_block|snare_cooperativity|nca_block|nachr_antagonism,hexafluoroethane,3000.0,219,0.0,1.3847222222222222,1.4005138888888888
mouse,gaba_potentiation|k2p_potentiation|complex_i_block|snare_cooperativity|nca_block|nachr_antagonism,hexafluoroethane,3000.0,331,0.0,1.3888888888888886,1.407125
mouse,gaba_potentiation|k2p_potentiation|complex_i_block|snare_cooperativity|nca_block|nachr_antagonism,hexafluoroethane,3000.0,443,0.0,1.4181944444444445,1.4071944444444444
mouse,gaba_potentiation|k2p_potentiation|complex_i_block|snare_cooperativity|nca_block|nachr_antagonism,hexafluoroethane,10000.0,42,0.0,1.347361111111111,1.3373055555555555
mouse,gaba_potentiation|k2p_potentiation|complex_i_block|snare_cooperativity|nca_block|nachr_antagonism,hexafluoroethane,300.0,443,0.0,1.5054166666666664,1.4904583333333334
mouse,gaba_potentiation|k2p_potentiation|complex_i_block|snare_cooperativity|nca_block|nachr_antagonism,hexafluoroethane,1000.0,42,0.0,1.4731944444444445,1.4640416666666667
mouse,gaba_potentiation|k2p_potentiation|complex_i_block|snare_cooperativity|nca_block|nachr_antagonism,hexafluoroethane,1000.0,137,0.0,1.4509722222222223,1.4523333333333333
mouse,gaba_potentiation|k2p_potentiation|complex_i_block|snare_cooperativity|nca_block|nachr_antagonism,hexafluoroethane,1000.0,219,0.0,1.442222222222222,1.453638888888889
mouse,gaba_potentiation|k2p_potentiation|complex_i_block|snare_cooperativity|nca_block|nachr_antagonism,hexafluoroethane,10000.0,137,0.0,1.3281944444444445,1.3265694444444445
mouse,gaba_potentiation|k2p_potentiation|complex_i_block|snare_cooperativity|nca_block|nachr_antagonism,hexafluoroethane,10000.0,219,0.0,1.3076388888888888,1.3269027777777778
mouse,gaba_potentiation|k2p_potentiation|complex_i_block|snare_cooperativity|nca_block|nachr_antagonism,hexafluoroethane,10000.0,331,0.0,1.3144444444444445,1.3362222222222222
mouse,gaba_potentiation|k2p_potentiation|complex_i_block|snare_cooperativity|nca_block|nachr_antagonism,hexafluoroethane,10000.0,443,0.0,1.3431944444444444,1.3348333333333333
mouse,gaba_potentiation|k2p_potentiation|complex_i_block|snare_cooperativity|nca_block|nachr_antagonism,hexafluoroethane,1000.0,331,0.0,1.4412500000000001,1.4600694444444444
mouse,gaba_potentiation|k2p_potentiation|complex_i_block|snare_cooperativity|nca_block|nachr_antagonism,hexafluoroethane,1000.0,443,0.0,1.4761111111111112,1.4605
mouse,gaba_potentiation|k2p_potentiation|complex_i_block|snare_cooperativity|nca_block|nachr_antagonism,hexafluoroethane,3000.0,42,0.0,1.415,1.4078333333333333
mouse,gaba_potentiation|k2p_potentiation|complex_i_block|snare_cooperativity|nca_block|nachr_antagonism,hexafluoroethane,3000.0,137,0.0,1.4001388888888888,1.39925
mouse,gaba_potentiation|k2p_potentiation|complex_i_block|snare_cooperativity|nca_block|nachr_antagonism,hexafluoroethane,30000.0,42,0.0,1.3030555555555556,1.291763888888889
mouse,gaba_potentiation|k2p_potentiation|complex_i_block|snare_cooperativity|nca_block|nachr_antagonism,hexafluoroethane,30000.0,137,0.0,1.2831944444444445,1.2807222222222223
mouse,gaba_potentiation|k2p_potentiation|complex_i_block|snare_cooperativity|nca_block|nachr_antagonism,hexafluoroethane,30000.0,219,0.0,1.2633333333333334,1.2821666666666667
mouse,gaba_potentiation|k2p_potentiation|complex_i_block|snare_cooperativity|nca_block|nachr_antagonism,hexafluoroethane,30000.0,331,0.0,1.2695833333333333,1.2912222222222223
